"experiment","n","k","rep","method","time","batch","block_elapsed","detected"
"vary_n",256,0,1,"SVP Gaussian / right / c = 1.642",7.27272727272727e-05,1100,0.08,1
"vary_n",256,0,1,"SVP Gaussian / none / c = 0.968",9.0909090909091e-05,605,0.055,1
"vary_n",256,0,1,"SVP Gaussian / both / c = 1.987",0.001,55,0.055,1
"vary_n",256,0,1,"PELT",0.000268421052631579,190,0.051,1
"vary_n",256,0,2,"SVP Gaussian / none / c = 0.968",0.000148214285714286,560,0.083,1
"vary_n",256,0,2,"PELT",0.000271052631578947,380,0.103,3
"vary_n",256,0,2,"SVP Gaussian / right / c = 1.642",0.000351515151515152,165,0.058,2
"vary_n",256,0,2,"SVP Gaussian / both / c = 1.987",0.000458333333333333,168,0.077,2
"vary_n",256,0,3,"SVP Gaussian / none / c = 0.968",6.72727272727273e-05,1100,0.0740000000000001,1
"vary_n",256,0,3,"SVP Gaussian / right / c = 1.642",6.54545454545455e-05,1100,0.0720000000000001,1
"vary_n",256,0,3,"SVP Gaussian / both / c = 1.987",0.001,56,0.056,1
"vary_n",256,0,3,"PELT",0.000276785714285714,224,0.0619999999999998,1
"vary_n",256,0,4,"SVP Gaussian / none / c = 0.968",0.000140625,448,0.0630000000000002,1
"vary_n",256,0,4,"SVP Gaussian / both / c = 1.987",0.000976190476190474,84,0.0819999999999999,1
"vary_n",256,0,4,"PELT",0.000276785714285716,224,0.0620000000000003,1
"vary_n",256,0,4,"SVP Gaussian / right / c = 1.642",6.54545454545455e-05,1100,0.0720000000000001,1
"vary_n",256,0,5,"SVP Gaussian / right / c = 1.642",6.29999999999997e-05,1000,0.0629999999999997,1
"vary_n",256,0,5,"SVP Gaussian / both / c = 1.987",0.000940476190476187,84,0.0789999999999997,1
"vary_n",256,0,5,"SVP Gaussian / none / c = 0.968",6.79425837320576e-05,1045,0.0710000000000002,1
"vary_n",256,0,5,"PELT",0.000273684210526316,190,0.052,1
"vary_n",256,0,6,"SVP Gaussian / none / c = 0.968",6.60714285714288e-05,1120,0.0740000000000003,1
"vary_n",256,0,6,"SVP Gaussian / right / c = 1.642",6.42857142857143e-05,1120,0.0720000000000001,1
"vary_n",256,0,6,"PELT",0.000254464285714285,224,0.0569999999999999,1
"vary_n",256,0,6,"SVP Gaussian / both / c = 1.987",0.000901785714285714,112,0.101,1
"vary_n",256,0,7,"SVP Gaussian / right / c = 1.642",6.42857142857143e-05,1120,0.0720000000000001,1
"vary_n",256,0,7,"SVP Gaussian / both / c = 1.987",0.000945454545454538,55,0.0519999999999996,1
"vary_n",256,0,7,"PELT",0.000263157894736842,380,0.1,1
"vary_n",256,0,7,"SVP Gaussian / none / c = 0.968",6.49999999999995e-05,800,0.0519999999999996,1
"vary_n",256,0,8,"SVP Gaussian / both / c = 1.987",0.000963636363636362,55,0.0529999999999999,1
"vary_n",256,0,8,"SVP Gaussian / right / c = 1.642",0.000754545454545456,110,0.0830000000000002,2
"vary_n",256,0,8,"SVP Gaussian / none / c = 0.968",0.00041212121212121,165,0.0679999999999996,2
"vary_n",256,0,8,"PELT",0.00026578947368421,380,0.101,2
"vary_n",256,0,9,"SVP Gaussian / none / c = 0.968",0.000192857142857144,280,0.0540000000000003,1
"vary_n",256,0,9,"SVP Gaussian / right / c = 1.642",6.42857142857143e-05,1120,0.0720000000000001,1
"vary_n",256,0,9,"SVP Gaussian / both / c = 1.987",0.000518181818181814,110,0.0569999999999995,2
"vary_n",256,0,9,"PELT",0.000221818181818182,275,0.0609999999999999,1
"vary_n",256,0,10,"SVP Gaussian / right / c = 1.642",6.48496240601503e-05,1064,0.069,1
"vary_n",256,0,10,"PELT",0.00026842105263158,190,0.0510000000000002,1
"vary_n",256,0,10,"SVP Gaussian / none / c = 0.968",6.62499999999999e-05,800,0.0529999999999999,1
"vary_n",256,0,10,"SVP Gaussian / both / c = 1.987",0.00101785714285715,56,0.0570000000000004,1
"vary_n",256,0,11,"SVP Gaussian / none / c = 0.968",0.000228947368421052,380,0.0869999999999997,1
"vary_n",256,0,11,"SVP Gaussian / both / c = 1.987",0.000910714285714288,56,0.0510000000000002,1
"vary_n",256,0,11,"SVP Gaussian / right / c = 1.642",6.45454545454551e-05,1100,0.0710000000000006,1
"vary_n",256,0,11,"PELT",0.000239999999999999,275,0.0659999999999998,1
"vary_n",256,0,12,"SVP Gaussian / none / c = 0.968",6.69642857142859e-05,1120,0.0750000000000002,1
"vary_n",256,0,12,"PELT",0.000268421052631577,380,0.101999999999999,1
"vary_n",256,0,12,"SVP Gaussian / right / c = 1.642",6.45454545454543e-05,1100,0.0709999999999997,1
"vary_n",256,0,12,"SVP Gaussian / both / c = 1.987",0.00088095238095239,84,0.0740000000000007,1
"vary_n",307,0,1,"SVP Gaussian / right / c = 1.642",6.81818181818183e-05,1100,0.0750000000000002,1
"vary_n",307,0,1,"PELT",0.000286363636363635,220,0.0629999999999997,1
"vary_n",307,0,1,"SVP Gaussian / both / c = 1.987",0.00139285714285713,56,0.0779999999999994,1
"vary_n",307,0,1,"SVP Gaussian / none / c = 0.968",0.000158928571428572,560,0.0890000000000004,1
"vary_n",307,0,2,"PELT",0.000246428571428571,280,0.069,1
"vary_n",307,0,2,"SVP Gaussian / both / c = 1.987",0.00139285714285715,56,0.0780000000000003,1
"vary_n",307,0,2,"SVP Gaussian / none / c = 0.968",0.000218421052631579,380,0.0830000000000002,1
"vary_n",307,0,2,"SVP Gaussian / right / c = 1.642",6.87500000000007e-05,1120,0.0770000000000008,1
"vary_n",307,0,3,"SVP Gaussian / both / c = 1.987",0.001375,56,0.077,1
"vary_n",307,0,3,"PELT",0.00027857142857143,280,0.0780000000000003,1
"vary_n",307,0,3,"SVP Gaussian / none / c = 0.968",6.875e-05,1120,0.077,1
"vary_n",307,0,3,"SVP Gaussian / right / c = 1.642",6.78571428571433e-05,1120,0.0760000000000005,1
"vary_n",307,0,4,"SVP Gaussian / right / c = 1.642",6.78571428571433e-05,1120,0.0760000000000005,1
"vary_n",307,0,4,"SVP Gaussian / none / c = 0.968",7.05357142857148e-05,1120,0.0790000000000006,1
"vary_n",307,0,4,"SVP Gaussian / both / c = 1.987",0.00144642857142856,56,0.0809999999999995,1
"vary_n",307,0,4,"PELT",0.000299999999999999,280,0.0839999999999996,1
"vary_n",307,0,5,"SVP Gaussian / both / c = 1.987",0.00135714285714287,56,0.0760000000000005,1
"vary_n",307,0,5,"SVP Gaussian / right / c = 1.642",6.78571428571433e-05,1120,0.0760000000000005,1
"vary_n",307,0,5,"PELT",0.000281818181818179,220,0.0619999999999994,1
"vary_n",307,0,5,"SVP Gaussian / none / c = 0.968",7.01530612244917e-05,784,0.0550000000000015,1
"vary_n",307,0,6,"SVP Gaussian / none / c = 0.968",7.23214285714297e-05,1120,0.0810000000000013,1
"vary_n",307,0,6,"SVP Gaussian / both / c = 1.987",0.00133928571428573,56,0.0750000000000011,1
"vary_n",307,0,6,"PELT",0.000285714285714286,280,0.0800000000000001,1
"vary_n",307,0,6,"SVP Gaussian / right / c = 1.642",6.96428571428566e-05,1120,0.0779999999999994,1
"vary_n",307,0,7,"SVP Gaussian / none / c = 0.968",7.37500000000013e-05,800,0.059000000000001,1
"vary_n",307,0,7,"SVP Gaussian / both / c = 1.987",0.00139285714285713,56,0.0779999999999994,1
"vary_n",307,0,7,"SVP Gaussian / right / c = 1.642",6.76691729323317e-05,1064,0.072000000000001,1
"vary_n",307,0,7,"PELT",0.000277272727272727,220,0.0609999999999999,1
"vary_n",307,0,8,"SVP Gaussian / both / c = 1.987",0.0014107142857143,56,0.0790000000000006,1
"vary_n",307,0,8,"PELT",0.000267857142857145,224,0.0600000000000005,1
"vary_n",307,0,8,"SVP Gaussian / right / c = 1.642",6.81818181818191e-05,1100,0.0750000000000011,1
"vary_n",307,0,8,"SVP Gaussian / none / c = 0.968",0.000278947368421057,190,0.0530000000000008,1
"vary_n",307,0,9,"SVP Gaussian / none / c = 0.968",0.000202380952380957,336,0.0680000000000014,1
"vary_n",307,0,9,"PELT",0.000244736842105268,380,0.0930000000000017,1
"vary_n",307,0,9,"SVP Gaussian / both / c = 1.987",0.00142857142857143,56,0.0800000000000001,1
"vary_n",307,0,9,"SVP Gaussian / right / c = 1.642",6.87499999999996e-05,800,0.0549999999999997,1
"vary_n",307,0,10,"SVP Gaussian / both / c = 1.987",0.00139285714285713,56,0.0779999999999994,1
"vary_n",307,0,10,"PELT",0.000242105263157896,380,0.0920000000000005,1
"vary_n",307,0,10,"SVP Gaussian / right / c = 1.642",6.78571428571433e-05,1120,0.0760000000000005,1
"vary_n",307,0,10,"SVP Gaussian / none / c = 0.968",0.000118181818181817,550,0.0649999999999995,1
"vary_n",307,0,11,"SVP Gaussian / right / c = 1.642",6.875e-05,1120,0.077,1
"vary_n",307,0,11,"SVP Gaussian / none / c = 0.968",6.90909090909096e-05,1100,0.0760000000000005,1
"vary_n",307,0,11,"PELT",0.000295454545454543,220,0.0649999999999995,1
"vary_n",307,0,11,"SVP Gaussian / both / c = 1.987",0.00144642857142856,56,0.0809999999999995,1
"vary_n",307,0,12,"PELT",0.000250000000000002,380,0.0950000000000006,1
"vary_n",307,0,12,"SVP Gaussian / none / c = 0.968",0.000185714285714284,280,0.0519999999999996,1
"vary_n",307,0,12,"SVP Gaussian / both / c = 1.987",0.001375,56,0.077,1
"vary_n",307,0,12,"SVP Gaussian / right / c = 1.642",6.75000000000003e-05,800,0.0540000000000003,1
"vary_n",368,0,1,"SVP Gaussian / none / c = 0.968",0.000267857142857145,224,0.0600000000000005,1
"vary_n",368,0,1,"PELT",0.000339285714285706,168,0.0569999999999986,1
"vary_n",368,0,1,"SVP Gaussian / right / c = 1.642",7.49999999999997e-05,1120,0.0839999999999996,1
"vary_n",368,0,1,"SVP Gaussian / both / c = 1.987",0.00214285714285716,28,0.0600000000000005,1
"vary_n",368,0,2,"PELT",0.000286363636363631,220,0.0629999999999988,1
"vary_n",368,0,2,"SVP Gaussian / both / c = 1.987",0.00221428571428576,28,0.0620000000000012,1
"vary_n",368,0,2,"SVP Gaussian / right / c = 1.642",7.35714285714297e-05,1400,0.103000000000002,1
"vary_n",368,0,2,"SVP Gaussian / none / c = 0.968",0.000289473684210534,190,0.0550000000000015,1
"vary_n",368,0,3,"SVP Gaussian / both / c = 1.987",0.00200000000000003,28,0.0560000000000009,1
"vary_n",368,0,3,"PELT",0.00036842105263158,380,0.140000000000001,1
"vary_n",368,0,3,"SVP Gaussian / right / c = 1.642",7.39795918367345e-05,784,0.0579999999999998,1
"vary_n",368,0,3,"SVP Gaussian / none / c = 0.968",0.000210714285714283,280,0.0589999999999993,1
"vary_n",368,0,4,"PELT",0.000315789473684204,190,0.0599999999999987,1
"vary_n",368,0,4,"SVP Gaussian / right / c = 1.642",7.32142857142848e-05,1120,0.081999999999999,1
"vary_n",368,0,4,"SVP Gaussian / none / c = 0.968",7.49999999999984e-05,800,0.0599999999999987,1
"vary_n",368,0,4,"SVP Gaussian / both / c = 1.987",0.00214285714285716,28,0.0600000000000005,1
"vary_n",368,0,5,"SVP Gaussian / both / c = 1.987",0.00234210526315786,38,0.0889999999999986,1
"vary_n",368,0,5,"SVP Gaussian / none / c = 0.968",7.63636363636376e-05,1100,0.0840000000000014,1
"vary_n",368,0,5,"SVP Gaussian / right / c = 1.642",7.14285714285725e-05,1400,0.100000000000001,1
"vary_n",368,0,5,"PELT",0.000353571428571429,280,0.0990000000000002,1
"vary_n",368,0,6,"SVP Gaussian / both / c = 1.987",0.00199999999999997,28,0.0559999999999992,1
"vary_n",368,0,6,"PELT",0.000241071428571438,224,0.054000000000002,1
"vary_n",368,0,6,"SVP Gaussian / none / c = 0.968",0.000192105263157896,380,0.0730000000000004,1
"vary_n",368,0,6,"SVP Gaussian / right / c = 1.642",7.27272727272712e-05,1100,0.0799999999999983,1
"vary_n",368,0,7,"PELT",0.000321428571428562,168,0.0539999999999985,1
"vary_n",368,0,7,"SVP Gaussian / none / c = 0.968",7.6623376623378e-05,770,0.059000000000001,1
"vary_n",368,0,7,"SVP Gaussian / both / c = 1.987",0.00203571428571424,28,0.0569999999999986,1
"vary_n",368,0,7,"SVP Gaussian / right / c = 1.642",7.40259740259722e-05,770,0.0569999999999986,1
"vary_n",368,0,8,"PELT",0.000309090909090915,220,0.0680000000000014,1
"vary_n",368,0,8,"SVP Gaussian / right / c = 1.642",7.41071428571414e-05,1120,0.0829999999999984,1
"vary_n",368,0,8,"SVP Gaussian / none / c = 0.968",7.6623376623378e-05,770,0.059000000000001,1
"vary_n",368,0,8,"SVP Gaussian / both / c = 1.987",0.00218421052631575,38,0.0829999999999984,1
"vary_n",368,0,9,"PELT",0.000278947368421057,190,0.0530000000000008,1
"vary_n",368,0,9,"SVP Gaussian / right / c = 1.642",7.32142857142832e-05,1120,0.0819999999999972,1
"vary_n",368,0,9,"SVP Gaussian / both / c = 1.987",0.00223684210526309,38,0.0849999999999973,1
"vary_n",368,0,9,"SVP Gaussian / none / c = 0.968",0.000137499999999997,560,0.0769999999999982,1
"vary_n",368,0,10,"SVP Gaussian / both / c = 1.987",0.00203571428571424,28,0.0569999999999986,1
"vary_n",368,0,10,"SVP Gaussian / none / c = 0.968",0.000100000000000002,560,0.0560000000000009,1
"vary_n",368,0,10,"SVP Gaussian / right / c = 1.642",7.27040816326513e-05,784,0.0569999999999986,1
"vary_n",368,0,10,"PELT",0.000295454545454535,220,0.0649999999999977,1
"vary_n",368,0,11,"SVP Gaussian / right / c = 1.642",7.50000000000028e-05,1120,0.0840000000000032,1
"vary_n",368,0,11,"PELT",0.000321428571428562,168,0.0539999999999985,1
"vary_n",368,0,11,"SVP Gaussian / both / c = 1.987",0.00205263157894735,38,0.0779999999999994,1
"vary_n",368,0,11,"SVP Gaussian / none / c = 0.968",7.58928571428579e-05,1120,0.0850000000000009,1
"vary_n",368,0,12,"SVP Gaussian / both / c = 1.987",0.00207142857142857,28,0.0579999999999998,1
"vary_n",368,0,12,"SVP Gaussian / none / c = 0.968",7.58928571428579e-05,1120,0.0850000000000009,1
"vary_n",368,0,12,"PELT",0.000314285714285718,280,0.088000000000001,1
"vary_n",368,0,12,"SVP Gaussian / right / c = 1.642",7.36363636363632e-05,1100,0.0809999999999995,1
"vary_n",440,0,1,"SVP Gaussian / both / c = 1.987",0.00315789473684204,19,0.0599999999999987,1
"vary_n",440,0,1,"SVP Gaussian / none / c = 0.968",8.39285714285693e-05,1120,0.0939999999999976,1
"vary_n",440,0,1,"PELT",0.00038690476190477,168,0.0650000000000013,1
"vary_n",440,0,1,"SVP Gaussian / right / c = 1.642",8.00000000000009e-05,1100,0.088000000000001,1
"vary_n",440,0,2,"SVP Gaussian / right / c = 1.642",8.18181818181849e-05,770,0.0630000000000024,1
"vary_n",440,0,2,"SVP Gaussian / none / c = 0.968",8.09090909090897e-05,1100,0.0889999999999986,1
"vary_n",440,0,2,"PELT",0.000369696969696969,165,0.0609999999999999,1
"vary_n",440,0,2,"SVP Gaussian / both / c = 1.987",0.00336842105263158,19,0.0640000000000001,1
"vary_n",440,0,3,"SVP Gaussian / both / c = 1.987",0.00303571428571432,28,0.0850000000000009,1
"vary_n",440,0,3,"SVP Gaussian / right / c = 1.642",7.94642857142877e-05,1120,0.0890000000000022,1
"vary_n",440,0,3,"SVP Gaussian / none / c = 0.968",0.000536363636363646,110,0.059000000000001,1
"vary_n",440,0,3,"PELT",0.000304545454545455,220,0.0670000000000002,1
"vary_n",440,0,4,"SVP Gaussian / right / c = 1.642",8.05194805194774e-05,770,0.0619999999999976,1
"vary_n",440,0,4,"PELT",0.000342857142857143,280,0.0960000000000001,1
"vary_n",440,0,4,"SVP Gaussian / both / c = 1.987",0.00310714285714285,28,0.0869999999999997,1
"vary_n",440,0,4,"SVP Gaussian / none / c = 0.968",0.000574999999999992,160,0.0919999999999987,1
"vary_n",440,0,5,"SVP Gaussian / both / c = 1.987",0.00325000000000004,28,0.0910000000000011,1
"vary_n",440,0,5,"SVP Gaussian / none / c = 0.968",8.36363636363625e-05,1100,0.0919999999999987,1
"vary_n",440,0,5,"PELT",0.00039393939393938,165,0.0649999999999977,1
"vary_n",440,0,5,"SVP Gaussian / right / c = 1.642",7.94642857142845e-05,1120,0.0889999999999986,1
"vary_n",440,0,6,"SVP Gaussian / right / c = 1.642",7.99999999999976e-05,1100,0.0879999999999974,1
"vary_n",440,0,6,"SVP Gaussian / none / c = 0.968",9.64285714285751e-05,560,0.054000000000002,1
"vary_n",440,0,6,"SVP Gaussian / both / c = 1.987",0.00332142857142857,28,0.093,1
"vary_n",440,0,6,"PELT",0.000351190476190482,168,0.059000000000001,1
"vary_n",440,0,7,"SVP Gaussian / none / c = 0.968",0.00025526315789474,380,0.0970000000000013,1
"vary_n",440,0,7,"SVP Gaussian / both / c = 1.987",0.00314285714285718,28,0.088000000000001,1
"vary_n",440,0,7,"SVP Gaussian / right / c = 1.642",7.85714285714294e-05,1120,0.088000000000001,1
"vary_n",440,0,7,"PELT",0.000306060606060603,330,0.100999999999999,1
"vary_n",440,0,8,"PELT",0.000364285714285703,140,0.0509999999999984,1
"vary_n",440,0,8,"SVP Gaussian / none / c = 0.968",0.000392857142857141,140,0.0549999999999997,1
"vary_n",440,0,8,"SVP Gaussian / right / c = 1.642",7.94642857142877e-05,1120,0.0890000000000022,1
"vary_n",440,0,8,"SVP Gaussian / both / c = 1.987",0.00331578947368415,19,0.0629999999999988,1
"vary_n",440,0,9,"SVP Gaussian / right / c = 1.642",7.90909090909089e-05,1100,0.0869999999999997,1
"vary_n",440,0,9,"PELT",0.000395833333333343,240,0.0950000000000024,1
"vary_n",440,0,9,"SVP Gaussian / both / c = 1.987",0.00310526315789479,19,0.059000000000001,1
"vary_n",440,0,9,"SVP Gaussian / none / c = 0.968",0.000496969696969701,165,0.0820000000000007,1
"vary_n",440,0,10,"SVP Gaussian / none / c = 0.968",8.2142857142856e-05,1120,0.0919999999999987,1
"vary_n",440,0,10,"PELT",0.000363095238095238,168,0.0609999999999999,1
"vary_n",440,0,10,"SVP Gaussian / both / c = 1.987",0.00303571428571432,28,0.0850000000000009,1
"vary_n",440,0,10,"SVP Gaussian / right / c = 1.642",8.00000000000009e-05,1100,0.088000000000001,1
"vary_n",440,0,11,"SVP Gaussian / both / c = 1.987",0.00300000000000011,19,0.0570000000000022,1
"vary_n",440,0,11,"PELT",0.000369047619047605,168,0.0619999999999976,1
"vary_n",440,0,11,"SVP Gaussian / none / c = 0.968",8.41836734693864e-05,784,0.065999999999999,1
"vary_n",440,0,11,"SVP Gaussian / right / c = 1.642",8.00000000000009e-05,1100,0.088000000000001,1
"vary_n",440,0,12,"SVP Gaussian / both / c = 1.987",0.00300000000000011,19,0.0570000000000022,1
"vary_n",440,0,12,"SVP Gaussian / right / c = 1.642",7.94642857142845e-05,1120,0.0889999999999986,1
"vary_n",440,0,12,"SVP Gaussian / none / c = 0.968",0.00039393939393938,165,0.0649999999999977,1
"vary_n",440,0,12,"PELT",0.000399999999999994,165,0.065999999999999,1
"vary_n",528,0,1,"PELT",0.00041500000000001,200,0.083000000000002,1
"vary_n",528,0,1,"SVP Gaussian / both / c = 1.987",0.00458333333333331,12,0.0549999999999997,1
"vary_n",528,0,1,"SVP Gaussian / none / c = 0.968",0.000114545454545452,550,0.0629999999999988,1
"vary_n",528,0,1,"SVP Gaussian / right / c = 1.642",8.72727272727274e-05,1100,0.0960000000000001,1
"vary_n",528,0,2,"SVP Gaussian / right / c = 1.642",8.90909090909082e-05,1100,0.097999999999999,1
"vary_n",528,0,2,"PELT",0.000371428571428594,140,0.0520000000000032,1
"vary_n",528,0,2,"SVP Gaussian / none / c = 0.968",0.000381818181818175,165,0.0629999999999988,1
"vary_n",528,0,2,"SVP Gaussian / both / c = 1.987",0.00474999999999988,12,0.0569999999999986,1
"vary_n",528,0,3,"SVP Gaussian / both / c = 1.987",0.00481818181818157,11,0.0529999999999973,1
"vary_n",528,0,3,"SVP Gaussian / right / c = 1.642",8.70129870129872e-05,770,0.0670000000000002,1
"vary_n",528,0,3,"SVP Gaussian / none / c = 0.968",8.92857142857156e-05,560,0.0500000000000007,1
"vary_n",528,0,3,"PELT",0.00045535714285716,112,0.0510000000000019,1
"vary_n",528,0,4,"SVP Gaussian / none / c = 0.968",0.0006607142857143,112,0.0740000000000016,1
"vary_n",528,0,4,"SVP Gaussian / both / c = 1.987",0.00458333333333331,12,0.0549999999999997,1
"vary_n",528,0,4,"PELT",0.000416666666666673,120,0.0500000000000007,1
"vary_n",528,0,4,"SVP Gaussian / right / c = 1.642",8.6607142857144e-05,1120,0.0970000000000013,1
"vary_n",528,0,5,"PELT",0.000378571428571409,140,0.0529999999999973,1
"vary_n",528,0,5,"SVP Gaussian / both / c = 1.987",0.00466666666666675,12,0.0560000000000009,1
"vary_n",528,0,5,"SVP Gaussian / right / c = 1.642",8.6607142857144e-05,1120,0.0970000000000013,1
"vary_n",528,0,5,"SVP Gaussian / none / c = 0.968",0.00041071428571428,168,0.0689999999999991,1
"vary_n",528,0,6,"SVP Gaussian / right / c = 1.642",8.57142857142858e-05,1120,0.0960000000000001,1
"vary_n",528,0,6,"SVP Gaussian / both / c = 1.987",0.00483333333333332,12,0.0579999999999998,1
"vary_n",528,0,6,"PELT",0.000416666666666673,120,0.0500000000000007,2
"vary_n",528,0,6,"SVP Gaussian / none / c = 0.968",0.00215789473684212,38,0.0820000000000007,2
"vary_n",528,0,7,"SVP Gaussian / both / c = 1.987",0.00450000000000017,12,0.054000000000002,1
"vary_n",528,0,7,"SVP Gaussian / none / c = 0.968",8.92857142857156e-05,560,0.0500000000000007,1
"vary_n",528,0,7,"PELT",0.000450000000000017,200,0.0900000000000034,1
"vary_n",528,0,7,"SVP Gaussian / right / c = 1.642",8.74999999999991e-05,1120,0.097999999999999,1
"vary_n",528,0,8,"SVP Gaussian / none / c = 0.968",9.63636363636314e-05,550,0.0529999999999973,1
"vary_n",528,0,8,"SVP Gaussian / both / c = 1.987",0.00474999999999994,20,0.0949999999999989,1
"vary_n",528,0,8,"SVP Gaussian / right / c = 1.642",8.6607142857144e-05,1120,0.0970000000000013,1
"vary_n",528,0,8,"PELT",0.000418181818181813,165,0.0689999999999991,1
"vary_n",528,0,9,"PELT",0.000465,200,0.093,1
"vary_n",528,0,9,"SVP Gaussian / right / c = 1.642",8.75000000000023e-05,1120,0.0980000000000025,1
"vary_n",528,0,9,"SVP Gaussian / both / c = 1.987",0.00458333333333331,12,0.0549999999999997,1
"vary_n",528,0,9,"SVP Gaussian / none / c = 0.968",8.92857142857156e-05,560,0.0500000000000007,1
"vary_n",528,0,10,"PELT",0.000331818181818184,220,0.0730000000000004,1
"vary_n",528,0,10,"SVP Gaussian / right / c = 1.642",8.54545454545433e-05,1100,0.0939999999999976,1
"vary_n",528,0,10,"SVP Gaussian / none / c = 0.968",0.000327272727272724,220,0.0719999999999992,1
"vary_n",528,0,10,"SVP Gaussian / both / c = 1.987",0.00475000000000018,12,0.0570000000000022,1
"vary_n",528,0,11,"PELT",0.000428571428571445,168,0.0720000000000027,1
"vary_n",528,0,11,"SVP Gaussian / none / c = 0.968",0.000263636363636363,220,0.0579999999999998,1
"vary_n",528,0,11,"SVP Gaussian / right / c = 1.642",8.74999999999991e-05,1120,0.097999999999999,1
"vary_n",528,0,11,"SVP Gaussian / both / c = 1.987",0.00463636363636349,11,0.0509999999999984,1
"vary_n",528,0,12,"SVP Gaussian / right / c = 1.642",8.63636363636353e-05,1100,0.0949999999999989,1
"vary_n",528,0,12,"SVP Gaussian / both / c = 1.987",0.00463636363636381,11,0.0510000000000019,1
"vary_n",528,0,12,"SVP Gaussian / none / c = 0.968",0.000321428571428584,280,0.0900000000000034,1
"vary_n",528,0,12,"PELT",0.00039393939393938,165,0.0649999999999977,1
"vary_n",632,0,1,"SVP Gaussian / both / c = 1.987",0.00699999999999967,8,0.0559999999999974,1
"vary_n",632,0,1,"PELT",0.000571428571428572,112,0.0640000000000001,2
"vary_n",632,0,1,"SVP Gaussian / right / c = 1.642",9.28571428571421e-05,560,0.0519999999999996,1
"vary_n",632,0,1,"SVP Gaussian / none / c = 0.968",0.00103571428571441,56,0.0580000000000069,2
"vary_n",632,0,2,"PELT",0.000544642857142857,112,0.0609999999999999,1
"vary_n",632,0,2,"SVP Gaussian / none / c = 0.968",9.64285714285751e-05,560,0.054000000000002,1
"vary_n",632,0,2,"SVP Gaussian / right / c = 1.642",9.39393939393903e-05,660,0.0619999999999976,1
"vary_n",632,0,2,"SVP Gaussian / both / c = 1.987",0.00675000000000026,8,0.054000000000002,1
"vary_n",632,0,3,"SVP Gaussian / right / c = 1.642",9.41558441558439e-05,616,0.0579999999999998,1
"vary_n",632,0,3,"SVP Gaussian / none / c = 0.968",9.64285714285751e-05,560,0.054000000000002,1
"vary_n",632,0,3,"PELT",0.000545454545454566,110,0.0600000000000023,1
"vary_n",632,0,3,"SVP Gaussian / both / c = 1.987",0.00699999999999967,8,0.0559999999999974,1
"vary_n",632,0,4,"SVP Gaussian / right / c = 1.642",9.41558441558439e-05,616,0.0579999999999998,1
"vary_n",632,0,4,"SVP Gaussian / none / c = 0.968",0.000964285714285751,56,0.054000000000002,1
"vary_n",632,0,4,"SVP Gaussian / both / c = 1.987",0.00662499999999966,8,0.0529999999999973,1
"vary_n",632,0,4,"PELT",0.000526785714285692,112,0.0589999999999975,1
"vary_n",632,0,5,"SVP Gaussian / both / c = 1.987",0.00687499999999996,8,0.0549999999999997,1
"vary_n",632,0,5,"PELT",0.00057272727272723,110,0.0629999999999953,1
"vary_n",632,0,5,"SVP Gaussian / none / c = 0.968",0.000101818181818177,550,0.0559999999999974,1
"vary_n",632,0,5,"SVP Gaussian / right / c = 1.642",9.4642857142865e-05,560,0.0530000000000044,1
"vary_n",632,0,6,"SVP Gaussian / both / c = 1.987",0.00674999999999937,8,0.0539999999999949,1
"vary_n",632,0,6,"SVP Gaussian / right / c = 1.642",9.4642857142865e-05,560,0.0530000000000044,1
"vary_n",632,0,6,"PELT",0.000562500000000021,112,0.0630000000000024,1
"vary_n",632,0,6,"SVP Gaussian / none / c = 0.968",0.000122727272727277,660,0.0810000000000031,1
"vary_n",632,0,7,"SVP Gaussian / right / c = 1.642",0.000101785714285718,560,0.0570000000000022,1
"vary_n",632,0,7,"PELT",0.000627272727272686,110,0.0689999999999955,1
"vary_n",632,0,7,"SVP Gaussian / both / c = 1.987",0.00675000000000026,8,0.054000000000002,1
"vary_n",632,0,7,"SVP Gaussian / none / c = 0.968",0.000963636363636314,55,0.0529999999999973,1
"vary_n",632,0,8,"SVP Gaussian / none / c = 0.968",0.000767857142857193,112,0.0860000000000056,1
"vary_n",632,0,8,"PELT",0.000625000000000003,112,0.0700000000000003,1
"vary_n",632,0,8,"SVP Gaussian / both / c = 1.987",0.00675000000000026,8,0.054000000000002,1
"vary_n",632,0,8,"SVP Gaussian / right / c = 1.642",9.46428571428523e-05,560,0.0529999999999973,1
"vary_n",632,0,9,"SVP Gaussian / both / c = 1.987",0.00712499999999938,8,0.056999999999995,1
"vary_n",632,0,9,"SVP Gaussian / none / c = 0.968",0.00037857142857146,140,0.0530000000000044,1
"vary_n",632,0,9,"PELT",0.000440909090909097,220,0.0970000000000013,1
"vary_n",632,0,9,"SVP Gaussian / right / c = 1.642",9.54545454545491e-05,660,0.0630000000000024,1
"vary_n",632,0,10,"SVP Gaussian / none / c = 0.968",0.000963636363636314,55,0.0529999999999973,1
"vary_n",632,0,10,"SVP Gaussian / right / c = 1.642",9.28571428571421e-05,560,0.0519999999999996,1
"vary_n",632,0,10,"PELT",0.000536363636363678,110,0.0590000000000046,1
"vary_n",632,0,10,"SVP Gaussian / both / c = 1.987",0.00675000000000026,8,0.054000000000002,1
"vary_n",632,0,11,"SVP Gaussian / none / c = 0.968",0.000130357142857144,560,0.0730000000000004,1
"vary_n",632,0,11,"PELT",0.000545454545454566,110,0.0600000000000023,1
"vary_n",632,0,11,"SVP Gaussian / both / c = 1.987",0.00714285714285674,14,0.0999999999999943,1
"vary_n",632,0,11,"SVP Gaussian / right / c = 1.642",9.64285714285751e-05,560,0.054000000000002,1
"vary_n",632,0,12,"SVP Gaussian / none / c = 0.968",9.81818181818219e-05,550,0.054000000000002,1
"vary_n",632,0,12,"PELT",0.000556249999999991,160,0.0889999999999986,1
"vary_n",632,0,12,"SVP Gaussian / both / c = 1.987",0.00675000000000026,8,0.054000000000002,1
"vary_n",632,0,12,"SVP Gaussian / right / c = 1.642",9.57792207792167e-05,616,0.0589999999999975,1
"vary_n",758,0,1,"PELT",0.000499999999999977,112,0.0559999999999974,1
"vary_n",758,0,1,"SVP Gaussian / right / c = 1.642",0.000107142857142861,560,0.0600000000000023,1
"vary_n",758,0,1,"SVP Gaussian / both / c = 1.987",0.00950000000000036,6,0.0570000000000022,1
"vary_n",758,0,1,"SVP Gaussian / none / c = 0.968",0.000422619047619035,168,0.070999999999998,1
"vary_n",758,0,2,"PELT",0.000709090909090871,110,0.0779999999999959,1
"vary_n",758,0,2,"SVP Gaussian / both / c = 1.987",0.0100000000000004,6,0.0600000000000023,1
"vary_n",758,0,2,"SVP Gaussian / right / c = 1.642",0.000110909090909091,550,0.0609999999999999,1
"vary_n",758,0,2,"SVP Gaussian / none / c = 0.968",0.000112727272727268,550,0.0619999999999976,1
"vary_n",758,0,3,"PELT",0.000723214285714313,112,0.0810000000000031,1
"vary_n",758,0,3,"SVP Gaussian / right / c = 1.642",0.000114285714285714,560,0.0640000000000001,1
"vary_n",758,0,3,"SVP Gaussian / both / c = 1.987",0.0100999999999999,10,0.100999999999999,1
"vary_n",758,0,3,"SVP Gaussian / none / c = 0.968",0.000110714285714294,560,0.0620000000000047,1
"vary_n",758,0,4,"SVP Gaussian / none / c = 0.968",0.000108928571428571,560,0.0609999999999999,1
"vary_n",758,0,4,"SVP Gaussian / right / c = 1.642",0.000107142857142861,560,0.0600000000000023,1
"vary_n",758,0,4,"PELT",0.00075454545454544,110,0.0829999999999984,1
"vary_n",758,0,4,"SVP Gaussian / both / c = 1.987",0.0102000000000004,5,0.0510000000000019,1
"vary_n",758,0,5,"SVP Gaussian / both / c = 1.987",0.0103333333333341,6,0.0620000000000047,1
"vary_n",758,0,5,"SVP Gaussian / right / c = 1.642",0.00674999999999937,8,0.0539999999999949,2
"vary_n",758,0,5,"SVP Gaussian / none / c = 0.968",0.000342857142857156,280,0.0960000000000036,1
"vary_n",758,0,5,"PELT",0.000554545454545454,110,0.0609999999999999,1
"vary_n",758,0,6,"SVP Gaussian / right / c = 1.642",0.000107272727272723,550,0.0589999999999975,1
"vary_n",758,0,6,"PELT",0.000627272727272686,110,0.0689999999999955,1
"vary_n",758,0,6,"SVP Gaussian / both / c = 1.987",0.00950000000000036,6,0.0570000000000022,1
"vary_n",758,0,6,"SVP Gaussian / none / c = 0.968",0.00112500000000004,56,0.0630000000000024,1
"vary_n",758,0,7,"SVP Gaussian / both / c = 1.987",0.00983333333333292,6,0.0589999999999975,1
"vary_n",758,0,7,"PELT",0.000696428571428598,112,0.078000000000003,1
"vary_n",758,0,7,"SVP Gaussian / right / c = 1.642",0.000110714285714281,560,0.0619999999999976,1
"vary_n",758,0,7,"SVP Gaussian / none / c = 0.968",0.000228947368421061,380,0.0870000000000033,1
"vary_n",758,0,8,"PELT",0.000714285714285741,84,0.0600000000000023,1
"vary_n",758,0,8,"SVP Gaussian / right / c = 1.642",0.000112500000000004,560,0.0630000000000024,1
"vary_n",758,0,8,"SVP Gaussian / none / c = 0.968",0.000112500000000004,560,0.0630000000000024,1
"vary_n",758,0,8,"SVP Gaussian / both / c = 1.987",0.0106666666666667,6,0.0640000000000001,1
"vary_n",758,0,9,"SVP Gaussian / none / c = 0.968",0.0012321428571429,56,0.0690000000000026,1
"vary_n",758,0,9,"SVP Gaussian / right / c = 1.642",0.000107272727272723,550,0.0589999999999975,1
"vary_n",758,0,9,"PELT",0.000660714285714269,112,0.0739999999999981,1
"vary_n",758,0,9,"SVP Gaussian / both / c = 1.987",0.00950000000000036,6,0.0570000000000022,1
"vary_n",758,0,10,"PELT",0.000705357142857148,112,0.0790000000000006,1
"vary_n",758,0,10,"SVP Gaussian / right / c = 1.642",0.000107142857142861,560,0.0600000000000023,1
"vary_n",758,0,10,"SVP Gaussian / none / c = 0.968",0.0001090909090909,550,0.0599999999999952,1
"vary_n",758,0,10,"SVP Gaussian / both / c = 1.987",0.0100000000000004,6,0.0600000000000023,1
"vary_n",758,0,11,"SVP Gaussian / both / c = 1.987",0.0103333333333329,6,0.0619999999999976,1
"vary_n",758,0,11,"PELT",0.000627272727272686,110,0.0689999999999955,1
"vary_n",758,0,11,"SVP Gaussian / right / c = 1.642",0.000108928571428571,560,0.0609999999999999,1
"vary_n",758,0,11,"SVP Gaussian / none / c = 0.968",0.00132727272727261,55,0.0729999999999933,1
"vary_n",758,0,12,"SVP Gaussian / both / c = 1.987",0.0100000000000001,10,0.100000000000001,1
"vary_n",758,0,12,"SVP Gaussian / right / c = 1.642",0.000110714285714281,560,0.0619999999999976,1
"vary_n",758,0,12,"SVP Gaussian / none / c = 0.968",0.00108928571428571,56,0.0609999999999999,1
"vary_n",758,0,12,"PELT",0.000598214285714287,112,0.0670000000000002,1
"vary_n",908,0,1,"SVP Gaussian / both / c = 1.987",0.0142500000000005,4,0.0570000000000022,1
"vary_n",908,0,1,"SVP Gaussian / none / c = 0.968",0.000127232142857132,448,0.056999999999995,1
"vary_n",908,0,1,"PELT",0.000964285714285624,56,0.0539999999999949,1
"vary_n",908,0,1,"SVP Gaussian / right / c = 1.642",0.000121818181818182,550,0.0670000000000002,1
"vary_n",908,0,2,"SVP Gaussian / both / c = 1.987",0.0142500000000005,4,0.0570000000000022,1
"vary_n",908,0,2,"SVP Gaussian / none / c = 0.968",0.000305263157894773,190,0.0580000000000069,1
"vary_n",908,0,2,"SVP Gaussian / right / c = 1.642",0.000119642857142857,560,0.0670000000000002,1
"vary_n",908,0,2,"PELT",0.000705357142857085,112,0.0789999999999935,1
"vary_n",908,0,3,"SVP Gaussian / both / c = 1.987",0.0154999999999994,4,0.0619999999999976,1
"vary_n",908,0,3,"SVP Gaussian / none / c = 0.968",0.00105357142857151,56,0.0590000000000046,1
"vary_n",908,0,3,"PELT",0.000999999999999995,55,0.0549999999999997,1
"vary_n",908,0,3,"SVP Gaussian / right / c = 1.642",0.000125000000000001,560,0.0700000000000003,1
"vary_n",908,0,4,"SVP Gaussian / right / c = 1.642",0.000119642857142857,560,0.0670000000000002,1
"vary_n",908,0,4,"SVP Gaussian / none / c = 0.968",0.00203571428571411,28,0.056999999999995,1
"vary_n",908,0,4,"SVP Gaussian / both / c = 1.987",0.01525,4,0.0609999999999999,1
"vary_n",908,0,4,"PELT",0.000633928571428553,112,0.070999999999998,1
"vary_n",908,0,5,"PELT",0.00103571428571428,56,0.0579999999999998,1
"vary_n",908,0,5,"SVP Gaussian / right / c = 1.642",0.00012142857142858,560,0.068000000000005,1
"vary_n",908,0,5,"SVP Gaussian / none / c = 0.968",0.000128571428571433,560,0.0720000000000027,1
"vary_n",908,0,5,"SVP Gaussian / both / c = 1.987",0.0147500000000012,4,0.0590000000000046,1
"vary_n",908,0,6,"SVP Gaussian / none / c = 0.968",0.000221428571428563,280,0.0619999999999976,1
"vary_n",908,0,6,"PELT",0.000714285714285763,112,0.0800000000000054,1
"vary_n",908,0,6,"SVP Gaussian / both / c = 1.987",0.0142500000000005,4,0.0570000000000022,1
"vary_n",908,0,6,"SVP Gaussian / right / c = 1.642",0.000117857142857147,560,0.0660000000000025,1
"vary_n",908,0,7,"SVP Gaussian / right / c = 1.642",0.000114285714285714,560,0.0640000000000001,1
"vary_n",908,0,7,"SVP Gaussian / both / c = 1.987",0.0142500000000005,4,0.0570000000000022,1
"vary_n",908,0,7,"SVP Gaussian / none / c = 0.968",0.0019285714285715,28,0.054000000000002,1
"vary_n",908,0,7,"PELT",0.000785714285714231,84,0.0659999999999954,1
"vary_n",908,0,8,"PELT",0.00107272727272723,55,0.0589999999999975,1
"vary_n",908,0,8,"SVP Gaussian / none / c = 0.968",0.000128571428571433,560,0.0720000000000027,1
"vary_n",908,0,8,"SVP Gaussian / both / c = 1.987",0.01525,4,0.0609999999999999,1
"vary_n",908,0,8,"SVP Gaussian / right / c = 1.642",0.000119999999999992,550,0.0659999999999954,1
"vary_n",908,0,9,"SVP Gaussian / none / c = 0.968",0.000254464285714295,224,0.0570000000000022,1
"vary_n",908,0,9,"SVP Gaussian / both / c = 1.987",0.0147499999999994,4,0.0589999999999975,1
"vary_n",908,0,9,"PELT",0.00091071428571432,56,0.0510000000000019,1
"vary_n",908,0,9,"SVP Gaussian / right / c = 1.642",0.000121818181818182,550,0.0670000000000002,1
"vary_n",908,0,10,"PELT",0.00121818181818182,55,0.0670000000000002,1
"vary_n",908,0,10,"SVP Gaussian / right / c = 1.642",0.000121428571428568,560,0.0679999999999978,1
"vary_n",908,0,10,"SVP Gaussian / both / c = 1.987",0.0149999999999988,4,0.0599999999999952,1
"vary_n",908,0,10,"SVP Gaussian / none / c = 0.968",0.00119999999999992,55,0.0659999999999954,1
"vary_n",908,0,11,"SVP Gaussian / right / c = 1.642",0.000121428571428568,560,0.0679999999999978,1
"vary_n",908,0,11,"SVP Gaussian / both / c = 1.987",0.0142500000000005,4,0.0570000000000022,1
"vary_n",908,0,11,"PELT",0.000749999999999965,112,0.0839999999999961,1
"vary_n",908,0,11,"SVP Gaussian / none / c = 0.968",0.0019285714285715,28,0.054000000000002,1
"vary_n",908,0,12,"SVP Gaussian / right / c = 1.642",0.000116071428571425,560,0.0649999999999977,1
"vary_n",908,0,12,"PELT",0.00101785714285718,56,0.0570000000000022,1
"vary_n",908,0,12,"SVP Gaussian / none / c = 0.968",0.000128571428571421,560,0.0719999999999956,1
"vary_n",908,0,12,"SVP Gaussian / both / c = 1.987",0.0150000000000006,4,0.0600000000000023,1
"vary_n",1088,0,1,"SVP Gaussian / none / c = 0.968",0.000964285714285666,84,0.080999999999996,1
"vary_n",1088,0,1,"PELT",0.000794642857142845,112,0.0889999999999986,1
"vary_n",1088,0,1,"SVP Gaussian / right / c = 1.642",0.000138636363636364,440,0.0609999999999999,1
"vary_n",1088,0,1,"SVP Gaussian / both / c = 1.987",0.0213333333333334,3,0.0640000000000001,1
"vary_n",1088,0,2,"SVP Gaussian / right / c = 1.642",0.000136160714285714,448,0.0609999999999999,1
"vary_n",1088,0,2,"PELT",0.000927272727272633,55,0.0509999999999948,1
"vary_n",1088,0,2,"SVP Gaussian / none / c = 0.968",0.000848214285714276,112,0.0949999999999989,1
"vary_n",1088,0,2,"SVP Gaussian / both / c = 1.987",0.0206666666666659,3,0.0619999999999976,1
"vary_n",1088,0,3,"SVP Gaussian / right / c = 1.642",0.00014107142857143,560,0.0790000000000006,1
"vary_n",1088,0,3,"SVP Gaussian / none / c = 0.968",0.000148214285714283,560,0.0829999999999984,1
"vary_n",1088,0,3,"PELT",0.00125,56,0.0700000000000003,1
"vary_n",1088,0,3,"SVP Gaussian / both / c = 1.987",0.0206666666666659,3,0.0619999999999976,1
"vary_n",1088,0,4,"SVP Gaussian / none / c = 0.968",0.0018421052631579,38,0.0700000000000003,1
"vary_n",1088,0,4,"SVP Gaussian / both / c = 1.987",0.0203333333333333,3,0.0609999999999999,1
"vary_n",1088,0,4,"PELT",0.000892857142857156,112,0.100000000000001,1
"vary_n",1088,0,4,"SVP Gaussian / right / c = 1.642",0.000137500000000009,560,0.0770000000000053,1
"vary_n",1088,0,5,"PELT",0.000785714285714231,84,0.0659999999999954,1
"vary_n",1088,0,5,"SVP Gaussian / right / c = 1.642",0.000137499999999997,560,0.0769999999999982,1
"vary_n",1088,0,5,"SVP Gaussian / both / c = 1.987",0.0209999999999984,3,0.0629999999999953,1
"vary_n",1088,0,5,"SVP Gaussian / none / c = 0.968",0.00114285714285714,56,0.0640000000000001,1
"vary_n",1088,0,6,"PELT",0.000928571428571422,56,0.0519999999999996,1
"vary_n",1088,0,6,"SVP Gaussian / none / c = 0.968",0.00213157894736831,38,0.080999999999996,1
"vary_n",1088,0,6,"SVP Gaussian / both / c = 1.987",0.0219999999999985,3,0.0659999999999954,1
"vary_n",1088,0,6,"SVP Gaussian / right / c = 1.642",0.00014285714285714,560,0.0799999999999983,1
"vary_n",1088,0,7,"SVP Gaussian / both / c = 1.987",0.0213333333333334,3,0.0640000000000001,1
"vary_n",1088,0,7,"PELT",0.00103571428571428,56,0.0579999999999998,1
"vary_n",1088,0,7,"SVP Gaussian / right / c = 1.642",0.00014107142857143,560,0.0790000000000006,1
"vary_n",1088,0,7,"SVP Gaussian / none / c = 0.968",0.00217857142857143,28,0.0609999999999999,1
"vary_n",1088,0,8,"PELT",0.00134210526315795,38,0.0510000000000019,1
"vary_n",1088,0,8,"SVP Gaussian / none / c = 0.968",0.000142857142857143,448,0.0640000000000001,1
"vary_n",1088,0,8,"SVP Gaussian / both / c = 1.987",0.0209999999999984,3,0.0629999999999953,1
"vary_n",1088,0,8,"SVP Gaussian / right / c = 1.642",0.000135714285714287,560,0.0760000000000005,1
"vary_n",1088,0,9,"SVP Gaussian / none / c = 0.968",0.000141818181818174,550,0.0779999999999959,1
"vary_n",1088,0,9,"SVP Gaussian / right / c = 1.642",0.000137499999999997,560,0.0769999999999982,1
"vary_n",1088,0,9,"SVP Gaussian / both / c = 1.987",0.0223333333333334,3,0.0670000000000002,1
"vary_n",1088,0,9,"PELT",0.00128571428571433,56,0.0720000000000027,1
"vary_n",1088,0,10,"PELT",0.000999999999999995,55,0.0549999999999997,1
"vary_n",1088,0,10,"SVP Gaussian / both / c = 1.987",0.0213333333333334,3,0.0640000000000001,1
"vary_n",1088,0,10,"SVP Gaussian / none / c = 0.968",0.000318181818181819,220,0.0700000000000003,1
"vary_n",1088,0,10,"SVP Gaussian / right / c = 1.642",0.000134090909090903,440,0.0589999999999975,1
"vary_n",1088,0,11,"SVP Gaussian / none / c = 0.968",0.00249999999999997,38,0.0949999999999989,1
"vary_n",1088,0,11,"SVP Gaussian / right / c = 1.642",0.000136160714285714,448,0.0609999999999999,1
"vary_n",1088,0,11,"SVP Gaussian / both / c = 1.987",0.0219999999999985,3,0.0659999999999954,1
"vary_n",1088,0,11,"PELT",0.000848214285714276,112,0.0949999999999989,1
"vary_n",1088,0,12,"PELT",0.00125454545454537,55,0.0689999999999955,1
"vary_n",1088,0,12,"SVP Gaussian / none / c = 0.968",0.00014285714285714,560,0.0799999999999983,1
"vary_n",1088,0,12,"SVP Gaussian / both / c = 1.987",0.0206666666666659,3,0.0619999999999976,1
"vary_n",1088,0,12,"SVP Gaussian / right / c = 1.642",0.000135714285714287,560,0.0760000000000005,1
"vary_n",1303,0,1,"SVP Gaussian / right / c = 1.642",0.000161038961038973,385,0.0620000000000047,1
"vary_n",1303,0,1,"SVP Gaussian / none / c = 0.968",0.00155357142857149,56,0.0870000000000033,1
"vary_n",1303,0,1,"SVP Gaussian / both / c = 1.987",0.0309999999999988,2,0.0619999999999976,1
"vary_n",1303,0,1,"PELT",0.00101785714285718,56,0.0570000000000022,1
"vary_n",1303,0,2,"SVP Gaussian / right / c = 1.642",0.000162500000000002,560,0.0910000000000011,1
"vary_n",1303,0,2,"SVP Gaussian / none / c = 0.968",0.000249999999999997,380,0.0949999999999989,1
"vary_n",1303,0,2,"PELT",0.00155357142857149,56,0.0870000000000033,1
"vary_n",1303,0,2,"SVP Gaussian / both / c = 1.987",0.0309999999999988,2,0.0619999999999976,1
"vary_n",1303,0,3,"SVP Gaussian / none / c = 0.968",0.00025526315789474,380,0.0970000000000013,1
"vary_n",1303,0,3,"SVP Gaussian / both / c = 1.987",0.0299999999999976,2,0.0599999999999952,1
"vary_n",1303,0,3,"PELT",0.00189285714285705,28,0.0529999999999973,1
"vary_n",1303,0,3,"SVP Gaussian / right / c = 1.642",0.000155357142857136,560,0.0869999999999962,1
"vary_n",1303,0,4,"SVP Gaussian / none / c = 0.968",0.0033571428571429,28,0.0940000000000012,1
"vary_n",1303,0,4,"SVP Gaussian / both / c = 1.987",0.0315000000000012,2,0.0630000000000024,1
"vary_n",1303,0,4,"SVP Gaussian / right / c = 1.642",0.000160714285714292,392,0.0630000000000024,1
"vary_n",1303,0,4,"PELT",0.00150000000000006,56,0.0840000000000032,1
"vary_n",1303,0,5,"SVP Gaussian / none / c = 0.968",0.000167857142857145,560,0.0940000000000012,1
"vary_n",1303,0,5,"SVP Gaussian / right / c = 1.642",0.000155844155844162,385,0.0600000000000023,1
"vary_n",1303,0,5,"PELT",0.00167857142857145,56,0.0940000000000012,1
"vary_n",1303,0,5,"SVP Gaussian / both / c = 1.987",0.0300000000000011,2,0.0600000000000023,1
"vary_n",1303,0,6,"SVP Gaussian / both / c = 1.987",0.0309999999999988,2,0.0619999999999976,1
"vary_n",1303,0,6,"PELT",0.00128571428571421,56,0.0719999999999956,1
"vary_n",1303,0,6,"SVP Gaussian / right / c = 1.642",0.000153246753246747,385,0.0589999999999975,1
"vary_n",1303,0,6,"SVP Gaussian / none / c = 0.968",0.000312500000000001,224,0.0700000000000003,1
"vary_n",1303,0,7,"PELT",0.00182142857142839,28,0.0509999999999948,1
"vary_n",1303,0,7,"SVP Gaussian / right / c = 1.642",0.000158928571428569,560,0.0889999999999986,1
"vary_n",1303,0,7,"SVP Gaussian / both / c = 1.987",0.0309999999999988,2,0.0619999999999976,1
"vary_n",1303,0,7,"SVP Gaussian / none / c = 0.968",0.000166071428571422,560,0.0929999999999964,1
"vary_n",1303,0,8,"SVP Gaussian / none / c = 0.968",0.00192105263157896,38,0.0730000000000004,1
"vary_n",1303,0,8,"SVP Gaussian / right / c = 1.642",0.000153571428571426,560,0.0859999999999985,1
"vary_n",1303,0,8,"SVP Gaussian / both / c = 1.987",0.0305,2,0.0609999999999999,1
"vary_n",1303,0,8,"PELT",0.00151785714285716,56,0.0850000000000009,1
"vary_n",1303,0,9,"PELT",0.00098181818181809,55,0.0539999999999949,1
"vary_n",1303,0,9,"SVP Gaussian / both / c = 1.987",0.0309999999999988,2,0.0619999999999976,1
"vary_n",1303,0,9,"SVP Gaussian / right / c = 1.642",0.000153571428571426,560,0.0859999999999985,1
"vary_n",1303,0,9,"SVP Gaussian / none / c = 0.968",0.00200000000000016,28,0.0560000000000045,1
"vary_n",1303,0,10,"SVP Gaussian / right / c = 1.642",0.000153571428571426,560,0.0859999999999985,1
"vary_n",1303,0,10,"SVP Gaussian / none / c = 0.968",0.00043333333333333,120,0.0519999999999996,1
"vary_n",1303,0,10,"SVP Gaussian / both / c = 1.987",0.0300000000000011,2,0.0600000000000023,1
"vary_n",1303,0,10,"PELT",0.00167857142857132,56,0.0939999999999941,1
"vary_n",1303,0,11,"SVP Gaussian / both / c = 1.987",0.0305,2,0.0609999999999999,1
"vary_n",1303,0,11,"SVP Gaussian / none / c = 0.968",0.00305263157894736,19,0.0579999999999998,1
"vary_n",1303,0,11,"PELT",0.00066666666666672,84,0.0560000000000045,1
"vary_n",1303,0,11,"SVP Gaussian / right / c = 1.642",0.000158928571428582,560,0.0890000000000057,1
"vary_n",1303,0,12,"SVP Gaussian / both / c = 1.987",0.0309999999999988,2,0.0619999999999976,1
"vary_n",1303,0,12,"SVP Gaussian / right / c = 1.642",0.000153246753246765,385,0.0590000000000046,1
"vary_n",1303,0,12,"SVP Gaussian / none / c = 0.968",0.00371428571428569,14,0.0519999999999996,1
"vary_n",1303,0,12,"PELT",0.0019642857142857,28,0.0549999999999997,1
"vary_n",1561,0,1,"SVP Gaussian / right / c = 1.642",0.000185714285714284,280,0.0519999999999996,1
"vary_n",1561,0,1,"SVP Gaussian / none / c = 0.968",0.00449999999999966,14,0.0629999999999953,1
"vary_n",1561,0,1,"PELT",0.00158928571428569,56,0.0889999999999986,1
"vary_n",1561,0,1,"SVP Gaussian / both / c = 1.987",0.0444999999999993,2,0.0889999999999986,1
"vary_n",1561,0,2,"SVP Gaussian / right / c = 1.642",0.000181818181818167,330,0.0599999999999952,1
"vary_n",1561,0,2,"SVP Gaussian / both / c = 1.987",0.0429999999999993,2,0.0859999999999985,1
"vary_n",1561,0,2,"SVP Gaussian / none / c = 0.968",0.00599999999999952,10,0.0599999999999952,1
"vary_n",1561,0,2,"PELT",0.00135714285714287,56,0.0760000000000005,1
"vary_n",1561,0,3,"SVP Gaussian / both / c = 1.987",0.0444999999999993,2,0.0889999999999986,1
"vary_n",1561,0,3,"PELT",0.00137499999999997,56,0.0769999999999982,1
"vary_n",1561,0,3,"SVP Gaussian / none / c = 0.968",0.00378571428571409,14,0.0529999999999973,1
"vary_n",1561,0,3,"SVP Gaussian / right / c = 1.642",0.000187499999999994,560,0.104999999999997,1
"vary_n",1561,0,4,"SVP Gaussian / right / c = 1.642",0.000181818181818189,330,0.0600000000000023,1
"vary_n",1561,0,4,"SVP Gaussian / both / c = 1.987",0.0474999999999994,2,0.0949999999999989,1
"vary_n",1561,0,4,"PELT",0.00167857142857145,56,0.0940000000000012,1
"vary_n",1561,0,4,"SVP Gaussian / none / c = 0.968",0.00112500000000004,56,0.0630000000000024,1
"vary_n",1561,0,5,"SVP Gaussian / both / c = 1.987",0.0434999999999981,2,0.0869999999999962,1
"vary_n",1561,0,5,"PELT",0.00142857142857153,56,0.0800000000000054,1
"vary_n",1561,0,5,"SVP Gaussian / none / c = 0.968",0.00185714285714284,28,0.0519999999999996,1
"vary_n",1561,0,5,"SVP Gaussian / right / c = 1.642",0.000182142857142864,560,0.102000000000004,1
"vary_n",1561,0,6,"SVP Gaussian / right / c = 1.642",0.000178571428571444,560,0.100000000000009,1
"vary_n",1561,0,6,"SVP Gaussian / both / c = 1.987",0.0429999999999993,2,0.0859999999999985,1
"vary_n",1561,0,6,"PELT",0.00157142857142872,56,0.0880000000000081,1
"vary_n",1561,0,6,"SVP Gaussian / none / c = 0.968",0.0049090909090898,11,0.0539999999999878,1
"vary_n",1561,0,7,"SVP Gaussian / right / c = 1.642",0.00018154761904764,336,0.061000000000007,1
"vary_n",1561,0,7,"PELT",0.00176315789473703,38,0.0670000000000073,1
"vary_n",1561,0,7,"SVP Gaussian / both / c = 1.987",0.0434999999999945,2,0.0869999999999891,1
"vary_n",1561,0,7,"SVP Gaussian / none / c = 0.968",0.00637500000000024,8,0.0510000000000019,1
"vary_n",1561,0,8,"SVP Gaussian / right / c = 1.642",0.000178571428571418,560,0.0999999999999943,1
"vary_n",1561,0,8,"SVP Gaussian / both / c = 1.987",0.0435000000000016,2,0.0870000000000033,1
"vary_n",1561,0,8,"PELT",0.00130357142857156,56,0.0730000000000075,1
"vary_n",1561,0,8,"SVP Gaussian / none / c = 0.968",0.00520000000000067,10,0.0520000000000067,1
"vary_n",1561,0,9,"SVP Gaussian / right / c = 1.642",0.000180357142857141,560,0.100999999999999,1
"vary_n",1561,0,9,"SVP Gaussian / both / c = 1.987",0.0445000000000064,2,0.0890000000000128,1
"vary_n",1561,0,9,"PELT",0.00250000000000026,28,0.0700000000000074,1
"vary_n",1561,0,9,"SVP Gaussian / none / c = 0.968",0.000187878787878824,330,0.0620000000000118,1
"vary_n",1561,0,10,"SVP Gaussian / none / c = 0.968",0.00213157894736813,38,0.0809999999999889,1
"vary_n",1561,0,10,"SVP Gaussian / right / c = 1.642",0.000178571428571435,336,0.0600000000000023,1
"vary_n",1561,0,10,"PELT",0.00139473684210557,38,0.0530000000000115,1
"vary_n",1561,0,10,"SVP Gaussian / both / c = 1.987",0.0435000000000016,2,0.0870000000000033,1
"vary_n",1561,0,11,"SVP Gaussian / right / c = 1.642",0.000178571428571444,560,0.100000000000009,1
"vary_n",1561,0,11,"SVP Gaussian / both / c = 1.987",0.0444999999999993,2,0.0889999999999986,1
"vary_n",1561,0,11,"PELT",0.00239473684210548,38,0.0910000000000082,1
"vary_n",1561,0,11,"SVP Gaussian / none / c = 0.968",0.00289473684210562,19,0.0550000000000068,1
"vary_n",1561,0,12,"SVP Gaussian / both / c = 1.987",0.0464999999999947,2,0.0929999999999893,1
"vary_n",1561,0,12,"SVP Gaussian / none / c = 0.968",0.000193939393939373,330,0.063999999999993,1
"vary_n",1561,0,12,"PELT",0.00255263157894759,38,0.0970000000000084,1
"vary_n",1561,0,12,"SVP Gaussian / right / c = 1.642",0.000182142857142864,280,0.0510000000000019,1
"vary_n",1871,0,1,"SVP Gaussian / both / c = 1.987",0.0669999999999931,1,0.0669999999999931,1
"vary_n",1871,0,1,"SVP Gaussian / none / c = 0.968",0.00757142857142818,7,0.0529999999999973,1
"vary_n",1871,0,1,"SVP Gaussian / right / c = 1.642",0.000217857142857168,280,0.061000000000007,1
"vary_n",1871,0,1,"PELT",0.00314285714285743,28,0.0880000000000081,1
"vary_n",1871,0,2,"PELT",0.00199999999999983,38,0.0759999999999934,1
"vary_n",1871,0,2,"SVP Gaussian / none / c = 0.968",0.00199999999999991,28,0.0559999999999974,1
"vary_n",1871,0,2,"SVP Gaussian / right / c = 1.642",0.000215789473684194,380,0.0819999999999936,1
"vary_n",1871,0,2,"SVP Gaussian / both / c = 1.987",0.0660000000000025,1,0.0660000000000025,1
"vary_n",1871,0,3,"SVP Gaussian / both / c = 1.987",0.0649999999999977,1,0.0649999999999977,1
"vary_n",1871,0,3,"SVP Gaussian / none / c = 0.968",0.00600000000000023,10,0.0600000000000023,1
"vary_n",1871,0,3,"SVP Gaussian / right / c = 1.642",0.000210526315789469,380,0.0799999999999983,1
"vary_n",1871,0,3,"PELT",0.00236842105263167,38,0.0900000000000034,1
"vary_n",1871,0,4,"SVP Gaussian / right / c = 1.642",0.000210714285714277,280,0.0589999999999975,1
"vary_n",1871,0,4,"SVP Gaussian / none / c = 0.968",0.00349999999999996,28,0.097999999999999,1
"vary_n",1871,0,4,"SVP Gaussian / both / c = 1.987",0.0679999999999978,1,0.0679999999999978,1
"vary_n",1871,0,4,"PELT",0.00284210526315725,19,0.0539999999999878,1
"vary_n",1871,0,5,"SVP Gaussian / right / c = 1.642",0.000217857142857117,280,0.0609999999999928,1
"vary_n",1871,0,5,"SVP Gaussian / none / c = 0.968",0.000225454545454537,275,0.0619999999999976,1
"vary_n",1871,0,5,"PELT",0.00357894736842169,19,0.068000000000012,1
"vary_n",1871,0,5,"SVP Gaussian / both / c = 1.987",0.0660000000000025,1,0.0660000000000025,1
"vary_n",1871,0,6,"SVP Gaussian / none / c = 0.968",0.00235714285714295,28,0.0660000000000025,1
"vary_n",1871,0,6,"SVP Gaussian / both / c = 1.987",0.0669999999999931,1,0.0669999999999931,1
"vary_n",1871,0,6,"SVP Gaussian / right / c = 1.642",0.0002060606060606,330,0.0679999999999978,1
"vary_n",1871,0,6,"PELT",0.0034166666666664,24,0.0819999999999936,1
"vary_n",1871,0,7,"PELT",0.00310714285714247,28,0.0869999999999891,1
"vary_n",1871,0,7,"SVP Gaussian / none / c = 0.968",0.00335714285714315,28,0.0940000000000083,1
"vary_n",1871,0,7,"SVP Gaussian / both / c = 1.987",0.0650000000000119,1,0.0650000000000119,1
"vary_n",1871,0,7,"SVP Gaussian / right / c = 1.642",0.000207142857142831,280,0.0579999999999927,1
"vary_n",1871,0,8,"PELT",0.00325000000000029,28,0.0910000000000082,1
"vary_n",1871,0,8,"SVP Gaussian / right / c = 1.642",0.000213157894736813,380,0.0809999999999889,1
"vary_n",1871,0,8,"SVP Gaussian / none / c = 0.968",0.00712500000000027,8,0.0570000000000022,1
"vary_n",1871,0,8,"SVP Gaussian / both / c = 1.987",0.0640000000000072,1,0.0640000000000072,1
"vary_n",1871,0,9,"SVP Gaussian / both / c = 1.987",0.0670000000000073,1,0.0670000000000073,1
"vary_n",1871,0,9,"SVP Gaussian / none / c = 0.968",0.0085714285714289,7,0.0600000000000023,2
"vary_n",1871,0,9,"PELT",0.00236842105263167,38,0.0900000000000034,1
"vary_n",1871,0,9,"SVP Gaussian / right / c = 1.642",0.000210714285714277,280,0.0589999999999975,1
"vary_n",1871,0,10,"PELT",0.00129090909090905,55,0.070999999999998,1
"vary_n",1871,0,10,"SVP Gaussian / both / c = 1.987",0.0649999999999977,1,0.0649999999999977,1
"vary_n",1871,0,10,"SVP Gaussian / right / c = 1.642",0.000210526315789469,380,0.0799999999999983,1
"vary_n",1871,0,10,"SVP Gaussian / none / c = 0.968",0.00519999999999925,10,0.0519999999999925,1
"vary_n",1871,0,11,"SVP Gaussian / right / c = 1.642",0.000210714285714277,280,0.0589999999999975,1
"vary_n",1871,0,11,"PELT",0.00335714285714265,28,0.0939999999999941,1
"vary_n",1871,0,11,"SVP Gaussian / both / c = 1.987",0.0649999999999977,1,0.0649999999999977,1
"vary_n",1871,0,11,"SVP Gaussian / none / c = 0.968",0.000221818181818156,275,0.0609999999999928,1
"vary_n",1871,0,12,"PELT",0.00305263157894699,19,0.0579999999999927,1
"vary_n",1871,0,12,"SVP Gaussian / right / c = 1.642",0.000207894736842088,380,0.0789999999999935,1
"vary_n",1871,0,12,"SVP Gaussian / none / c = 0.968",0.000357575757575742,165,0.0589999999999975,1
"vary_n",1871,0,12,"SVP Gaussian / both / c = 1.987",0.0670000000000073,1,0.0670000000000073,1
"vary_n",2242,0,1,"SVP Gaussian / right / c = 1.642",0.000245454545454555,220,0.054000000000002,1
"vary_n",2242,0,1,"PELT",0.00450000000000017,16,0.0720000000000027,1
"vary_n",2242,0,1,"SVP Gaussian / both / c = 1.987",0.0939999999999941,1,0.0939999999999941,1
"vary_n",2242,0,1,"SVP Gaussian / none / c = 0.968",0.000265789473684208,380,0.100999999999999,1
"vary_n",2242,0,2,"SVP Gaussian / right / c = 1.642",0.00024363636363639,275,0.0670000000000073,1
"vary_n",2242,0,2,"PELT",0.00466666666666645,12,0.0559999999999974,1
"vary_n",2242,0,2,"SVP Gaussian / none / c = 0.968",0.000255263157894722,380,0.0969999999999942,1
"vary_n",2242,0,2,"SVP Gaussian / both / c = 1.987",0.0949999999999989,1,0.0949999999999989,1
"vary_n",2242,0,3,"SVP Gaussian / right / c = 1.642",0.000239999999999957,275,0.0659999999999883,1
"vary_n",2242,0,3,"PELT",0.00294736842105249,19,0.0559999999999974,1
"vary_n",2242,0,3,"SVP Gaussian / both / c = 1.987",0.0960000000000036,1,0.0960000000000036,1
"vary_n",2242,0,3,"SVP Gaussian / none / c = 0.968",0.0084285714285731,7,0.0590000000000117,1
"vary_n",2242,0,4,"SVP Gaussian / none / c = 0.968",0.00771428571428601,7,0.054000000000002,1
"vary_n",2242,0,4,"SVP Gaussian / right / c = 1.642",0.000249999999999997,380,0.0949999999999989,1
"vary_n",2242,0,4,"SVP Gaussian / both / c = 1.987",0.0949999999999989,1,0.0949999999999989,1
"vary_n",2242,0,4,"PELT",0.00368181818181832,22,0.0810000000000031,1
"vary_n",2242,0,5,"PELT",0.003666666666667,24,0.0880000000000081,1
"vary_n",2242,0,5,"SVP Gaussian / both / c = 1.987",0.0950000000000131,1,0.0950000000000131,1
"vary_n",2242,0,5,"SVP Gaussian / none / c = 0.968",0.00520000000000067,10,0.0520000000000067,1
"vary_n",2242,0,5,"SVP Gaussian / right / c = 1.642",0.00024363636363639,275,0.0670000000000073,1
"vary_n",2242,0,6,"SVP Gaussian / both / c = 1.987",0.0960000000000036,1,0.0960000000000036,1
"vary_n",2242,0,6,"SVP Gaussian / right / c = 1.642",0.000244736842105272,380,0.0930000000000035,1
"vary_n",2242,0,6,"PELT",0.00519999999999925,10,0.0519999999999925,1
"vary_n",2242,0,6,"SVP Gaussian / none / c = 0.968",0.00649999999999906,8,0.0519999999999925,1
"vary_n",2242,0,7,"SVP Gaussian / both / c = 1.987",0.0939999999999941,1,0.0939999999999941,1
"vary_n",2242,0,7,"SVP Gaussian / none / c = 0.968",0.00587500000000052,16,0.0940000000000083,1
"vary_n",2242,0,7,"SVP Gaussian / right / c = 1.642",0.000240000000000009,275,0.0660000000000025,1
"vary_n",2242,0,7,"PELT",0.00247368421052616,38,0.0939999999999941,1
"vary_n",2242,0,8,"SVP Gaussian / both / c = 1.987",0.097999999999999,1,0.097999999999999,1
"vary_n",2242,0,8,"SVP Gaussian / none / c = 0.968",0.0100000000000009,10,0.100000000000009,1
"vary_n",2242,0,8,"SVP Gaussian / right / c = 1.642",0.000252631578947378,380,0.0960000000000036,1
"vary_n",2242,0,8,"PELT",0.00307142857142852,28,0.0859999999999985,1
"vary_n",2242,0,9,"SVP Gaussian / right / c = 1.642",0.000249999999999997,380,0.0949999999999989,1
"vary_n",2242,0,9,"PELT",0.00433333333333389,12,0.0520000000000067,1
"vary_n",2242,0,9,"SVP Gaussian / none / c = 0.968",0.00885714285714252,7,0.0619999999999976,1
"vary_n",2242,0,9,"SVP Gaussian / both / c = 1.987",0.0969999999999942,1,0.0969999999999942,1
"vary_n",2242,0,10,"PELT",0.00454545454545429,22,0.0999999999999943,1
"vary_n",2242,0,10,"SVP Gaussian / none / c = 0.968",0.000252631578947378,380,0.0960000000000036,1
"vary_n",2242,0,10,"SVP Gaussian / right / c = 1.642",0.000246428571428581,280,0.0690000000000026,1
"vary_n",2242,0,10,"SVP Gaussian / both / c = 1.987",0.0929999999999893,1,0.0929999999999893,1
"vary_n",2242,0,11,"PELT",0.00454545454545429,22,0.0999999999999943,1
"vary_n",2242,0,11,"SVP Gaussian / none / c = 0.968",0.000263636363636395,220,0.0580000000000069,1
"vary_n",2242,0,11,"SVP Gaussian / right / c = 1.642",0.0002509090909091,275,0.0690000000000026,1
"vary_n",2242,0,11,"SVP Gaussian / both / c = 1.987",0.0990000000000038,1,0.0990000000000038,1
"vary_n",2242,0,12,"SVP Gaussian / right / c = 1.642",0.000240000000000009,275,0.0660000000000025,1
"vary_n",2242,0,12,"SVP Gaussian / none / c = 0.968",0.00336842105263121,19,0.063999999999993,1
"vary_n",2242,0,12,"PELT",0.00483333333333391,12,0.0580000000000069,1
"vary_n",2242,0,12,"SVP Gaussian / both / c = 1.987",0.0960000000000036,1,0.0960000000000036,1
"vary_n",2686,0,1,"SVP Gaussian / both / c = 1.987",0.141000000000005,1,0.141000000000005,1
"vary_n",2686,0,1,"SVP Gaussian / none / c = 0.968",0.0100000000000004,6,0.0600000000000023,1
"vary_n",2686,0,1,"SVP Gaussian / right / c = 1.642",0.000300000000000011,190,0.0570000000000022,1
"vary_n",2686,0,1,"PELT",0.00692857142857101,14,0.0969999999999942,1
"vary_n",2686,0,2,"SVP Gaussian / none / c = 0.968",0.00799999999999963,7,0.0559999999999974,1
"vary_n",2686,0,2,"SVP Gaussian / right / c = 1.642",0.000309090909090899,220,0.0679999999999978,1
"vary_n",2686,0,2,"PELT",0.00404545454545448,22,0.0889999999999986,1
"vary_n",2686,0,2,"SVP Gaussian / both / c = 1.987",0.140000000000001,1,0.140000000000001,1
"vary_n",2686,0,3,"SVP Gaussian / none / c = 0.968",0.0121999999999986,5,0.0609999999999928,1
"vary_n",2686,0,3,"PELT",0.0045499999999997,20,0.090999999999994,1
"vary_n",2686,0,3,"SVP Gaussian / both / c = 1.987",0.140000000000001,1,0.140000000000001,1
"vary_n",2686,0,3,"SVP Gaussian / right / c = 1.642",0.000308035714285726,224,0.0690000000000026,1
"vary_n",2686,0,4,"PELT",0.00687500000000085,8,0.0550000000000068,1
"vary_n",2686,0,4,"SVP Gaussian / both / c = 1.987",0.140999999999991,1,0.140999999999991,1
"vary_n",2686,0,4,"SVP Gaussian / right / c = 1.642",0.000315789473684223,190,0.0600000000000023,1
"vary_n",2686,0,4,"SVP Gaussian / none / c = 0.968",0.0145000000000017,4,0.0580000000000069,1
"vary_n",2686,0,5,"SVP Gaussian / none / c = 0.968",0.003857142857143,14,0.054000000000002,1
"vary_n",2686,0,5,"SVP Gaussian / right / c = 1.642",0.000300000000000011,220,0.0660000000000025,1
"vary_n",2686,0,5,"SVP Gaussian / both / c = 1.987",0.144999999999996,1,0.144999999999996,1
"vary_n",2686,0,5,"PELT",0.00421428571428554,14,0.0589999999999975,1
"vary_n",2686,0,6,"SVP Gaussian / right / c = 1.642",0.000303571428571406,280,0.0849999999999937,1
"vary_n",2686,0,6,"SVP Gaussian / both / c = 1.987",0.140000000000001,1,0.140000000000001,1
"vary_n",2686,0,6,"PELT",0.00649999999999957,14,0.090999999999994,1
"vary_n",2686,0,6,"SVP Gaussian / none / c = 0.968",0.000316964285714277,224,0.070999999999998,1
"vary_n",2686,0,7,"SVP Gaussian / none / c = 0.968",0.0135000000000005,4,0.054000000000002,1
"vary_n",2686,0,7,"SVP Gaussian / both / c = 1.987",0.138999999999996,1,0.138999999999996,1
"vary_n",2686,0,7,"PELT",0.00529999999999973,10,0.0529999999999973,1
"vary_n",2686,0,7,"SVP Gaussian / right / c = 1.642",0.000305263157894699,190,0.0579999999999927,1
"vary_n",2686,0,8,"SVP Gaussian / none / c = 0.968",0.00463636363636381,22,0.102000000000004,1
"vary_n",2686,0,8,"PELT",0.00345833333333327,24,0.0829999999999984,1
"vary_n",2686,0,8,"SVP Gaussian / both / c = 1.987",0.141999999999996,1,0.141999999999996,1
"vary_n",2686,0,8,"SVP Gaussian / right / c = 1.642",0.000315789473684223,190,0.0600000000000023,1
"vary_n",2686,0,9,"SVP Gaussian / right / c = 1.642",0.000300000000000011,220,0.0660000000000025,1
"vary_n",2686,0,9,"PELT",0.0076249999999991,8,0.0609999999999928,1
"vary_n",2686,0,9,"SVP Gaussian / both / c = 1.987",0.137,1,0.137,1
"vary_n",2686,0,9,"SVP Gaussian / none / c = 0.968",0.000314285714285692,280,0.0879999999999939,1
"vary_n",2686,0,10,"SVP Gaussian / right / c = 1.642",0.000294642857142868,224,0.0660000000000025,1
"vary_n",2686,0,10,"SVP Gaussian / both / c = 1.987",0.137,1,0.137,1
"vary_n",2686,0,10,"SVP Gaussian / none / c = 0.968",0.0142500000000005,4,0.0570000000000022,1
"vary_n",2686,0,10,"PELT",0.00364285714285728,14,0.0510000000000019,1
"vary_n",2686,0,11,"PELT",0.00487500000000018,16,0.078000000000003,1
"vary_n",2686,0,11,"SVP Gaussian / none / c = 0.968",0.00692857142857203,14,0.0970000000000084,1
"vary_n",2686,0,11,"SVP Gaussian / both / c = 1.987",0.138999999999996,1,0.138999999999996,1
"vary_n",2686,0,11,"SVP Gaussian / right / c = 1.642",0.000309090909090899,220,0.0679999999999978,1
"vary_n",2686,0,12,"SVP Gaussian / both / c = 1.987",0.143000000000001,1,0.143000000000001,1
"vary_n",2686,0,12,"SVP Gaussian / right / c = 1.642",0.000305263157894699,190,0.0579999999999927,1
"vary_n",2686,0,12,"SVP Gaussian / none / c = 0.968",0.0121999999999986,5,0.0609999999999928,1
"vary_n",2686,0,12,"PELT",0.00589999999999975,10,0.0589999999999975,1
"vary_n",3219,0,1,"SVP Gaussian / none / c = 0.968",0.000345454545454559,165,0.0570000000000022,1
"vary_n",3219,0,1,"PELT",0.00950000000000036,6,0.0570000000000022,1
"vary_n",3219,0,1,"SVP Gaussian / right / c = 1.642",0.000330357142857134,224,0.0739999999999981,1
"vary_n",3219,0,1,"SVP Gaussian / both / c = 1.987",0.200999999999993,1,0.200999999999993,1
"vary_n",3219,0,2,"SVP Gaussian / both / c = 1.987",0.200000000000003,1,0.200000000000003,1
"vary_n",3219,0,2,"PELT",0.00392857142857192,14,0.0550000000000068,1
"vary_n",3219,0,2,"SVP Gaussian / none / c = 0.968",0.0128000000000014,5,0.0640000000000072,1
"vary_n",3219,0,2,"SVP Gaussian / right / c = 1.642",0.000339285714285727,168,0.0570000000000022,1
"vary_n",3219,0,3,"PELT",0.0077499999999997,8,0.0619999999999976,1
"vary_n",3219,0,3,"SVP Gaussian / none / c = 0.968",0.000690909090909031,110,0.0759999999999934,1
"vary_n",3219,0,3,"SVP Gaussian / both / c = 1.987",0.195999999999998,1,0.195999999999998,1
"vary_n",3219,0,3,"SVP Gaussian / right / c = 1.642",0.000342857142857105,280,0.0959999999999894,1
"vary_n",3219,0,4,"SVP Gaussian / both / c = 1.987",0.201999999999998,1,0.201999999999998,1
"vary_n",3219,0,4,"SVP Gaussian / right / c = 1.642",0.000351515151515194,165,0.0580000000000069,1
"vary_n",3219,0,4,"SVP Gaussian / none / c = 0.968",0.0380000000000038,2,0.0760000000000076,1
"vary_n",3219,0,4,"PELT",0.00619999999999976,10,0.0619999999999976,1
"vary_n",3219,0,5,"SVP Gaussian / both / c = 1.987",0.197999999999993,1,0.197999999999993,1
"vary_n",3219,0,5,"PELT",0.00999999999999979,8,0.0799999999999983,1
"vary_n",3219,0,5,"SVP Gaussian / right / c = 1.642",0.000349999999999996,280,0.097999999999999,1
"vary_n",3219,0,5,"SVP Gaussian / none / c = 0.968",0.0127999999999986,5,0.063999999999993,1
"vary_n",3219,0,6,"SVP Gaussian / right / c = 1.642",0.000339285714285727,168,0.0570000000000022,1
"vary_n",3219,0,6,"SVP Gaussian / none / c = 0.968",0.0240000000000009,3,0.0720000000000027,1
"vary_n",3219,0,6,"PELT",0.00737499999999969,8,0.0589999999999975,1
"vary_n",3219,0,6,"SVP Gaussian / both / c = 1.987",0.204000000000008,1,0.204000000000008,1
"vary_n",3219,0,7,"SVP Gaussian / right / c = 1.642",0.000342857142857105,280,0.0959999999999894,1
"vary_n",3219,0,7,"PELT",0.0091666666666678,6,0.0550000000000068,1
"vary_n",3219,0,7,"SVP Gaussian / both / c = 1.987",0.210000000000008,1,0.210000000000008,1
"vary_n",3219,0,7,"SVP Gaussian / none / c = 0.968",0.000363095238095195,168,0.0609999999999928,1
"vary_n",3219,0,8,"PELT",0.00675000000000026,12,0.0810000000000031,1
"vary_n",3219,0,8,"SVP Gaussian / right / c = 1.642",0.000346428571428551,280,0.0969999999999942,1
"vary_n",3219,0,8,"SVP Gaussian / none / c = 0.968",0.0132499999999993,4,0.0529999999999973,1
"vary_n",3219,0,8,"SVP Gaussian / both / c = 1.987",0.198999999999998,1,0.198999999999998,1
"vary_n",3219,0,9,"SVP Gaussian / none / c = 0.968",0.00203571428571436,28,0.0570000000000022,1
"vary_n",3219,0,9,"SVP Gaussian / both / c = 1.987",0.204999999999998,1,0.204999999999998,1
"vary_n",3219,0,9,"SVP Gaussian / right / c = 1.642",0.000357142857142837,280,0.0999999999999943,1
"vary_n",3219,0,9,"PELT",0.00919999999999987,10,0.0919999999999987,1
"vary_n",3219,0,10,"SVP Gaussian / right / c = 1.642",0.000336842105263121,190,0.063999999999993,1
"vary_n",3219,0,10,"SVP Gaussian / both / c = 1.987",0.197000000000003,1,0.197000000000003,1
"vary_n",3219,0,10,"SVP Gaussian / none / c = 0.968",0.000351190476190461,168,0.0589999999999975,1
"vary_n",3219,0,10,"PELT",0.0103333333333329,6,0.0619999999999976,1
"vary_n",3219,0,11,"PELT",0.00628571428571385,14,0.0879999999999939,1
"vary_n",3219,0,11,"SVP Gaussian / none / c = 0.968",0.00983333333333292,6,0.0589999999999975,1
"vary_n",3219,0,11,"SVP Gaussian / right / c = 1.642",0.000339285714285761,280,0.0950000000000131,1
"vary_n",3219,0,11,"SVP Gaussian / both / c = 1.987",0.198000000000008,1,0.198000000000008,1
"vary_n",3219,0,12,"PELT",0.00508333333333274,12,0.0609999999999928,1
"vary_n",3219,0,12,"SVP Gaussian / right / c = 1.642",0.000331818181818151,220,0.0729999999999933,1
"vary_n",3219,0,12,"SVP Gaussian / both / c = 1.987",0.105000000000004,1,0.105000000000004,2
"vary_n",3219,0,12,"SVP Gaussian / none / c = 0.968",0.0101666666666655,6,0.0609999999999928,1
"vary_n",3856,0,1,"SVP Gaussian / both / c = 1.987",0.287000000000006,1,0.287000000000006,1
"vary_n",3856,0,1,"SVP Gaussian / none / c = 0.968",0.0167500000000018,4,0.0670000000000073,1
"vary_n",3856,0,1,"PELT",0.0085714285714289,7,0.0600000000000023,1
"vary_n",3856,0,1,"SVP Gaussian / right / c = 1.642",0.00040606060606065,165,0.0670000000000073,1
"vary_n",3856,0,2,"SVP Gaussian / none / c = 0.968",0.0206666666666659,3,0.0619999999999976,1
"vary_n",3856,0,2,"SVP Gaussian / both / c = 1.987",0.295999999999992,1,0.295999999999992,1
"vary_n",3856,0,2,"SVP Gaussian / right / c = 1.642",0.000413636363636336,220,0.090999999999994,1
"vary_n",3856,0,2,"PELT",0.00985714285714323,7,0.0690000000000026,1
"vary_n",3856,0,3,"PELT",0.0132499999999993,4,0.0529999999999973,1
"vary_n",3856,0,3,"SVP Gaussian / both / c = 1.987",0.295999999999992,1,0.295999999999992,1
"vary_n",3856,0,3,"SVP Gaussian / right / c = 1.642",0.000407142857142873,140,0.0570000000000022,1
"vary_n",3856,0,3,"SVP Gaussian / none / c = 0.968",0.0324999999999989,2,0.0649999999999977,1
"vary_n",3856,0,4,"SVP Gaussian / right / c = 1.642",0.00040606060606065,165,0.0670000000000073,1
"vary_n",3856,0,4,"PELT",0.0117499999999993,8,0.0939999999999941,1
"vary_n",3856,0,4,"SVP Gaussian / none / c = 0.968",0.0274999999999963,2,0.0549999999999926,1
"vary_n",3856,0,4,"SVP Gaussian / both / c = 1.987",0.296000000000006,1,0.296000000000006,1
"vary_n",3856,0,5,"SVP Gaussian / right / c = 1.642",0.000404761904761892,168,0.0679999999999978,1
"vary_n",3856,0,5,"SVP Gaussian / both / c = 1.987",0.295000000000002,1,0.295000000000002,1
"vary_n",3856,0,5,"PELT",0.0111999999999995,5,0.0559999999999974,1
"vary_n",3856,0,5,"SVP Gaussian / none / c = 0.968",0.0186666666666658,3,0.0559999999999974,1
"vary_n",3856,0,6,"SVP Gaussian / right / c = 1.642",0.000399999999999981,140,0.0559999999999974,1
"vary_n",3856,0,6,"SVP Gaussian / none / c = 0.968",0.00508333333333392,12,0.061000000000007,1
"vary_n",3856,0,6,"PELT",0.0116666666666679,6,0.0700000000000074,1
"vary_n",3856,0,6,"SVP Gaussian / both / c = 1.987",0.292999999999992,1,0.292999999999992,1
"vary_n",3856,0,7,"SVP Gaussian / none / c = 0.968",0.0129999999999995,5,0.0649999999999977,1
"vary_n",3856,0,7,"PELT",0.00828571428571528,7,0.0580000000000069,1
"vary_n",3856,0,7,"SVP Gaussian / both / c = 1.987",0.294000000000011,1,0.294000000000011,1
"vary_n",3856,0,7,"SVP Gaussian / right / c = 1.642",0.000549999999999962,240,0.131999999999991,1
"vary_n",3856,0,8,"PELT",0.0135999999999996,5,0.0679999999999978,1
"vary_n",3856,0,8,"SVP Gaussian / none / c = 0.968",0.000460606060606021,165,0.0759999999999934,1
"vary_n",3856,0,8,"SVP Gaussian / both / c = 1.987",0.293000000000006,1,0.293000000000006,1
"vary_n",3856,0,8,"SVP Gaussian / right / c = 1.642",0.00043452380952377,168,0.0729999999999933,1
"vary_n",3856,0,9,"SVP Gaussian / right / c = 1.642",0.00039393939393938,165,0.0649999999999977,1
"vary_n",3856,0,9,"SVP Gaussian / both / c = 1.987",0.285000000000011,1,0.285000000000011,1
"vary_n",3856,0,9,"PELT",0.0137499999999982,4,0.0549999999999926,1
"vary_n",3856,0,9,"SVP Gaussian / none / c = 0.968",0.000430303030303018,165,0.070999999999998,1
"vary_n",3856,0,10,"PELT",0.0129999999999995,5,0.0649999999999977,1
"vary_n",3856,0,10,"SVP Gaussian / right / c = 1.642",0.000404761904761892,168,0.0679999999999978,1
"vary_n",3856,0,10,"SVP Gaussian / both / c = 1.987",0.300000000000011,1,0.300000000000011,1
"vary_n",3856,0,10,"SVP Gaussian / none / c = 0.968",0.0078571428571418,7,0.0549999999999926,1
"vary_n",3856,0,11,"PELT",0.00520000000000067,10,0.0520000000000067,1
"vary_n",3856,0,11,"SVP Gaussian / both / c = 1.987",0.287000000000006,1,0.287000000000006,1
"vary_n",3856,0,11,"SVP Gaussian / none / c = 0.968",0.0132000000000005,5,0.0660000000000025,1
"vary_n",3856,0,11,"SVP Gaussian / right / c = 1.642",0.000410714285714301,168,0.0690000000000026,1
"vary_n",3856,0,12,"SVP Gaussian / right / c = 1.642",0.000410714285714301,168,0.0690000000000026,1
"vary_n",3856,0,12,"SVP Gaussian / both / c = 1.987",0.301000000000002,1,0.301000000000002,1
"vary_n",3856,0,12,"PELT",0.0120000000000005,5,0.0600000000000023,1
"vary_n",3856,0,12,"SVP Gaussian / none / c = 0.968",0.0289999999999964,2,0.0579999999999927,1
"vary_n",4621,0,1,"SVP Gaussian / none / c = 0.968",0.0465000000000018,2,0.0930000000000035,1
"vary_n",4621,0,1,"SVP Gaussian / right / c = 1.642",0.00049404761904761,168,0.0829999999999984,1
"vary_n",4621,0,1,"PELT",0.015500000000003,4,0.0620000000000118,1
"vary_n",4621,0,1,"SVP Gaussian / both / c = 1.987",0.417999999999992,1,0.417999999999992,1
"vary_n",4621,0,2,"SVP Gaussian / right / c = 1.642",0.000484848484848475,165,0.0799999999999983,1
"vary_n",4621,0,2,"SVP Gaussian / both / c = 1.987",0.415000000000006,1,0.415000000000006,1
"vary_n",4621,0,2,"SVP Gaussian / none / c = 0.968",0.000535714285714306,112,0.0600000000000023,1
"vary_n",4621,0,2,"PELT",0.0193333333333356,3,0.0580000000000069,1
"vary_n",4621,0,3,"PELT",0.0166666666666657,6,0.0999999999999943,1
"vary_n",4621,0,3,"SVP Gaussian / both / c = 1.987",0.442000000000007,1,0.442000000000007,1
"vary_n",4621,0,3,"SVP Gaussian / right / c = 1.642",0.000491071428571363,112,0.0549999999999926,1
"vary_n",4621,0,3,"SVP Gaussian / none / c = 0.968",0.046999999999997,2,0.0939999999999941,1
"vary_n",4621,0,4,"PELT",0.0154999999999994,4,0.0619999999999976,1
"vary_n",4621,0,4,"SVP Gaussian / both / c = 1.987",0.438000000000002,1,0.438000000000002,1
"vary_n",4621,0,4,"SVP Gaussian / none / c = 0.968",0.00214285714285722,28,0.0600000000000023,1
"vary_n",4621,0,4,"SVP Gaussian / right / c = 1.642",0.000503030303030293,165,0.0829999999999984,1
"vary_n",4621,0,5,"SVP Gaussian / right / c = 1.642",0.000499999999999933,110,0.0549999999999926,1
"vary_n",4621,0,5,"SVP Gaussian / none / c = 0.968",0.0220000000000008,3,0.0660000000000025,1
"vary_n",4621,0,5,"SVP Gaussian / both / c = 1.987",0.430000000000007,1,0.430000000000007,1
"vary_n",4621,0,5,"PELT",0.0132000000000005,5,0.0660000000000025,1
"vary_n",4621,0,6,"SVP Gaussian / both / c = 1.987",0.417999999999992,1,0.417999999999992,1
"vary_n",4621,0,6,"SVP Gaussian / none / c = 0.968",0.0394999999999968,2,0.0789999999999935,1
"vary_n",4621,0,6,"PELT",0.00757142857142818,7,0.0529999999999973,1
"vary_n",4621,0,6,"SVP Gaussian / right / c = 1.642",0.000509090909090885,110,0.0559999999999974,1
"vary_n",4621,0,7,"PELT",0.0144999999999982,4,0.0579999999999927,1
"vary_n",4621,0,7,"SVP Gaussian / both / c = 1.987",0.439000000000007,1,0.439000000000007,1
"vary_n",4621,0,7,"SVP Gaussian / right / c = 1.642",0.000508928571428591,112,0.0570000000000022,1
"vary_n",4621,0,7,"SVP Gaussian / none / c = 0.968",0.0285000000000011,2,0.0570000000000022,1
"vary_n",4621,0,8,"SVP Gaussian / none / c = 0.968",0.000520000000000067,100,0.0520000000000067,1
"vary_n",4621,0,8,"PELT",0.022333333333331,3,0.0669999999999931,1
"vary_n",4621,0,8,"SVP Gaussian / both / c = 1.987",0.429999999999993,1,0.429999999999993,1
"vary_n",4621,0,8,"SVP Gaussian / right / c = 1.642",0.000476190476190466,168,0.0799999999999983,1
"vary_n",4621,0,9,"PELT",0.0159999999999982,4,0.063999999999993,1
"vary_n",4621,0,9,"SVP Gaussian / right / c = 1.642",0.000519999999999925,100,0.0519999999999925,1
"vary_n",4621,0,9,"SVP Gaussian / both / c = 1.987",0.429999999999993,1,0.429999999999993,1
"vary_n",4621,0,9,"SVP Gaussian / none / c = 0.968",0.00153571428571426,56,0.0859999999999985,1
"vary_n",4621,0,10,"SVP Gaussian / right / c = 1.642",0.000496969696969658,165,0.0819999999999936,1
"vary_n",4621,0,10,"SVP Gaussian / both / c = 1.987",0.427999999999997,1,0.427999999999997,1
"vary_n",4621,0,10,"SVP Gaussian / none / c = 0.968",0.0305000000000035,2,0.061000000000007,1
"vary_n",4621,0,10,"PELT",0.0130000000000017,4,0.0520000000000067,1
"vary_n",4621,0,11,"PELT",0.0132000000000005,5,0.0660000000000025,1
"vary_n",4621,0,11,"SVP Gaussian / right / c = 1.642",0.000483333333333273,120,0.0579999999999927,1
"vary_n",4621,0,11,"SVP Gaussian / none / c = 0.968",0.0394999999999968,2,0.0789999999999935,1
"vary_n",4621,0,11,"SVP Gaussian / both / c = 1.987",0.415000000000006,1,0.415000000000006,1
"vary_n",4621,0,12,"PELT",0.0105000000000004,6,0.0630000000000024,1
"vary_n",4621,0,12,"SVP Gaussian / both / c = 1.987",0.429000000000002,1,0.429000000000002,1
"vary_n",4621,0,12,"SVP Gaussian / right / c = 1.642",0.00049090909090911,165,0.0810000000000031,1
"vary_n",4621,0,12,"SVP Gaussian / none / c = 0.968",0.0285000000000011,2,0.0570000000000022,1
"vary_n",5537,0,1,"SVP Gaussian / right / c = 1.642",0.000572727272727294,110,0.0630000000000024,1
"vary_n",5537,0,1,"SVP Gaussian / none / c = 0.968",0.00247368421052653,38,0.0940000000000083,1
"vary_n",5537,0,1,"PELT",0.0290000000000011,3,0.0870000000000033,1
"vary_n",5537,0,1,"SVP Gaussian / both / c = 1.987",0.61099999999999,1,0.61099999999999,1
"vary_n",5537,0,2,"SVP Gaussian / both / c = 1.987",0.629000000000005,1,0.629000000000005,1
"vary_n",5537,0,2,"SVP Gaussian / right / c = 1.642",0.000589285714285737,112,0.0660000000000025,1
"vary_n",5537,0,2,"SVP Gaussian / none / c = 0.968",0.00173214285714301,56,0.0970000000000084,1
"vary_n",5537,0,2,"PELT",0.027000000000001,3,0.0810000000000031,1
"vary_n",5537,0,3,"SVP Gaussian / right / c = 1.642",0.000581818181818118,110,0.063999999999993,1
"vary_n",5537,0,3,"SVP Gaussian / both / c = 1.987",0.606000000000009,1,0.606000000000009,1
"vary_n",5537,0,3,"PELT",0.0167499999999983,4,0.0669999999999931,1
"vary_n",5537,0,3,"SVP Gaussian / none / c = 0.968",0.0139999999999993,4,0.0559999999999974,1
"vary_n",5537,0,4,"PELT",0.0196666666666658,3,0.0589999999999975,1
"vary_n",5537,0,4,"SVP Gaussian / none / c = 0.968",0.0147499999999994,4,0.0589999999999975,1
"vary_n",5537,0,4,"SVP Gaussian / both / c = 1.987",0.626000000000005,1,0.626000000000005,1
"vary_n",5537,0,4,"SVP Gaussian / right / c = 1.642",0.00059090909090907,110,0.0649999999999977,1
"vary_n",5537,0,5,"SVP Gaussian / right / c = 1.642",0.000581818181818247,110,0.0640000000000072,1
"vary_n",5537,0,5,"SVP Gaussian / both / c = 1.987",0.634,1,0.634,1
"vary_n",5537,0,5,"PELT",0.0182499999999983,4,0.0729999999999933,1
"vary_n",5537,0,5,"SVP Gaussian / none / c = 0.968",0.0285000000000011,2,0.0570000000000022,1
"vary_n",5537,0,6,"SVP Gaussian / right / c = 1.642",0.253,1,0.253,2
"vary_n",5537,0,6,"SVP Gaussian / both / c = 1.987",0.61399999999999,1,0.61399999999999,1
"vary_n",5537,0,6,"SVP Gaussian / none / c = 0.968",0.0164999999999971,4,0.0659999999999883,1
"vary_n",5537,0,6,"PELT",0.013499999999997,4,0.0539999999999878,1
"vary_n",5537,0,7,"SVP Gaussian / both / c = 1.987",0.623999999999995,1,0.623999999999995,1
"vary_n",5537,0,7,"PELT",0.0256666666666661,3,0.0769999999999982,1
"vary_n",5537,0,7,"SVP Gaussian / none / c = 0.968",0.0580000000000069,1,0.0580000000000069,1
"vary_n",5537,0,7,"SVP Gaussian / right / c = 1.642",0.000580357142857123,112,0.0649999999999977,1
"vary_n",5537,0,8,"PELT",0.0190000000000007,3,0.0570000000000022,1
"vary_n",5537,0,8,"SVP Gaussian / both / c = 1.987",0.614000000000004,1,0.614000000000004,1
"vary_n",5537,0,8,"SVP Gaussian / right / c = 1.642",0.000589285714285737,112,0.0660000000000025,1
"vary_n",5537,0,8,"SVP Gaussian / none / c = 0.968",0.036999999999999,2,0.0739999999999981,1
"vary_n",5537,0,9,"SVP Gaussian / none / c = 0.968",0.0589999999999975,1,0.0589999999999975,1
"vary_n",5537,0,9,"SVP Gaussian / right / c = 1.642",0.000599999999999894,110,0.0659999999999883,1
"vary_n",5537,0,9,"SVP Gaussian / both / c = 1.987",0.608000000000004,1,0.608000000000004,1
"vary_n",5537,0,9,"PELT",0.0254999999999939,2,0.0509999999999877,1
"vary_n",5537,0,10,"SVP Gaussian / both / c = 1.987",0.606999999999999,1,0.606999999999999,1
"vary_n",5537,0,10,"SVP Gaussian / right / c = 1.642",0.00059090909090907,110,0.0649999999999977,1
"vary_n",5537,0,10,"PELT",0.0275000000000034,2,0.0550000000000068,1
"vary_n",5537,0,10,"SVP Gaussian / none / c = 0.968",0.000624999999999939,112,0.0699999999999932,1
"vary_n",5537,0,11,"SVP Gaussian / both / c = 1.987",0.616,1,0.616,1
"vary_n",5537,0,11,"SVP Gaussian / right / c = 1.642",0.000572727272727294,110,0.0630000000000024,1
"vary_n",5537,0,11,"SVP Gaussian / none / c = 0.968",0.0210000000000008,3,0.0630000000000024,1
"vary_n",5537,0,11,"PELT",0.0275000000000034,2,0.0550000000000068,1
"vary_n",5537,0,12,"SVP Gaussian / none / c = 0.968",0.000618181818181799,110,0.0679999999999978,1
"vary_n",5537,0,12,"SVP Gaussian / both / c = 1.987",0.625,1,0.625,1
"vary_n",5537,0,12,"PELT",0.0274999999999963,2,0.0549999999999926,1
"vary_n",5537,0,12,"SVP Gaussian / right / c = 1.642",0.000598214285714351,112,0.0670000000000073,1
"vary_n",6634,0,1,"PELT",0.0459999999999994,2,0.0919999999999987,1
"vary_n",6634,0,1,"SVP Gaussian / none / c = 0.968",0.000758928571428642,112,0.085000000000008,1
"vary_n",6634,0,1,"SVP Gaussian / right / c = 1.642",0.000714285714285826,112,0.0800000000000125,1
"vary_n",6634,0,1,"SVP Gaussian / both / c = 1.987",0.882999999999996,1,0.882999999999996,1
"vary_n",6634,0,2,"SVP Gaussian / none / c = 0.968",0.0819999999999936,1,0.0819999999999936,1
"vary_n",6634,0,2,"PELT",0.0359999999999943,2,0.0719999999999885,1
"vary_n",6634,0,2,"SVP Gaussian / right / c = 1.642",0.600000000000009,1,0.600000000000009,2
"vary_n",6634,0,2,"SVP Gaussian / both / c = 1.987",0.881,1,0.881,1
"vary_n",6634,0,3,"SVP Gaussian / both / c = 1.987",0.860000000000014,1,0.860000000000014,1
"vary_n",6634,0,3,"SVP Gaussian / right / c = 1.642",0.000690909090909031,110,0.0759999999999934,1
"vary_n",6634,0,3,"SVP Gaussian / none / c = 0.968",0.0429999999999922,2,0.0859999999999843,1
"vary_n",6634,0,3,"PELT",0.0259999999999962,2,0.0519999999999925,1
"vary_n",6634,0,4,"SVP Gaussian / right / c = 1.642",0.000705357142856958,112,0.0789999999999793,1
"vary_n",6634,0,4,"SVP Gaussian / none / c = 0.968",0.00075454545454544,110,0.0829999999999984,1
"vary_n",6634,0,4,"PELT",0.042500000000004,2,0.085000000000008,1
"vary_n",6634,0,4,"SVP Gaussian / both / c = 1.987",0.881,1,0.881,1
"vary_n",6634,0,5,"SVP Gaussian / both / c = 1.987",0.892999999999972,1,0.892999999999972,1
"vary_n",6634,0,5,"SVP Gaussian / right / c = 1.642",0.000709090909090936,110,0.078000000000003,1
"vary_n",6634,0,5,"SVP Gaussian / none / c = 0.968",0.0960000000000036,1,0.0960000000000036,1
"vary_n",6634,0,5,"PELT",0.0240000000000009,3,0.0720000000000027,1
"vary_n",6634,0,6,"SVP Gaussian / both / c = 1.987",0.86699999999999,1,0.86699999999999,1
"vary_n",6634,0,6,"SVP Gaussian / none / c = 0.968",0.00510000000000161,10,0.0510000000000161,1
"vary_n",6634,0,6,"SVP Gaussian / right / c = 1.642",0.000690909090909031,110,0.0759999999999934,1
"vary_n",6634,0,6,"PELT",0.0380000000000109,2,0.0760000000000218,1
"vary_n",6634,0,7,"SVP Gaussian / none / c = 0.968",0.000772727272727087,110,0.0849999999999795,1
"vary_n",6634,0,7,"SVP Gaussian / both / c = 1.987",0.881,1,0.881,1
"vary_n",6634,0,7,"SVP Gaussian / right / c = 1.642",0.000699999999999984,110,0.0769999999999982,1
"vary_n",6634,0,7,"PELT",0.0404999999999944,2,0.0809999999999889,1
"vary_n",6634,0,8,"SVP Gaussian / both / c = 1.987",0.907999999999987,1,0.907999999999987,1
"vary_n",6634,0,8,"SVP Gaussian / none / c = 0.968",0.0344999999999942,2,0.0689999999999884,1
"vary_n",6634,0,8,"PELT",0.0216666666666659,3,0.0649999999999977,1
"vary_n",6634,0,8,"SVP Gaussian / right / c = 1.642",0.000714285714285572,112,0.0799999999999841,1
"vary_n",6634,0,9,"SVP Gaussian / both / c = 1.987",0.865999999999985,1,0.865999999999985,1
"vary_n",6634,0,9,"PELT",0.0369999999999919,2,0.0739999999999839,1
"vary_n",6634,0,9,"SVP Gaussian / none / c = 0.968",0.0409999999999968,2,0.0819999999999936,1
"vary_n",6634,0,9,"SVP Gaussian / right / c = 1.642",0.000672727272727384,110,0.0740000000000123,1
"vary_n",6634,0,10,"SVP Gaussian / right / c = 1.642",0.000690909090909031,110,0.0759999999999934,1
"vary_n",6634,0,10,"PELT",0.0314999999999941,2,0.0629999999999882,1
"vary_n",6634,0,10,"SVP Gaussian / both / c = 1.987",0.893000000000001,1,0.893000000000001,1
"vary_n",6634,0,10,"SVP Gaussian / none / c = 0.968",0.0829999999999984,1,0.0829999999999984,1
"vary_n",6634,0,11,"PELT",0.0319999999999965,2,0.063999999999993,1
"vary_n",6634,0,11,"SVP Gaussian / none / c = 0.968",0.0394999999999897,2,0.0789999999999793,1
"vary_n",6634,0,11,"SVP Gaussian / both / c = 1.987",0.932000000000016,1,0.932000000000016,1
"vary_n",6634,0,11,"SVP Gaussian / right / c = 1.642",0.000727272727272841,110,0.0800000000000125,1
"vary_n",6634,0,12,"SVP Gaussian / none / c = 0.968",0.0819999999999936,1,0.0819999999999936,1
"vary_n",6634,0,12,"SVP Gaussian / right / c = 1.642",0.000690909090909289,110,0.0760000000000218,1
"vary_n",6634,0,12,"SVP Gaussian / both / c = 1.987",0.887,1,0.887,1
"vary_n",6634,0,12,"PELT",0.0375000000000085,2,0.075000000000017,1
"vary_n",7949,0,1,"SVP Gaussian / none / c = 0.968",0.00885714285714455,7,0.0620000000000118,1
"vary_n",7949,0,1,"SVP Gaussian / right / c = 1.642",0.000827272727272802,110,0.0910000000000082,1
"vary_n",7949,0,1,"SVP Gaussian / both / c = 1.987",1.28400000000002,1,1.28400000000002,1
"vary_n",7949,0,1,"PELT",0.0415000000000134,2,0.0830000000000268,1
"vary_n",7949,0,2,"SVP Gaussian / none / c = 0.968",0.000899999999999905,110,0.0989999999999895,1
"vary_n",7949,0,2,"PELT",0.0589999999999975,1,0.0589999999999975,1
"vary_n",7949,0,2,"SVP Gaussian / right / c = 1.642",0.000854545454545401,110,0.0939999999999941,1
"vary_n",7949,0,2,"SVP Gaussian / both / c = 1.987",1.28100000000001,1,1.28100000000001,1
"vary_n",7949,0,3,"SVP Gaussian / both / c = 1.987",1.249,1,1.249,1
"vary_n",7949,0,3,"SVP Gaussian / right / c = 1.642",0.000833333333333252,84,0.0699999999999932,1
"vary_n",7949,0,3,"SVP Gaussian / none / c = 0.968",0.126999999999981,1,0.126999999999981,1
"vary_n",7949,0,3,"PELT",0.0559999999999832,1,0.0559999999999832,1
"vary_n",7949,0,4,"SVP Gaussian / both / c = 1.987",1.316,1,1.316,1
"vary_n",7949,0,4,"SVP Gaussian / right / c = 1.642",0.000845454545454707,110,0.0930000000000177,1
"vary_n",7949,0,4,"SVP Gaussian / none / c = 0.968",0.0139999999999958,4,0.0559999999999832,1
"vary_n",7949,0,4,"PELT",0.0444999999999993,2,0.0889999999999986,1
"vary_n",7949,0,5,"SVP Gaussian / right / c = 1.642",0.000836363636363496,110,0.0919999999999845,1
"vary_n",7949,0,5,"SVP Gaussian / none / c = 0.968",0.078000000000003,1,0.078000000000003,1
"vary_n",7949,0,5,"PELT",0.0375000000000085,2,0.075000000000017,1
"vary_n",7949,0,5,"SVP Gaussian / both / c = 1.987",1.27799999999999,1,1.27799999999999,1
"vary_n",7949,0,6,"SVP Gaussian / both / c = 1.987",1.261,1,1.261,1
"vary_n",7949,0,6,"PELT",0.0374999999999943,2,0.0749999999999886,1
"vary_n",7949,0,6,"SVP Gaussian / none / c = 0.968",0.092000000000013,1,0.092000000000013,1
"vary_n",7949,0,6,"SVP Gaussian / right / c = 1.642",0.00083333333333359,84,0.0700000000000216,1
"vary_n",7949,0,7,"PELT",0.056999999999988,1,0.056999999999988,1
"vary_n",7949,0,7,"SVP Gaussian / none / c = 0.968",0.000892857142857346,84,0.075000000000017,1
"vary_n",7949,0,7,"SVP Gaussian / both / c = 1.987",1.26400000000001,1,1.26400000000001,1
"vary_n",7949,0,7,"SVP Gaussian / right / c = 1.642",0.000854545454545401,110,0.0939999999999941,1
"vary_n",7949,0,8,"SVP Gaussian / right / c = 1.642",0.000863636363636612,110,0.0950000000000273,1
"vary_n",7949,0,8,"SVP Gaussian / both / c = 1.987",1.297,1,1.297,1
"vary_n",7949,0,8,"PELT",0.0579999999999927,1,0.0579999999999927,1
"vary_n",7949,0,8,"SVP Gaussian / none / c = 0.968",0.000890909090908952,110,0.0979999999999848,1
"vary_n",7949,0,9,"PELT",0.0510000000000161,1,0.0510000000000161,1
"vary_n",7949,0,9,"SVP Gaussian / none / c = 0.968",0.0800000000000125,1,0.0800000000000125,1
"vary_n",7949,0,9,"SVP Gaussian / right / c = 1.642",0.000845454545454707,110,0.0930000000000177,1
"vary_n",7949,0,9,"SVP Gaussian / both / c = 1.987",1.31,1,1.31,1
"vary_n",7949,0,10,"SVP Gaussian / none / c = 0.968",0.0434999999999945,2,0.0869999999999891,1
"vary_n",7949,0,10,"SVP Gaussian / both / c = 1.987",1.28799999999998,1,1.28799999999998,1
"vary_n",7949,0,10,"PELT",0.0689999999999884,1,0.0689999999999884,1
"vary_n",7949,0,10,"SVP Gaussian / right / c = 1.642",0.000836363636363496,110,0.0919999999999845,1
"vary_n",7949,0,11,"SVP Gaussian / both / c = 1.987",1.28799999999998,1,1.28799999999998,1
"vary_n",7949,0,11,"PELT",0.0305000000000035,2,0.061000000000007,1
"vary_n",7949,0,11,"SVP Gaussian / none / c = 0.968",0.0335000000000036,2,0.0670000000000073,1
"vary_n",7949,0,11,"SVP Gaussian / right / c = 1.642",0.000863636363636353,110,0.0949999999999989,1
"vary_n",7949,0,12,"SVP Gaussian / none / c = 0.968",0.117999999999995,1,0.117999999999995,1
"vary_n",7949,0,12,"SVP Gaussian / right / c = 1.642",0.000863636363636353,110,0.0949999999999989,1
"vary_n",7949,0,12,"PELT",0.0370000000000061,2,0.0740000000000123,1
"vary_n",7949,0,12,"SVP Gaussian / both / c = 1.987",1.32900000000001,1,1.32900000000001,1
"vary_n",9524,0,1,"SVP Gaussian / none / c = 0.968",0.0039999999999988,14,0.0559999999999832,1
"vary_n",9524,0,1,"PELT",0.0679999999999836,1,0.0679999999999836,1
"vary_n",9524,0,1,"SVP Gaussian / right / c = 1.642",0.00105454545454532,55,0.0579999999999927,1
"vary_n",9524,0,1,"SVP Gaussian / both / c = 1.987",1.88900000000001,1,1.88900000000001,1
"vary_n",9524,0,2,"SVP Gaussian / right / c = 1.642",0.00101818181818203,55,0.0560000000000116,1
"vary_n",9524,0,2,"PELT",0.0819999999999936,1,0.0819999999999936,1
"vary_n",9524,0,2,"SVP Gaussian / both / c = 1.987",1.79399999999998,1,1.79399999999998,1
"vary_n",9524,0,2,"SVP Gaussian / none / c = 0.968",0.103999999999985,1,0.103999999999985,1
"vary_n",9524,0,3,"PELT",0.0444999999999993,2,0.0889999999999986,1
"vary_n",9524,0,3,"SVP Gaussian / right / c = 1.642",0.000981818181818219,55,0.054000000000002,1
"vary_n",9524,0,3,"SVP Gaussian / both / c = 1.987",1.833,1,1.833,1
"vary_n",9524,0,3,"SVP Gaussian / none / c = 0.968",0.0460000000000065,2,0.092000000000013,1
"vary_n",9524,0,4,"SVP Gaussian / none / c = 0.968",0.137,1,0.137,1
"vary_n",9524,0,4,"SVP Gaussian / both / c = 1.987",1.83100000000002,1,1.83100000000002,1
"vary_n",9524,0,4,"PELT",0.0560000000000116,1,0.0560000000000116,1
"vary_n",9524,0,4,"SVP Gaussian / right / c = 1.642",0.00100000000000004,84,0.0840000000000032,1
"vary_n",9524,0,5,"PELT",0.078000000000003,1,0.078000000000003,1
"vary_n",9524,0,5,"SVP Gaussian / none / c = 0.968",0.199999999999989,1,0.199999999999989,1
"vary_n",9524,0,5,"SVP Gaussian / right / c = 1.642",0.00103636363636342,55,0.056999999999988,1
"vary_n",9524,0,5,"SVP Gaussian / both / c = 1.987",1.875,1,1.875,1
"vary_n",9524,0,6,"SVP Gaussian / right / c = 1.642",0.000988095238095219,84,0.0829999999999984,1
"vary_n",9524,0,6,"SVP Gaussian / both / c = 1.987",1.82799999999997,1,1.82799999999997,1
"vary_n",9524,0,6,"SVP Gaussian / none / c = 0.968",0.12299999999999,1,0.12299999999999,1
"vary_n",9524,0,6,"PELT",0.041000000000011,2,0.082000000000022,1
"vary_n",9524,0,7,"SVP Gaussian / both / c = 1.987",1.845,1,1.845,1
"vary_n",9524,0,7,"SVP Gaussian / right / c = 1.642",0.00101785714285744,56,0.0570000000000164,1
"vary_n",9524,0,7,"PELT",0.0930000000000177,1,0.0930000000000177,1
"vary_n",9524,0,7,"SVP Gaussian / none / c = 0.968",0.00221052631578881,38,0.0839999999999748,1
"vary_n",9524,0,8,"SVP Gaussian / both / c = 1.987",1.84,1,1.84,1
"vary_n",9524,0,8,"SVP Gaussian / right / c = 1.642",0.000981818181818219,55,0.054000000000002,1
"vary_n",9524,0,8,"PELT",0.042500000000004,2,0.085000000000008,1
"vary_n",9524,0,8,"SVP Gaussian / none / c = 0.968",0.0930000000000177,1,0.0930000000000177,1
"vary_n",9524,0,9,"SVP Gaussian / both / c = 1.987",1.922,1,1.922,1
"vary_n",9524,0,9,"PELT",0.0509999999999877,1,0.0509999999999877,1
"vary_n",9524,0,9,"SVP Gaussian / none / c = 0.968",0.111999999999995,1,0.111999999999995,1
"vary_n",9524,0,9,"SVP Gaussian / right / c = 1.642",0.00101818181818203,55,0.0560000000000116,1
"vary_n",9524,0,10,"PELT",0.0819999999999936,1,0.0819999999999936,1
"vary_n",9524,0,10,"SVP Gaussian / none / c = 0.968",0.00105454545454532,55,0.0579999999999927,1
"vary_n",9524,0,10,"SVP Gaussian / both / c = 1.987",1.86000000000001,1,1.86000000000001,1
"vary_n",9524,0,10,"SVP Gaussian / right / c = 1.642",0.00101818181818203,55,0.0560000000000116,1
"vary_n",9524,0,11,"SVP Gaussian / right / c = 1.642",0.00103636363636342,55,0.056999999999988,1
"vary_n",9524,0,11,"SVP Gaussian / both / c = 1.987",1.904,1,1.904,1
"vary_n",9524,0,11,"PELT",0.0570000000000164,1,0.0570000000000164,1
"vary_n",9524,0,11,"SVP Gaussian / none / c = 0.968",0.14700000000002,1,0.14700000000002,1
"vary_n",9524,0,12,"SVP Gaussian / both / c = 1.987",1.941,1,1.941,1
"vary_n",9524,0,12,"SVP Gaussian / none / c = 0.968",0.00128571428571433,56,0.0720000000000027,1
"vary_n",9524,0,12,"PELT",0.0790000000000077,1,0.0790000000000077,1
"vary_n",9524,0,12,"SVP Gaussian / right / c = 1.642",0.00101818181818203,55,0.0560000000000116,1
"vary_n",11412,0,1,"SVP Gaussian / none / c = 0.968",0.0405000000000086,2,0.0810000000000173,1
"vary_n",11412,0,1,"PELT",0.0879999999999939,1,0.0879999999999939,1
"vary_n",11412,0,1,"SVP Gaussian / right / c = 1.642",0.00121818181818195,55,0.0670000000000073,1
"vary_n",11412,0,1,"SVP Gaussian / both / c = 1.987",2.70600000000002,1,2.70600000000002,1
"vary_n",11412,0,2,"SVP Gaussian / right / c = 1.642",0.00121428571428593,56,0.068000000000012,1
"vary_n",11412,0,2,"SVP Gaussian / both / c = 1.987",2.661,1,2.661,1
"vary_n",11412,0,2,"SVP Gaussian / none / c = 0.968",0.00133928571428551,56,0.0749999999999886,1
"vary_n",11412,0,2,"PELT",0.11699999999999,1,0.11699999999999,1
"vary_n",11412,0,3,"SVP Gaussian / right / c = 1.642",0.00121428571428593,56,0.068000000000012,1
"vary_n",11412,0,3,"PELT",0.0530000000000257,1,0.0530000000000257,1
"vary_n",11412,0,3,"SVP Gaussian / none / c = 0.968",0.224999999999994,1,0.224999999999994,1
"vary_n",11412,0,3,"SVP Gaussian / both / c = 1.987",2.63799999999998,1,2.63799999999998,1
"vary_n",11412,0,4,"SVP Gaussian / both / c = 1.987",2.69999999999999,1,2.69999999999999,1
"vary_n",11412,0,4,"PELT",0.11699999999999,1,0.11699999999999,1
"vary_n",11412,0,4,"SVP Gaussian / none / c = 0.968",0.00637500000000202,8,0.0510000000000161,1
"vary_n",11412,0,4,"SVP Gaussian / right / c = 1.642",0.0011964285714287,56,0.0670000000000073,1
"vary_n",11412,0,5,"SVP Gaussian / right / c = 1.642",0.00127272727272715,55,0.0699999999999932,1
"vary_n",11412,0,5,"SVP Gaussian / none / c = 0.968",0.156000000000006,1,0.156000000000006,1
"vary_n",11412,0,5,"SVP Gaussian / both / c = 1.987",2.72899999999998,1,2.72899999999998,1
"vary_n",11412,0,5,"PELT",0.070999999999998,1,0.070999999999998,1
"vary_n",11412,0,6,"SVP Gaussian / both / c = 1.987",2.697,1,2.697,1
"vary_n",11412,0,6,"SVP Gaussian / right / c = 1.642",0.00121818181818195,55,0.0670000000000073,1
"vary_n",11412,0,6,"PELT",0.068000000000012,1,0.068000000000012,1
"vary_n",11412,0,6,"SVP Gaussian / none / c = 0.968",0.167000000000002,1,0.167000000000002,1
"vary_n",11412,0,7,"SVP Gaussian / right / c = 1.642",0.00123214285714316,56,0.0690000000000168,1
"vary_n",11412,0,7,"PELT",0.0749999999999886,1,0.0749999999999886,1
"vary_n",11412,0,7,"SVP Gaussian / none / c = 0.968",0.0509999999999877,1,0.0509999999999877,1
"vary_n",11412,0,7,"SVP Gaussian / both / c = 1.987",2.73699999999999,1,2.73699999999999,1
"vary_n",11412,0,8,"SVP Gaussian / none / c = 0.968",0.00123214285714265,56,0.0689999999999884,1
"vary_n",11412,0,8,"SVP Gaussian / right / c = 1.642",0.00123214285714265,56,0.0689999999999884,1
"vary_n",11412,0,8,"PELT",0.117000000000019,1,0.117000000000019,1
"vary_n",11412,0,8,"SVP Gaussian / both / c = 1.987",2.80799999999999,1,2.80799999999999,1
"vary_n",11412,0,9,"PELT",0.0819999999999936,1,0.0819999999999936,1
"vary_n",11412,0,9,"SVP Gaussian / both / c = 1.987",2.68899999999999,1,2.68899999999999,1
"vary_n",11412,0,9,"SVP Gaussian / none / c = 0.968",0.0135000000000005,4,0.054000000000002,1
"vary_n",11412,0,9,"SVP Gaussian / right / c = 1.642",0.00123214285714265,56,0.0689999999999884,1
"vary_n",11412,0,10,"SVP Gaussian / none / c = 0.968",0.149000000000001,1,0.149000000000001,1
"vary_n",11412,0,10,"SVP Gaussian / both / c = 1.987",2.66399999999999,1,2.66399999999999,1
"vary_n",11412,0,10,"SVP Gaussian / right / c = 1.642",0.00125454545454576,55,0.0690000000000168,1
"vary_n",11412,0,10,"PELT",0.0840000000000032,1,0.0840000000000032,1
"vary_n",11412,0,11,"SVP Gaussian / none / c = 0.968",0.109000000000009,1,0.109000000000009,1
"vary_n",11412,0,11,"PELT",0.0970000000000084,1,0.0970000000000084,1
"vary_n",11412,0,11,"SVP Gaussian / both / c = 1.987",2.64400000000001,1,2.64400000000001,1
"vary_n",11412,0,11,"SVP Gaussian / right / c = 1.642",0.00125000000000039,56,0.0700000000000216,1
"vary_n",11412,0,12,"PELT",0.116000000000014,1,0.116000000000014,1
"vary_n",11412,0,12,"SVP Gaussian / both / c = 1.987",2.703,1,2.703,1
"vary_n",11412,0,12,"SVP Gaussian / right / c = 1.642",0.00117857142857147,56,0.0660000000000025,1
"vary_n",11412,0,12,"SVP Gaussian / none / c = 0.968",0.212999999999994,1,0.212999999999994,1
"vary_n",13674,0,1,"SVP Gaussian / both / c = 1.987",3.888,1,3.888,1
"vary_n",13674,0,1,"SVP Gaussian / right / c = 1.642",0.00148214285714283,56,0.0829999999999984,1
"vary_n",13674,0,1,"SVP Gaussian / none / c = 0.968",0.305000000000007,1,0.305000000000007,1
"vary_n",13674,0,1,"PELT",0.128000000000014,1,0.128000000000014,1
"vary_n",13674,0,2,"SVP Gaussian / right / c = 1.642",0.00150000000000006,56,0.0840000000000032,1
"vary_n",13674,0,2,"SVP Gaussian / both / c = 1.987",3.94499999999999,1,3.94499999999999,1
"vary_n",13674,0,2,"PELT",0.165999999999997,1,0.165999999999997,1
"vary_n",13674,0,2,"SVP Gaussian / none / c = 0.968",0.00150000000000006,56,0.0840000000000032,1
"vary_n",13674,0,3,"PELT",0.170999999999992,1,0.170999999999992,1
"vary_n",13674,0,3,"SVP Gaussian / none / c = 0.968",0.00153571428571451,56,0.0860000000000127,1
"vary_n",13674,0,3,"SVP Gaussian / both / c = 1.987",3.935,1,3.935,1
"vary_n",13674,0,3,"SVP Gaussian / right / c = 1.642",0.00150909090909088,55,0.0829999999999984,1
"vary_n",13674,0,4,"SVP Gaussian / both / c = 1.987",3.91,1,3.91,1
"vary_n",13674,0,4,"PELT",0.167000000000002,1,0.167000000000002,1
"vary_n",13674,0,4,"SVP Gaussian / none / c = 0.968",0.00742857142857036,7,0.0519999999999925,1
"vary_n",13674,0,4,"SVP Gaussian / right / c = 1.642",0.00141071428571442,56,0.0790000000000077,1
"vary_n",13674,0,5,"SVP Gaussian / right / c = 1.642",0.00148214285714283,56,0.0829999999999984,1
"vary_n",13674,0,5,"SVP Gaussian / none / c = 0.968",0.205000000000013,1,0.205000000000013,1
"vary_n",13674,0,5,"SVP Gaussian / both / c = 1.987",3.87799999999999,1,3.87799999999999,1
"vary_n",13674,0,5,"PELT",0.158999999999992,1,0.158999999999992,1
"vary_n",13674,0,6,"SVP Gaussian / both / c = 1.987",3.91500000000002,1,3.91500000000002,1
"vary_n",13674,0,6,"PELT",0.0999999999999943,1,0.0999999999999943,1
"vary_n",13674,0,6,"SVP Gaussian / none / c = 0.968",0.0509999999999877,1,0.0509999999999877,1
"vary_n",13674,0,6,"SVP Gaussian / right / c = 1.642",0.00142857142857165,56,0.0800000000000125,1
"vary_n",13674,0,7,"SVP Gaussian / right / c = 1.642",0.00144642857142837,56,0.0809999999999889,1
"vary_n",13674,0,7,"SVP Gaussian / both / c = 1.987",3.875,1,3.875,1
"vary_n",13674,0,7,"SVP Gaussian / none / c = 0.968",0.151999999999987,1,0.151999999999987,1
"vary_n",13674,0,7,"PELT",0.113999999999976,1,0.113999999999976,1
"vary_n",13674,0,8,"PELT",0.131000000000029,1,0.131000000000029,1
"vary_n",13674,0,8,"SVP Gaussian / none / c = 0.968",0.329000000000008,1,0.329000000000008,1
"vary_n",13674,0,8,"SVP Gaussian / right / c = 1.642",0.0015357142857135,56,0.0859999999999559,1
"vary_n",13674,0,8,"SVP Gaussian / both / c = 1.987",4.00399999999996,1,4.00399999999996,1
"vary_n",13674,0,9,"SVP Gaussian / none / c = 0.968",0.172000000000025,1,0.172000000000025,1
"vary_n",13674,0,9,"SVP Gaussian / both / c = 1.987",3.88300000000004,1,3.88300000000004,1
"vary_n",13674,0,9,"SVP Gaussian / right / c = 1.642",0.00148214285714334,56,0.0830000000000268,1
"vary_n",13674,0,9,"PELT",0.180000000000007,1,0.180000000000007,1
"vary_n",13674,0,10,"SVP Gaussian / both / c = 1.987",3.90600000000001,1,3.90600000000001,1
"vary_n",13674,0,10,"SVP Gaussian / right / c = 1.642",0.00144642857142888,56,0.0810000000000173,1
"vary_n",13674,0,10,"SVP Gaussian / none / c = 0.968",0.00150000000000006,56,0.0840000000000032,1
"vary_n",13674,0,10,"PELT",0.170999999999992,1,0.170999999999992,1
"vary_n",13674,0,11,"SVP Gaussian / right / c = 1.642",0.00142857142857216,56,0.0800000000000409,1
"vary_n",13674,0,11,"SVP Gaussian / both / c = 1.987",3.92500000000001,1,3.92500000000001,1
"vary_n",13674,0,11,"PELT",0.134999999999991,1,0.134999999999991,1
"vary_n",13674,0,11,"SVP Gaussian / none / c = 0.968",0.276999999999987,1,0.276999999999987,1
"vary_n",13674,0,12,"SVP Gaussian / none / c = 0.968",0.00157142857142897,56,0.0880000000000223,1
"vary_n",13674,0,12,"SVP Gaussian / both / c = 1.987",4.10999999999996,1,4.10999999999996,1
"vary_n",13674,0,12,"PELT",0.168000000000006,1,0.168000000000006,1
"vary_n",13674,0,12,"SVP Gaussian / right / c = 1.642",0.00151785714285779,56,0.0850000000000364,1
"vary_n",16384,0,1,"SVP Gaussian / none / c = 0.968",0.52600000000001,1,0.52600000000001,1
"vary_n",16384,0,1,"SVP Gaussian / right / c = 1.642",0.0017894736842101,38,0.0679999999999836,1
"vary_n",16384,0,1,"PELT",0.156000000000006,1,0.156000000000006,1
"vary_n",16384,0,1,"SVP Gaussian / both / c = 1.987",5.91500000000002,1,5.91500000000002,1
"vary_n",16384,0,2,"SVP Gaussian / both / c = 1.987",5.67700000000002,1,5.67700000000002,1
"vary_n",16384,0,2,"SVP Gaussian / right / c = 1.642",0.00178571428571469,28,0.0500000000000114,1
"vary_n",16384,0,2,"SVP Gaussian / none / c = 0.968",0.00182142857142813,28,0.0509999999999877,1
"vary_n",16384,0,2,"PELT",0.249000000000024,1,0.249000000000024,1
"vary_n",16384,0,3,"SVP Gaussian / right / c = 1.642",0.00182142857142813,28,0.0509999999999877,1
"vary_n",16384,0,3,"SVP Gaussian / both / c = 1.987",5.86099999999999,1,5.86099999999999,1
"vary_n",16384,0,3,"PELT",0.247000000000014,1,0.247000000000014,1
"vary_n",16384,0,3,"SVP Gaussian / none / c = 0.968",0.0249999999999962,3,0.0749999999999886,1
"vary_n",16384,0,4,"SVP Gaussian / right / c = 1.642",0.0018571428571436,28,0.0520000000000209,1
"vary_n",16384,0,4,"PELT",0.24799999999999,1,0.24799999999999,1
"vary_n",16384,0,4,"SVP Gaussian / none / c = 0.968",0.00185714285714157,28,0.0519999999999641,1
"vary_n",16384,0,4,"SVP Gaussian / both / c = 1.987",5.77300000000002,1,5.77300000000002,1
"vary_n",16384,0,5,"SVP Gaussian / none / c = 0.968",0.0509999999999877,1,0.0509999999999877,1
"vary_n",16384,0,5,"PELT",0.250999999999976,1,0.250999999999976,1
"vary_n",16384,0,5,"SVP Gaussian / right / c = 1.642",0.00182142857142813,28,0.0509999999999877,1
"vary_n",16384,0,5,"SVP Gaussian / both / c = 1.987",5.769,1,5.769,1
"vary_n",16384,0,6,"SVP Gaussian / both / c = 1.987",5.71699999999998,1,5.71699999999998,1
"vary_n",16384,0,6,"SVP Gaussian / right / c = 1.642",0.00189285714285705,28,0.0529999999999973,1
"vary_n",16384,0,6,"PELT",0.246000000000038,1,0.246000000000038,1
"vary_n",16384,0,6,"SVP Gaussian / none / c = 0.968",0.257000000000005,1,0.257000000000005,1
"vary_n",16384,0,7,"SVP Gaussian / right / c = 1.642",0.00178571428571469,28,0.0500000000000114,1
"vary_n",16384,0,7,"SVP Gaussian / both / c = 1.987",5.69200000000001,1,5.69200000000001,1
"vary_n",16384,0,7,"PELT",0.15100000000001,1,0.15100000000001,1
"vary_n",16384,0,7,"SVP Gaussian / none / c = 0.968",0.149999999999977,1,0.149999999999977,1
"vary_n",16384,0,8,"SVP Gaussian / both / c = 1.987",5.86199999999997,1,5.86199999999997,1
"vary_n",16384,0,8,"SVP Gaussian / right / c = 1.642",0.00182142857142813,28,0.0509999999999877,1
"vary_n",16384,0,8,"PELT",0.251000000000033,1,0.251000000000033,1
"vary_n",16384,0,8,"SVP Gaussian / none / c = 0.968",0.00181578947368465,38,0.0690000000000168,1
"vary_n",16384,0,9,"PELT",0.175000000000011,1,0.175000000000011,1
"vary_n",16384,0,9,"SVP Gaussian / none / c = 0.968",0.187999999999988,1,0.187999999999988,1
"vary_n",16384,0,9,"SVP Gaussian / both / c = 1.987",5.77999999999997,1,5.77999999999997,1
"vary_n",16384,0,9,"SVP Gaussian / right / c = 1.642",0.00178571428571469,28,0.0500000000000114,1
"vary_n",16384,0,10,"PELT",0.140999999999963,1,0.140999999999963,1
"vary_n",16384,0,10,"SVP Gaussian / none / c = 0.968",0.400999999999954,1,0.400999999999954,1
"vary_n",16384,0,10,"SVP Gaussian / both / c = 1.987",5.81,1,5.81,1
"vary_n",16384,0,10,"SVP Gaussian / right / c = 1.642",0.00178571428571469,28,0.0500000000000114,1
"vary_n",16384,0,11,"PELT",0.126999999999953,1,0.126999999999953,1
"vary_n",16384,0,11,"SVP Gaussian / both / c = 1.987",5.88499999999999,1,5.88499999999999,1
"vary_n",16384,0,11,"SVP Gaussian / none / c = 0.968",0.456999999999994,1,0.456999999999994,1
"vary_n",16384,0,11,"SVP Gaussian / right / c = 1.642",0.00178571428571469,28,0.0500000000000114,1
"vary_n",16384,0,12,"SVP Gaussian / none / c = 0.968",0.239999999999952,1,0.239999999999952,1
"vary_n",16384,0,12,"PELT",0.161999999999978,1,0.161999999999978,1
"vary_n",16384,0,12,"SVP Gaussian / both / c = 1.987",5.65200000000004,1,5.65200000000004,1
"vary_n",16384,0,12,"SVP Gaussian / right / c = 1.642",0.00178571428571469,28,0.0500000000000114,1
"vary_k",10000,0,1,"SVP Gaussian / both / c = 1.987",2.089,1,2.089,1
"vary_k",10000,0,1,"SVP Gaussian / none / c = 0.968",0.16900000000004,1,0.16900000000004,1
"vary_k",10000,0,1,"SVP Gaussian / right / c = 1.642",0.00105454545454532,55,0.0579999999999927,1
"vary_k",10000,0,2,"SVP Gaussian / none / c = 0.968",0.0649999999999977,1,0.0649999999999977,1
"vary_k",10000,0,2,"SVP Gaussian / right / c = 1.642",0.00107272727272671,55,0.0589999999999691,1
"vary_k",10000,0,2,"SVP Gaussian / both / c = 1.987",2.05700000000002,1,2.05700000000002,1
"vary_k",10000,0,3,"SVP Gaussian / both / c = 1.987",2.03800000000001,1,2.03800000000001,1
"vary_k",10000,0,3,"SVP Gaussian / right / c = 1.642",0.00103636363636393,55,0.0570000000000164,1
"vary_k",10000,0,3,"SVP Gaussian / none / c = 0.968",0.00109090909090913,55,0.0600000000000023,1
"vary_k",10000,0,4,"SVP Gaussian / none / c = 0.968",0.170000000000016,1,0.170000000000016,1
"vary_k",10000,0,4,"SVP Gaussian / right / c = 1.642",0.00107272727272671,55,0.0589999999999691,1
"vary_k",10000,0,4,"SVP Gaussian / both / c = 1.987",2.14400000000001,1,2.14400000000001,1
"vary_k",10000,0,5,"SVP Gaussian / both / c = 1.987",2.00900000000001,1,2.00900000000001,1
"vary_k",10000,0,5,"SVP Gaussian / right / c = 1.642",0.00105357142857189,56,0.0590000000000259,1
"vary_k",10000,0,5,"SVP Gaussian / none / c = 0.968",0.0609999999999786,1,0.0609999999999786,1
"vary_k",10000,0,6,"SVP Gaussian / none / c = 0.968",0.0474999999999852,2,0.0949999999999704,1
"vary_k",10000,0,6,"SVP Gaussian / both / c = 1.987",2.10300000000001,1,2.10300000000001,1
"vary_k",10000,0,6,"SVP Gaussian / right / c = 1.642",0.00108928571428635,56,0.0610000000000355,1
"vary_k",10000,0,7,"SVP Gaussian / both / c = 1.987",2.01399999999995,1,2.01399999999995,1
"vary_k",10000,0,7,"SVP Gaussian / none / c = 0.968",0.00331578947368359,19,0.0629999999999882,1
"vary_k",10000,0,7,"SVP Gaussian / right / c = 1.642",0.00103571428571517,56,0.0580000000000496,1
"vary_k",10000,0,8,"SVP Gaussian / both / c = 1.987",2.072,1,2.072,1
"vary_k",10000,0,8,"SVP Gaussian / right / c = 1.642",0.00107142857142861,56,0.0600000000000023,1
"vary_k",10000,0,8,"SVP Gaussian / none / c = 0.968",0.117999999999995,1,0.117999999999995,1
"vary_k",10000,0,9,"SVP Gaussian / right / c = 1.642",0.00124999999999988,56,0.0699999999999932,1
"vary_k",10000,0,9,"SVP Gaussian / none / c = 0.968",0.180999999999983,1,0.180999999999983,1
"vary_k",10000,0,9,"SVP Gaussian / both / c = 1.987",2.09499999999997,1,2.09499999999997,1
"vary_k",10000,0,10,"SVP Gaussian / right / c = 1.642",0.00107272727272671,55,0.0589999999999691,1
"vary_k",10000,0,10,"SVP Gaussian / both / c = 1.987",2.06799999999998,1,2.06799999999998,1
"vary_k",10000,0,10,"SVP Gaussian / none / c = 0.968",0.00112499999999979,56,0.0629999999999882,1
"vary_k",10000,0,11,"SVP Gaussian / none / c = 0.968",0.0142499999999899,4,0.0569999999999595,1
"vary_k",10000,0,11,"SVP Gaussian / both / c = 1.987",2.04999999999995,1,2.04999999999995,1
"vary_k",10000,0,11,"SVP Gaussian / right / c = 1.642",0.00105357142857189,56,0.0590000000000259,1
"vary_k",10000,0,12,"SVP Gaussian / none / c = 0.968",0.0263333333333359,3,0.0790000000000077,1
"vary_k",10000,0,12,"SVP Gaussian / right / c = 1.642",0.00103571428571416,56,0.0579999999999927,1
"vary_k",10000,0,12,"SVP Gaussian / both / c = 1.987",2.09000000000003,1,2.09000000000003,1
"vary_k",10000,1,1,"SVP Gaussian / right / c = 1.642",0.860000000000014,1,0.860000000000014,2
"vary_k",10000,1,1,"SVP Gaussian / both / c = 1.987",0.980000000000018,1,0.980000000000018,2
"vary_k",10000,1,1,"SVP Gaussian / none / c = 0.968",0.276999999999987,1,0.276999999999987,2
"vary_k",10000,1,2,"SVP Gaussian / both / c = 1.987",1.00299999999999,1,1.00299999999999,2
"vary_k",10000,1,2,"SVP Gaussian / none / c = 0.968",0.240000000000009,1,0.240000000000009,2
"vary_k",10000,1,2,"SVP Gaussian / right / c = 1.642",0.870000000000005,1,0.870000000000005,2
"vary_k",10000,1,3,"SVP Gaussian / none / c = 0.968",0.241999999999962,1,0.241999999999962,2
"vary_k",10000,1,3,"SVP Gaussian / both / c = 1.987",0.990000000000009,1,0.990000000000009,2
"vary_k",10000,1,3,"SVP Gaussian / right / c = 1.642",0.852000000000032,1,0.852000000000032,2
"vary_k",10000,1,4,"SVP Gaussian / none / c = 0.968",0.240999999999985,1,0.240999999999985,2
"vary_k",10000,1,4,"SVP Gaussian / both / c = 1.987",1.007,1,1.007,2
"vary_k",10000,1,4,"SVP Gaussian / right / c = 1.642",0.867999999999995,1,0.867999999999995,2
"vary_k",10000,1,5,"SVP Gaussian / none / c = 0.968",0.293000000000006,1,0.293000000000006,2
"vary_k",10000,1,5,"SVP Gaussian / right / c = 1.642",0.864000000000033,1,0.864000000000033,2
"vary_k",10000,1,5,"SVP Gaussian / both / c = 1.987",1,1,1,2
"vary_k",10000,1,6,"SVP Gaussian / right / c = 1.642",0.865999999999985,1,0.865999999999985,2
"vary_k",10000,1,6,"SVP Gaussian / none / c = 0.968",0.240999999999985,1,0.240999999999985,2
"vary_k",10000,1,6,"SVP Gaussian / both / c = 1.987",0.998000000000047,1,0.998000000000047,2
"vary_k",10000,1,7,"SVP Gaussian / right / c = 1.642",0.84499999999997,1,0.84499999999997,2
"vary_k",10000,1,7,"SVP Gaussian / both / c = 1.987",0.980000000000018,1,0.980000000000018,2
"vary_k",10000,1,7,"SVP Gaussian / none / c = 0.968",0.240999999999985,1,0.240999999999985,2
"vary_k",10000,1,8,"SVP Gaussian / none / c = 0.968",0.254999999999995,1,0.254999999999995,2
"vary_k",10000,1,8,"SVP Gaussian / right / c = 1.642",0.858000000000004,1,0.858000000000004,2
"vary_k",10000,1,8,"SVP Gaussian / both / c = 1.987",0.988999999999976,1,0.988999999999976,2
"vary_k",10000,1,9,"SVP Gaussian / both / c = 1.987",0.988,1,0.988,2
"vary_k",10000,1,9,"SVP Gaussian / none / c = 0.968",0.29200000000003,1,0.29200000000003,2
"vary_k",10000,1,9,"SVP Gaussian / right / c = 1.642",0.807000000000016,1,0.807000000000016,3
"vary_k",10000,1,10,"SVP Gaussian / none / c = 0.968",0.241000000000042,1,0.241000000000042,2
"vary_k",10000,1,10,"SVP Gaussian / right / c = 1.642",0.850999999999999,1,0.850999999999999,2
"vary_k",10000,1,10,"SVP Gaussian / both / c = 1.987",0.991999999999962,1,0.991999999999962,2
"vary_k",10000,1,11,"SVP Gaussian / both / c = 1.987",0.988999999999976,1,0.988999999999976,2
"vary_k",10000,1,11,"SVP Gaussian / none / c = 0.968",0.240000000000009,1,0.240000000000009,2
"vary_k",10000,1,11,"SVP Gaussian / right / c = 1.642",0.843999999999994,1,0.843999999999994,2
"vary_k",10000,1,12,"SVP Gaussian / none / c = 0.968",0.242999999999995,1,0.242999999999995,2
"vary_k",10000,1,12,"SVP Gaussian / both / c = 1.987",0.990000000000009,1,0.990000000000009,2
"vary_k",10000,1,12,"SVP Gaussian / right / c = 1.642",0.850999999999999,1,0.850999999999999,2
"vary_k",10000,2,1,"SVP Gaussian / both / c = 1.987",0.63900000000001,1,0.63900000000001,3
"vary_k",10000,2,1,"SVP Gaussian / none / c = 0.968",0.30400000000003,1,0.30400000000003,3
"vary_k",10000,2,1,"SVP Gaussian / right / c = 1.642",0.546999999999969,1,0.546999999999969,3
"vary_k",10000,2,2,"SVP Gaussian / right / c = 1.642",0.551999999999964,1,0.551999999999964,3
"vary_k",10000,2,2,"SVP Gaussian / none / c = 0.968",0.307999999999993,1,0.307999999999993,3
"vary_k",10000,2,2,"SVP Gaussian / both / c = 1.987",0.646000000000015,1,0.646000000000015,3
"vary_k",10000,2,3,"SVP Gaussian / right / c = 1.642",0.562000000000012,1,0.562000000000012,3
"vary_k",10000,2,3,"SVP Gaussian / none / c = 0.968",0.329000000000008,1,0.329000000000008,3
"vary_k",10000,2,3,"SVP Gaussian / both / c = 1.987",0.649999999999977,1,0.649999999999977,3
"vary_k",10000,2,4,"SVP Gaussian / right / c = 1.642",0.557999999999993,1,0.557999999999993,3
"vary_k",10000,2,4,"SVP Gaussian / both / c = 1.987",0.649999999999977,1,0.649999999999977,3
"vary_k",10000,2,4,"SVP Gaussian / none / c = 0.968",0.30400000000003,1,0.30400000000003,3
"vary_k",10000,2,5,"SVP Gaussian / both / c = 1.987",0.660000000000025,1,0.660000000000025,3
"vary_k",10000,2,5,"SVP Gaussian / right / c = 1.642",0.569999999999993,1,0.569999999999993,3
"vary_k",10000,2,5,"SVP Gaussian / none / c = 0.968",0.31899999999996,1,0.31899999999996,3
"vary_k",10000,2,6,"SVP Gaussian / right / c = 1.642",0.546999999999969,1,0.546999999999969,3
"vary_k",10000,2,6,"SVP Gaussian / none / c = 0.968",0.305000000000007,1,0.305000000000007,3
"vary_k",10000,2,6,"SVP Gaussian / both / c = 1.987",0.640000000000043,1,0.640000000000043,3
"vary_k",10000,2,7,"SVP Gaussian / right / c = 1.642",0.55400000000003,1,0.55400000000003,3
"vary_k",10000,2,7,"SVP Gaussian / both / c = 1.987",0.645999999999958,1,0.645999999999958,3
"vary_k",10000,2,7,"SVP Gaussian / none / c = 0.968",0.302999999999997,1,0.302999999999997,3
"vary_k",10000,2,8,"SVP Gaussian / both / c = 1.987",0.651999999999987,1,0.651999999999987,3
"vary_k",10000,2,8,"SVP Gaussian / right / c = 1.642",0.565999999999974,1,0.565999999999974,3
"vary_k",10000,2,8,"SVP Gaussian / none / c = 0.968",0.305000000000007,1,0.305000000000007,3
"vary_k",10000,2,9,"SVP Gaussian / none / c = 0.968",0.305000000000007,1,0.305000000000007,3
"vary_k",10000,2,9,"SVP Gaussian / right / c = 1.642",0.555000000000007,1,0.555000000000007,3
"vary_k",10000,2,9,"SVP Gaussian / both / c = 1.987",0.644000000000005,1,0.644000000000005,3
"vary_k",10000,2,10,"SVP Gaussian / both / c = 1.987",0.633999999999958,1,0.633999999999958,3
"vary_k",10000,2,10,"SVP Gaussian / none / c = 0.968",0.317000000000007,1,0.317000000000007,3
"vary_k",10000,2,10,"SVP Gaussian / right / c = 1.642",0.545999999999992,1,0.545999999999992,3
"vary_k",10000,2,11,"SVP Gaussian / right / c = 1.642",0.574000000000012,1,0.574000000000012,3
"vary_k",10000,2,11,"SVP Gaussian / both / c = 1.987",0.658000000000015,1,0.658000000000015,3
"vary_k",10000,2,11,"SVP Gaussian / none / c = 0.968",0.315999999999974,1,0.315999999999974,3
"vary_k",10000,2,12,"SVP Gaussian / none / c = 0.968",0.325000000000045,1,0.325000000000045,3
"vary_k",10000,2,12,"SVP Gaussian / right / c = 1.642",0.548000000000002,1,0.548000000000002,3
"vary_k",10000,2,12,"SVP Gaussian / both / c = 1.987",0.637999999999977,1,0.637999999999977,3
"vary_k",10000,3,1,"SVP Gaussian / right / c = 1.642",0.411000000000001,1,0.411000000000001,4
"vary_k",10000,3,1,"SVP Gaussian / both / c = 1.987",0.470999999999947,1,0.470999999999947,4
"vary_k",10000,3,1,"SVP Gaussian / none / c = 0.968",0.319999999999993,1,0.319999999999993,4
"vary_k",10000,3,2,"SVP Gaussian / none / c = 0.968",0.329999999999984,1,0.329999999999984,4
"vary_k",10000,3,2,"SVP Gaussian / both / c = 1.987",0.47199999999998,1,0.47199999999998,4
"vary_k",10000,3,2,"SVP Gaussian / right / c = 1.642",0.408000000000015,1,0.408000000000015,4
"vary_k",10000,3,3,"SVP Gaussian / right / c = 1.642",0.403999999999996,1,0.403999999999996,4
"vary_k",10000,3,3,"SVP Gaussian / none / c = 0.968",0.317999999999984,1,0.317999999999984,4
"vary_k",10000,3,3,"SVP Gaussian / both / c = 1.987",0.464999999999975,1,0.464999999999975,4
"vary_k",10000,3,4,"SVP Gaussian / none / c = 0.968",0.319999999999993,1,0.319999999999993,4
"vary_k",10000,3,4,"SVP Gaussian / both / c = 1.987",0.475999999999999,1,0.475999999999999,4
"vary_k",10000,3,4,"SVP Gaussian / right / c = 1.642",0.41500000000002,1,0.41500000000002,4
"vary_k",10000,3,5,"SVP Gaussian / none / c = 0.968",0.328999999999951,1,0.328999999999951,4
"vary_k",10000,3,5,"SVP Gaussian / both / c = 1.987",0.477000000000032,1,0.477000000000032,4
"vary_k",10000,3,5,"SVP Gaussian / right / c = 1.642",0.413999999999987,1,0.413999999999987,4
"vary_k",10000,3,6,"SVP Gaussian / both / c = 1.987",0.477000000000032,1,0.477000000000032,4
"vary_k",10000,3,6,"SVP Gaussian / right / c = 1.642",0.415999999999997,1,0.415999999999997,4
"vary_k",10000,3,6,"SVP Gaussian / none / c = 0.968",0.319999999999993,1,0.319999999999993,4
"vary_k",10000,3,7,"SVP Gaussian / none / c = 0.968",0.31899999999996,1,0.31899999999996,4
"vary_k",10000,3,7,"SVP Gaussian / both / c = 1.987",0.476999999999975,1,0.476999999999975,4
"vary_k",10000,3,7,"SVP Gaussian / right / c = 1.642",0.418999999999983,1,0.418999999999983,4
"vary_k",10000,3,8,"SVP Gaussian / both / c = 1.987",0.488999999999976,1,0.488999999999976,4
"vary_k",10000,3,8,"SVP Gaussian / none / c = 0.968",0.319999999999993,1,0.319999999999993,4
"vary_k",10000,3,8,"SVP Gaussian / right / c = 1.642",0.424000000000035,1,0.424000000000035,4
"vary_k",10000,3,9,"SVP Gaussian / none / c = 0.968",0.317999999999984,1,0.317999999999984,4
"vary_k",10000,3,9,"SVP Gaussian / both / c = 1.987",0.478000000000009,1,0.478000000000009,4
"vary_k",10000,3,9,"SVP Gaussian / right / c = 1.642",0.411000000000001,1,0.411000000000001,4
"vary_k",10000,3,10,"SVP Gaussian / right / c = 1.642",0.413000000000011,1,0.413000000000011,4
"vary_k",10000,3,10,"SVP Gaussian / both / c = 1.987",0.476999999999975,1,0.476999999999975,4
"vary_k",10000,3,10,"SVP Gaussian / none / c = 0.968",0.319999999999993,1,0.319999999999993,4
"vary_k",10000,3,11,"SVP Gaussian / none / c = 0.968",0.31800000000004,1,0.31800000000004,4
"vary_k",10000,3,11,"SVP Gaussian / both / c = 1.987",0.475999999999999,1,0.475999999999999,4
"vary_k",10000,3,11,"SVP Gaussian / right / c = 1.642",0.413999999999987,1,0.413999999999987,4
"vary_k",10000,3,12,"SVP Gaussian / right / c = 1.642",0.406000000000006,1,0.406000000000006,4
"vary_k",10000,3,12,"SVP Gaussian / both / c = 1.987",0.472000000000037,1,0.472000000000037,4
"vary_k",10000,3,12,"SVP Gaussian / none / c = 0.968",0.322000000000003,1,0.322000000000003,4
"vary_k",10000,4,1,"SVP Gaussian / both / c = 1.987",0.380999999999972,1,0.380999999999972,5
"vary_k",10000,4,1,"SVP Gaussian / none / c = 0.968",0.339999999999975,1,0.339999999999975,5
"vary_k",10000,4,1,"SVP Gaussian / right / c = 1.642",0.335000000000036,1,0.335000000000036,5
"vary_k",10000,4,2,"SVP Gaussian / right / c = 1.642",0.33099999999996,1,0.33099999999996,5
"vary_k",10000,4,2,"SVP Gaussian / none / c = 0.968",0.331999999999994,1,0.331999999999994,5
"vary_k",10000,4,2,"SVP Gaussian / both / c = 1.987",0.378999999999962,1,0.378999999999962,5
"vary_k",10000,4,3,"SVP Gaussian / both / c = 1.987",0.379999999999995,1,0.379999999999995,5
"vary_k",10000,4,3,"SVP Gaussian / right / c = 1.642",0.331999999999994,1,0.331999999999994,5
"vary_k",10000,4,3,"SVP Gaussian / none / c = 0.968",0.33099999999996,1,0.33099999999996,5
"vary_k",10000,4,4,"SVP Gaussian / both / c = 1.987",0.379999999999995,1,0.379999999999995,5
"vary_k",10000,4,4,"SVP Gaussian / right / c = 1.642",0.334000000000003,1,0.334000000000003,5
"vary_k",10000,4,4,"SVP Gaussian / none / c = 0.968",0.330000000000041,1,0.330000000000041,5
"vary_k",10000,4,5,"SVP Gaussian / right / c = 1.642",0.325000000000045,1,0.325000000000045,5
"vary_k",10000,4,5,"SVP Gaussian / none / c = 0.968",0.329999999999984,1,0.329999999999984,5
"vary_k",10000,4,5,"SVP Gaussian / both / c = 1.987",0.372000000000014,1,0.372000000000014,5
"vary_k",10000,4,6,"SVP Gaussian / none / c = 0.968",0.331000000000017,1,0.331000000000017,5
"vary_k",10000,4,6,"SVP Gaussian / both / c = 1.987",0.37299999999999,1,0.37299999999999,5
"vary_k",10000,4,6,"SVP Gaussian / right / c = 1.642",0.325000000000045,1,0.325000000000045,5
"vary_k",10000,4,7,"SVP Gaussian / right / c = 1.642",0.328000000000031,1,0.328000000000031,5
"vary_k",10000,4,7,"SVP Gaussian / both / c = 1.987",0.373999999999967,1,0.373999999999967,5
"vary_k",10000,4,7,"SVP Gaussian / none / c = 0.968",0.330000000000041,1,0.330000000000041,5
"vary_k",10000,4,8,"SVP Gaussian / right / c = 1.642",0.329999999999984,1,0.329999999999984,5
"vary_k",10000,4,8,"SVP Gaussian / both / c = 1.987",0.37700000000001,1,0.37700000000001,5
"vary_k",10000,4,8,"SVP Gaussian / none / c = 0.968",0.329000000000008,1,0.329000000000008,5
"vary_k",10000,4,9,"SVP Gaussian / none / c = 0.968",0.329999999999984,1,0.329999999999984,5
"vary_k",10000,4,9,"SVP Gaussian / both / c = 1.987",0.369999999999948,1,0.369999999999948,5
"vary_k",10000,4,9,"SVP Gaussian / right / c = 1.642",0.322999999999979,1,0.322999999999979,5
"vary_k",10000,4,10,"SVP Gaussian / right / c = 1.642",0.333000000000027,1,0.333000000000027,5
"vary_k",10000,4,10,"SVP Gaussian / none / c = 0.968",0.33099999999996,1,0.33099999999996,5
"vary_k",10000,4,10,"SVP Gaussian / both / c = 1.987",0.380999999999972,1,0.380999999999972,5
"vary_k",10000,4,11,"SVP Gaussian / both / c = 1.987",0.37299999999999,1,0.37299999999999,5
"vary_k",10000,4,11,"SVP Gaussian / none / c = 0.968",0.331000000000017,1,0.331000000000017,5
"vary_k",10000,4,11,"SVP Gaussian / right / c = 1.642",0.329000000000008,1,0.329000000000008,5
"vary_k",10000,4,12,"SVP Gaussian / right / c = 1.642",0.33299999999997,1,0.33299999999997,5
"vary_k",10000,4,12,"SVP Gaussian / both / c = 1.987",0.373999999999967,1,0.373999999999967,5
"vary_k",10000,4,12,"SVP Gaussian / none / c = 0.968",0.331000000000017,1,0.331000000000017,5
"vary_k",10000,5,1,"SVP Gaussian / both / c = 1.987",0.305000000000007,1,0.305000000000007,6
"vary_k",10000,5,1,"SVP Gaussian / right / c = 1.642",0.270000000000039,1,0.270000000000039,6
"vary_k",10000,5,1,"SVP Gaussian / none / c = 0.968",0.331999999999994,1,0.331999999999994,6
"vary_k",10000,5,2,"SVP Gaussian / right / c = 1.642",0.271000000000015,1,0.271000000000015,6
"vary_k",10000,5,2,"SVP Gaussian / both / c = 1.987",0.30600000000004,1,0.30600000000004,6
"vary_k",10000,5,2,"SVP Gaussian / none / c = 0.968",0.338999999999999,1,0.338999999999999,6
"vary_k",10000,5,3,"SVP Gaussian / both / c = 1.987",0.311000000000035,1,0.311000000000035,6
"vary_k",10000,5,3,"SVP Gaussian / right / c = 1.642",0.271000000000015,1,0.271000000000015,6
"vary_k",10000,5,3,"SVP Gaussian / none / c = 0.968",0.33499999999998,1,0.33499999999998,6
"vary_k",10000,5,4,"SVP Gaussian / both / c = 1.987",0.30400000000003,1,0.30400000000003,6
"vary_k",10000,5,4,"SVP Gaussian / right / c = 1.642",0.268000000000029,1,0.268000000000029,6
"vary_k",10000,5,4,"SVP Gaussian / none / c = 0.968",0.338999999999999,1,0.338999999999999,6
"vary_k",10000,5,5,"SVP Gaussian / right / c = 1.642",0.273000000000025,1,0.273000000000025,6
"vary_k",10000,5,5,"SVP Gaussian / both / c = 1.987",0.307999999999993,1,0.307999999999993,6
"vary_k",10000,5,5,"SVP Gaussian / none / c = 0.968",0.337000000000046,1,0.337000000000046,6
"vary_k",10000,5,6,"SVP Gaussian / none / c = 0.968",0.335000000000036,1,0.335000000000036,6
"vary_k",10000,5,6,"SVP Gaussian / right / c = 1.642",0.269999999999982,1,0.269999999999982,6
"vary_k",10000,5,6,"SVP Gaussian / both / c = 1.987",0.307000000000016,1,0.307000000000016,6
"vary_k",10000,5,7,"SVP Gaussian / right / c = 1.642",0.272000000000048,1,0.272000000000048,6
"vary_k",10000,5,7,"SVP Gaussian / none / c = 0.968",0.336999999999989,1,0.336999999999989,6
"vary_k",10000,5,7,"SVP Gaussian / both / c = 1.987",0.309000000000026,1,0.309000000000026,6
"vary_k",10000,5,8,"SVP Gaussian / right / c = 1.642",0.267000000000053,1,0.267000000000053,6
"vary_k",10000,5,8,"SVP Gaussian / none / c = 0.968",0.334000000000003,1,0.334000000000003,6
"vary_k",10000,5,8,"SVP Gaussian / both / c = 1.987",0.302999999999997,1,0.302999999999997,6
"vary_k",10000,5,9,"SVP Gaussian / none / c = 0.968",0.334000000000003,1,0.334000000000003,6
"vary_k",10000,5,9,"SVP Gaussian / both / c = 1.987",0.307999999999993,1,0.307999999999993,6
"vary_k",10000,5,9,"SVP Gaussian / right / c = 1.642",0.271999999999991,1,0.271999999999991,6
"vary_k",10000,5,10,"SVP Gaussian / none / c = 0.968",0.336000000000013,1,0.336000000000013,6
"vary_k",10000,5,10,"SVP Gaussian / both / c = 1.987",0.307999999999993,1,0.307999999999993,6
"vary_k",10000,5,10,"SVP Gaussian / right / c = 1.642",0.269000000000005,1,0.269000000000005,6
"vary_k",10000,5,11,"SVP Gaussian / none / c = 0.968",0.335999999999956,1,0.335999999999956,6
"vary_k",10000,5,11,"SVP Gaussian / right / c = 1.642",0.268000000000029,1,0.268000000000029,6
"vary_k",10000,5,11,"SVP Gaussian / both / c = 1.987",0.307000000000016,1,0.307000000000016,6
"vary_k",10000,5,12,"SVP Gaussian / right / c = 1.642",0.266999999999996,1,0.266999999999996,6
"vary_k",10000,5,12,"SVP Gaussian / both / c = 1.987",0.303999999999974,1,0.303999999999974,6
"vary_k",10000,5,12,"SVP Gaussian / none / c = 0.968",0.333000000000027,1,0.333000000000027,6
"vary_k",10000,6,1,"SVP Gaussian / right / c = 1.642",0.229000000000042,1,0.229000000000042,7
"vary_k",10000,6,1,"SVP Gaussian / none / c = 0.968",0.337999999999965,1,0.337999999999965,7
"vary_k",10000,6,1,"SVP Gaussian / both / c = 1.987",0.258999999999958,1,0.258999999999958,7
"vary_k",10000,6,2,"SVP Gaussian / none / c = 0.968",0.34699999999998,1,0.34699999999998,7
"vary_k",10000,6,2,"SVP Gaussian / right / c = 1.642",0.230000000000018,1,0.230000000000018,7
"vary_k",10000,6,2,"SVP Gaussian / both / c = 1.987",0.257999999999981,1,0.257999999999981,7
"vary_k",10000,6,3,"SVP Gaussian / none / c = 0.968",0.338999999999999,1,0.338999999999999,7
"vary_k",10000,6,3,"SVP Gaussian / right / c = 1.642",0.231000000000051,1,0.231000000000051,7
"vary_k",10000,6,3,"SVP Gaussian / both / c = 1.987",0.258000000000038,1,0.258000000000038,7
"vary_k",10000,6,4,"SVP Gaussian / both / c = 1.987",0.257999999999981,1,0.257999999999981,7
"vary_k",10000,6,4,"SVP Gaussian / none / c = 0.968",0.338999999999999,1,0.338999999999999,7
"vary_k",10000,6,4,"SVP Gaussian / right / c = 1.642",0.231999999999971,1,0.231999999999971,7
"vary_k",10000,6,5,"SVP Gaussian / right / c = 1.642",0.229999999999961,1,0.229999999999961,7
"vary_k",10000,6,5,"SVP Gaussian / none / c = 0.968",0.341000000000008,1,0.341000000000008,7
"vary_k",10000,6,5,"SVP Gaussian / both / c = 1.987",0.259999999999991,1,0.259999999999991,7
"vary_k",10000,6,6,"SVP Gaussian / both / c = 1.987",0.258000000000038,1,0.258000000000038,7
"vary_k",10000,6,6,"SVP Gaussian / right / c = 1.642",0.228000000000009,1,0.228000000000009,7
"vary_k",10000,6,6,"SVP Gaussian / none / c = 0.968",0.338999999999999,1,0.338999999999999,7
"vary_k",10000,6,7,"SVP Gaussian / none / c = 0.968",0.338999999999999,1,0.338999999999999,7
"vary_k",10000,6,7,"SVP Gaussian / right / c = 1.642",0.230999999999995,1,0.230999999999995,7
"vary_k",10000,6,7,"SVP Gaussian / both / c = 1.987",0.258000000000038,1,0.258000000000038,7
"vary_k",10000,6,8,"SVP Gaussian / both / c = 1.987",0.262,1,0.262,7
"vary_k",10000,6,8,"SVP Gaussian / none / c = 0.968",0.338000000000022,1,0.338000000000022,7
"vary_k",10000,6,8,"SVP Gaussian / right / c = 1.642",0.231999999999971,1,0.231999999999971,7
"vary_k",10000,6,9,"SVP Gaussian / none / c = 0.968",0.338000000000022,1,0.338000000000022,7
"vary_k",10000,6,9,"SVP Gaussian / both / c = 1.987",0.262,1,0.262,7
"vary_k",10000,6,9,"SVP Gaussian / right / c = 1.642",0.230000000000018,1,0.230000000000018,7
"vary_k",10000,6,10,"SVP Gaussian / right / c = 1.642",0.230999999999995,1,0.230999999999995,7
"vary_k",10000,6,10,"SVP Gaussian / none / c = 0.968",0.339999999999975,1,0.339999999999975,7
"vary_k",10000,6,10,"SVP Gaussian / both / c = 1.987",0.261000000000024,1,0.261000000000024,7
"vary_k",10000,6,11,"SVP Gaussian / none / c = 0.968",0.338999999999999,1,0.338999999999999,7
"vary_k",10000,6,11,"SVP Gaussian / both / c = 1.987",0.259999999999991,1,0.259999999999991,7
"vary_k",10000,6,11,"SVP Gaussian / right / c = 1.642",0.228999999999985,1,0.228999999999985,7
"vary_k",10000,6,12,"SVP Gaussian / right / c = 1.642",0.230000000000018,1,0.230000000000018,7
"vary_k",10000,6,12,"SVP Gaussian / both / c = 1.987",0.259000000000015,1,0.259000000000015,7
"vary_k",10000,6,12,"SVP Gaussian / none / c = 0.968",0.338999999999999,1,0.338999999999999,7
"vary_k",10000,7,1,"SVP Gaussian / none / c = 0.968",0.339999999999975,1,0.339999999999975,8
"vary_k",10000,7,1,"SVP Gaussian / right / c = 1.642",0.199999999999989,1,0.199999999999989,8
"vary_k",10000,7,1,"SVP Gaussian / both / c = 1.987",0.224999999999966,1,0.224999999999966,8
"vary_k",10000,7,2,"SVP Gaussian / right / c = 1.642",0.204000000000008,1,0.204000000000008,8
"vary_k",10000,7,2,"SVP Gaussian / none / c = 0.968",0.341999999999985,1,0.341999999999985,8
"vary_k",10000,7,2,"SVP Gaussian / both / c = 1.987",0.229000000000042,1,0.229000000000042,8
"vary_k",10000,7,3,"SVP Gaussian / right / c = 1.642",0.203000000000031,1,0.203000000000031,8
"vary_k",10000,7,3,"SVP Gaussian / both / c = 1.987",0.226999999999975,1,0.226999999999975,8
"vary_k",10000,7,3,"SVP Gaussian / none / c = 0.968",0.339999999999975,1,0.339999999999975,8
"vary_k",10000,7,4,"SVP Gaussian / none / c = 0.968",0.339999999999975,1,0.339999999999975,8
"vary_k",10000,7,4,"SVP Gaussian / right / c = 1.642",0.201999999999998,1,0.201999999999998,8
"vary_k",10000,7,4,"SVP Gaussian / both / c = 1.987",0.228000000000009,1,0.228000000000009,8
"vary_k",10000,7,5,"SVP Gaussian / right / c = 1.642",0.199999999999989,1,0.199999999999989,8
"vary_k",10000,7,5,"SVP Gaussian / both / c = 1.987",0.22399999999999,1,0.22399999999999,8
"vary_k",10000,7,5,"SVP Gaussian / none / c = 0.968",0.340000000000032,1,0.340000000000032,8
"vary_k",10000,7,6,"SVP Gaussian / none / c = 0.968",0.339999999999975,1,0.339999999999975,8
"vary_k",10000,7,6,"SVP Gaussian / both / c = 1.987",0.225000000000023,1,0.225000000000023,8
"vary_k",10000,7,6,"SVP Gaussian / right / c = 1.642",0.200999999999965,1,0.200999999999965,8
"vary_k",10000,7,7,"SVP Gaussian / right / c = 1.642",0.201999999999998,1,0.201999999999998,8
"vary_k",10000,7,7,"SVP Gaussian / none / c = 0.968",0.338999999999999,1,0.338999999999999,8
"vary_k",10000,7,7,"SVP Gaussian / both / c = 1.987",0.226999999999975,1,0.226999999999975,8
"vary_k",10000,7,8,"SVP Gaussian / none / c = 0.968",0.339999999999975,1,0.339999999999975,8
"vary_k",10000,7,8,"SVP Gaussian / both / c = 1.987",0.22199999999998,1,0.22199999999998,8
"vary_k",10000,7,8,"SVP Gaussian / right / c = 1.642",0.199000000000012,1,0.199000000000012,8
"vary_k",10000,7,9,"SVP Gaussian / none / c = 0.968",0.339999999999975,1,0.339999999999975,8
"vary_k",10000,7,9,"SVP Gaussian / right / c = 1.642",0.201999999999998,1,0.201999999999998,8
"vary_k",10000,7,9,"SVP Gaussian / both / c = 1.987",0.225000000000023,1,0.225000000000023,8
"vary_k",10000,7,10,"SVP Gaussian / right / c = 1.642",0.198999999999955,1,0.198999999999955,8
"vary_k",10000,7,10,"SVP Gaussian / none / c = 0.968",0.338999999999999,1,0.338999999999999,8
"vary_k",10000,7,10,"SVP Gaussian / both / c = 1.987",0.225000000000023,1,0.225000000000023,8
"vary_k",10000,7,11,"SVP Gaussian / none / c = 0.968",0.338999999999999,1,0.338999999999999,8
"vary_k",10000,7,11,"SVP Gaussian / right / c = 1.642",0.201000000000022,1,0.201000000000022,8
"vary_k",10000,7,11,"SVP Gaussian / both / c = 1.987",0.225999999999999,1,0.225999999999999,8
"vary_k",10000,7,12,"SVP Gaussian / right / c = 1.642",0.200000000000045,1,0.200000000000045,8
"vary_k",10000,7,12,"SVP Gaussian / both / c = 1.987",0.230000000000018,1,0.230000000000018,8
"vary_k",10000,7,12,"SVP Gaussian / none / c = 0.968",0.343999999999994,1,0.343999999999994,8
"vary_k",10000,8,1,"SVP Gaussian / right / c = 1.642",0.175999999999988,1,0.175999999999988,9
"vary_k",10000,8,1,"SVP Gaussian / both / c = 1.987",0.197000000000003,1,0.197000000000003,9
"vary_k",10000,8,1,"SVP Gaussian / none / c = 0.968",0.341999999999985,1,0.341999999999985,9
"vary_k",10000,8,2,"SVP Gaussian / both / c = 1.987",0.201000000000022,1,0.201000000000022,9
"vary_k",10000,8,2,"SVP Gaussian / right / c = 1.642",0.17900000000003,1,0.17900000000003,9
"vary_k",10000,8,2,"SVP Gaussian / none / c = 0.968",0.340000000000032,1,0.340000000000032,9
"vary_k",10000,8,3,"SVP Gaussian / none / c = 0.968",0.345000000000027,1,0.345000000000027,10
"vary_k",10000,8,3,"SVP Gaussian / right / c = 1.642",0.176000000000045,1,0.176000000000045,9
"vary_k",10000,8,3,"SVP Gaussian / both / c = 1.987",0.198000000000036,1,0.198000000000036,9
"vary_k",10000,8,4,"SVP Gaussian / both / c = 1.987",0.198999999999955,1,0.198999999999955,9
"vary_k",10000,8,4,"SVP Gaussian / none / c = 0.968",0.342999999999961,1,0.342999999999961,9
"vary_k",10000,8,4,"SVP Gaussian / right / c = 1.642",0.177999999999997,1,0.177999999999997,9
"vary_k",10000,8,5,"SVP Gaussian / both / c = 1.987",0.197000000000003,1,0.197000000000003,9
"vary_k",10000,8,5,"SVP Gaussian / right / c = 1.642",0.175000000000011,1,0.175000000000011,9
"vary_k",10000,8,5,"SVP Gaussian / none / c = 0.968",0.339999999999975,1,0.339999999999975,9
"vary_k",10000,8,6,"SVP Gaussian / right / c = 1.642",0.179000000000087,1,0.179000000000087,9
"vary_k",10000,8,6,"SVP Gaussian / both / c = 1.987",0.199999999999932,1,0.199999999999932,9
"vary_k",10000,8,6,"SVP Gaussian / none / c = 0.968",0.341999999999985,1,0.341999999999985,9
"vary_k",10000,8,7,"SVP Gaussian / both / c = 1.987",0.201000000000022,1,0.201000000000022,9
"vary_k",10000,8,7,"SVP Gaussian / none / c = 0.968",0.341999999999985,1,0.341999999999985,9
"vary_k",10000,8,7,"SVP Gaussian / right / c = 1.642",0.178999999999974,1,0.178999999999974,9
"vary_k",10000,8,8,"SVP Gaussian / both / c = 1.987",0.197999999999979,1,0.197999999999979,9
"vary_k",10000,8,8,"SVP Gaussian / right / c = 1.642",0.175999999999931,1,0.175999999999931,9
"vary_k",10000,8,8,"SVP Gaussian / none / c = 0.968",0.342999999999961,1,0.342999999999961,9
"vary_k",10000,8,9,"SVP Gaussian / right / c = 1.642",0.178999999999974,1,0.178999999999974,9
"vary_k",10000,8,9,"SVP Gaussian / none / c = 0.968",0.339999999999918,1,0.339999999999918,9
"vary_k",10000,8,9,"SVP Gaussian / both / c = 1.987",0.198999999999955,1,0.198999999999955,9
"vary_k",10000,8,10,"SVP Gaussian / none / c = 0.968",0.341000000000008,1,0.341000000000008,9
"vary_k",10000,8,10,"SVP Gaussian / right / c = 1.642",0.174999999999955,1,0.174999999999955,9
"vary_k",10000,8,10,"SVP Gaussian / both / c = 1.987",0.197000000000003,1,0.197000000000003,9
"vary_k",10000,8,11,"SVP Gaussian / right / c = 1.642",0.182000000000016,1,0.182000000000016,9
"vary_k",10000,8,11,"SVP Gaussian / none / c = 0.968",0.342999999999961,1,0.342999999999961,9
"vary_k",10000,8,11,"SVP Gaussian / both / c = 1.987",0.202999999999975,1,0.202999999999975,9
"vary_k",10000,8,12,"SVP Gaussian / none / c = 0.968",0.341999999999985,1,0.341999999999985,9
"vary_k",10000,8,12,"SVP Gaussian / both / c = 1.987",0.198999999999955,1,0.198999999999955,9
"vary_k",10000,8,12,"SVP Gaussian / right / c = 1.642",0.178999999999974,1,0.178999999999974,9
"vary_k",10000,9,1,"SVP Gaussian / both / c = 1.987",0.175999999999931,1,0.175999999999931,10
"vary_k",10000,9,1,"SVP Gaussian / right / c = 1.642",0.158000000000015,1,0.158000000000015,10
"vary_k",10000,9,1,"SVP Gaussian / none / c = 0.968",0.341000000000008,1,0.341000000000008,10
"vary_k",10000,9,2,"SVP Gaussian / none / c = 0.968",0.343999999999937,1,0.343999999999937,10
"vary_k",10000,9,2,"SVP Gaussian / both / c = 1.987",0.177000000000021,1,0.177000000000021,10
"vary_k",10000,9,2,"SVP Gaussian / right / c = 1.642",0.160000000000082,1,0.160000000000082,10
"vary_k",10000,9,3,"SVP Gaussian / right / c = 1.642",0.157000000000039,1,0.157000000000039,10
"vary_k",10000,9,3,"SVP Gaussian / both / c = 1.987",0.174999999999955,1,0.174999999999955,10
"vary_k",10000,9,3,"SVP Gaussian / none / c = 0.968",0.344999999999914,1,0.344999999999914,11
"vary_k",10000,9,4,"SVP Gaussian / right / c = 1.642",0.162000000000035,1,0.162000000000035,10
"vary_k",10000,9,4,"SVP Gaussian / both / c = 1.987",0.178999999999974,1,0.178999999999974,10
"vary_k",10000,9,4,"SVP Gaussian / none / c = 0.968",0.344000000000051,1,0.344000000000051,10
"vary_k",10000,9,5,"SVP Gaussian / both / c = 1.987",0.176000000000045,1,0.176000000000045,10
"vary_k",10000,9,5,"SVP Gaussian / none / c = 0.968",0.343999999999937,1,0.343999999999937,10
"vary_k",10000,9,5,"SVP Gaussian / right / c = 1.642",0.157000000000039,1,0.157000000000039,10
"vary_k",10000,9,6,"SVP Gaussian / right / c = 1.642",0.161000000000058,1,0.161000000000058,10
"vary_k",10000,9,6,"SVP Gaussian / both / c = 1.987",0.177000000000021,1,0.177000000000021,10
"vary_k",10000,9,6,"SVP Gaussian / none / c = 0.968",0.344000000000051,1,0.344000000000051,10
"vary_k",10000,9,7,"SVP Gaussian / none / c = 0.968",0.343999999999937,1,0.343999999999937,10
"vary_k",10000,9,7,"SVP Gaussian / both / c = 1.987",0.179000000000087,1,0.179000000000087,10
"vary_k",10000,9,7,"SVP Gaussian / right / c = 1.642",0.160999999999945,1,0.160999999999945,10
"vary_k",10000,9,8,"SVP Gaussian / both / c = 1.987",0.177000000000021,1,0.177000000000021,10
"vary_k",10000,9,8,"SVP Gaussian / none / c = 0.968",0.343999999999937,1,0.343999999999937,10
"vary_k",10000,9,8,"SVP Gaussian / right / c = 1.642",0.159999999999968,1,0.159999999999968,10
"vary_k",10000,9,9,"SVP Gaussian / none / c = 0.968",0.343999999999937,1,0.343999999999937,10
"vary_k",10000,9,9,"SVP Gaussian / right / c = 1.642",0.154999999999973,1,0.154999999999973,10
"vary_k",10000,9,9,"SVP Gaussian / both / c = 1.987",0.172000000000025,1,0.172000000000025,10
"vary_k",10000,9,10,"SVP Gaussian / none / c = 0.968",0.343999999999937,1,0.343999999999937,10
"vary_k",10000,9,10,"SVP Gaussian / both / c = 1.987",0.177000000000021,1,0.177000000000021,10
"vary_k",10000,9,10,"SVP Gaussian / right / c = 1.642",0.159999999999968,1,0.159999999999968,10
"vary_k",10000,9,11,"SVP Gaussian / both / c = 1.987",0.176000000000045,1,0.176000000000045,10
"vary_k",10000,9,11,"SVP Gaussian / right / c = 1.642",0.157000000000039,1,0.157000000000039,10
"vary_k",10000,9,11,"SVP Gaussian / none / c = 0.968",0.343999999999937,1,0.343999999999937,10
"vary_k",10000,9,12,"SVP Gaussian / both / c = 1.987",0.173999999999978,1,0.173999999999978,10
"vary_k",10000,9,12,"SVP Gaussian / right / c = 1.642",0.156999999999925,1,0.156999999999925,10
"vary_k",10000,9,12,"SVP Gaussian / none / c = 0.968",0.342999999999961,1,0.342999999999961,10
"vary_k",10000,10,1,"SVP Gaussian / right / c = 1.642",0.144000000000005,1,0.144000000000005,11
"vary_k",10000,10,1,"SVP Gaussian / both / c = 1.987",0.159999999999968,1,0.159999999999968,11
"vary_k",10000,10,1,"SVP Gaussian / none / c = 0.968",0.344999999999914,1,0.344999999999914,11
"vary_k",10000,10,2,"SVP Gaussian / none / c = 0.968",0.345000000000027,1,0.345000000000027,11
"vary_k",10000,10,2,"SVP Gaussian / both / c = 1.987",0.156999999999925,1,0.156999999999925,11
"vary_k",10000,10,2,"SVP Gaussian / right / c = 1.642",0.143000000000029,1,0.143000000000029,11
"vary_k",10000,10,3,"SVP Gaussian / none / c = 0.968",0.345000000000027,1,0.345000000000027,11
"vary_k",10000,10,3,"SVP Gaussian / both / c = 1.987",0.160999999999945,1,0.160999999999945,11
"vary_k",10000,10,3,"SVP Gaussian / right / c = 1.642",0.145999999999958,1,0.145999999999958,11
"vary_k",10000,10,4,"SVP Gaussian / right / c = 1.642",0.143000000000029,1,0.143000000000029,11
"vary_k",10000,10,4,"SVP Gaussian / none / c = 0.968",0.346000000000004,1,0.346000000000004,11
"vary_k",10000,10,4,"SVP Gaussian / both / c = 1.987",0.158999999999992,1,0.158999999999992,11
"vary_k",10000,10,5,"SVP Gaussian / right / c = 1.642",0.147999999999911,1,0.147999999999911,11
"vary_k",10000,10,5,"SVP Gaussian / both / c = 1.987",0.162000000000035,1,0.162000000000035,11
"vary_k",10000,10,5,"SVP Gaussian / none / c = 0.968",0.344999999999914,1,0.344999999999914,11
"vary_k",10000,10,6,"SVP Gaussian / right / c = 1.642",0.143000000000029,1,0.143000000000029,11
"vary_k",10000,10,6,"SVP Gaussian / both / c = 1.987",0.159999999999968,1,0.159999999999968,11
"vary_k",10000,10,6,"SVP Gaussian / none / c = 0.968",0.34699999999998,1,0.34699999999998,11
"vary_k",10000,10,7,"SVP Gaussian / both / c = 1.987",0.159999999999968,1,0.159999999999968,11
"vary_k",10000,10,7,"SVP Gaussian / none / c = 0.968",0.345000000000027,1,0.345000000000027,12
"vary_k",10000,10,7,"SVP Gaussian / right / c = 1.642",0.144999999999982,1,0.144999999999982,11
"vary_k",10000,10,8,"SVP Gaussian / right / c = 1.642",0.144000000000005,1,0.144000000000005,11
"vary_k",10000,10,8,"SVP Gaussian / none / c = 0.968",0.345000000000027,1,0.345000000000027,11
"vary_k",10000,10,8,"SVP Gaussian / both / c = 1.987",0.160000000000082,1,0.160000000000082,11
"vary_k",10000,10,9,"SVP Gaussian / none / c = 0.968",0.344999999999914,1,0.344999999999914,11
"vary_k",10000,10,9,"SVP Gaussian / right / c = 1.642",0.143000000000029,1,0.143000000000029,11
"vary_k",10000,10,9,"SVP Gaussian / both / c = 1.987",0.156999999999925,1,0.156999999999925,11
"vary_k",10000,10,10,"SVP Gaussian / both / c = 1.987",0.160999999999945,1,0.160999999999945,11
"vary_k",10000,10,10,"SVP Gaussian / none / c = 0.968",0.344999999999914,1,0.344999999999914,11
"vary_k",10000,10,10,"SVP Gaussian / right / c = 1.642",0.145999999999958,1,0.145999999999958,11
"vary_k",10000,10,11,"SVP Gaussian / none / c = 0.968",0.346000000000004,1,0.346000000000004,11
"vary_k",10000,10,11,"SVP Gaussian / right / c = 1.642",0.144999999999982,1,0.144999999999982,11
"vary_k",10000,10,11,"SVP Gaussian / both / c = 1.987",0.160000000000082,1,0.160000000000082,11
"vary_k",10000,10,12,"SVP Gaussian / none / c = 0.968",0.343000000000075,1,0.343000000000075,11
"vary_k",10000,10,12,"SVP Gaussian / right / c = 1.642",0.145000000000095,1,0.145000000000095,11
"vary_k",10000,10,12,"SVP Gaussian / both / c = 1.987",0.160999999999945,1,0.160999999999945,11
"vary_k",10000,11,1,"SVP Gaussian / both / c = 1.987",0.145999999999958,1,0.145999999999958,12
"vary_k",10000,11,1,"SVP Gaussian / none / c = 0.968",0.345000000000027,1,0.345000000000027,12
"vary_k",10000,11,1,"SVP Gaussian / right / c = 1.642",0.131999999999948,1,0.131999999999948,12
"vary_k",10000,11,2,"SVP Gaussian / both / c = 1.987",0.144999999999982,1,0.144999999999982,12
"vary_k",10000,11,2,"SVP Gaussian / none / c = 0.968",0.344000000000051,1,0.344000000000051,12
"vary_k",10000,11,2,"SVP Gaussian / right / c = 1.642",0.132000000000062,1,0.132000000000062,12
"vary_k",10000,11,3,"SVP Gaussian / none / c = 0.968",0.344000000000051,1,0.344000000000051,12
"vary_k",10000,11,3,"SVP Gaussian / right / c = 1.642",0.130999999999972,1,0.130999999999972,12
"vary_k",10000,11,3,"SVP Gaussian / both / c = 1.987",0.144000000000005,1,0.144000000000005,12
"vary_k",10000,11,4,"SVP Gaussian / both / c = 1.987",0.147000000000048,1,0.147000000000048,12
"vary_k",10000,11,4,"SVP Gaussian / right / c = 1.642",0.133999999999901,1,0.133999999999901,12
"vary_k",10000,11,4,"SVP Gaussian / none / c = 0.968",0.344000000000051,1,0.344000000000051,12
"vary_k",10000,11,5,"SVP Gaussian / none / c = 0.968",0.343999999999937,1,0.343999999999937,12
"vary_k",10000,11,5,"SVP Gaussian / right / c = 1.642",0.129999999999995,1,0.129999999999995,12
"vary_k",10000,11,5,"SVP Gaussian / both / c = 1.987",0.142999999999915,1,0.142999999999915,12
"vary_k",10000,11,6,"SVP Gaussian / none / c = 0.968",0.346000000000004,1,0.346000000000004,12
"vary_k",10000,11,6,"SVP Gaussian / both / c = 1.987",0.144000000000005,1,0.144000000000005,12
"vary_k",10000,11,6,"SVP Gaussian / right / c = 1.642",0.131999999999948,1,0.131999999999948,12
"vary_k",10000,11,7,"SVP Gaussian / both / c = 1.987",0.145999999999958,1,0.145999999999958,12
"vary_k",10000,11,7,"SVP Gaussian / right / c = 1.642",0.132999999999925,1,0.132999999999925,12
"vary_k",10000,11,7,"SVP Gaussian / none / c = 0.968",0.344000000000051,1,0.344000000000051,12
"vary_k",10000,11,8,"SVP Gaussian / right / c = 1.642",0.132000000000062,1,0.132000000000062,12
"vary_k",10000,11,8,"SVP Gaussian / none / c = 0.968",0.346000000000004,1,0.346000000000004,12
"vary_k",10000,11,8,"SVP Gaussian / both / c = 1.987",0.144000000000005,1,0.144000000000005,12
"vary_k",10000,11,9,"SVP Gaussian / right / c = 1.642",0.132000000000062,1,0.132000000000062,12
"vary_k",10000,11,9,"SVP Gaussian / both / c = 1.987",0.144999999999982,1,0.144999999999982,12
"vary_k",10000,11,9,"SVP Gaussian / none / c = 0.968",0.343999999999937,1,0.343999999999937,12
"vary_k",10000,11,10,"SVP Gaussian / none / c = 0.968",0.348999999999933,1,0.348999999999933,12
"vary_k",10000,11,10,"SVP Gaussian / right / c = 1.642",0.129999999999995,1,0.129999999999995,12
"vary_k",10000,11,10,"SVP Gaussian / both / c = 1.987",0.143000000000029,1,0.143000000000029,12
"vary_k",10000,11,11,"SVP Gaussian / none / c = 0.968",0.343999999999937,1,0.343999999999937,12
"vary_k",10000,11,11,"SVP Gaussian / right / c = 1.642",0.130999999999972,1,0.130999999999972,12
"vary_k",10000,11,11,"SVP Gaussian / both / c = 1.987",0.144999999999982,1,0.144999999999982,12
"vary_k",10000,11,12,"SVP Gaussian / right / c = 1.642",0.130999999999972,1,0.130999999999972,12
"vary_k",10000,11,12,"SVP Gaussian / both / c = 1.987",0.144000000000005,1,0.144000000000005,12
"vary_k",10000,11,12,"SVP Gaussian / none / c = 0.968",0.346000000000004,1,0.346000000000004,12
"vary_k",10000,12,1,"SVP Gaussian / right / c = 1.642",0.119000000000028,1,0.119000000000028,13
"vary_k",10000,12,1,"SVP Gaussian / none / c = 0.968",0.346000000000004,1,0.346000000000004,13
"vary_k",10000,12,1,"SVP Gaussian / both / c = 1.987",0.132000000000062,1,0.132000000000062,13
"vary_k",10000,12,2,"SVP Gaussian / both / c = 1.987",0.134000000000015,1,0.134000000000015,13
"vary_k",10000,12,2,"SVP Gaussian / right / c = 1.642",0.121000000000095,1,0.121000000000095,13
"vary_k",10000,12,2,"SVP Gaussian / none / c = 0.968",0.347000000000094,1,0.347000000000094,13
"vary_k",10000,12,3,"SVP Gaussian / right / c = 1.642",0.123000000000047,1,0.123000000000047,13
"vary_k",10000,12,3,"SVP Gaussian / none / c = 0.968",0.346000000000004,1,0.346000000000004,13
"vary_k",10000,12,3,"SVP Gaussian / both / c = 1.987",0.133000000000038,1,0.133000000000038,13
"vary_k",10000,12,4,"SVP Gaussian / both / c = 1.987",0.134000000000015,1,0.134000000000015,13
"vary_k",10000,12,4,"SVP Gaussian / right / c = 1.642",0.123000000000047,1,0.123000000000047,13
"vary_k",10000,12,4,"SVP Gaussian / none / c = 0.968",0.345000000000027,1,0.345000000000027,13
"vary_k",10000,12,5,"SVP Gaussian / right / c = 1.642",0.124000000000024,1,0.124000000000024,13
"vary_k",10000,12,5,"SVP Gaussian / none / c = 0.968",0.345000000000027,1,0.345000000000027,13
"vary_k",10000,12,5,"SVP Gaussian / both / c = 1.987",0.135000000000105,1,0.135000000000105,13
"vary_k",10000,12,6,"SVP Gaussian / both / c = 1.987",0.133000000000038,1,0.133000000000038,13
"vary_k",10000,12,6,"SVP Gaussian / right / c = 1.642",0.121000000000095,1,0.121000000000095,13
"vary_k",10000,12,6,"SVP Gaussian / none / c = 0.968",0.34699999999998,1,0.34699999999998,13
"vary_k",10000,12,7,"SVP Gaussian / none / c = 0.968",0.345000000000027,1,0.345000000000027,13
"vary_k",10000,12,7,"SVP Gaussian / right / c = 1.642",0.122000000000071,1,0.122000000000071,13
"vary_k",10000,12,7,"SVP Gaussian / both / c = 1.987",0.134000000000015,1,0.134000000000015,13
"vary_k",10000,12,8,"SVP Gaussian / both / c = 1.987",0.134000000000015,1,0.134000000000015,13
"vary_k",10000,12,8,"SVP Gaussian / right / c = 1.642",0.122000000000071,1,0.122000000000071,13
"vary_k",10000,12,8,"SVP Gaussian / none / c = 0.968",0.346000000000004,1,0.346000000000004,13
"vary_k",10000,12,9,"SVP Gaussian / none / c = 0.968",0.346000000000004,1,0.346000000000004,13
"vary_k",10000,12,9,"SVP Gaussian / both / c = 1.987",0.134999999999991,1,0.134999999999991,13
"vary_k",10000,12,9,"SVP Gaussian / right / c = 1.642",0.121999999999957,1,0.121999999999957,13
"vary_k",10000,12,10,"SVP Gaussian / none / c = 0.968",0.344000000000051,1,0.344000000000051,13
"vary_k",10000,12,10,"SVP Gaussian / both / c = 1.987",0.134999999999991,1,0.134999999999991,13
"vary_k",10000,12,10,"SVP Gaussian / right / c = 1.642",0.123000000000047,1,0.123000000000047,13
"vary_k",10000,12,11,"SVP Gaussian / right / c = 1.642",0.119000000000028,1,0.119000000000028,13
"vary_k",10000,12,11,"SVP Gaussian / none / c = 0.968",0.346000000000004,1,0.346000000000004,13
"vary_k",10000,12,11,"SVP Gaussian / both / c = 1.987",0.132000000000062,1,0.132000000000062,13
"vary_k",10000,12,12,"SVP Gaussian / right / c = 1.642",0.120000000000005,1,0.120000000000005,13
"vary_k",10000,12,12,"SVP Gaussian / both / c = 1.987",0.131999999999948,1,0.131999999999948,13
"vary_k",10000,12,12,"SVP Gaussian / none / c = 0.968",0.346000000000004,1,0.346000000000004,13
"vary_k",10000,13,1,"SVP Gaussian / right / c = 1.642",0.112999999999943,1,0.112999999999943,14
"vary_k",10000,13,1,"SVP Gaussian / both / c = 1.987",0.123000000000047,1,0.123000000000047,14
"vary_k",10000,13,1,"SVP Gaussian / none / c = 0.968",0.345000000000027,1,0.345000000000027,14
"vary_k",10000,13,2,"SVP Gaussian / none / c = 0.968",0.346000000000004,1,0.346000000000004,14
"vary_k",10000,13,2,"SVP Gaussian / both / c = 1.987",0.124000000000024,1,0.124000000000024,14
"vary_k",10000,13,2,"SVP Gaussian / right / c = 1.642",0.113999999999919,1,0.113999999999919,14
"vary_k",10000,13,3,"SVP Gaussian / none / c = 0.968",0.346000000000004,1,0.346000000000004,14
"vary_k",10000,13,3,"SVP Gaussian / both / c = 1.987",0.12399999999991,1,0.12399999999991,14
"vary_k",10000,13,3,"SVP Gaussian / right / c = 1.642",0.113000000000056,1,0.113000000000056,14
"vary_k",10000,13,4,"SVP Gaussian / right / c = 1.642",0.115000000000009,1,0.115000000000009,14
"vary_k",10000,13,4,"SVP Gaussian / both / c = 1.987",0.123000000000047,1,0.123000000000047,14
"vary_k",10000,13,4,"SVP Gaussian / none / c = 0.968",0.345000000000027,1,0.345000000000027,14
"vary_k",10000,13,5,"SVP Gaussian / right / c = 1.642",0.11099999999999,1,0.11099999999999,14
"vary_k",10000,13,5,"SVP Gaussian / both / c = 1.987",0.122000000000071,1,0.122000000000071,14
"vary_k",10000,13,5,"SVP Gaussian / none / c = 0.968",0.345000000000027,1,0.345000000000027,14
"vary_k",10000,13,6,"SVP Gaussian / none / c = 0.968",0.346000000000004,1,0.346000000000004,14
"vary_k",10000,13,6,"SVP Gaussian / both / c = 1.987",0.122000000000071,1,0.122000000000071,14
"vary_k",10000,13,6,"SVP Gaussian / right / c = 1.642",0.111999999999966,1,0.111999999999966,14
"vary_k",10000,13,7,"SVP Gaussian / both / c = 1.987",0.121999999999957,1,0.121999999999957,14
"vary_k",10000,13,7,"SVP Gaussian / right / c = 1.642",0.11099999999999,1,0.11099999999999,14
"vary_k",10000,13,7,"SVP Gaussian / none / c = 0.968",0.347999999999956,1,0.347999999999956,14
"vary_k",10000,13,8,"SVP Gaussian / none / c = 0.968",0.346000000000004,1,0.346000000000004,14
"vary_k",10000,13,8,"SVP Gaussian / both / c = 1.987",0.124000000000024,1,0.124000000000024,14
"vary_k",10000,13,8,"SVP Gaussian / right / c = 1.642",0.114000000000033,1,0.114000000000033,14
"vary_k",10000,13,9,"SVP Gaussian / both / c = 1.987",0.124000000000024,1,0.124000000000024,14
"vary_k",10000,13,9,"SVP Gaussian / none / c = 0.968",0.345000000000027,1,0.345000000000027,14
"vary_k",10000,13,9,"SVP Gaussian / right / c = 1.642",0.114000000000033,1,0.114000000000033,14
"vary_k",10000,13,10,"SVP Gaussian / both / c = 1.987",0.124000000000024,1,0.124000000000024,14
"vary_k",10000,13,10,"SVP Gaussian / none / c = 0.968",0.34699999999998,1,0.34699999999998,14
"vary_k",10000,13,10,"SVP Gaussian / right / c = 1.642",0.113999999999919,1,0.113999999999919,14
"vary_k",10000,13,11,"SVP Gaussian / both / c = 1.987",0.121999999999957,1,0.121999999999957,14
"vary_k",10000,13,11,"SVP Gaussian / right / c = 1.642",0.113000000000056,1,0.113000000000056,14
"vary_k",10000,13,11,"SVP Gaussian / none / c = 0.968",0.347000000000094,1,0.347000000000094,14
"vary_k",10000,13,12,"SVP Gaussian / right / c = 1.642",0.113000000000056,1,0.113000000000056,14
"vary_k",10000,13,12,"SVP Gaussian / both / c = 1.987",0.121999999999957,1,0.121999999999957,14
"vary_k",10000,13,12,"SVP Gaussian / none / c = 0.968",0.34699999999998,1,0.34699999999998,14
"vary_k",10000,14,1,"SVP Gaussian / right / c = 1.642",0.105000000000018,1,0.105000000000018,15
"vary_k",10000,14,1,"SVP Gaussian / both / c = 1.987",0.114000000000033,1,0.114000000000033,15
"vary_k",10000,14,1,"SVP Gaussian / none / c = 0.968",0.346000000000004,1,0.346000000000004,15
"vary_k",10000,14,2,"SVP Gaussian / right / c = 1.642",0.105000000000018,1,0.105000000000018,15
"vary_k",10000,14,2,"SVP Gaussian / both / c = 1.987",0.113000000000056,1,0.113000000000056,15
"vary_k",10000,14,2,"SVP Gaussian / none / c = 0.968",0.346000000000004,1,0.346000000000004,15
"vary_k",10000,14,3,"SVP Gaussian / none / c = 0.968",0.34699999999998,1,0.34699999999998,15
"vary_k",10000,14,3,"SVP Gaussian / right / c = 1.642",0.105000000000018,1,0.105000000000018,15
"vary_k",10000,14,3,"SVP Gaussian / both / c = 1.987",0.113999999999919,1,0.113999999999919,15
"vary_k",10000,14,4,"SVP Gaussian / both / c = 1.987",0.114000000000033,1,0.114000000000033,15
"vary_k",10000,14,4,"SVP Gaussian / none / c = 0.968",0.346000000000004,1,0.346000000000004,15
"vary_k",10000,14,4,"SVP Gaussian / right / c = 1.642",0.104000000000042,1,0.104000000000042,15
"vary_k",10000,14,5,"SVP Gaussian / none / c = 0.968",0.344999999999914,1,0.344999999999914,15
"vary_k",10000,14,5,"SVP Gaussian / both / c = 1.987",0.115000000000009,1,0.115000000000009,15
"vary_k",10000,14,5,"SVP Gaussian / right / c = 1.642",0.105000000000018,1,0.105000000000018,15
"vary_k",10000,14,6,"SVP Gaussian / right / c = 1.642",0.102999999999952,1,0.102999999999952,15
"vary_k",10000,14,6,"SVP Gaussian / none / c = 0.968",0.347999999999956,1,0.347999999999956,15
"vary_k",10000,14,6,"SVP Gaussian / both / c = 1.987",0.111999999999966,1,0.111999999999966,15
"vary_k",10000,14,7,"SVP Gaussian / right / c = 1.642",0.103999999999928,1,0.103999999999928,15
"vary_k",10000,14,7,"SVP Gaussian / both / c = 1.987",0.113000000000056,1,0.113000000000056,15
"vary_k",10000,14,7,"SVP Gaussian / none / c = 0.968",0.34699999999998,1,0.34699999999998,15
"vary_k",10000,14,8,"SVP Gaussian / both / c = 1.987",0.114000000000033,1,0.114000000000033,15
"vary_k",10000,14,8,"SVP Gaussian / right / c = 1.642",0.103999999999928,1,0.103999999999928,15
"vary_k",10000,14,8,"SVP Gaussian / none / c = 0.968",0.34699999999998,1,0.34699999999998,15
"vary_k",10000,14,9,"SVP Gaussian / none / c = 0.968",0.345000000000027,1,0.345000000000027,15
"vary_k",10000,14,9,"SVP Gaussian / both / c = 1.987",0.114000000000033,1,0.114000000000033,15
"vary_k",10000,14,9,"SVP Gaussian / right / c = 1.642",0.104000000000042,1,0.104000000000042,15
"vary_k",10000,14,10,"SVP Gaussian / both / c = 1.987",0.115000000000009,1,0.115000000000009,15
"vary_k",10000,14,10,"SVP Gaussian / right / c = 1.642",0.107000000000085,1,0.107000000000085,15
"vary_k",10000,14,10,"SVP Gaussian / none / c = 0.968",0.346000000000004,1,0.346000000000004,15
"vary_k",10000,14,11,"SVP Gaussian / none / c = 0.968",0.346000000000004,1,0.346000000000004,15
"vary_k",10000,14,11,"SVP Gaussian / right / c = 1.642",0.104000000000042,1,0.104000000000042,15
"vary_k",10000,14,11,"SVP Gaussian / both / c = 1.987",0.113000000000056,1,0.113000000000056,15
"vary_k",10000,14,12,"SVP Gaussian / both / c = 1.987",0.115000000000009,1,0.115000000000009,15
"vary_k",10000,14,12,"SVP Gaussian / none / c = 0.968",0.349000000000046,1,0.349000000000046,15
"vary_k",10000,14,12,"SVP Gaussian / right / c = 1.642",0.105999999999995,1,0.105999999999995,15
"vary_k",10000,15,1,"SVP Gaussian / none / c = 0.968",0.34699999999998,1,0.34699999999998,16
"vary_k",10000,15,1,"SVP Gaussian / right / c = 1.642",0.0990000000000464,1,0.0990000000000464,16
"vary_k",10000,15,1,"SVP Gaussian / both / c = 1.987",0.107000000000085,1,0.107000000000085,16
"vary_k",10000,15,2,"SVP Gaussian / none / c = 0.968",0.345000000000027,1,0.345000000000027,16
"vary_k",10000,15,2,"SVP Gaussian / both / c = 1.987",0.107999999999947,1,0.107999999999947,16
"vary_k",10000,15,2,"SVP Gaussian / right / c = 1.642",0.0989999999999327,1,0.0989999999999327,16
"vary_k",10000,15,3,"SVP Gaussian / both / c = 1.987",0.105999999999995,1,0.105999999999995,16
"vary_k",10000,15,3,"SVP Gaussian / right / c = 1.642",0.0979999999999563,1,0.0979999999999563,16
"vary_k",10000,15,3,"SVP Gaussian / none / c = 0.968",0.34699999999998,1,0.34699999999998,16
"vary_k",10000,15,4,"SVP Gaussian / none / c = 0.968",0.346000000000004,1,0.346000000000004,16
"vary_k",10000,15,4,"SVP Gaussian / right / c = 1.642",0.0940000000000509,1,0.0940000000000509,17
"vary_k",10000,15,4,"SVP Gaussian / both / c = 1.987",0.105000000000018,1,0.105000000000018,16
"vary_k",10000,15,5,"SVP Gaussian / both / c = 1.987",0.106999999999971,1,0.106999999999971,16
"vary_k",10000,15,5,"SVP Gaussian / right / c = 1.642",0.0979999999999563,1,0.0979999999999563,16
"vary_k",10000,15,5,"SVP Gaussian / none / c = 0.968",0.347999999999956,1,0.347999999999956,16
"vary_k",10000,15,6,"SVP Gaussian / none / c = 0.968",0.346000000000004,1,0.346000000000004,16
"vary_k",10000,15,6,"SVP Gaussian / both / c = 1.987",0.105999999999995,1,0.105999999999995,16
"vary_k",10000,15,6,"SVP Gaussian / right / c = 1.642",0.0979999999999563,1,0.0979999999999563,16
"vary_k",10000,15,7,"SVP Gaussian / both / c = 1.987",0.106999999999971,1,0.106999999999971,16
"vary_k",10000,15,7,"SVP Gaussian / right / c = 1.642",0.0990000000000464,1,0.0990000000000464,16
"vary_k",10000,15,7,"SVP Gaussian / none / c = 0.968",0.347000000000094,1,0.347000000000094,16
"vary_k",10000,15,8,"SVP Gaussian / none / c = 0.968",0.345000000000027,1,0.345000000000027,16
"vary_k",10000,15,8,"SVP Gaussian / both / c = 1.987",0.107000000000085,1,0.107000000000085,16
"vary_k",10000,15,8,"SVP Gaussian / right / c = 1.642",0.0970000000000937,1,0.0970000000000937,16
"vary_k",10000,15,9,"SVP Gaussian / right / c = 1.642",0.0990000000000464,1,0.0990000000000464,16
"vary_k",10000,15,9,"SVP Gaussian / none / c = 0.968",0.34800000000007,1,0.34800000000007,16
"vary_k",10000,15,9,"SVP Gaussian / both / c = 1.987",0.106999999999971,1,0.106999999999971,16
"vary_k",10000,15,10,"SVP Gaussian / right / c = 1.642",0.09800000000007,1,0.09800000000007,16
"vary_k",10000,15,10,"SVP Gaussian / both / c = 1.987",0.106000000000108,1,0.106000000000108,16
"vary_k",10000,15,10,"SVP Gaussian / none / c = 0.968",0.346000000000004,1,0.346000000000004,16
"vary_k",10000,15,11,"SVP Gaussian / right / c = 1.642",0.0990000000000464,1,0.0990000000000464,16
"vary_k",10000,15,11,"SVP Gaussian / both / c = 1.987",0.105999999999995,1,0.105999999999995,16
"vary_k",10000,15,11,"SVP Gaussian / none / c = 0.968",0.34699999999998,1,0.34699999999998,16
"vary_k",10000,15,12,"SVP Gaussian / right / c = 1.642",0.09800000000007,1,0.09800000000007,16
"vary_k",10000,15,12,"SVP Gaussian / none / c = 0.968",0.34699999999998,1,0.34699999999998,16
"vary_k",10000,15,12,"SVP Gaussian / both / c = 1.987",0.105999999999995,1,0.105999999999995,16
"vary_k",10000,16,1,"SVP Gaussian / none / c = 0.968",0.34699999999998,1,0.34699999999998,17
"vary_k",10000,16,1,"SVP Gaussian / right / c = 1.642",0.0919999999999845,1,0.0919999999999845,17
"vary_k",10000,16,1,"SVP Gaussian / both / c = 1.987",0.0989999999999327,1,0.0989999999999327,17
"vary_k",10000,16,2,"SVP Gaussian / right / c = 1.642",0.0919999999999845,1,0.0919999999999845,17
"vary_k",10000,16,2,"SVP Gaussian / both / c = 1.987",0.100000000000023,1,0.100000000000023,17
"vary_k",10000,16,2,"SVP Gaussian / none / c = 0.968",0.344999999999914,1,0.344999999999914,17
"vary_k",10000,16,3,"SVP Gaussian / none / c = 0.968",0.34800000000007,1,0.34800000000007,18
"vary_k",10000,16,3,"SVP Gaussian / right / c = 1.642",0.0930000000000746,1,0.0930000000000746,17
"vary_k",10000,16,3,"SVP Gaussian / both / c = 1.987",0.100999999999999,1,0.100999999999999,17
"vary_k",10000,16,4,"SVP Gaussian / right / c = 1.642",0.0910000000000082,1,0.0910000000000082,17
"vary_k",10000,16,4,"SVP Gaussian / none / c = 0.968",0.34699999999998,1,0.34699999999998,17
"vary_k",10000,16,4,"SVP Gaussian / both / c = 1.987",0.0989999999999327,1,0.0989999999999327,17
"vary_k",10000,16,5,"SVP Gaussian / both / c = 1.987",0.0979999999999563,1,0.0979999999999563,17
"vary_k",10000,16,5,"SVP Gaussian / right / c = 1.642",0.0919999999999845,1,0.0919999999999845,17
"vary_k",10000,16,5,"SVP Gaussian / none / c = 0.968",0.347999999999956,1,0.347999999999956,17
"vary_k",10000,16,6,"SVP Gaussian / none / c = 0.968",0.34699999999998,1,0.34699999999998,17
"vary_k",10000,16,6,"SVP Gaussian / both / c = 1.987",0.0989999999999327,1,0.0989999999999327,17
"vary_k",10000,16,6,"SVP Gaussian / right / c = 1.642",0.0910000000000082,1,0.0910000000000082,17
"vary_k",10000,16,7,"SVP Gaussian / both / c = 1.987",0.100999999999999,1,0.100999999999999,17
"vary_k",10000,16,7,"SVP Gaussian / none / c = 0.968",0.347999999999956,1,0.347999999999956,17
"vary_k",10000,16,7,"SVP Gaussian / right / c = 1.642",0.0940000000000509,1,0.0940000000000509,17
"vary_k",10000,16,8,"SVP Gaussian / right / c = 1.642",0.0930000000000746,1,0.0930000000000746,17
"vary_k",10000,16,8,"SVP Gaussian / both / c = 1.987",0.100999999999999,1,0.100999999999999,17
"vary_k",10000,16,8,"SVP Gaussian / none / c = 0.968",0.34699999999998,1,0.34699999999998,17
"vary_k",10000,16,9,"SVP Gaussian / right / c = 1.642",0.0929999999999609,1,0.0929999999999609,17
"vary_k",10000,16,9,"SVP Gaussian / both / c = 1.987",0.100000000000023,1,0.100000000000023,17
"vary_k",10000,16,9,"SVP Gaussian / none / c = 0.968",0.347999999999956,1,0.347999999999956,17
"vary_k",10000,16,10,"SVP Gaussian / both / c = 1.987",0.100999999999999,1,0.100999999999999,17
"vary_k",10000,16,10,"SVP Gaussian / none / c = 0.968",0.346000000000004,1,0.346000000000004,17
"vary_k",10000,16,10,"SVP Gaussian / right / c = 1.642",0.0939999999999372,1,0.0939999999999372,17
"vary_k",10000,16,11,"SVP Gaussian / both / c = 1.987",0.0990000000000464,1,0.0990000000000464,17
"vary_k",10000,16,11,"SVP Gaussian / none / c = 0.968",0.350000000000023,1,0.350000000000023,17
"vary_k",10000,16,11,"SVP Gaussian / right / c = 1.642",0.0919999999999845,1,0.0919999999999845,17
"vary_k",10000,16,12,"SVP Gaussian / both / c = 1.987",0.09800000000007,1,0.09800000000007,17
"vary_k",10000,16,12,"SVP Gaussian / none / c = 0.968",0.34800000000007,1,0.34800000000007,17
"vary_k",10000,16,12,"SVP Gaussian / right / c = 1.642",0.0920000000000982,1,0.0920000000000982,17
"vary_k",10000,17,1,"SVP Gaussian / both / c = 1.987",0.0930000000000746,1,0.0930000000000746,18
"vary_k",10000,17,1,"SVP Gaussian / right / c = 1.642",0.0860000000000127,1,0.0860000000000127,18
"vary_k",10000,17,1,"SVP Gaussian / none / c = 0.968",0.349000000000046,1,0.349000000000046,18
"vary_k",10000,17,2,"SVP Gaussian / both / c = 1.987",0.0949999999999136,1,0.0949999999999136,18
"vary_k",10000,17,2,"SVP Gaussian / none / c = 0.968",0.34699999999998,1,0.34699999999998,18
"vary_k",10000,17,2,"SVP Gaussian / right / c = 1.642",0.0879999999999654,1,0.0879999999999654,18
"vary_k",10000,17,3,"SVP Gaussian / none / c = 0.968",0.34699999999998,1,0.34699999999998,18
"vary_k",10000,17,3,"SVP Gaussian / both / c = 1.987",0.0929999999999609,1,0.0929999999999609,18
"vary_k",10000,17,3,"SVP Gaussian / right / c = 1.642",0.0860000000000127,1,0.0860000000000127,18
"vary_k",10000,17,4,"SVP Gaussian / none / c = 0.968",0.346000000000004,1,0.346000000000004,18
"vary_k",10000,17,4,"SVP Gaussian / right / c = 1.642",0.0869999999999891,1,0.0869999999999891,18
"vary_k",10000,17,4,"SVP Gaussian / both / c = 1.987",0.0930000000000746,1,0.0930000000000746,18
"vary_k",10000,17,5,"SVP Gaussian / right / c = 1.642",0.0860000000000127,1,0.0860000000000127,18
"vary_k",10000,17,5,"SVP Gaussian / both / c = 1.987",0.0919999999999845,1,0.0919999999999845,18
"vary_k",10000,17,5,"SVP Gaussian / none / c = 0.968",0.34699999999998,1,0.34699999999998,18
"vary_k",10000,17,6,"SVP Gaussian / both / c = 1.987",0.0930000000000746,1,0.0930000000000746,18
"vary_k",10000,17,6,"SVP Gaussian / right / c = 1.642",0.0860000000000127,1,0.0860000000000127,18
"vary_k",10000,17,6,"SVP Gaussian / none / c = 0.968",0.351999999999975,1,0.351999999999975,18
"vary_k",10000,17,7,"SVP Gaussian / both / c = 1.987",0.0929999999999609,1,0.0929999999999609,18
"vary_k",10000,17,7,"SVP Gaussian / right / c = 1.642",0.0860000000000127,1,0.0860000000000127,18
"vary_k",10000,17,7,"SVP Gaussian / none / c = 0.968",0.34800000000007,1,0.34800000000007,18
"vary_k",10000,17,8,"SVP Gaussian / none / c = 0.968",0.347999999999956,1,0.347999999999956,18
"vary_k",10000,17,8,"SVP Gaussian / both / c = 1.987",0.0950000000000273,1,0.0950000000000273,18
"vary_k",10000,17,8,"SVP Gaussian / right / c = 1.642",0.0880000000000791,1,0.0880000000000791,18
"vary_k",10000,17,9,"SVP Gaussian / right / c = 1.642",0.0880000000000791,1,0.0880000000000791,18
"vary_k",10000,17,9,"SVP Gaussian / none / c = 0.968",0.346000000000004,1,0.346000000000004,18
"vary_k",10000,17,9,"SVP Gaussian / both / c = 1.987",0.09699999999998,1,0.09699999999998,18
"vary_k",10000,17,10,"SVP Gaussian / both / c = 1.987",0.0939999999999372,1,0.0939999999999372,18
"vary_k",10000,17,10,"SVP Gaussian / none / c = 0.968",0.346000000000004,1,0.346000000000004,18
"vary_k",10000,17,10,"SVP Gaussian / right / c = 1.642",0.0869999999999891,1,0.0869999999999891,18
"vary_k",10000,17,11,"SVP Gaussian / both / c = 1.987",0.0939999999999372,1,0.0939999999999372,18
"vary_k",10000,17,11,"SVP Gaussian / right / c = 1.642",0.0879999999999654,1,0.0879999999999654,18
"vary_k",10000,17,11,"SVP Gaussian / none / c = 0.968",0.34800000000007,1,0.34800000000007,18
"vary_k",10000,17,12,"SVP Gaussian / right / c = 1.642",0.0880000000000791,1,0.0880000000000791,18
"vary_k",10000,17,12,"SVP Gaussian / both / c = 1.987",0.0940000000000509,1,0.0940000000000509,18
"vary_k",10000,17,12,"SVP Gaussian / none / c = 0.968",0.34699999999998,1,0.34699999999998,18
"vary_k",10000,18,1,"SVP Gaussian / both / c = 1.987",0.0890000000000555,1,0.0890000000000555,19
"vary_k",10000,18,1,"SVP Gaussian / right / c = 1.642",0.0830000000000837,1,0.0830000000000837,19
"vary_k",10000,18,1,"SVP Gaussian / none / c = 0.968",0.34800000000007,1,0.34800000000007,19
"vary_k",10000,18,2,"SVP Gaussian / both / c = 1.987",0.0879999999999654,1,0.0879999999999654,19
"vary_k",10000,18,2,"SVP Gaussian / none / c = 0.968",0.34699999999998,1,0.34699999999998,19
"vary_k",10000,18,2,"SVP Gaussian / right / c = 1.642",0.08299999999997,1,0.08299999999997,19
"vary_k",10000,18,3,"SVP Gaussian / none / c = 0.968",0.348999999999933,1,0.348999999999933,19
"vary_k",10000,18,3,"SVP Gaussian / right / c = 1.642",0.0800000000000409,1,0.0800000000000409,19
"vary_k",10000,18,3,"SVP Gaussian / both / c = 1.987",0.0880000000000791,1,0.0880000000000791,19
"vary_k",10000,18,4,"SVP Gaussian / both / c = 1.987",0.0880000000000791,1,0.0880000000000791,19
"vary_k",10000,18,4,"SVP Gaussian / none / c = 0.968",0.350000000000023,1,0.350000000000023,19
"vary_k",10000,18,4,"SVP Gaussian / right / c = 1.642",0.08299999999997,1,0.08299999999997,19
"vary_k",10000,18,5,"SVP Gaussian / both / c = 1.987",0.0879999999999654,1,0.0879999999999654,19
"vary_k",10000,18,5,"SVP Gaussian / right / c = 1.642",0.0819999999999936,1,0.0819999999999936,19
"vary_k",10000,18,5,"SVP Gaussian / none / c = 0.968",0.34699999999998,1,0.34699999999998,19
"vary_k",10000,18,6,"SVP Gaussian / right / c = 1.642",0.0819999999999936,1,0.0819999999999936,19
"vary_k",10000,18,6,"SVP Gaussian / none / c = 0.968",0.34800000000007,1,0.34800000000007,19
"vary_k",10000,18,6,"SVP Gaussian / both / c = 1.987",0.0880000000000791,1,0.0880000000000791,19
"vary_k",10000,18,7,"SVP Gaussian / none / c = 0.968",0.34800000000007,1,0.34800000000007,19
"vary_k",10000,18,7,"SVP Gaussian / right / c = 1.642",0.08299999999997,1,0.08299999999997,19
"vary_k",10000,18,7,"SVP Gaussian / both / c = 1.987",0.0889999999999418,1,0.0889999999999418,19
"vary_k",10000,18,8,"SVP Gaussian / both / c = 1.987",0.0879999999999654,1,0.0879999999999654,19
"vary_k",10000,18,8,"SVP Gaussian / none / c = 0.968",0.34699999999998,1,0.34699999999998,19
"vary_k",10000,18,8,"SVP Gaussian / right / c = 1.642",0.08400000000006,1,0.08400000000006,19
"vary_k",10000,18,9,"SVP Gaussian / both / c = 1.987",0.0880000000000791,1,0.0880000000000791,19
"vary_k",10000,18,9,"SVP Gaussian / right / c = 1.642",0.0810000000000173,1,0.0810000000000173,19
"vary_k",10000,18,9,"SVP Gaussian / none / c = 0.968",0.34699999999998,1,0.34699999999998,19
"vary_k",10000,18,10,"SVP Gaussian / both / c = 1.987",0.0879999999999654,1,0.0879999999999654,19
"vary_k",10000,18,10,"SVP Gaussian / right / c = 1.642",0.0819999999999936,1,0.0819999999999936,19
"vary_k",10000,18,10,"SVP Gaussian / none / c = 0.968",0.346000000000004,1,0.346000000000004,19
"vary_k",10000,18,11,"SVP Gaussian / none / c = 0.968",0.348999999999933,1,0.348999999999933,19
"vary_k",10000,18,11,"SVP Gaussian / both / c = 1.987",0.0899999999999181,1,0.0899999999999181,19
"vary_k",10000,18,11,"SVP Gaussian / right / c = 1.642",0.08299999999997,1,0.08299999999997,19
"vary_k",10000,18,12,"SVP Gaussian / both / c = 1.987",0.0890000000000555,1,0.0890000000000555,19
"vary_k",10000,18,12,"SVP Gaussian / right / c = 1.642",0.08400000000006,1,0.08400000000006,19
"vary_k",10000,18,12,"SVP Gaussian / none / c = 0.968",0.34800000000007,1,0.34800000000007,19
"vary_k",10000,19,1,"SVP Gaussian / none / c = 0.968",0.347999999999956,1,0.347999999999956,20
"vary_k",10000,19,1,"SVP Gaussian / both / c = 1.987",0.08400000000006,1,0.08400000000006,20
"vary_k",10000,19,1,"SVP Gaussian / right / c = 1.642",0.0780000000000882,1,0.0780000000000882,20
"vary_k",10000,19,2,"SVP Gaussian / both / c = 1.987",0.0830000000000837,1,0.0830000000000837,20
"vary_k",10000,19,2,"SVP Gaussian / none / c = 0.968",0.349000000000046,1,0.349000000000046,20
"vary_k",10000,19,2,"SVP Gaussian / right / c = 1.642",0.0779999999999745,1,0.0779999999999745,20
"vary_k",10000,19,3,"SVP Gaussian / right / c = 1.642",0.0780000000000882,1,0.0780000000000882,20
"vary_k",10000,19,3,"SVP Gaussian / none / c = 0.968",0.34800000000007,1,0.34800000000007,20
"vary_k",10000,19,3,"SVP Gaussian / both / c = 1.987",0.08299999999997,1,0.08299999999997,20
"vary_k",10000,19,4,"SVP Gaussian / none / c = 0.968",0.34699999999998,1,0.34699999999998,20
"vary_k",10000,19,4,"SVP Gaussian / both / c = 1.987",0.08400000000006,1,0.08400000000006,20
"vary_k",10000,19,4,"SVP Gaussian / right / c = 1.642",0.0779999999999745,1,0.0779999999999745,20
"vary_k",10000,19,5,"SVP Gaussian / none / c = 0.968",0.344000000000051,1,0.344000000000051,20
"vary_k",10000,19,5,"SVP Gaussian / right / c = 1.642",0.0779999999999745,1,0.0779999999999745,20
"vary_k",10000,19,5,"SVP Gaussian / both / c = 1.987",0.08299999999997,1,0.08299999999997,20
"vary_k",10000,19,6,"SVP Gaussian / right / c = 1.642",0.0769999999999982,1,0.0769999999999982,20
"vary_k",10000,19,6,"SVP Gaussian / both / c = 1.987",0.0839999999999463,1,0.0839999999999463,20
"vary_k",10000,19,6,"SVP Gaussian / none / c = 0.968",0.349000000000046,1,0.349000000000046,20
"vary_k",10000,19,7,"SVP Gaussian / both / c = 1.987",0.0839999999999463,1,0.0839999999999463,20
"vary_k",10000,19,7,"SVP Gaussian / right / c = 1.642",0.0779999999999745,1,0.0779999999999745,20
"vary_k",10000,19,7,"SVP Gaussian / none / c = 0.968",0.346000000000004,1,0.346000000000004,20
"vary_k",10000,19,8,"SVP Gaussian / none / c = 0.968",0.34699999999998,1,0.34699999999998,20
"vary_k",10000,19,8,"SVP Gaussian / right / c = 1.642",0.0780000000000882,1,0.0780000000000882,20
"vary_k",10000,19,8,"SVP Gaussian / both / c = 1.987",0.08400000000006,1,0.08400000000006,20
"vary_k",10000,19,9,"SVP Gaussian / right / c = 1.642",0.0769999999999982,1,0.0769999999999982,20
"vary_k",10000,19,9,"SVP Gaussian / none / c = 0.968",0.346000000000004,1,0.346000000000004,20
"vary_k",10000,19,9,"SVP Gaussian / both / c = 1.987",0.08299999999997,1,0.08299999999997,20
"vary_k",10000,19,10,"SVP Gaussian / none / c = 0.968",0.34699999999998,1,0.34699999999998,20
"vary_k",10000,19,10,"SVP Gaussian / both / c = 1.987",0.08299999999997,1,0.08299999999997,20
"vary_k",10000,19,10,"SVP Gaussian / right / c = 1.642",0.0759999999999081,1,0.0759999999999081,20
"vary_k",10000,19,11,"SVP Gaussian / right / c = 1.642",0.0779999999999745,1,0.0779999999999745,20
"vary_k",10000,19,11,"SVP Gaussian / both / c = 1.987",0.08400000000006,1,0.08400000000006,20
"vary_k",10000,19,11,"SVP Gaussian / none / c = 0.968",0.34699999999998,1,0.34699999999998,20
"vary_k",10000,19,12,"SVP Gaussian / both / c = 1.987",0.08299999999997,1,0.08299999999997,20
"vary_k",10000,19,12,"SVP Gaussian / right / c = 1.642",0.0760000000000218,1,0.0760000000000218,20
"vary_k",10000,19,12,"SVP Gaussian / none / c = 0.968",0.349000000000046,1,0.349000000000046,20
"vary_k",10000,20,1,"SVP Gaussian / right / c = 1.642",0.0729999999999791,1,0.0729999999999791,21
"vary_k",10000,20,1,"SVP Gaussian / both / c = 1.987",0.0789999999999509,1,0.0789999999999509,21
"vary_k",10000,20,1,"SVP Gaussian / none / c = 0.968",0.347999999999956,1,0.347999999999956,21
"vary_k",10000,20,2,"SVP Gaussian / right / c = 1.642",0.0739999999999554,1,0.0739999999999554,21
"vary_k",10000,20,2,"SVP Gaussian / none / c = 0.968",0.350999999999999,1,0.350999999999999,21
"vary_k",10000,20,2,"SVP Gaussian / both / c = 1.987",0.0789999999999509,1,0.0789999999999509,21
"vary_k",10000,20,3,"SVP Gaussian / none / c = 0.968",0.349999999999909,1,0.349999999999909,21
"vary_k",10000,20,3,"SVP Gaussian / right / c = 1.642",0.0739999999999554,1,0.0739999999999554,21
"vary_k",10000,20,3,"SVP Gaussian / both / c = 1.987",0.0789999999999509,1,0.0789999999999509,21
"vary_k",10000,20,4,"SVP Gaussian / none / c = 0.968",0.346000000000004,1,0.346000000000004,21
"vary_k",10000,20,4,"SVP Gaussian / right / c = 1.642",0.0739999999999554,1,0.0739999999999554,21
"vary_k",10000,20,4,"SVP Gaussian / both / c = 1.987",0.0800000000000409,1,0.0800000000000409,21
"vary_k",10000,20,5,"SVP Gaussian / both / c = 1.987",0.0790000000000646,1,0.0790000000000646,21
"vary_k",10000,20,5,"SVP Gaussian / none / c = 0.968",0.346000000000004,1,0.346000000000004,21
"vary_k",10000,20,5,"SVP Gaussian / right / c = 1.642",0.0740000000000691,1,0.0740000000000691,21
"vary_k",10000,20,6,"SVP Gaussian / right / c = 1.642",0.0750000000000455,1,0.0750000000000455,21
"vary_k",10000,20,6,"SVP Gaussian / both / c = 1.987",0.0799999999999272,1,0.0799999999999272,21
"vary_k",10000,20,6,"SVP Gaussian / none / c = 0.968",0.34699999999998,1,0.34699999999998,21
"vary_k",10000,20,7,"SVP Gaussian / right / c = 1.642",0.0729999999999791,1,0.0729999999999791,21
"vary_k",10000,20,7,"SVP Gaussian / none / c = 0.968",0.349000000000046,1,0.349000000000046,21
"vary_k",10000,20,7,"SVP Gaussian / both / c = 1.987",0.0780000000000882,1,0.0780000000000882,21
"vary_k",10000,20,8,"SVP Gaussian / none / c = 0.968",0.350999999999999,1,0.350999999999999,21
"vary_k",10000,20,8,"SVP Gaussian / both / c = 1.987",0.0799999999999272,1,0.0799999999999272,21
"vary_k",10000,20,8,"SVP Gaussian / right / c = 1.642",0.0750000000000455,1,0.0750000000000455,21
"vary_k",10000,20,9,"SVP Gaussian / none / c = 0.968",0.34699999999998,1,0.34699999999998,22
"vary_k",10000,20,9,"SVP Gaussian / right / c = 1.642",0.0740000000000691,1,0.0740000000000691,22
"vary_k",10000,20,9,"SVP Gaussian / both / c = 1.987",0.0800000000000409,1,0.0800000000000409,21
"vary_k",10000,20,10,"SVP Gaussian / right / c = 1.642",0.0729999999999791,1,0.0729999999999791,21
"vary_k",10000,20,10,"SVP Gaussian / none / c = 0.968",0.349000000000046,1,0.349000000000046,21
"vary_k",10000,20,10,"SVP Gaussian / both / c = 1.987",0.0789999999999509,1,0.0789999999999509,21
"vary_k",10000,20,11,"SVP Gaussian / none / c = 0.968",0.348999999999933,1,0.348999999999933,21
"vary_k",10000,20,11,"SVP Gaussian / right / c = 1.642",0.0749999999999318,1,0.0749999999999318,21
"vary_k",10000,20,11,"SVP Gaussian / both / c = 1.987",0.0800000000000409,1,0.0800000000000409,21
"vary_k",10000,20,12,"SVP Gaussian / right / c = 1.642",0.0750000000000455,1,0.0750000000000455,21
"vary_k",10000,20,12,"SVP Gaussian / both / c = 1.987",0.0789999999999509,1,0.0789999999999509,21
"vary_k",10000,20,12,"SVP Gaussian / none / c = 0.968",0.34699999999998,1,0.34699999999998,21
"vary_k",10000,21,1,"SVP Gaussian / both / c = 1.987",0.117999999999938,1,0.117999999999938,22
"vary_k",10000,21,1,"SVP Gaussian / none / c = 0.968",0.352999999999952,1,0.352999999999952,22
"vary_k",10000,21,1,"SVP Gaussian / right / c = 1.642",0.07000000000005,1,0.07000000000005,22
"vary_k",10000,21,2,"SVP Gaussian / none / c = 0.968",0.348999999999933,1,0.348999999999933,22
"vary_k",10000,21,2,"SVP Gaussian / both / c = 1.987",0.0750000000000455,1,0.0750000000000455,22
"vary_k",10000,21,2,"SVP Gaussian / right / c = 1.642",0.0699999999999363,1,0.0699999999999363,22
"vary_k",10000,21,3,"SVP Gaussian / right / c = 1.642",0.0720000000000027,1,0.0720000000000027,22
"vary_k",10000,21,3,"SVP Gaussian / none / c = 0.968",0.351999999999975,1,0.351999999999975,22
"vary_k",10000,21,3,"SVP Gaussian / both / c = 1.987",0.0769999999999982,1,0.0769999999999982,22
"vary_k",10000,21,4,"SVP Gaussian / both / c = 1.987",0.0740000000000691,1,0.0740000000000691,22
"vary_k",10000,21,4,"SVP Gaussian / none / c = 0.968",0.34699999999998,1,0.34699999999998,22
"vary_k",10000,21,4,"SVP Gaussian / right / c = 1.642",0.06899999999996,1,0.06899999999996,22
"vary_k",10000,21,5,"SVP Gaussian / both / c = 1.987",0.0760000000000218,1,0.0760000000000218,22
"vary_k",10000,21,5,"SVP Gaussian / none / c = 0.968",0.349999999999909,1,0.349999999999909,22
"vary_k",10000,21,5,"SVP Gaussian / right / c = 1.642",0.0710000000000264,1,0.0710000000000264,22
"vary_k",10000,21,6,"SVP Gaussian / right / c = 1.642",0.0699999999999363,1,0.0699999999999363,22
"vary_k",10000,21,6,"SVP Gaussian / none / c = 0.968",0.34699999999998,1,0.34699999999998,22
"vary_k",10000,21,6,"SVP Gaussian / both / c = 1.987",0.0739999999999554,1,0.0739999999999554,22
"vary_k",10000,21,7,"SVP Gaussian / right / c = 1.642",0.0690000000000737,1,0.0690000000000737,22
"vary_k",10000,21,7,"SVP Gaussian / none / c = 0.968",0.348999999999933,1,0.348999999999933,22
"vary_k",10000,21,7,"SVP Gaussian / both / c = 1.987",0.0750000000000455,1,0.0750000000000455,22
"vary_k",10000,21,8,"SVP Gaussian / both / c = 1.987",0.0749999999999318,1,0.0749999999999318,22
"vary_k",10000,21,8,"SVP Gaussian / none / c = 0.968",0.348999999999933,1,0.348999999999933,22
"vary_k",10000,21,8,"SVP Gaussian / right / c = 1.642",0.0710000000000264,1,0.0710000000000264,22
"vary_k",10000,21,9,"SVP Gaussian / none / c = 0.968",0.349999999999909,1,0.349999999999909,22
"vary_k",10000,21,9,"SVP Gaussian / both / c = 1.987",0.0750000000000455,1,0.0750000000000455,22
"vary_k",10000,21,9,"SVP Gaussian / right / c = 1.642",0.0720000000000027,1,0.0720000000000027,22
"vary_k",10000,21,10,"SVP Gaussian / right / c = 1.642",0.0709999999999127,1,0.0709999999999127,22
"vary_k",10000,21,10,"SVP Gaussian / none / c = 0.968",0.347999999999956,1,0.347999999999956,22
"vary_k",10000,21,10,"SVP Gaussian / both / c = 1.987",0.0750000000000455,1,0.0750000000000455,22
"vary_k",10000,21,11,"SVP Gaussian / both / c = 1.987",0.0750000000000455,1,0.0750000000000455,22
"vary_k",10000,21,11,"SVP Gaussian / none / c = 0.968",0.347999999999956,1,0.347999999999956,22
"vary_k",10000,21,11,"SVP Gaussian / right / c = 1.642",0.07000000000005,1,0.07000000000005,22
"vary_k",10000,21,12,"SVP Gaussian / right / c = 1.642",0.07000000000005,1,0.07000000000005,22
"vary_k",10000,21,12,"SVP Gaussian / none / c = 0.968",0.347999999999956,1,0.347999999999956,22
"vary_k",10000,21,12,"SVP Gaussian / both / c = 1.987",0.0760000000000218,1,0.0760000000000218,22
"vary_k",10000,22,1,"SVP Gaussian / none / c = 0.968",0.350000000000023,1,0.350000000000023,23
"vary_k",10000,22,1,"SVP Gaussian / both / c = 1.987",0.0709999999999127,1,0.0709999999999127,23
"vary_k",10000,22,1,"SVP Gaussian / right / c = 1.642",0.0660000000000309,1,0.0660000000000309,23
"vary_k",10000,22,2,"SVP Gaussian / both / c = 1.987",0.0720000000000027,1,0.0720000000000027,23
"vary_k",10000,22,2,"SVP Gaussian / right / c = 1.642",0.0679999999999836,1,0.0679999999999836,23
"vary_k",10000,22,2,"SVP Gaussian / none / c = 0.968",0.349000000000046,1,0.349000000000046,23
"vary_k",10000,22,3,"SVP Gaussian / none / c = 0.968",0.34699999999998,1,0.34699999999998,23
"vary_k",10000,22,3,"SVP Gaussian / right / c = 1.642",0.0660000000000309,1,0.0660000000000309,23
"vary_k",10000,22,3,"SVP Gaussian / both / c = 1.987",0.0710000000000264,1,0.0710000000000264,23
"vary_k",10000,22,4,"SVP Gaussian / both / c = 1.987",0.0720000000000027,1,0.0720000000000027,23
"vary_k",10000,22,4,"SVP Gaussian / right / c = 1.642",0.0670000000000073,1,0.0670000000000073,23
"vary_k",10000,22,4,"SVP Gaussian / none / c = 0.968",0.346000000000004,1,0.346000000000004,23
"vary_k",10000,22,5,"SVP Gaussian / none / c = 0.968",0.348999999999933,1,0.348999999999933,24
"vary_k",10000,22,5,"SVP Gaussian / both / c = 1.987",0.0720000000000027,1,0.0720000000000027,23
"vary_k",10000,22,5,"SVP Gaussian / right / c = 1.642",0.0679999999999836,1,0.0679999999999836,23
"vary_k",10000,22,6,"SVP Gaussian / none / c = 0.968",0.349000000000046,1,0.349000000000046,23
"vary_k",10000,22,6,"SVP Gaussian / right / c = 1.642",0.0679999999999836,1,0.0679999999999836,23
"vary_k",10000,22,6,"SVP Gaussian / both / c = 1.987",0.0720000000000027,1,0.0720000000000027,23
"vary_k",10000,22,7,"SVP Gaussian / both / c = 1.987",0.0720000000000027,1,0.0720000000000027,23
"vary_k",10000,22,7,"SVP Gaussian / none / c = 0.968",0.34800000000007,1,0.34800000000007,23
"vary_k",10000,22,7,"SVP Gaussian / right / c = 1.642",0.0679999999999836,1,0.0679999999999836,23
"vary_k",10000,22,8,"SVP Gaussian / none / c = 0.968",0.346000000000004,1,0.346000000000004,23
"vary_k",10000,22,8,"SVP Gaussian / both / c = 1.987",0.0739999999999554,1,0.0739999999999554,23
"vary_k",10000,22,8,"SVP Gaussian / right / c = 1.642",0.07000000000005,1,0.07000000000005,23
"vary_k",10000,22,9,"SVP Gaussian / none / c = 0.968",0.347999999999956,1,0.347999999999956,24
"vary_k",10000,22,9,"SVP Gaussian / both / c = 1.987",0.0710000000000264,1,0.0710000000000264,23
"vary_k",10000,22,9,"SVP Gaussian / right / c = 1.642",0.0670000000000073,1,0.0670000000000073,23
"vary_k",10000,22,10,"SVP Gaussian / both / c = 1.987",0.0710000000000264,1,0.0710000000000264,23
"vary_k",10000,22,10,"SVP Gaussian / none / c = 0.968",0.347999999999956,1,0.347999999999956,23
"vary_k",10000,22,10,"SVP Gaussian / right / c = 1.642",0.0670000000000073,1,0.0670000000000073,23
"vary_k",10000,22,11,"SVP Gaussian / both / c = 1.987",0.0710000000000264,1,0.0710000000000264,23
"vary_k",10000,22,11,"SVP Gaussian / right / c = 1.642",0.0670000000000073,1,0.0670000000000073,23
"vary_k",10000,22,11,"SVP Gaussian / none / c = 0.968",0.348999999999933,1,0.348999999999933,23
"vary_k",10000,22,12,"SVP Gaussian / none / c = 0.968",0.34800000000007,1,0.34800000000007,23
"vary_k",10000,22,12,"SVP Gaussian / both / c = 1.987",0.0729999999999791,1,0.0729999999999791,23
"vary_k",10000,22,12,"SVP Gaussian / right / c = 1.642",0.0690000000000737,1,0.0690000000000737,23
"vary_k",10000,23,1,"SVP Gaussian / right / c = 1.642",0.0639999999999645,1,0.0639999999999645,24
"vary_k",10000,23,1,"SVP Gaussian / both / c = 1.987",0.0679999999999836,1,0.0679999999999836,24
"vary_k",10000,23,1,"SVP Gaussian / none / c = 0.968",0.349000000000046,1,0.349000000000046,24
"vary_k",10000,23,2,"SVP Gaussian / right / c = 1.642",0.0639999999999645,1,0.0639999999999645,24
"vary_k",10000,23,2,"SVP Gaussian / both / c = 1.987",0.07000000000005,1,0.07000000000005,24
"vary_k",10000,23,2,"SVP Gaussian / none / c = 0.968",0.34699999999998,1,0.34699999999998,24
"vary_k",10000,23,3,"SVP Gaussian / both / c = 1.987",0.0679999999999836,1,0.0679999999999836,24
"vary_k",10000,23,3,"SVP Gaussian / none / c = 0.968",0.347999999999956,1,0.347999999999956,24
"vary_k",10000,23,3,"SVP Gaussian / right / c = 1.642",0.0639999999999645,1,0.0639999999999645,24
"vary_k",10000,23,4,"SVP Gaussian / right / c = 1.642",0.0650000000000546,1,0.0650000000000546,24
"vary_k",10000,23,4,"SVP Gaussian / both / c = 1.987",0.07000000000005,1,0.07000000000005,24
"vary_k",10000,23,4,"SVP Gaussian / none / c = 0.968",0.347999999999956,1,0.347999999999956,24
"vary_k",10000,23,5,"SVP Gaussian / none / c = 0.968",0.350999999999999,1,0.350999999999999,24
"vary_k",10000,23,5,"SVP Gaussian / right / c = 1.642",0.0650000000000546,1,0.0650000000000546,24
"vary_k",10000,23,5,"SVP Gaussian / both / c = 1.987",0.06899999999996,1,0.06899999999996,24
"vary_k",10000,23,6,"SVP Gaussian / right / c = 1.642",0.0639999999999645,1,0.0639999999999645,24
"vary_k",10000,23,6,"SVP Gaussian / none / c = 0.968",0.34699999999998,1,0.34699999999998,24
"vary_k",10000,23,6,"SVP Gaussian / both / c = 1.987",0.0679999999999836,1,0.0679999999999836,24
"vary_k",10000,23,7,"SVP Gaussian / right / c = 1.642",0.0650000000000546,1,0.0650000000000546,24
"vary_k",10000,23,7,"SVP Gaussian / none / c = 0.968",0.347000000000094,1,0.347000000000094,24
"vary_k",10000,23,7,"SVP Gaussian / both / c = 1.987",0.0690000000000737,1,0.0690000000000737,24
"vary_k",10000,23,8,"SVP Gaussian / right / c = 1.642",0.0650000000000546,1,0.0650000000000546,24
"vary_k",10000,23,8,"SVP Gaussian / both / c = 1.987",0.0690000000000737,1,0.0690000000000737,24
"vary_k",10000,23,8,"SVP Gaussian / none / c = 0.968",0.347000000000094,1,0.347000000000094,24
"vary_k",10000,23,9,"SVP Gaussian / none / c = 0.968",0.350000000000023,1,0.350000000000023,24
"vary_k",10000,23,9,"SVP Gaussian / right / c = 1.642",0.0649999999999409,1,0.0649999999999409,24
"vary_k",10000,23,9,"SVP Gaussian / both / c = 1.987",0.06899999999996,1,0.06899999999996,24
"vary_k",10000,23,10,"SVP Gaussian / right / c = 1.642",0.0650000000000546,1,0.0650000000000546,24
"vary_k",10000,23,10,"SVP Gaussian / none / c = 0.968",0.350000000000023,1,0.350000000000023,24
"vary_k",10000,23,10,"SVP Gaussian / both / c = 1.987",0.0709999999999127,1,0.0709999999999127,24
"vary_k",10000,23,11,"SVP Gaussian / both / c = 1.987",0.0679999999999836,1,0.0679999999999836,24
"vary_k",10000,23,11,"SVP Gaussian / right / c = 1.642",0.0639999999999645,1,0.0639999999999645,24
"vary_k",10000,23,11,"SVP Gaussian / none / c = 0.968",0.34699999999998,1,0.34699999999998,24
"vary_k",10000,23,12,"SVP Gaussian / right / c = 1.642",0.0649999999999409,1,0.0649999999999409,24
"vary_k",10000,23,12,"SVP Gaussian / none / c = 0.968",0.349000000000046,1,0.349000000000046,24
"vary_k",10000,23,12,"SVP Gaussian / both / c = 1.987",0.0679999999999836,1,0.0679999999999836,24
"vary_k",10000,24,1,"SVP Gaussian / none / c = 0.968",0.348999999999933,1,0.348999999999933,25
"vary_k",10000,24,1,"SVP Gaussian / right / c = 1.642",0.0620000000000118,1,0.0620000000000118,25
"vary_k",10000,24,1,"SVP Gaussian / both / c = 1.987",0.0660000000000309,1,0.0660000000000309,25
"vary_k",10000,24,2,"SVP Gaussian / right / c = 1.642",0.0610000000000355,1,0.0610000000000355,25
"vary_k",10000,24,2,"SVP Gaussian / none / c = 0.968",0.349000000000046,1,0.349000000000046,25
"vary_k",10000,24,2,"SVP Gaussian / both / c = 1.987",0.0650000000000546,1,0.0650000000000546,25
"vary_k",10000,24,3,"SVP Gaussian / right / c = 1.642",0.0620000000000118,1,0.0620000000000118,25
"vary_k",10000,24,3,"SVP Gaussian / none / c = 0.968",0.349000000000046,1,0.349000000000046,26
"vary_k",10000,24,3,"SVP Gaussian / both / c = 1.987",0.0659999999999172,1,0.0659999999999172,25
"vary_k",10000,24,4,"SVP Gaussian / both / c = 1.987",0.0649999999999409,1,0.0649999999999409,25
"vary_k",10000,24,4,"SVP Gaussian / none / c = 0.968",0.349000000000046,1,0.349000000000046,25
"vary_k",10000,24,4,"SVP Gaussian / right / c = 1.642",0.0620000000000118,1,0.0620000000000118,25
"vary_k",10000,24,5,"SVP Gaussian / right / c = 1.642",0.0620000000000118,1,0.0620000000000118,25
"vary_k",10000,24,5,"SVP Gaussian / none / c = 0.968",0.347999999999956,1,0.347999999999956,25
"vary_k",10000,24,5,"SVP Gaussian / both / c = 1.987",0.0670000000000073,1,0.0670000000000073,25
"vary_k",10000,24,6,"SVP Gaussian / none / c = 0.968",0.34699999999998,1,0.34699999999998,25
"vary_k",10000,24,6,"SVP Gaussian / right / c = 1.642",0.0620000000000118,1,0.0620000000000118,25
"vary_k",10000,24,6,"SVP Gaussian / both / c = 1.987",0.0659999999999172,1,0.0659999999999172,25
"vary_k",10000,24,7,"SVP Gaussian / none / c = 0.968",0.349000000000046,1,0.349000000000046,25
"vary_k",10000,24,7,"SVP Gaussian / both / c = 1.987",0.0660000000000309,1,0.0660000000000309,25
"vary_k",10000,24,7,"SVP Gaussian / right / c = 1.642",0.0610000000000355,1,0.0610000000000355,25
"vary_k",10000,24,8,"SVP Gaussian / right / c = 1.642",0.0610000000000355,1,0.0610000000000355,25
"vary_k",10000,24,8,"SVP Gaussian / none / c = 0.968",0.34699999999998,1,0.34699999999998,25
"vary_k",10000,24,8,"SVP Gaussian / both / c = 1.987",0.0649999999999409,1,0.0649999999999409,25
"vary_k",10000,24,9,"SVP Gaussian / right / c = 1.642",0.0629999999999882,1,0.0629999999999882,25
"vary_k",10000,24,9,"SVP Gaussian / both / c = 1.987",0.0650000000000546,1,0.0650000000000546,25
"vary_k",10000,24,9,"SVP Gaussian / none / c = 0.968",0.349000000000046,1,0.349000000000046,25
"vary_k",10000,24,10,"SVP Gaussian / both / c = 1.987",0.0659999999999172,1,0.0659999999999172,25
"vary_k",10000,24,10,"SVP Gaussian / none / c = 0.968",0.347999999999956,1,0.347999999999956,25
"vary_k",10000,24,10,"SVP Gaussian / right / c = 1.642",0.0620000000000118,1,0.0620000000000118,25
"vary_k",10000,24,11,"SVP Gaussian / right / c = 1.642",0.0620000000000118,1,0.0620000000000118,25
"vary_k",10000,24,11,"SVP Gaussian / both / c = 1.987",0.0660000000000309,1,0.0660000000000309,25
"vary_k",10000,24,11,"SVP Gaussian / none / c = 0.968",0.350999999999999,1,0.350999999999999,25
"vary_k",10000,24,12,"SVP Gaussian / both / c = 1.987",0.0660000000000309,1,0.0660000000000309,25
"vary_k",10000,24,12,"SVP Gaussian / none / c = 0.968",0.34800000000007,1,0.34800000000007,25
"vary_k",10000,24,12,"SVP Gaussian / right / c = 1.642",0.0620000000000118,1,0.0620000000000118,25
"vary_k",10000,25,1,"SVP Gaussian / both / c = 1.987",0.0629999999999882,1,0.0629999999999882,26
"vary_k",10000,25,1,"SVP Gaussian / right / c = 1.642",0.0599999999999454,1,0.0599999999999454,26
"vary_k",10000,25,1,"SVP Gaussian / none / c = 0.968",0.34800000000007,1,0.34800000000007,26
"vary_k",10000,25,2,"SVP Gaussian / right / c = 1.642",0.0600000000000591,1,0.0600000000000591,26
"vary_k",10000,25,2,"SVP Gaussian / none / c = 0.968",0.347999999999956,1,0.347999999999956,26
"vary_k",10000,25,2,"SVP Gaussian / both / c = 1.987",0.0629999999999882,1,0.0629999999999882,26
"vary_k",10000,25,3,"SVP Gaussian / right / c = 1.642",0.0600000000000591,1,0.0600000000000591,26
"vary_k",10000,25,3,"SVP Gaussian / both / c = 1.987",0.0630000000001019,1,0.0630000000001019,26
"vary_k",10000,25,3,"SVP Gaussian / none / c = 0.968",0.349000000000046,1,0.349000000000046,26
"vary_k",10000,25,4,"SVP Gaussian / both / c = 1.987",0.0639999999999645,1,0.0639999999999645,26
"vary_k",10000,25,4,"SVP Gaussian / none / c = 0.968",0.349000000000046,1,0.349000000000046,26
"vary_k",10000,25,4,"SVP Gaussian / right / c = 1.642",0.0599999999999454,1,0.0599999999999454,26
"vary_k",10000,25,5,"SVP Gaussian / none / c = 0.968",0.350000000000023,1,0.350000000000023,26
"vary_k",10000,25,5,"SVP Gaussian / both / c = 1.987",0.0639999999999645,1,0.0639999999999645,26
"vary_k",10000,25,5,"SVP Gaussian / right / c = 1.642",0.0589999999999691,1,0.0589999999999691,26
"vary_k",10000,25,6,"SVP Gaussian / right / c = 1.642",0.0599999999999454,1,0.0599999999999454,26
"vary_k",10000,25,6,"SVP Gaussian / both / c = 1.987",0.0629999999999882,1,0.0629999999999882,26
"vary_k",10000,25,6,"SVP Gaussian / none / c = 0.968",0.350000000000023,1,0.350000000000023,26
"vary_k",10000,25,7,"SVP Gaussian / none / c = 0.968",0.349000000000046,1,0.349000000000046,26
"vary_k",10000,25,7,"SVP Gaussian / right / c = 1.642",0.0590000000000828,1,0.0590000000000828,26
"vary_k",10000,25,7,"SVP Gaussian / both / c = 1.987",0.0620000000000118,1,0.0620000000000118,26
"vary_k",10000,25,8,"SVP Gaussian / none / c = 0.968",0.349000000000046,1,0.349000000000046,26
"vary_k",10000,25,8,"SVP Gaussian / both / c = 1.987",0.0629999999999882,1,0.0629999999999882,26
"vary_k",10000,25,8,"SVP Gaussian / right / c = 1.642",0.0589999999999691,1,0.0589999999999691,26
"vary_k",10000,25,9,"SVP Gaussian / right / c = 1.642",0.0600000000000591,1,0.0600000000000591,26
"vary_k",10000,25,9,"SVP Gaussian / none / c = 0.968",0.349000000000046,1,0.349000000000046,26
"vary_k",10000,25,9,"SVP Gaussian / both / c = 1.987",0.0629999999999882,1,0.0629999999999882,26
"vary_k",10000,25,10,"SVP Gaussian / right / c = 1.642",0.0599999999999454,1,0.0599999999999454,26
"vary_k",10000,25,10,"SVP Gaussian / both / c = 1.987",0.0639999999999645,1,0.0639999999999645,26
"vary_k",10000,25,10,"SVP Gaussian / none / c = 0.968",0.347999999999956,1,0.347999999999956,26
"vary_k",10000,25,11,"SVP Gaussian / none / c = 0.968",0.349000000000046,1,0.349000000000046,26
"vary_k",10000,25,11,"SVP Gaussian / right / c = 1.642",0.0599999999999454,1,0.0599999999999454,26
"vary_k",10000,25,11,"SVP Gaussian / both / c = 1.987",0.0629999999999882,1,0.0629999999999882,26
"vary_k",10000,25,12,"SVP Gaussian / both / c = 1.987",0.0629999999999882,1,0.0629999999999882,26
"vary_k",10000,25,12,"SVP Gaussian / right / c = 1.642",0.0589999999999691,1,0.0589999999999691,26
"vary_k",10000,25,12,"SVP Gaussian / none / c = 0.968",0.350000000000023,1,0.350000000000023,26
"vary_k",10000,26,1,"SVP Gaussian / right / c = 1.642",0.0579999999999927,1,0.0579999999999927,27
"vary_k",10000,26,1,"SVP Gaussian / none / c = 0.968",0.34699999999998,1,0.34699999999998,27
"vary_k",10000,26,1,"SVP Gaussian / both / c = 1.987",0.0610000000000355,1,0.0610000000000355,27
"vary_k",10000,26,2,"SVP Gaussian / none / c = 0.968",0.349999999999909,1,0.349999999999909,27
"vary_k",10000,26,2,"SVP Gaussian / right / c = 1.642",0.0570000000000164,1,0.0570000000000164,27
"vary_k",10000,26,2,"SVP Gaussian / both / c = 1.987",0.0599999999999454,1,0.0599999999999454,27
"vary_k",10000,26,3,"SVP Gaussian / none / c = 0.968",0.34800000000007,1,0.34800000000007,27
"vary_k",10000,26,3,"SVP Gaussian / right / c = 1.642",0.0570000000000164,1,0.0570000000000164,27
"vary_k",10000,26,3,"SVP Gaussian / both / c = 1.987",0.0599999999999454,1,0.0599999999999454,27
"vary_k",10000,26,4,"SVP Gaussian / right / c = 1.642",0.0570000000000164,1,0.0570000000000164,27
"vary_k",10000,26,4,"SVP Gaussian / both / c = 1.987",0.0600000000000591,1,0.0600000000000591,27
"vary_k",10000,26,4,"SVP Gaussian / none / c = 0.968",0.34699999999998,1,0.34699999999998,27
"vary_k",10000,26,5,"SVP Gaussian / right / c = 1.642",0.05600000000004,1,0.05600000000004,27
"vary_k",10000,26,5,"SVP Gaussian / none / c = 0.968",0.347000000000094,1,0.347000000000094,27
"vary_k",10000,26,5,"SVP Gaussian / both / c = 1.987",0.0599999999999454,1,0.0599999999999454,27
"vary_k",10000,26,6,"SVP Gaussian / right / c = 1.642",0.0579999999999927,1,0.0579999999999927,27
"vary_k",10000,26,6,"SVP Gaussian / none / c = 0.968",0.346000000000004,1,0.346000000000004,27
"vary_k",10000,26,6,"SVP Gaussian / both / c = 1.987",0.0610000000000355,1,0.0610000000000355,27
"vary_k",10000,26,7,"SVP Gaussian / right / c = 1.642",0.0570000000000164,1,0.0570000000000164,27
"vary_k",10000,26,7,"SVP Gaussian / none / c = 0.968",0.34699999999998,1,0.34699999999998,27
"vary_k",10000,26,7,"SVP Gaussian / both / c = 1.987",0.0610000000000355,1,0.0610000000000355,27
"vary_k",10000,26,8,"SVP Gaussian / right / c = 1.642",0.0570000000000164,1,0.0570000000000164,27
"vary_k",10000,26,8,"SVP Gaussian / both / c = 1.987",0.0610000000000355,1,0.0610000000000355,27
"vary_k",10000,26,8,"SVP Gaussian / none / c = 0.968",0.345000000000027,1,0.345000000000027,27
"vary_k",10000,26,9,"SVP Gaussian / none / c = 0.968",0.347999999999956,1,0.347999999999956,27
"vary_k",10000,26,9,"SVP Gaussian / both / c = 1.987",0.0599999999999454,1,0.0599999999999454,27
"vary_k",10000,26,9,"SVP Gaussian / right / c = 1.642",0.0579999999999927,1,0.0579999999999927,27
"vary_k",10000,26,10,"SVP Gaussian / none / c = 0.968",0.346000000000004,1,0.346000000000004,27
"vary_k",10000,26,10,"SVP Gaussian / right / c = 1.642",0.0579999999999927,1,0.0579999999999927,27
"vary_k",10000,26,10,"SVP Gaussian / both / c = 1.987",0.0599999999999454,1,0.0599999999999454,27
"vary_k",10000,26,11,"SVP Gaussian / both / c = 1.987",0.0600000000000591,1,0.0600000000000591,27
"vary_k",10000,26,11,"SVP Gaussian / none / c = 0.968",0.34699999999998,1,0.34699999999998,27
"vary_k",10000,26,11,"SVP Gaussian / right / c = 1.642",0.0570000000000164,1,0.0570000000000164,27
"vary_k",10000,26,12,"SVP Gaussian / both / c = 1.987",0.0610000000000355,1,0.0610000000000355,27
"vary_k",10000,26,12,"SVP Gaussian / right / c = 1.642",0.0579999999999927,1,0.0579999999999927,27
"vary_k",10000,26,12,"SVP Gaussian / none / c = 0.968",0.345000000000027,1,0.345000000000027,27
"vary_k",10000,27,1,"SVP Gaussian / both / c = 1.987",0.0599999999999454,1,0.0599999999999454,28
"vary_k",10000,27,1,"SVP Gaussian / none / c = 0.968",0.347999999999956,1,0.347999999999956,28
"vary_k",10000,27,1,"SVP Gaussian / right / c = 1.642",0.0559999999999263,1,0.0559999999999263,28
"vary_k",10000,27,2,"SVP Gaussian / right / c = 1.642",0.0559999999999263,1,0.0559999999999263,28
"vary_k",10000,27,2,"SVP Gaussian / none / c = 0.968",0.347000000000094,1,0.347000000000094,28
"vary_k",10000,27,2,"SVP Gaussian / both / c = 1.987",0.0579999999999927,1,0.0579999999999927,28
"vary_k",10000,27,3,"SVP Gaussian / right / c = 1.642",0.0550000000000637,1,0.0550000000000637,28
"vary_k",10000,27,3,"SVP Gaussian / both / c = 1.987",0.0570000000000164,1,0.0570000000000164,28
"vary_k",10000,27,3,"SVP Gaussian / none / c = 0.968",0.352999999999952,1,0.352999999999952,28
"vary_k",10000,27,4,"SVP Gaussian / none / c = 0.968",0.34699999999998,1,0.34699999999998,28
"vary_k",10000,27,4,"SVP Gaussian / both / c = 1.987",0.0570000000000164,1,0.0570000000000164,28
"vary_k",10000,27,4,"SVP Gaussian / right / c = 1.642",0.0550000000000637,1,0.0550000000000637,28
"vary_k",10000,27,5,"SVP Gaussian / both / c = 1.987",0.0570000000000164,1,0.0570000000000164,28
"vary_k",10000,27,5,"SVP Gaussian / none / c = 0.968",0.34699999999998,1,0.34699999999998,28
"vary_k",10000,27,5,"SVP Gaussian / right / c = 1.642",0.0529999999999973,1,0.0529999999999973,28
"vary_k",10000,27,6,"SVP Gaussian / both / c = 1.987",0.0570000000000164,1,0.0570000000000164,28
"vary_k",10000,27,6,"SVP Gaussian / right / c = 1.642",0.0539999999999736,1,0.0539999999999736,28
"vary_k",10000,27,6,"SVP Gaussian / none / c = 0.968",0.349000000000046,1,0.349000000000046,28
"vary_k",10000,27,7,"SVP Gaussian / none / c = 0.968",0.34699999999998,1,0.34699999999998,28
"vary_k",10000,27,7,"SVP Gaussian / both / c = 1.987",0.0579999999999927,1,0.0579999999999927,28
"vary_k",10000,27,7,"SVP Gaussian / right / c = 1.642",0.05499999999995,1,0.05499999999995,28
"vary_k",10000,27,8,"SVP Gaussian / none / c = 0.968",0.34699999999998,1,0.34699999999998,28
"vary_k",10000,27,8,"SVP Gaussian / right / c = 1.642",0.0550000000000637,1,0.0550000000000637,28
"vary_k",10000,27,8,"SVP Gaussian / both / c = 1.987",0.0579999999999927,1,0.0579999999999927,28
"vary_k",10000,27,9,"SVP Gaussian / none / c = 0.968",0.347000000000094,1,0.347000000000094,28
"vary_k",10000,27,9,"SVP Gaussian / right / c = 1.642",0.0550000000000637,1,0.0550000000000637,28
"vary_k",10000,27,9,"SVP Gaussian / both / c = 1.987",0.0589999999999691,1,0.0589999999999691,28
"vary_k",10000,27,10,"SVP Gaussian / none / c = 0.968",0.34699999999998,1,0.34699999999998,28
"vary_k",10000,27,10,"SVP Gaussian / both / c = 1.987",0.0579999999999927,1,0.0579999999999927,28
"vary_k",10000,27,10,"SVP Gaussian / right / c = 1.642",0.05499999999995,1,0.05499999999995,28
"vary_k",10000,27,11,"SVP Gaussian / right / c = 1.642",0.0539999999999736,1,0.0539999999999736,28
"vary_k",10000,27,11,"SVP Gaussian / both / c = 1.987",0.0579999999999927,1,0.0579999999999927,28
"vary_k",10000,27,11,"SVP Gaussian / none / c = 0.968",0.34699999999998,1,0.34699999999998,28
"vary_k",10000,27,12,"SVP Gaussian / right / c = 1.642",0.0539999999999736,1,0.0539999999999736,28
"vary_k",10000,27,12,"SVP Gaussian / none / c = 0.968",0.349000000000046,1,0.349000000000046,28
"vary_k",10000,27,12,"SVP Gaussian / both / c = 1.987",0.0570000000000164,1,0.0570000000000164,28
"vary_k",10000,28,1,"SVP Gaussian / right / c = 1.642",0.0529999999999973,1,0.0529999999999973,29
"vary_k",10000,28,1,"SVP Gaussian / both / c = 1.987",0.0559999999999263,1,0.0559999999999263,29
"vary_k",10000,28,1,"SVP Gaussian / none / c = 0.968",0.349000000000046,1,0.349000000000046,29
"vary_k",10000,28,2,"SVP Gaussian / both / c = 1.987",0.0559999999999263,1,0.0559999999999263,29
"vary_k",10000,28,2,"SVP Gaussian / right / c = 1.642",0.0529999999999973,1,0.0529999999999973,29
"vary_k",10000,28,2,"SVP Gaussian / none / c = 0.968",0.349999999999909,1,0.349999999999909,29
"vary_k",10000,28,3,"SVP Gaussian / both / c = 1.987",0.0559999999999263,1,0.0559999999999263,29
"vary_k",10000,28,3,"SVP Gaussian / none / c = 0.968",0.349000000000046,1,0.349000000000046,29
"vary_k",10000,28,3,"SVP Gaussian / right / c = 1.642",0.0529999999999973,1,0.0529999999999973,29
"vary_k",10000,28,4,"SVP Gaussian / right / c = 1.642",0.0529999999999973,1,0.0529999999999973,29
"vary_k",10000,28,4,"SVP Gaussian / both / c = 1.987",0.0570000000000164,1,0.0570000000000164,29
"vary_k",10000,28,4,"SVP Gaussian / none / c = 0.968",0.348999999999933,1,0.348999999999933,30
"vary_k",10000,28,5,"SVP Gaussian / right / c = 1.642",0.0539999999999736,1,0.0539999999999736,29
"vary_k",10000,28,5,"SVP Gaussian / both / c = 1.987",0.05600000000004,1,0.05600000000004,29
"vary_k",10000,28,5,"SVP Gaussian / none / c = 0.968",0.350000000000023,1,0.350000000000023,30
"vary_k",10000,28,6,"SVP Gaussian / right / c = 1.642",0.0539999999999736,1,0.0539999999999736,29
"vary_k",10000,28,6,"SVP Gaussian / both / c = 1.987",0.0559999999999263,1,0.0559999999999263,29
"vary_k",10000,28,6,"SVP Gaussian / none / c = 0.968",0.34699999999998,1,0.34699999999998,29
"vary_k",10000,28,7,"SVP Gaussian / both / c = 1.987",0.05600000000004,1,0.05600000000004,29
"vary_k",10000,28,7,"SVP Gaussian / none / c = 0.968",0.347999999999956,1,0.347999999999956,29
"vary_k",10000,28,7,"SVP Gaussian / right / c = 1.642",0.0539999999999736,1,0.0539999999999736,29
"vary_k",10000,28,8,"SVP Gaussian / right / c = 1.642",0.0529999999999973,1,0.0529999999999973,29
"vary_k",10000,28,8,"SVP Gaussian / none / c = 0.968",0.34800000000007,1,0.34800000000007,29
"vary_k",10000,28,8,"SVP Gaussian / both / c = 1.987",0.05600000000004,1,0.05600000000004,29
"vary_k",10000,28,9,"SVP Gaussian / right / c = 1.642",0.0529999999999973,1,0.0529999999999973,29
"vary_k",10000,28,9,"SVP Gaussian / both / c = 1.987",0.05600000000004,1,0.05600000000004,29
"vary_k",10000,28,9,"SVP Gaussian / none / c = 0.968",0.350999999999999,1,0.350999999999999,29
"vary_k",10000,28,10,"SVP Gaussian / both / c = 1.987",0.05600000000004,1,0.05600000000004,29
"vary_k",10000,28,10,"SVP Gaussian / right / c = 1.642",0.0539999999999736,1,0.0539999999999736,29
"vary_k",10000,28,10,"SVP Gaussian / none / c = 0.968",0.348999999999933,1,0.348999999999933,29
"vary_k",10000,28,11,"SVP Gaussian / right / c = 1.642",0.0539999999999736,1,0.0539999999999736,29
"vary_k",10000,28,11,"SVP Gaussian / none / c = 0.968",0.34699999999998,1,0.34699999999998,29
"vary_k",10000,28,11,"SVP Gaussian / both / c = 1.987",0.05600000000004,1,0.05600000000004,29
"vary_k",10000,28,12,"SVP Gaussian / none / c = 0.968",0.348999999999933,1,0.348999999999933,29
"vary_k",10000,28,12,"SVP Gaussian / both / c = 1.987",0.05600000000004,1,0.05600000000004,29
"vary_k",10000,28,12,"SVP Gaussian / right / c = 1.642",0.0540000000000873,1,0.0540000000000873,29
"vary_k",10000,29,1,"SVP Gaussian / both / c = 1.987",0.0539999999999736,1,0.0539999999999736,30
"vary_k",10000,29,1,"SVP Gaussian / none / c = 0.968",0.347999999999956,1,0.347999999999956,30
"vary_k",10000,29,1,"SVP Gaussian / right / c = 1.642",0.0520000000000209,1,0.0520000000000209,30
"vary_k",10000,29,2,"SVP Gaussian / none / c = 0.968",0.349000000000046,1,0.349000000000046,30
"vary_k",10000,29,2,"SVP Gaussian / both / c = 1.987",0.0550000000000637,1,0.0550000000000637,30
"vary_k",10000,29,2,"SVP Gaussian / right / c = 1.642",0.0520000000000209,1,0.0520000000000209,30
"vary_k",10000,29,3,"SVP Gaussian / none / c = 0.968",0.348999999999933,1,0.348999999999933,30
"vary_k",10000,29,3,"SVP Gaussian / right / c = 1.642",0.0520000000000209,1,0.0520000000000209,30
"vary_k",10000,29,3,"SVP Gaussian / both / c = 1.987",0.0539999999999736,1,0.0539999999999736,30
"vary_k",10000,29,4,"SVP Gaussian / none / c = 0.968",0.34800000000007,1,0.34800000000007,30
"vary_k",10000,29,4,"SVP Gaussian / right / c = 1.642",0.0509999999999309,1,0.0509999999999309,30
"vary_k",10000,29,4,"SVP Gaussian / both / c = 1.987",0.05499999999995,1,0.05499999999995,30
"vary_k",10000,29,5,"SVP Gaussian / right / c = 1.642",0.0529999999999973,1,0.0529999999999973,30
"vary_k",10000,29,5,"SVP Gaussian / none / c = 0.968",0.34800000000007,1,0.34800000000007,30
"vary_k",10000,29,5,"SVP Gaussian / both / c = 1.987",0.0539999999999736,1,0.0539999999999736,30
"vary_k",10000,29,6,"SVP Gaussian / right / c = 1.642",0.0510000000000446,1,0.0510000000000446,30
"vary_k",10000,29,6,"SVP Gaussian / none / c = 0.968",0.350000000000023,1,0.350000000000023,30
"vary_k",10000,29,6,"SVP Gaussian / both / c = 1.987",0.0539999999999736,1,0.0539999999999736,30
"vary_k",10000,29,7,"SVP Gaussian / right / c = 1.642",0.0510000000000446,1,0.0510000000000446,30
"vary_k",10000,29,7,"SVP Gaussian / both / c = 1.987",0.0550000000000637,1,0.0550000000000637,30
"vary_k",10000,29,7,"SVP Gaussian / none / c = 0.968",0.349000000000046,1,0.349000000000046,31
"vary_k",10000,29,8,"SVP Gaussian / both / c = 1.987",0.0539999999999736,1,0.0539999999999736,30
"vary_k",10000,29,8,"SVP Gaussian / right / c = 1.642",0.0510000000000446,1,0.0510000000000446,30
"vary_k",10000,29,8,"SVP Gaussian / none / c = 0.968",0.347999999999956,1,0.347999999999956,30
"vary_k",10000,29,9,"SVP Gaussian / right / c = 1.642",0.0510000000000446,1,0.0510000000000446,30
"vary_k",10000,29,9,"SVP Gaussian / both / c = 1.987",0.0539999999999736,1,0.0539999999999736,30
"vary_k",10000,29,9,"SVP Gaussian / none / c = 0.968",0.34800000000007,1,0.34800000000007,30
"vary_k",10000,29,10,"SVP Gaussian / right / c = 1.642",0.0509999999999309,1,0.0509999999999309,30
"vary_k",10000,29,10,"SVP Gaussian / none / c = 0.968",0.348999999999933,1,0.348999999999933,30
"vary_k",10000,29,10,"SVP Gaussian / both / c = 1.987",0.0550000000000637,1,0.0550000000000637,30
"vary_k",10000,29,11,"SVP Gaussian / both / c = 1.987",0.0550000000000637,1,0.0550000000000637,30
"vary_k",10000,29,11,"SVP Gaussian / none / c = 0.968",0.348999999999933,1,0.348999999999933,30
"vary_k",10000,29,11,"SVP Gaussian / right / c = 1.642",0.0500000000000682,1,0.0500000000000682,30
"vary_k",10000,29,12,"SVP Gaussian / right / c = 1.642",0.0520000000000209,1,0.0520000000000209,30
"vary_k",10000,29,12,"SVP Gaussian / both / c = 1.987",0.0539999999999736,1,0.0539999999999736,30
"vary_k",10000,29,12,"SVP Gaussian / none / c = 0.968",0.347999999999956,1,0.347999999999956,30
"vary_k",10000,30,1,"SVP Gaussian / right / c = 1.642",0.0500000000000682,1,0.0500000000000682,31
"vary_k",10000,30,1,"SVP Gaussian / none / c = 0.968",0.349000000000046,1,0.349000000000046,31
"vary_k",10000,30,1,"SVP Gaussian / both / c = 1.987",0.0520000000000209,1,0.0520000000000209,31
"vary_k",10000,30,2,"SVP Gaussian / none / c = 0.968",0.348999999999933,1,0.348999999999933,31
"vary_k",10000,30,2,"SVP Gaussian / right / c = 1.642",0.0504999999999995,2,0.100999999999999,31
"vary_k",10000,30,2,"SVP Gaussian / both / c = 1.987",0.0520000000000209,1,0.0520000000000209,31
"vary_k",10000,30,3,"SVP Gaussian / both / c = 1.987",0.0519999999999072,1,0.0519999999999072,31
"vary_k",10000,30,3,"SVP Gaussian / none / c = 0.968",0.348999999999933,1,0.348999999999933,31
"vary_k",10000,30,3,"SVP Gaussian / right / c = 1.642",0.0500000000000114,2,0.100000000000023,31
"vary_k",10000,30,4,"SVP Gaussian / both / c = 1.987",0.0529999999999973,1,0.0529999999999973,31
"vary_k",10000,30,4,"SVP Gaussian / none / c = 0.968",0.349000000000046,1,0.349000000000046,32
"vary_k",10000,30,4,"SVP Gaussian / right / c = 1.642",0.0495000000000232,2,0.0990000000000464,31
"vary_k",10000,30,5,"SVP Gaussian / none / c = 0.968",0.350000000000023,1,0.350000000000023,31
"vary_k",10000,30,5,"SVP Gaussian / right / c = 1.642",0.0495000000000232,2,0.0990000000000464,31
"vary_k",10000,30,5,"SVP Gaussian / both / c = 1.987",0.0520000000000209,1,0.0520000000000209,31
"vary_k",10000,30,6,"SVP Gaussian / right / c = 1.642",0.049000000000035,2,0.09800000000007,31
"vary_k",10000,30,6,"SVP Gaussian / none / c = 0.968",0.350000000000023,1,0.350000000000023,31
"vary_k",10000,30,6,"SVP Gaussian / both / c = 1.987",0.0529999999999973,1,0.0529999999999973,31
"vary_k",10000,30,7,"SVP Gaussian / both / c = 1.987",0.053000000000111,1,0.053000000000111,31
"vary_k",10000,30,7,"SVP Gaussian / none / c = 0.968",0.34800000000007,1,0.34800000000007,31
"vary_k",10000,30,7,"SVP Gaussian / right / c = 1.642",0.0500000000000682,1,0.0500000000000682,31
"vary_k",10000,30,8,"SVP Gaussian / both / c = 1.987",0.0520000000000209,1,0.0520000000000209,31
"vary_k",10000,30,8,"SVP Gaussian / right / c = 1.642",0.049000000000035,2,0.09800000000007,31
"vary_k",10000,30,8,"SVP Gaussian / none / c = 0.968",0.349000000000046,1,0.349000000000046,31
"vary_k",10000,30,9,"SVP Gaussian / right / c = 1.642",0.0504999999999995,2,0.100999999999999,31
"vary_k",10000,30,9,"SVP Gaussian / both / c = 1.987",0.0529999999999973,1,0.0529999999999973,31
"vary_k",10000,30,9,"SVP Gaussian / none / c = 0.968",0.347999999999956,1,0.347999999999956,31
"vary_k",10000,30,10,"SVP Gaussian / right / c = 1.642",0.0500000000000682,1,0.0500000000000682,31
"vary_k",10000,30,10,"SVP Gaussian / none / c = 0.968",0.350999999999999,1,0.350999999999999,31
"vary_k",10000,30,10,"SVP Gaussian / both / c = 1.987",0.0539999999999736,1,0.0539999999999736,31
"vary_k",10000,30,11,"SVP Gaussian / both / c = 1.987",0.0520000000000209,1,0.0520000000000209,31
"vary_k",10000,30,11,"SVP Gaussian / right / c = 1.642",0.0495000000000232,2,0.0990000000000464,31
"vary_k",10000,30,11,"SVP Gaussian / none / c = 0.968",0.349999999999909,1,0.349999999999909,31
"vary_k",10000,30,12,"SVP Gaussian / none / c = 0.968",0.348999999999933,1,0.348999999999933,31
"vary_k",10000,30,12,"SVP Gaussian / both / c = 1.987",0.0519999999999072,1,0.0519999999999072,31
"vary_k",10000,30,12,"SVP Gaussian / right / c = 1.642",0.0489999999999782,2,0.0979999999999563,31
"vary_k",10000,31,1,"SVP Gaussian / right / c = 1.642",0.0475000000000136,2,0.0950000000000273,32
"vary_k",10000,31,1,"SVP Gaussian / both / c = 1.987",0.0500000000000114,2,0.100000000000023,32
"vary_k",10000,31,1,"SVP Gaussian / none / c = 0.968",0.348999999999933,1,0.348999999999933,32
"vary_k",10000,31,2,"SVP Gaussian / none / c = 0.968",0.347999999999956,1,0.347999999999956,32
"vary_k",10000,31,2,"SVP Gaussian / both / c = 1.987",0.0510000000000446,1,0.0510000000000446,32
"vary_k",10000,31,2,"SVP Gaussian / right / c = 1.642",0.0480000000000018,2,0.0960000000000036,32
"vary_k",10000,31,3,"SVP Gaussian / right / c = 1.642",0.0475000000000136,2,0.0950000000000273,32
"vary_k",10000,31,3,"SVP Gaussian / none / c = 0.968",0.349000000000046,1,0.349000000000046,32
"vary_k",10000,31,3,"SVP Gaussian / both / c = 1.987",0.0495000000000232,2,0.0990000000000464,32
"vary_k",10000,31,4,"SVP Gaussian / none / c = 0.968",0.349000000000046,1,0.349000000000046,32
"vary_k",10000,31,4,"SVP Gaussian / both / c = 1.987",0.0495000000000232,2,0.0990000000000464,32
"vary_k",10000,31,4,"SVP Gaussian / right / c = 1.642",0.0475000000000136,2,0.0950000000000273,32
"vary_k",10000,31,5,"SVP Gaussian / right / c = 1.642",0.0469999999999686,2,0.0939999999999372,32
"vary_k",10000,31,5,"SVP Gaussian / both / c = 1.987",0.0500000000000114,2,0.100000000000023,32
"vary_k",10000,31,5,"SVP Gaussian / none / c = 0.968",0.348999999999933,1,0.348999999999933,32
"vary_k",10000,31,6,"SVP Gaussian / none / c = 0.968",0.350000000000023,1,0.350000000000023,32
"vary_k",10000,31,6,"SVP Gaussian / right / c = 1.642",0.0480000000000018,2,0.0960000000000036,32
"vary_k",10000,31,6,"SVP Gaussian / both / c = 1.987",0.0510000000000446,1,0.0510000000000446,32
"vary_k",10000,31,7,"SVP Gaussian / none / c = 0.968",0.348999999999933,1,0.348999999999933,32
"vary_k",10000,31,7,"SVP Gaussian / both / c = 1.987",0.0510000000000446,1,0.0510000000000446,32
"vary_k",10000,31,7,"SVP Gaussian / right / c = 1.642",0.0480000000000018,2,0.0960000000000036,32
"vary_k",10000,31,8,"SVP Gaussian / right / c = 1.642",0.0475000000000136,2,0.0950000000000273,32
"vary_k",10000,31,8,"SVP Gaussian / both / c = 1.987",0.0500000000000114,2,0.100000000000023,32
"vary_k",10000,31,8,"SVP Gaussian / none / c = 0.968",0.350000000000023,1,0.350000000000023,32
"vary_k",10000,31,9,"SVP Gaussian / none / c = 0.968",0.350000000000023,1,0.350000000000023,32
"vary_k",10000,31,9,"SVP Gaussian / both / c = 1.987",0.0510000000000446,1,0.0510000000000446,32
"vary_k",10000,31,9,"SVP Gaussian / right / c = 1.642",0.0480000000000018,2,0.0960000000000036,32
"vary_k",10000,31,10,"SVP Gaussian / none / c = 0.968",0.34800000000007,1,0.34800000000007,32
"vary_k",10000,31,10,"SVP Gaussian / right / c = 1.642",0.0474999999999568,2,0.0949999999999136,32
"vary_k",10000,31,10,"SVP Gaussian / both / c = 1.987",0.0504999999999995,2,0.100999999999999,32
"vary_k",10000,31,11,"SVP Gaussian / both / c = 1.987",0.0510000000000446,1,0.0510000000000446,32
"vary_k",10000,31,11,"SVP Gaussian / right / c = 1.642",0.0485000000000468,2,0.0970000000000937,32
"vary_k",10000,31,11,"SVP Gaussian / none / c = 0.968",0.349000000000046,1,0.349000000000046,32
"vary_k",10000,31,12,"SVP Gaussian / both / c = 1.987",0.0509999999999309,1,0.0509999999999309,32
"vary_k",10000,31,12,"SVP Gaussian / right / c = 1.642",0.0489999999999782,2,0.0979999999999563,32
"vary_k",10000,31,12,"SVP Gaussian / none / c = 0.968",0.349000000000046,1,0.349000000000046,32
"vary_k",10000,32,1,"SVP Gaussian / right / c = 1.642",0.0470000000000255,2,0.0940000000000509,33
"vary_k",10000,32,1,"SVP Gaussian / both / c = 1.987",0.0495000000000232,2,0.0990000000000464,33
"vary_k",10000,32,1,"SVP Gaussian / none / c = 0.968",0.349000000000046,1,0.349000000000046,33
"vary_k",10000,32,2,"SVP Gaussian / both / c = 1.987",0.04849999999999,2,0.09699999999998,33
"vary_k",10000,32,2,"SVP Gaussian / none / c = 0.968",0.349000000000046,1,0.349000000000046,33
"vary_k",10000,32,2,"SVP Gaussian / right / c = 1.642",0.0455000000000041,2,0.0910000000000082,33
"vary_k",10000,32,3,"SVP Gaussian / both / c = 1.987",0.049000000000035,2,0.09800000000007,33
"vary_k",10000,32,3,"SVP Gaussian / right / c = 1.642",0.0464999999999804,2,0.0929999999999609,33
"vary_k",10000,32,3,"SVP Gaussian / none / c = 0.968",0.349000000000046,1,0.349000000000046,33
"vary_k",10000,32,4,"SVP Gaussian / both / c = 1.987",0.04849999999999,2,0.09699999999998,33
"vary_k",10000,32,4,"SVP Gaussian / none / c = 0.968",0.350000000000023,1,0.350000000000023,33
"vary_k",10000,32,4,"SVP Gaussian / right / c = 1.642",0.0464999999999804,2,0.0929999999999609,33
"vary_k",10000,32,5,"SVP Gaussian / right / c = 1.642",0.0470000000000255,2,0.0940000000000509,33
"vary_k",10000,32,5,"SVP Gaussian / none / c = 0.968",0.349999999999909,1,0.349999999999909,33
"vary_k",10000,32,5,"SVP Gaussian / both / c = 1.987",0.04849999999999,2,0.09699999999998,33
"vary_k",10000,32,6,"SVP Gaussian / none / c = 0.968",0.350000000000023,1,0.350000000000023,33
"vary_k",10000,32,6,"SVP Gaussian / right / c = 1.642",0.0464999999999804,2,0.0929999999999609,33
"vary_k",10000,32,6,"SVP Gaussian / both / c = 1.987",0.04849999999999,2,0.09699999999998,33
"vary_k",10000,32,7,"SVP Gaussian / none / c = 0.968",0.347999999999956,1,0.347999999999956,33
"vary_k",10000,32,7,"SVP Gaussian / right / c = 1.642",0.0460000000000491,2,0.0920000000000982,33
"vary_k",10000,32,7,"SVP Gaussian / both / c = 1.987",0.04849999999999,2,0.09699999999998,33
"vary_k",10000,32,8,"SVP Gaussian / both / c = 1.987",0.04849999999999,2,0.09699999999998,33
"vary_k",10000,32,8,"SVP Gaussian / right / c = 1.642",0.0459999999999923,2,0.0919999999999845,33
"vary_k",10000,32,8,"SVP Gaussian / none / c = 0.968",0.350999999999999,1,0.350999999999999,33
"vary_k",10000,32,9,"SVP Gaussian / right / c = 1.642",0.0459999999999923,2,0.0919999999999845,33
"vary_k",10000,32,9,"SVP Gaussian / none / c = 0.968",0.350999999999999,1,0.350999999999999,34
"vary_k",10000,32,9,"SVP Gaussian / both / c = 1.987",0.049000000000035,2,0.09800000000007,33
"vary_k",10000,32,10,"SVP Gaussian / right / c = 1.642",0.0464999999999804,2,0.0929999999999609,33
"vary_k",10000,32,10,"SVP Gaussian / none / c = 0.968",0.347999999999956,1,0.347999999999956,33
"vary_k",10000,32,10,"SVP Gaussian / both / c = 1.987",0.049000000000035,2,0.09800000000007,33
"vary_k",10000,32,11,"SVP Gaussian / both / c = 1.987",0.049000000000035,2,0.09800000000007,33
"vary_k",10000,32,11,"SVP Gaussian / right / c = 1.642",0.0459999999999923,2,0.0919999999999845,33
"vary_k",10000,32,11,"SVP Gaussian / none / c = 0.968",0.34800000000007,1,0.34800000000007,33
"vary_k",10000,32,12,"SVP Gaussian / both / c = 1.987",0.0489999999999782,2,0.0979999999999563,33
"vary_k",10000,32,12,"SVP Gaussian / right / c = 1.642",0.0465000000000373,2,0.0930000000000746,33
"vary_k",10000,32,12,"SVP Gaussian / none / c = 0.968",0.349000000000046,1,0.349000000000046,33
"vary_k",10000,33,1,"SVP Gaussian / none / c = 0.968",0.351999999999975,1,0.351999999999975,34
"vary_k",10000,33,1,"SVP Gaussian / right / c = 1.642",0.0450000000000159,2,0.0900000000000318,34
"vary_k",10000,33,1,"SVP Gaussian / both / c = 1.987",0.0474999999999568,2,0.0949999999999136,34
"vary_k",10000,33,2,"SVP Gaussian / both / c = 1.987",0.0470000000000255,2,0.0940000000000509,34
"vary_k",10000,33,2,"SVP Gaussian / right / c = 1.642",0.0444999999999709,2,0.0889999999999418,34
"vary_k",10000,33,2,"SVP Gaussian / none / c = 0.968",0.350000000000023,1,0.350000000000023,34
"vary_k",10000,33,3,"SVP Gaussian / right / c = 1.642",0.0445000000000277,2,0.0890000000000555,34
"vary_k",10000,33,3,"SVP Gaussian / both / c = 1.987",0.0470000000000255,2,0.0940000000000509,34
"vary_k",10000,33,3,"SVP Gaussian / none / c = 0.968",0.350000000000023,1,0.350000000000023,34
"vary_k",10000,33,4,"SVP Gaussian / right / c = 1.642",0.0450000000000159,2,0.0900000000000318,34
"vary_k",10000,33,4,"SVP Gaussian / none / c = 0.968",0.349999999999909,1,0.349999999999909,34
"vary_k",10000,33,4,"SVP Gaussian / both / c = 1.987",0.0475000000000136,2,0.0950000000000273,34
"vary_k",10000,33,5,"SVP Gaussian / none / c = 0.968",0.350000000000023,1,0.350000000000023,34
"vary_k",10000,33,5,"SVP Gaussian / right / c = 1.642",0.0455000000000041,2,0.0910000000000082,34
"vary_k",10000,33,5,"SVP Gaussian / both / c = 1.987",0.0480000000000018,2,0.0960000000000036,34
"vary_k",10000,33,6,"SVP Gaussian / both / c = 1.987",0.049000000000035,2,0.09800000000007,34
"vary_k",10000,33,6,"SVP Gaussian / none / c = 0.968",0.34699999999998,1,0.34699999999998,34
"vary_k",10000,33,6,"SVP Gaussian / right / c = 1.642",0.0459999999999923,2,0.0919999999999845,34
"vary_k",10000,33,7,"SVP Gaussian / right / c = 1.642",0.0444999999999709,2,0.0889999999999418,34
"vary_k",10000,33,7,"SVP Gaussian / none / c = 0.968",0.350000000000023,1,0.350000000000023,34
"vary_k",10000,33,7,"SVP Gaussian / both / c = 1.987",0.0470000000000255,2,0.0940000000000509,34
"vary_k",10000,33,8,"SVP Gaussian / right / c = 1.642",0.0449999999999591,2,0.0899999999999181,34
"vary_k",10000,33,8,"SVP Gaussian / none / c = 0.968",0.350000000000023,1,0.350000000000023,34
"vary_k",10000,33,8,"SVP Gaussian / both / c = 1.987",0.0474999999999568,2,0.0949999999999136,34
"vary_k",10000,33,9,"SVP Gaussian / none / c = 0.968",0.350999999999999,1,0.350999999999999,35
"vary_k",10000,33,9,"SVP Gaussian / both / c = 1.987",0.0464999999999804,2,0.0929999999999609,34
"vary_k",10000,33,9,"SVP Gaussian / right / c = 1.642",0.0445000000000277,2,0.0890000000000555,34
"vary_k",10000,33,10,"SVP Gaussian / right / c = 1.642",0.0449999999999591,2,0.0899999999999181,34
"vary_k",10000,33,10,"SVP Gaussian / both / c = 1.987",0.0469999999999686,2,0.0939999999999372,34
"vary_k",10000,33,10,"SVP Gaussian / none / c = 0.968",0.349000000000046,1,0.349000000000046,34
"vary_k",10000,33,11,"SVP Gaussian / none / c = 0.968",0.350000000000023,1,0.350000000000023,34
"vary_k",10000,33,11,"SVP Gaussian / both / c = 1.987",0.0470000000000255,2,0.0940000000000509,34
"vary_k",10000,33,11,"SVP Gaussian / right / c = 1.642",0.0450000000000159,2,0.0900000000000318,34
"vary_k",10000,33,12,"SVP Gaussian / both / c = 1.987",0.0475000000000136,2,0.0950000000000273,34
"vary_k",10000,33,12,"SVP Gaussian / right / c = 1.642",0.0455000000000041,2,0.0910000000000082,34
"vary_k",10000,33,12,"SVP Gaussian / none / c = 0.968",0.350999999999999,1,0.350999999999999,34
"vary_k",10000,34,1,"SVP Gaussian / none / c = 0.968",0.349000000000046,1,0.349000000000046,35
"vary_k",10000,34,1,"SVP Gaussian / both / c = 1.987",0.0459999999999923,2,0.0919999999999845,35
"vary_k",10000,34,1,"SVP Gaussian / right / c = 1.642",0.0434999999999945,2,0.0869999999999891,35
"vary_k",10000,34,2,"SVP Gaussian / none / c = 0.968",0.349999999999909,1,0.349999999999909,35
"vary_k",10000,34,2,"SVP Gaussian / both / c = 1.987",0.0459999999999923,2,0.0919999999999845,35
"vary_k",10000,34,2,"SVP Gaussian / right / c = 1.642",0.0430000000000064,2,0.0860000000000127,35
"vary_k",10000,34,3,"SVP Gaussian / none / c = 0.968",0.350000000000023,1,0.350000000000023,35
"vary_k",10000,34,3,"SVP Gaussian / both / c = 1.987",0.0455000000000041,2,0.0910000000000082,35
"vary_k",10000,34,3,"SVP Gaussian / right / c = 1.642",0.0434999999999945,2,0.0869999999999891,35
"vary_k",10000,34,4,"SVP Gaussian / none / c = 0.968",0.350000000000023,1,0.350000000000023,35
"vary_k",10000,34,4,"SVP Gaussian / right / c = 1.642",0.0429999999999495,2,0.085999999999899,35
"vary_k",10000,34,4,"SVP Gaussian / both / c = 1.987",0.0449999999999591,2,0.0899999999999181,35
"vary_k",10000,34,5,"SVP Gaussian / both / c = 1.987",0.0454999999999472,2,0.0909999999998945,35
"vary_k",10000,34,5,"SVP Gaussian / none / c = 0.968",0.349000000000046,1,0.349000000000046,35
"vary_k",10000,34,5,"SVP Gaussian / right / c = 1.642",0.0434999999999945,2,0.0869999999999891,35
"vary_k",10000,34,6,"SVP Gaussian / both / c = 1.987",0.0455000000000041,2,0.0910000000000082,35
"vary_k",10000,34,6,"SVP Gaussian / right / c = 1.642",0.0434999999999945,2,0.0869999999999891,35
"vary_k",10000,34,6,"SVP Gaussian / none / c = 0.968",0.347999999999956,1,0.347999999999956,35
"vary_k",10000,34,7,"SVP Gaussian / both / c = 1.987",0.0455000000000041,2,0.0910000000000082,35
"vary_k",10000,34,7,"SVP Gaussian / none / c = 0.968",0.34699999999998,1,0.34699999999998,36
"vary_k",10000,34,7,"SVP Gaussian / right / c = 1.642",0.0434999999999945,2,0.0869999999999891,35
"vary_k",10000,34,8,"SVP Gaussian / right / c = 1.642",0.0439999999999827,2,0.0879999999999654,35
"vary_k",10000,34,8,"SVP Gaussian / both / c = 1.987",0.0460000000000491,2,0.0920000000000982,35
"vary_k",10000,34,8,"SVP Gaussian / none / c = 0.968",0.350000000000023,1,0.350000000000023,35
"vary_k",10000,34,9,"SVP Gaussian / right / c = 1.642",0.0434999999999945,2,0.0869999999999891,35
"vary_k",10000,34,9,"SVP Gaussian / none / c = 0.968",0.349999999999909,1,0.349999999999909,35
"vary_k",10000,34,9,"SVP Gaussian / both / c = 1.987",0.0455000000000041,2,0.0910000000000082,35
"vary_k",10000,34,10,"SVP Gaussian / both / c = 1.987",0.0464999999999804,2,0.0929999999999609,35
"vary_k",10000,34,10,"SVP Gaussian / none / c = 0.968",0.350999999999999,1,0.350999999999999,35
"vary_k",10000,34,10,"SVP Gaussian / right / c = 1.642",0.0439999999999827,2,0.0879999999999654,35
"vary_k",10000,34,11,"SVP Gaussian / right / c = 1.642",0.0434999999999945,2,0.0869999999999891,35
"vary_k",10000,34,11,"SVP Gaussian / both / c = 1.987",0.0455000000000041,2,0.0910000000000082,35
"vary_k",10000,34,11,"SVP Gaussian / none / c = 0.968",0.349000000000046,1,0.349000000000046,35
"vary_k",10000,34,12,"SVP Gaussian / both / c = 1.987",0.0459999999999923,2,0.0919999999999845,35
"vary_k",10000,34,12,"SVP Gaussian / right / c = 1.642",0.0434999999999945,2,0.0869999999999891,35
"vary_k",10000,34,12,"SVP Gaussian / none / c = 0.968",0.351999999999975,1,0.351999999999975,35
"vary_k",10000,35,1,"SVP Gaussian / right / c = 1.642",0.041499999999985,2,0.08299999999997,36
"vary_k",10000,35,1,"SVP Gaussian / none / c = 0.968",0.351999999999975,1,0.351999999999975,36
"vary_k",10000,35,1,"SVP Gaussian / both / c = 1.987",0.0440000000000396,2,0.0880000000000791,36
"vary_k",10000,35,2,"SVP Gaussian / both / c = 1.987",0.0449999999999591,2,0.0899999999999181,36
"vary_k",10000,35,2,"SVP Gaussian / right / c = 1.642",0.0425000000000182,2,0.0850000000000364,36
"vary_k",10000,35,2,"SVP Gaussian / none / c = 0.968",0.350999999999999,1,0.350999999999999,36
"vary_k",10000,35,3,"SVP Gaussian / right / c = 1.642",0.0419999999999732,2,0.0839999999999463,36
"vary_k",10000,35,3,"SVP Gaussian / both / c = 1.987",0.0445000000000277,2,0.0890000000000555,36
"vary_k",10000,35,3,"SVP Gaussian / none / c = 0.968",0.349000000000046,1,0.349000000000046,36
"vary_k",10000,35,4,"SVP Gaussian / both / c = 1.987",0.0439999999999827,2,0.0879999999999654,36
"vary_k",10000,35,4,"SVP Gaussian / right / c = 1.642",0.0419999999999732,2,0.0839999999999463,36
"vary_k",10000,35,4,"SVP Gaussian / none / c = 0.968",0.347999999999956,1,0.347999999999956,36
"vary_k",10000,35,5,"SVP Gaussian / none / c = 0.968",0.350000000000023,1,0.350000000000023,36
"vary_k",10000,35,5,"SVP Gaussian / both / c = 1.987",0.0439999999999827,2,0.0879999999999654,36
"vary_k",10000,35,5,"SVP Gaussian / right / c = 1.642",0.0419999999999732,2,0.0839999999999463,36
"vary_k",10000,35,6,"SVP Gaussian / both / c = 1.987",0.0454999999999472,2,0.0909999999998945,36
"vary_k",10000,35,6,"SVP Gaussian / right / c = 1.642",0.0430000000000064,2,0.0860000000000127,36
"vary_k",10000,35,6,"SVP Gaussian / none / c = 0.968",0.350000000000023,1,0.350000000000023,36
"vary_k",10000,35,7,"SVP Gaussian / right / c = 1.642",0.0425000000000182,2,0.0850000000000364,36
"vary_k",10000,35,7,"SVP Gaussian / none / c = 0.968",0.349000000000046,1,0.349000000000046,36
"vary_k",10000,35,7,"SVP Gaussian / both / c = 1.987",0.0444999999999709,2,0.0889999999999418,36
"vary_k",10000,35,8,"SVP Gaussian / both / c = 1.987",0.0455000000000041,2,0.0910000000000082,36
"vary_k",10000,35,8,"SVP Gaussian / none / c = 0.968",0.349000000000046,1,0.349000000000046,37
"vary_k",10000,35,8,"SVP Gaussian / right / c = 1.642",0.0430000000000064,2,0.0860000000000127,36
"vary_k",10000,35,9,"SVP Gaussian / right / c = 1.642",0.0430000000000064,2,0.0860000000000127,36
"vary_k",10000,35,9,"SVP Gaussian / none / c = 0.968",0.34800000000007,1,0.34800000000007,36
"vary_k",10000,35,9,"SVP Gaussian / both / c = 1.987",0.0445000000000277,2,0.0890000000000555,36
"vary_k",10000,35,10,"SVP Gaussian / both / c = 1.987",0.0445000000000277,2,0.0890000000000555,36
"vary_k",10000,35,10,"SVP Gaussian / none / c = 0.968",0.350000000000023,1,0.350000000000023,36
"vary_k",10000,35,10,"SVP Gaussian / right / c = 1.642",0.0424999999999613,2,0.0849999999999227,36
"vary_k",10000,35,11,"SVP Gaussian / both / c = 1.987",0.0455000000000041,2,0.0910000000000082,36
"vary_k",10000,35,11,"SVP Gaussian / none / c = 0.968",0.350000000000023,1,0.350000000000023,36
"vary_k",10000,35,11,"SVP Gaussian / right / c = 1.642",0.0424999999999613,2,0.0849999999999227,36
"vary_k",10000,35,12,"SVP Gaussian / none / c = 0.968",0.347999999999956,1,0.347999999999956,36
"vary_k",10000,35,12,"SVP Gaussian / right / c = 1.642",0.0425000000000182,2,0.0850000000000364,36
"vary_k",10000,35,12,"SVP Gaussian / both / c = 1.987",0.0439999999999827,2,0.0879999999999654,36
"vary_k",10000,36,1,"SVP Gaussian / both / c = 1.987",0.0430000000000064,2,0.0860000000000127,37
"vary_k",10000,36,1,"SVP Gaussian / right / c = 1.642",0.0409999999999968,2,0.0819999999999936,37
"vary_k",10000,36,1,"SVP Gaussian / none / c = 0.968",0.350999999999999,1,0.350999999999999,37
"vary_k",10000,36,2,"SVP Gaussian / both / c = 1.987",0.0434999999999945,2,0.0869999999999891,37
"vary_k",10000,36,2,"SVP Gaussian / none / c = 0.968",0.349999999999909,1,0.349999999999909,37
"vary_k",10000,36,2,"SVP Gaussian / right / c = 1.642",0.0409999999999968,2,0.0819999999999936,37
"vary_k",10000,36,3,"SVP Gaussian / none / c = 0.968",0.350999999999999,1,0.350999999999999,37
"vary_k",10000,36,3,"SVP Gaussian / both / c = 1.987",0.0425000000000182,2,0.0850000000000364,37
"vary_k",10000,36,3,"SVP Gaussian / right / c = 1.642",0.0409999999999968,2,0.0819999999999936,37
"vary_k",10000,36,4,"SVP Gaussian / none / c = 0.968",0.350999999999999,1,0.350999999999999,37
"vary_k",10000,36,4,"SVP Gaussian / right / c = 1.642",0.0409999999999968,2,0.0819999999999936,37
"vary_k",10000,36,4,"SVP Gaussian / both / c = 1.987",0.0434999999999945,2,0.0869999999999891,37
"vary_k",10000,36,5,"SVP Gaussian / both / c = 1.987",0.0425000000000182,2,0.0850000000000364,37
"vary_k",10000,36,5,"SVP Gaussian / none / c = 0.968",0.353000000000065,1,0.353000000000065,37
"vary_k",10000,36,5,"SVP Gaussian / right / c = 1.642",0.0404999999999518,2,0.0809999999999036,37
"vary_k",10000,36,6,"SVP Gaussian / right / c = 1.642",0.0409999999999968,2,0.0819999999999936,37
"vary_k",10000,36,6,"SVP Gaussian / none / c = 0.968",0.350000000000023,1,0.350000000000023,37
"vary_k",10000,36,6,"SVP Gaussian / both / c = 1.987",0.0430000000000064,2,0.0860000000000127,37
"vary_k",10000,36,7,"SVP Gaussian / none / c = 0.968",0.350000000000023,1,0.350000000000023,37
"vary_k",10000,36,7,"SVP Gaussian / both / c = 1.987",0.0425000000000182,2,0.0850000000000364,37
"vary_k",10000,36,7,"SVP Gaussian / right / c = 1.642",0.0405000000000086,2,0.0810000000000173,37
"vary_k",10000,36,8,"SVP Gaussian / both / c = 1.987",0.0430000000000064,2,0.0860000000000127,37
"vary_k",10000,36,8,"SVP Gaussian / none / c = 0.968",0.34699999999998,1,0.34699999999998,37
"vary_k",10000,36,8,"SVP Gaussian / right / c = 1.642",0.0410000000000537,2,0.0820000000001073,37
"vary_k",10000,36,9,"SVP Gaussian / both / c = 1.987",0.0430000000000064,2,0.0860000000000127,37
"vary_k",10000,36,9,"SVP Gaussian / none / c = 0.968",0.350000000000023,1,0.350000000000023,37
"vary_k",10000,36,9,"SVP Gaussian / right / c = 1.642",0.0409999999999968,2,0.0819999999999936,37
"vary_k",10000,36,10,"SVP Gaussian / both / c = 1.987",0.0430000000000064,2,0.0860000000000127,37
"vary_k",10000,36,10,"SVP Gaussian / right / c = 1.642",0.0419999999999732,2,0.0839999999999463,37
"vary_k",10000,36,10,"SVP Gaussian / none / c = 0.968",0.350000000000023,1,0.350000000000023,37
"vary_k",10000,36,11,"SVP Gaussian / both / c = 1.987",0.0430000000000064,2,0.0860000000000127,37
"vary_k",10000,36,11,"SVP Gaussian / right / c = 1.642",0.0409999999999968,2,0.0819999999999936,37
"vary_k",10000,36,11,"SVP Gaussian / none / c = 0.968",0.350000000000023,1,0.350000000000023,37
"vary_k",10000,36,12,"SVP Gaussian / both / c = 1.987",0.0425000000000182,2,0.0850000000000364,37
"vary_k",10000,36,12,"SVP Gaussian / none / c = 0.968",0.350999999999999,1,0.350999999999999,37
"vary_k",10000,36,12,"SVP Gaussian / right / c = 1.642",0.0409999999999968,2,0.0819999999999936,37
"vary_k",10000,37,1,"SVP Gaussian / both / c = 1.987",0.0419999999999732,2,0.0839999999999463,38
"vary_k",10000,37,1,"SVP Gaussian / none / c = 0.968",0.350000000000023,1,0.350000000000023,39
"vary_k",10000,37,1,"SVP Gaussian / right / c = 1.642",0.0400000000000205,2,0.0800000000000409,38
"vary_k",10000,37,2,"SVP Gaussian / both / c = 1.987",0.0424999999999613,2,0.0849999999999227,38
"vary_k",10000,37,2,"SVP Gaussian / none / c = 0.968",0.351999999999975,1,0.351999999999975,38
"vary_k",10000,37,2,"SVP Gaussian / right / c = 1.642",0.0400000000000205,2,0.0800000000000409,38
"vary_k",10000,37,3,"SVP Gaussian / both / c = 1.987",0.0434999999999945,2,0.0869999999999891,38
"vary_k",10000,37,3,"SVP Gaussian / right / c = 1.642",0.0405000000000086,2,0.0810000000000173,38
"vary_k",10000,37,3,"SVP Gaussian / none / c = 0.968",0.349000000000046,1,0.349000000000046,38
"vary_k",10000,37,4,"SVP Gaussian / both / c = 1.987",0.041499999999985,2,0.08299999999997,38
"vary_k",10000,37,4,"SVP Gaussian / right / c = 1.642",0.0400000000000205,2,0.0800000000000409,38
"vary_k",10000,37,4,"SVP Gaussian / none / c = 0.968",0.350999999999999,1,0.350999999999999,38
"vary_k",10000,37,5,"SVP Gaussian / right / c = 1.642",0.0394999999999754,2,0.0789999999999509,38
"vary_k",10000,37,5,"SVP Gaussian / none / c = 0.968",0.350999999999999,1,0.350999999999999,38
"vary_k",10000,37,5,"SVP Gaussian / both / c = 1.987",0.0409999999999968,2,0.0819999999999936,38
"vary_k",10000,37,6,"SVP Gaussian / both / c = 1.987",0.0425000000000182,2,0.0850000000000364,38
"vary_k",10000,37,6,"SVP Gaussian / right / c = 1.642",0.0405000000000086,2,0.0810000000000173,38
"vary_k",10000,37,6,"SVP Gaussian / none / c = 0.968",0.350000000000023,1,0.350000000000023,38
"vary_k",10000,37,7,"SVP Gaussian / both / c = 1.987",0.0425000000000182,2,0.0850000000000364,38
"vary_k",10000,37,7,"SVP Gaussian / right / c = 1.642",0.0400000000000205,2,0.0800000000000409,38
"vary_k",10000,37,7,"SVP Gaussian / none / c = 0.968",0.349000000000046,1,0.349000000000046,38
"vary_k",10000,37,8,"SVP Gaussian / both / c = 1.987",0.0419999999999732,2,0.0839999999999463,38
"vary_k",10000,37,8,"SVP Gaussian / none / c = 0.968",0.347999999999956,1,0.347999999999956,38
"vary_k",10000,37,8,"SVP Gaussian / right / c = 1.642",0.0404999999999518,2,0.0809999999999036,38
"vary_k",10000,37,9,"SVP Gaussian / both / c = 1.987",0.04200000000003,2,0.08400000000006,38
"vary_k",10000,37,9,"SVP Gaussian / right / c = 1.642",0.0400000000000205,2,0.0800000000000409,38
"vary_k",10000,37,9,"SVP Gaussian / none / c = 0.968",0.349999999999909,1,0.349999999999909,38
"vary_k",10000,37,10,"SVP Gaussian / none / c = 0.968",0.350000000000023,1,0.350000000000023,38
"vary_k",10000,37,10,"SVP Gaussian / both / c = 1.987",0.0425000000000182,2,0.0850000000000364,38
"vary_k",10000,37,10,"SVP Gaussian / right / c = 1.642",0.0399999999999636,2,0.0799999999999272,38
"vary_k",10000,37,11,"SVP Gaussian / both / c = 1.987",0.0419999999999732,2,0.0839999999999463,38
"vary_k",10000,37,11,"SVP Gaussian / right / c = 1.642",0.0405000000000086,2,0.0810000000000173,38
"vary_k",10000,37,11,"SVP Gaussian / none / c = 0.968",0.352000000000089,1,0.352000000000089,38
"vary_k",10000,37,12,"SVP Gaussian / right / c = 1.642",0.0400000000000205,2,0.0800000000000409,38
"vary_k",10000,37,12,"SVP Gaussian / both / c = 1.987",0.041499999999985,2,0.08299999999997,38
"vary_k",10000,37,12,"SVP Gaussian / none / c = 0.968",0.350000000000023,1,0.350000000000023,38
"vary_k",10000,38,1,"SVP Gaussian / none / c = 0.968",0.352999999999952,1,0.352999999999952,39
"vary_k",10000,38,1,"SVP Gaussian / right / c = 1.642",0.0384999999999991,2,0.0769999999999982,39
"vary_k",10000,38,1,"SVP Gaussian / both / c = 1.987",0.0409999999999968,2,0.0819999999999936,39
"vary_k",10000,38,2,"SVP Gaussian / both / c = 1.987",0.0405000000000086,2,0.0810000000000173,39
"vary_k",10000,38,2,"SVP Gaussian / right / c = 1.642",0.0389999999999873,2,0.0779999999999745,39
"vary_k",10000,38,2,"SVP Gaussian / none / c = 0.968",0.352999999999952,1,0.352999999999952,39
"vary_k",10000,38,3,"SVP Gaussian / right / c = 1.642",0.0384999999999991,2,0.0769999999999982,39
"vary_k",10000,38,3,"SVP Gaussian / none / c = 0.968",0.354000000000042,1,0.354000000000042,39
"vary_k",10000,38,3,"SVP Gaussian / both / c = 1.987",0.0405000000000086,2,0.0810000000000173,39
"vary_k",10000,38,4,"SVP Gaussian / both / c = 1.987",0.0405000000000086,2,0.0810000000000173,39
"vary_k",10000,38,4,"SVP Gaussian / none / c = 0.968",0.350999999999999,1,0.350999999999999,39
"vary_k",10000,38,4,"SVP Gaussian / right / c = 1.642",0.0380000000000109,2,0.0760000000000218,39
"vary_k",10000,38,5,"SVP Gaussian / right / c = 1.642",0.0389999999999873,2,0.0779999999999745,39
"vary_k",10000,38,5,"SVP Gaussian / none / c = 0.968",0.350999999999999,1,0.350999999999999,39
"vary_k",10000,38,5,"SVP Gaussian / both / c = 1.987",0.0404999999999518,2,0.0809999999999036,39
"vary_k",10000,38,6,"SVP Gaussian / both / c = 1.987",0.041499999999985,2,0.08299999999997,39
"vary_k",10000,38,6,"SVP Gaussian / none / c = 0.968",0.350000000000023,1,0.350000000000023,39
"vary_k",10000,38,6,"SVP Gaussian / right / c = 1.642",0.0389999999999873,2,0.0779999999999745,39
"vary_k",10000,38,7,"SVP Gaussian / none / c = 0.968",0.350999999999999,1,0.350999999999999,39
"vary_k",10000,38,7,"SVP Gaussian / right / c = 1.642",0.0384999999999991,2,0.0769999999999982,39
"vary_k",10000,38,7,"SVP Gaussian / both / c = 1.987",0.0404999999999518,2,0.0809999999999036,39
"vary_k",10000,38,8,"SVP Gaussian / none / c = 0.968",0.351999999999975,1,0.351999999999975,40
"vary_k",10000,38,8,"SVP Gaussian / both / c = 1.987",0.0404999999999518,2,0.0809999999999036,39
"vary_k",10000,38,8,"SVP Gaussian / right / c = 1.642",0.0384999999999991,2,0.0769999999999982,39
"vary_k",10000,38,9,"SVP Gaussian / both / c = 1.987",0.0405000000000086,2,0.0810000000000173,39
"vary_k",10000,38,9,"SVP Gaussian / right / c = 1.642",0.0389999999999873,2,0.0779999999999745,39
"vary_k",10000,38,9,"SVP Gaussian / none / c = 0.968",0.349999999999909,1,0.349999999999909,39
"vary_k",10000,38,10,"SVP Gaussian / both / c = 1.987",0.0399999999999636,2,0.0799999999999272,39
"vary_k",10000,38,10,"SVP Gaussian / right / c = 1.642",0.0384999999999991,2,0.0769999999999982,39
"vary_k",10000,38,10,"SVP Gaussian / none / c = 0.968",0.350000000000023,1,0.350000000000023,39
"vary_k",10000,38,11,"SVP Gaussian / right / c = 1.642",0.0394999999999754,2,0.0789999999999509,39
"vary_k",10000,38,11,"SVP Gaussian / none / c = 0.968",0.351999999999975,1,0.351999999999975,39
"vary_k",10000,38,11,"SVP Gaussian / both / c = 1.987",0.0409999999999968,2,0.0819999999999936,39
"vary_k",10000,38,12,"SVP Gaussian / right / c = 1.642",0.0389999999999873,2,0.0779999999999745,39
"vary_k",10000,38,12,"SVP Gaussian / none / c = 0.968",0.34800000000007,1,0.34800000000007,39
"vary_k",10000,38,12,"SVP Gaussian / both / c = 1.987",0.0405000000000086,2,0.0810000000000173,39
"vary_k",10000,39,1,"SVP Gaussian / both / c = 1.987",0.0394999999999754,2,0.0789999999999509,40
"vary_k",10000,39,1,"SVP Gaussian / none / c = 0.968",0.350999999999999,1,0.350999999999999,40
"vary_k",10000,39,1,"SVP Gaussian / right / c = 1.642",0.0380000000000109,2,0.0760000000000218,40
"vary_k",10000,39,2,"SVP Gaussian / both / c = 1.987",0.0405000000000086,2,0.0810000000000173,40
"vary_k",10000,39,2,"SVP Gaussian / none / c = 0.968",0.352999999999952,1,0.352999999999952,40
"vary_k",10000,39,2,"SVP Gaussian / right / c = 1.642",0.0384999999999991,2,0.0769999999999982,40
"vary_k",10000,39,3,"SVP Gaussian / none / c = 0.968",0.350999999999999,1,0.350999999999999,40
"vary_k",10000,39,3,"SVP Gaussian / both / c = 1.987",0.0400000000000205,2,0.0800000000000409,40
"vary_k",10000,39,3,"SVP Gaussian / right / c = 1.642",0.0379999999999541,2,0.0759999999999081,40
"vary_k",10000,39,4,"SVP Gaussian / both / c = 1.987",0.0400000000000205,2,0.0800000000000409,40
"vary_k",10000,39,4,"SVP Gaussian / right / c = 1.642",0.0379999999999541,2,0.0759999999999081,40
"vary_k",10000,39,4,"SVP Gaussian / none / c = 0.968",0.351999999999975,1,0.351999999999975,40
"vary_k",10000,39,5,"SVP Gaussian / right / c = 1.642",0.0375000000000227,2,0.0750000000000455,40
"vary_k",10000,39,5,"SVP Gaussian / both / c = 1.987",0.0389999999999873,2,0.0779999999999745,40
"vary_k",10000,39,5,"SVP Gaussian / none / c = 0.968",0.347999999999956,1,0.347999999999956,40
"vary_k",10000,39,6,"SVP Gaussian / none / c = 0.968",0.351999999999975,1,0.351999999999975,40
"vary_k",10000,39,6,"SVP Gaussian / both / c = 1.987",0.0395000000000323,2,0.0790000000000646,40
"vary_k",10000,39,6,"SVP Gaussian / right / c = 1.642",0.0384999999999991,2,0.0769999999999982,40
"vary_k",10000,39,7,"SVP Gaussian / none / c = 0.968",0.351999999999975,1,0.351999999999975,40
"vary_k",10000,39,7,"SVP Gaussian / both / c = 1.987",0.0399999999999636,2,0.0799999999999272,40
"vary_k",10000,39,7,"SVP Gaussian / right / c = 1.642",0.0380000000000109,2,0.0760000000000218,40
"vary_k",10000,39,8,"SVP Gaussian / none / c = 0.968",0.352999999999952,1,0.352999999999952,40
"vary_k",10000,39,8,"SVP Gaussian / both / c = 1.987",0.0390000000000441,2,0.0780000000000882,40
"vary_k",10000,39,8,"SVP Gaussian / right / c = 1.642",0.0370000000000346,2,0.0740000000000691,40
"vary_k",10000,39,9,"SVP Gaussian / right / c = 1.642",0.0370000000000346,2,0.0740000000000691,40
"vary_k",10000,39,9,"SVP Gaussian / both / c = 1.987",0.0389999999999873,2,0.0779999999999745,40
"vary_k",10000,39,9,"SVP Gaussian / none / c = 0.968",0.352999999999952,1,0.352999999999952,40
"vary_k",10000,39,10,"SVP Gaussian / right / c = 1.642",0.0380000000000109,2,0.0760000000000218,40
"vary_k",10000,39,10,"SVP Gaussian / both / c = 1.987",0.0400000000000205,2,0.0800000000000409,40
"vary_k",10000,39,10,"SVP Gaussian / none / c = 0.968",0.350999999999999,1,0.350999999999999,40
"vary_k",10000,39,11,"SVP Gaussian / none / c = 0.968",0.349999999999909,1,0.349999999999909,40
"vary_k",10000,39,11,"SVP Gaussian / both / c = 1.987",0.0395000000000323,2,0.0790000000000646,40
"vary_k",10000,39,11,"SVP Gaussian / right / c = 1.642",0.0390000000000441,2,0.0780000000000882,40
"vary_k",10000,39,12,"SVP Gaussian / both / c = 1.987",0.0409999999999968,2,0.0819999999999936,40
"vary_k",10000,39,12,"SVP Gaussian / right / c = 1.642",0.0384999999999991,2,0.0769999999999982,40
"vary_k",10000,39,12,"SVP Gaussian / none / c = 0.968",0.351999999999975,1,0.351999999999975,40
"vary_k",10000,40,1,"SVP Gaussian / both / c = 1.987",0.0389999999999873,2,0.0779999999999745,41
"vary_k",10000,40,1,"SVP Gaussian / none / c = 0.968",0.351999999999975,1,0.351999999999975,42
"vary_k",10000,40,1,"SVP Gaussian / right / c = 1.642",0.0369999999999777,2,0.0739999999999554,41
"vary_k",10000,40,2,"SVP Gaussian / right / c = 1.642",0.0364999999999895,2,0.0729999999999791,41
"vary_k",10000,40,2,"SVP Gaussian / both / c = 1.987",0.0384999999999991,2,0.0769999999999982,41
"vary_k",10000,40,2,"SVP Gaussian / none / c = 0.968",0.34800000000007,1,0.34800000000007,41
"vary_k",10000,40,3,"SVP Gaussian / right / c = 1.642",0.0369999999999777,2,0.0739999999999554,41
"vary_k",10000,40,3,"SVP Gaussian / none / c = 0.968",0.349000000000046,1,0.349000000000046,41
"vary_k",10000,40,3,"SVP Gaussian / both / c = 1.987",0.0394999999999754,2,0.0789999999999509,41
"vary_k",10000,40,4,"SVP Gaussian / both / c = 1.987",0.0389999999999873,2,0.0779999999999745,41
"vary_k",10000,40,4,"SVP Gaussian / right / c = 1.642",0.0369999999999777,2,0.0739999999999554,41
"vary_k",10000,40,4,"SVP Gaussian / none / c = 0.968",0.353999999999928,1,0.353999999999928,41
"vary_k",10000,40,5,"SVP Gaussian / none / c = 0.968",0.351999999999975,1,0.351999999999975,41
"vary_k",10000,40,5,"SVP Gaussian / right / c = 1.642",0.0375000000000227,2,0.0750000000000455,41
"vary_k",10000,40,5,"SVP Gaussian / both / c = 1.987",0.0384999999999991,2,0.0769999999999982,41
"vary_k",10000,40,6,"SVP Gaussian / both / c = 1.987",0.0384999999999991,2,0.0769999999999982,41
"vary_k",10000,40,6,"SVP Gaussian / right / c = 1.642",0.0370000000000346,2,0.0740000000000691,41
"vary_k",10000,40,6,"SVP Gaussian / none / c = 0.968",0.350999999999999,1,0.350999999999999,41
"vary_k",10000,40,7,"SVP Gaussian / right / c = 1.642",0.0364999999999895,2,0.0729999999999791,41
"vary_k",10000,40,7,"SVP Gaussian / both / c = 1.987",0.0384999999999991,2,0.0769999999999982,41
"vary_k",10000,40,7,"SVP Gaussian / none / c = 0.968",0.352999999999952,1,0.352999999999952,41
"vary_k",10000,40,8,"SVP Gaussian / none / c = 0.968",0.350999999999999,1,0.350999999999999,41
"vary_k",10000,40,8,"SVP Gaussian / right / c = 1.642",0.0364999999999895,2,0.0729999999999791,41
"vary_k",10000,40,8,"SVP Gaussian / both / c = 1.987",0.0395000000000323,2,0.0790000000000646,41
"vary_k",10000,40,9,"SVP Gaussian / none / c = 0.968",0.352999999999952,1,0.352999999999952,41
"vary_k",10000,40,9,"SVP Gaussian / right / c = 1.642",0.0364999999999895,2,0.0729999999999791,41
"vary_k",10000,40,9,"SVP Gaussian / both / c = 1.987",0.0384999999999991,2,0.0769999999999982,41
"vary_k",10000,40,10,"SVP Gaussian / right / c = 1.642",0.0364999999999895,2,0.0729999999999791,41
"vary_k",10000,40,10,"SVP Gaussian / both / c = 1.987",0.0384999999999991,2,0.0769999999999982,41
"vary_k",10000,40,10,"SVP Gaussian / none / c = 0.968",0.352999999999952,1,0.352999999999952,41
"vary_k",10000,40,11,"SVP Gaussian / both / c = 1.987",0.0380000000000109,2,0.0760000000000218,41
"vary_k",10000,40,11,"SVP Gaussian / right / c = 1.642",0.0364999999999895,2,0.0729999999999791,41
"vary_k",10000,40,11,"SVP Gaussian / none / c = 0.968",0.350999999999999,1,0.350999999999999,41
"vary_k",10000,40,12,"SVP Gaussian / none / c = 0.968",0.352999999999952,1,0.352999999999952,41
"vary_k",10000,40,12,"SVP Gaussian / right / c = 1.642",0.0369999999999777,2,0.0739999999999554,41
"vary_k",10000,40,12,"SVP Gaussian / both / c = 1.987",0.0384999999999991,2,0.0769999999999982,41
"vary_k",10000,41,1,"SVP Gaussian / both / c = 1.987",0.0374999999999659,2,0.0749999999999318,42
"vary_k",10000,41,1,"SVP Gaussian / right / c = 1.642",0.0360000000000014,2,0.0720000000000027,42
"vary_k",10000,41,1,"SVP Gaussian / none / c = 0.968",0.350000000000023,1,0.350000000000023,42
"vary_k",10000,41,2,"SVP Gaussian / both / c = 1.987",0.0375000000000227,2,0.0750000000000455,42
"vary_k",10000,41,2,"SVP Gaussian / right / c = 1.642",0.0360000000000014,2,0.0720000000000027,42
"vary_k",10000,41,2,"SVP Gaussian / none / c = 0.968",0.350999999999999,1,0.350999999999999,42
"vary_k",10000,41,3,"SVP Gaussian / right / c = 1.642",0.0355000000000132,2,0.0710000000000264,42
"vary_k",10000,41,3,"SVP Gaussian / none / c = 0.968",0.350999999999999,1,0.350999999999999,42
"vary_k",10000,41,3,"SVP Gaussian / both / c = 1.987",0.0375000000000227,2,0.0750000000000455,42
"vary_k",10000,41,4,"SVP Gaussian / none / c = 0.968",0.351999999999975,1,0.351999999999975,42
"vary_k",10000,41,4,"SVP Gaussian / both / c = 1.987",0.0380000000000109,2,0.0760000000000218,42
"vary_k",10000,41,4,"SVP Gaussian / right / c = 1.642",0.0364999999999895,2,0.0729999999999791,42
"vary_k",10000,41,5,"SVP Gaussian / right / c = 1.642",0.0364999999999895,2,0.0729999999999791,42
"vary_k",10000,41,5,"SVP Gaussian / none / c = 0.968",0.349999999999909,1,0.349999999999909,42
"vary_k",10000,41,5,"SVP Gaussian / both / c = 1.987",0.0384999999999991,2,0.0769999999999982,42
"vary_k",10000,41,6,"SVP Gaussian / none / c = 0.968",0.350999999999999,1,0.350999999999999,42
"vary_k",10000,41,6,"SVP Gaussian / both / c = 1.987",0.0380000000000109,2,0.0760000000000218,42
"vary_k",10000,41,6,"SVP Gaussian / right / c = 1.642",0.0360000000000014,2,0.0720000000000027,42
"vary_k",10000,41,7,"SVP Gaussian / none / c = 0.968",0.351999999999975,1,0.351999999999975,42
"vary_k",10000,41,7,"SVP Gaussian / right / c = 1.642",0.0360000000000014,2,0.0720000000000027,42
"vary_k",10000,41,7,"SVP Gaussian / both / c = 1.987",0.0374999999999659,2,0.0749999999999318,42
"vary_k",10000,41,8,"SVP Gaussian / right / c = 1.642",0.0360000000000014,2,0.0720000000000027,42
"vary_k",10000,41,8,"SVP Gaussian / none / c = 0.968",0.352000000000089,1,0.352000000000089,42
"vary_k",10000,41,8,"SVP Gaussian / both / c = 1.987",0.0375000000000227,2,0.0750000000000455,42
"vary_k",10000,41,9,"SVP Gaussian / both / c = 1.987",0.0374999999999659,2,0.0749999999999318,42
"vary_k",10000,41,9,"SVP Gaussian / none / c = 0.968",0.350999999999999,1,0.350999999999999,42
"vary_k",10000,41,9,"SVP Gaussian / right / c = 1.642",0.0360000000000014,2,0.0720000000000027,42
"vary_k",10000,41,10,"SVP Gaussian / both / c = 1.987",0.0370000000000346,2,0.0740000000000691,42
"vary_k",10000,41,10,"SVP Gaussian / none / c = 0.968",0.352000000000089,1,0.352000000000089,42
"vary_k",10000,41,10,"SVP Gaussian / right / c = 1.642",0.035000000000025,2,0.07000000000005,42
"vary_k",10000,41,11,"SVP Gaussian / none / c = 0.968",0.350999999999999,1,0.350999999999999,42
"vary_k",10000,41,11,"SVP Gaussian / both / c = 1.987",0.0374999999999659,2,0.0749999999999318,42
"vary_k",10000,41,11,"SVP Gaussian / right / c = 1.642",0.0355000000000132,2,0.0710000000000264,42
"vary_k",10000,41,12,"SVP Gaussian / none / c = 0.968",0.353000000000065,1,0.353000000000065,42
"vary_k",10000,41,12,"SVP Gaussian / right / c = 1.642",0.0364999999999895,2,0.0729999999999791,42
"vary_k",10000,41,12,"SVP Gaussian / both / c = 1.987",0.0374999999999659,2,0.0749999999999318,42
"vary_k",10000,42,1,"SVP Gaussian / both / c = 1.987",0.0364999999999895,2,0.0729999999999791,43
"vary_k",10000,42,1,"SVP Gaussian / right / c = 1.642",0.03449999999998,2,0.06899999999996,43
"vary_k",10000,42,1,"SVP Gaussian / none / c = 0.968",0.349000000000046,1,0.349000000000046,43
"vary_k",10000,42,2,"SVP Gaussian / both / c = 1.987",0.0365000000000464,2,0.0730000000000928,43
"vary_k",10000,42,2,"SVP Gaussian / none / c = 0.968",0.353000000000065,1,0.353000000000065,43
"vary_k",10000,42,2,"SVP Gaussian / right / c = 1.642",0.035000000000025,2,0.07000000000005,43
"vary_k",10000,42,3,"SVP Gaussian / both / c = 1.987",0.0370000000000346,2,0.0740000000000691,43
"vary_k",10000,42,3,"SVP Gaussian / right / c = 1.642",0.035000000000025,2,0.07000000000005,43
"vary_k",10000,42,3,"SVP Gaussian / none / c = 0.968",0.350999999999999,1,0.350999999999999,43
"vary_k",10000,42,4,"SVP Gaussian / right / c = 1.642",0.0349999999999682,2,0.0699999999999363,43
"vary_k",10000,42,4,"SVP Gaussian / both / c = 1.987",0.0370000000000346,2,0.0740000000000691,43
"vary_k",10000,42,4,"SVP Gaussian / none / c = 0.968",0.350000000000023,1,0.350000000000023,43
"vary_k",10000,42,5,"SVP Gaussian / right / c = 1.642",0.0349999999999682,2,0.0699999999999363,43
"vary_k",10000,42,5,"SVP Gaussian / both / c = 1.987",0.0364999999999895,2,0.0729999999999791,43
"vary_k",10000,42,5,"SVP Gaussian / none / c = 0.968",0.351999999999975,1,0.351999999999975,43
"vary_k",10000,42,6,"SVP Gaussian / right / c = 1.642",0.0354999999999563,2,0.0709999999999127,43
"vary_k",10000,42,6,"SVP Gaussian / none / c = 0.968",0.350999999999999,1,0.350999999999999,43
"vary_k",10000,42,6,"SVP Gaussian / both / c = 1.987",0.0364999999999895,2,0.0729999999999791,43
"vary_k",10000,42,7,"SVP Gaussian / none / c = 0.968",0.351999999999975,1,0.351999999999975,43
"vary_k",10000,42,7,"SVP Gaussian / both / c = 1.987",0.0369999999999777,2,0.0739999999999554,43
"vary_k",10000,42,7,"SVP Gaussian / right / c = 1.642",0.0355000000000132,2,0.0710000000000264,43
"vary_k",10000,42,8,"SVP Gaussian / none / c = 0.968",0.350000000000023,1,0.350000000000023,43
"vary_k",10000,42,8,"SVP Gaussian / both / c = 1.987",0.0374999999999659,2,0.0749999999999318,43
"vary_k",10000,42,8,"SVP Gaussian / right / c = 1.642",0.0355000000000132,2,0.0710000000000264,43
"vary_k",10000,42,9,"SVP Gaussian / both / c = 1.987",0.0364999999999895,2,0.0729999999999791,43
"vary_k",10000,42,9,"SVP Gaussian / right / c = 1.642",0.035000000000025,2,0.07000000000005,43
"vary_k",10000,42,9,"SVP Gaussian / none / c = 0.968",0.350999999999999,1,0.350999999999999,43
"vary_k",10000,42,10,"SVP Gaussian / both / c = 1.987",0.0364999999999895,2,0.0729999999999791,43
"vary_k",10000,42,10,"SVP Gaussian / right / c = 1.642",0.035000000000025,2,0.07000000000005,43
"vary_k",10000,42,10,"SVP Gaussian / none / c = 0.968",0.349999999999909,1,0.349999999999909,43
"vary_k",10000,42,11,"SVP Gaussian / both / c = 1.987",0.0364999999999895,2,0.0729999999999791,43
"vary_k",10000,42,11,"SVP Gaussian / right / c = 1.642",0.035000000000025,2,0.07000000000005,43
"vary_k",10000,42,11,"SVP Gaussian / none / c = 0.968",0.350999999999999,1,0.350999999999999,43
"vary_k",10000,42,12,"SVP Gaussian / both / c = 1.987",0.0369999999999777,2,0.0739999999999554,43
"vary_k",10000,42,12,"SVP Gaussian / none / c = 0.968",0.352999999999952,1,0.352999999999952,43
"vary_k",10000,42,12,"SVP Gaussian / right / c = 1.642",0.0349999999999682,2,0.0699999999999363,43
"vary_k",10000,43,1,"SVP Gaussian / both / c = 1.987",0.0360000000000014,2,0.0720000000000027,44
"vary_k",10000,43,1,"SVP Gaussian / right / c = 1.642",0.0340000000000487,2,0.0680000000000973,44
"vary_k",10000,43,1,"SVP Gaussian / none / c = 0.968",0.350999999999999,1,0.350999999999999,44
"vary_k",10000,43,2,"SVP Gaussian / none / c = 0.968",0.354000000000042,1,0.354000000000042,44
"vary_k",10000,43,2,"SVP Gaussian / both / c = 1.987",0.0355000000000132,2,0.0710000000000264,44
"vary_k",10000,43,2,"SVP Gaussian / right / c = 1.642",0.0339999999999918,2,0.0679999999999836,44
"vary_k",10000,43,3,"SVP Gaussian / right / c = 1.642",0.0339999999999918,2,0.0679999999999836,44
"vary_k",10000,43,3,"SVP Gaussian / none / c = 0.968",0.350000000000023,1,0.350000000000023,44
"vary_k",10000,43,3,"SVP Gaussian / both / c = 1.987",0.0360000000000014,2,0.0720000000000027,44
"vary_k",10000,43,4,"SVP Gaussian / right / c = 1.642",0.0345000000000368,2,0.0690000000000737,44
"vary_k",10000,43,4,"SVP Gaussian / both / c = 1.987",0.0355000000000132,2,0.0710000000000264,44
"vary_k",10000,43,4,"SVP Gaussian / none / c = 0.968",0.350999999999999,1,0.350999999999999,44
"vary_k",10000,43,5,"SVP Gaussian / right / c = 1.642",0.0339999999999918,2,0.0679999999999836,44
"vary_k",10000,43,5,"SVP Gaussian / both / c = 1.987",0.0355000000000132,2,0.0710000000000264,44
"vary_k",10000,43,5,"SVP Gaussian / none / c = 0.968",0.350999999999999,1,0.350999999999999,44
"vary_k",10000,43,6,"SVP Gaussian / right / c = 1.642",0.0339999999999918,2,0.0679999999999836,44
"vary_k",10000,43,6,"SVP Gaussian / both / c = 1.987",0.0354999999999563,2,0.0709999999999127,44
"vary_k",10000,43,6,"SVP Gaussian / none / c = 0.968",0.350999999999999,1,0.350999999999999,44
"vary_k",10000,43,7,"SVP Gaussian / both / c = 1.987",0.0355000000000132,2,0.0710000000000264,44
"vary_k",10000,43,7,"SVP Gaussian / none / c = 0.968",0.350999999999999,1,0.350999999999999,44
"vary_k",10000,43,7,"SVP Gaussian / right / c = 1.642",0.0339999999999918,2,0.0679999999999836,44
"vary_k",10000,43,8,"SVP Gaussian / none / c = 0.968",0.352999999999952,1,0.352999999999952,44
"vary_k",10000,43,8,"SVP Gaussian / both / c = 1.987",0.0360000000000014,2,0.0720000000000027,44
"vary_k",10000,43,8,"SVP Gaussian / right / c = 1.642",0.0335000000000036,2,0.0670000000000073,44
"vary_k",10000,43,9,"SVP Gaussian / right / c = 1.642",0.0339999999999918,2,0.0679999999999836,44
"vary_k",10000,43,9,"SVP Gaussian / both / c = 1.987",0.0355000000000132,2,0.0710000000000264,44
"vary_k",10000,43,9,"SVP Gaussian / none / c = 0.968",0.352000000000089,1,0.352000000000089,44
"vary_k",10000,43,10,"SVP Gaussian / both / c = 1.987",0.0360000000000014,2,0.0720000000000027,44
"vary_k",10000,43,10,"SVP Gaussian / right / c = 1.642",0.0340000000000487,2,0.0680000000000973,44
"vary_k",10000,43,10,"SVP Gaussian / none / c = 0.968",0.351999999999975,1,0.351999999999975,44
"vary_k",10000,43,11,"SVP Gaussian / right / c = 1.642",0.0339999999999918,2,0.0679999999999836,44
"vary_k",10000,43,11,"SVP Gaussian / both / c = 1.987",0.0355000000000132,2,0.0710000000000264,44
"vary_k",10000,43,11,"SVP Gaussian / none / c = 0.968",0.350000000000023,1,0.350000000000023,44
"vary_k",10000,43,12,"SVP Gaussian / right / c = 1.642",0.0339999999999918,2,0.0679999999999836,44
"vary_k",10000,43,12,"SVP Gaussian / none / c = 0.968",0.351999999999975,1,0.351999999999975,44
"vary_k",10000,43,12,"SVP Gaussian / both / c = 1.987",0.0360000000000014,2,0.0720000000000027,44
"vary_k",10000,44,1,"SVP Gaussian / none / c = 0.968",0.350000000000023,1,0.350000000000023,45
"vary_k",10000,44,1,"SVP Gaussian / right / c = 1.642",0.0335000000000036,2,0.0670000000000073,45
"vary_k",10000,44,1,"SVP Gaussian / both / c = 1.987",0.0360000000000014,2,0.0720000000000027,45
"vary_k",10000,44,2,"SVP Gaussian / right / c = 1.642",0.0339999999999918,2,0.0679999999999836,45
"vary_k",10000,44,2,"SVP Gaussian / both / c = 1.987",0.0364999999999895,2,0.0729999999999791,45
"vary_k",10000,44,2,"SVP Gaussian / none / c = 0.968",0.352999999999952,1,0.352999999999952,45
"vary_k",10000,44,3,"SVP Gaussian / none / c = 0.968",0.350999999999999,1,0.350999999999999,45
"vary_k",10000,44,3,"SVP Gaussian / both / c = 1.987",0.0355000000000132,2,0.0710000000000264,45
"vary_k",10000,44,3,"SVP Gaussian / right / c = 1.642",0.0335000000000036,2,0.0670000000000073,45
"vary_k",10000,44,4,"SVP Gaussian / none / c = 0.968",0.352999999999952,1,0.352999999999952,45
"vary_k",10000,44,4,"SVP Gaussian / right / c = 1.642",0.0335000000000036,2,0.0670000000000073,45
"vary_k",10000,44,4,"SVP Gaussian / both / c = 1.987",0.0360000000000014,2,0.0720000000000027,45
"vary_k",10000,44,5,"SVP Gaussian / right / c = 1.642",0.0335000000000036,2,0.0670000000000073,45
"vary_k",10000,44,5,"SVP Gaussian / both / c = 1.987",0.035000000000025,2,0.07000000000005,45
"vary_k",10000,44,5,"SVP Gaussian / none / c = 0.968",0.350000000000023,1,0.350000000000023,45
"vary_k",10000,44,6,"SVP Gaussian / both / c = 1.987",0.0345000000000368,2,0.0690000000000737,45
"vary_k",10000,44,6,"SVP Gaussian / right / c = 1.642",0.0329999999999586,2,0.0659999999999172,45
"vary_k",10000,44,6,"SVP Gaussian / none / c = 0.968",0.355000000000018,1,0.355000000000018,45
"vary_k",10000,44,7,"SVP Gaussian / right / c = 1.642",0.0330000000000155,2,0.0660000000000309,45
"vary_k",10000,44,7,"SVP Gaussian / both / c = 1.987",0.035000000000025,2,0.07000000000005,45
"vary_k",10000,44,7,"SVP Gaussian / none / c = 0.968",0.350999999999999,1,0.350999999999999,45
"vary_k",10000,44,8,"SVP Gaussian / none / c = 0.968",0.352000000000089,1,0.352000000000089,45
"vary_k",10000,44,8,"SVP Gaussian / right / c = 1.642",0.0329999999999586,2,0.0659999999999172,45
"vary_k",10000,44,8,"SVP Gaussian / both / c = 1.987",0.035000000000025,2,0.07000000000005,45
"vary_k",10000,44,9,"SVP Gaussian / both / c = 1.987",0.0349999999999682,2,0.0699999999999363,45
"vary_k",10000,44,9,"SVP Gaussian / right / c = 1.642",0.0335000000000036,2,0.0670000000000073,45
"vary_k",10000,44,9,"SVP Gaussian / none / c = 0.968",0.350000000000023,1,0.350000000000023,45
"vary_k",10000,44,10,"SVP Gaussian / both / c = 1.987",0.0355000000000132,2,0.0710000000000264,45
"vary_k",10000,44,10,"SVP Gaussian / none / c = 0.968",0.351999999999975,1,0.351999999999975,45
"vary_k",10000,44,10,"SVP Gaussian / right / c = 1.642",0.0335000000000036,2,0.0670000000000073,45
"vary_k",10000,44,11,"SVP Gaussian / none / c = 0.968",0.350999999999999,1,0.350999999999999,45
"vary_k",10000,44,11,"SVP Gaussian / right / c = 1.642",0.0335000000000036,2,0.0670000000000073,45
"vary_k",10000,44,11,"SVP Gaussian / both / c = 1.987",0.0349999999999682,2,0.0699999999999363,45
"vary_k",10000,44,12,"SVP Gaussian / right / c = 1.642",0.0339999999999918,2,0.0679999999999836,45
"vary_k",10000,44,12,"SVP Gaussian / both / c = 1.987",0.035000000000025,2,0.07000000000005,45
"vary_k",10000,44,12,"SVP Gaussian / none / c = 0.968",0.353000000000065,1,0.353000000000065,45
"vary_k",10000,45,1,"SVP Gaussian / right / c = 1.642",0.0324999999999704,2,0.0649999999999409,46
"vary_k",10000,45,1,"SVP Gaussian / both / c = 1.987",0.03449999999998,2,0.06899999999996,46
"vary_k",10000,45,1,"SVP Gaussian / none / c = 0.968",0.351999999999975,1,0.351999999999975,46
"vary_k",10000,45,2,"SVP Gaussian / both / c = 1.987",0.0339999999999918,2,0.0679999999999836,46
"vary_k",10000,45,2,"SVP Gaussian / none / c = 0.968",0.351999999999975,1,0.351999999999975,46
"vary_k",10000,45,2,"SVP Gaussian / right / c = 1.642",0.0324999999999704,2,0.0649999999999409,46
"vary_k",10000,45,3,"SVP Gaussian / right / c = 1.642",0.0324999999999704,2,0.0649999999999409,46
"vary_k",10000,45,3,"SVP Gaussian / both / c = 1.987",0.0340000000000487,2,0.0680000000000973,46
"vary_k",10000,45,3,"SVP Gaussian / none / c = 0.968",0.350999999999999,1,0.350999999999999,46
"vary_k",10000,45,4,"SVP Gaussian / right / c = 1.642",0.0330000000000155,2,0.0660000000000309,46
"vary_k",10000,45,4,"SVP Gaussian / none / c = 0.968",0.353000000000065,1,0.353000000000065,47
"vary_k",10000,45,4,"SVP Gaussian / both / c = 1.987",0.0339999999999918,2,0.0679999999999836,46
"vary_k",10000,45,5,"SVP Gaussian / none / c = 0.968",0.353999999999928,1,0.353999999999928,46
"vary_k",10000,45,5,"SVP Gaussian / both / c = 1.987",0.0339999999999918,2,0.0679999999999836,46
"vary_k",10000,45,5,"SVP Gaussian / right / c = 1.642",0.0330000000000155,2,0.0660000000000309,46
"vary_k",10000,45,6,"SVP Gaussian / right / c = 1.642",0.0325000000000273,2,0.0650000000000546,46
"vary_k",10000,45,6,"SVP Gaussian / none / c = 0.968",0.355000000000018,1,0.355000000000018,46
"vary_k",10000,45,6,"SVP Gaussian / both / c = 1.987",0.0339999999999918,2,0.0679999999999836,46
"vary_k",10000,45,7,"SVP Gaussian / both / c = 1.987",0.0345000000000368,2,0.0690000000000737,46
"vary_k",10000,45,7,"SVP Gaussian / right / c = 1.642",0.0330000000000155,2,0.0660000000000309,46
"vary_k",10000,45,7,"SVP Gaussian / none / c = 0.968",0.352999999999952,1,0.352999999999952,46
"vary_k",10000,45,8,"SVP Gaussian / none / c = 0.968",0.351999999999975,1,0.351999999999975,46
"vary_k",10000,45,8,"SVP Gaussian / both / c = 1.987",0.0339999999999918,2,0.0679999999999836,46
"vary_k",10000,45,8,"SVP Gaussian / right / c = 1.642",0.0324999999999704,2,0.0649999999999409,46
"vary_k",10000,45,9,"SVP Gaussian / both / c = 1.987",0.03449999999998,2,0.06899999999996,46
"vary_k",10000,45,9,"SVP Gaussian / right / c = 1.642",0.0330000000000155,2,0.0660000000000309,46
"vary_k",10000,45,9,"SVP Gaussian / none / c = 0.968",0.353000000000065,1,0.353000000000065,46
"vary_k",10000,45,10,"SVP Gaussian / right / c = 1.642",0.0320000000000391,2,0.0640000000000782,46
"vary_k",10000,45,10,"SVP Gaussian / both / c = 1.987",0.0339999999999918,2,0.0679999999999836,46
"vary_k",10000,45,10,"SVP Gaussian / none / c = 0.968",0.351999999999975,1,0.351999999999975,46
"vary_k",10000,45,11,"SVP Gaussian / right / c = 1.642",0.0324999999999704,2,0.0649999999999409,46
"vary_k",10000,45,11,"SVP Gaussian / none / c = 0.968",0.351999999999975,1,0.351999999999975,46
"vary_k",10000,45,11,"SVP Gaussian / both / c = 1.987",0.0339999999999918,2,0.0679999999999836,46
"vary_k",10000,45,12,"SVP Gaussian / right / c = 1.642",0.0329999999999586,2,0.0659999999999172,46
"vary_k",10000,45,12,"SVP Gaussian / both / c = 1.987",0.035000000000025,2,0.07000000000005,46
"vary_k",10000,45,12,"SVP Gaussian / none / c = 0.968",0.353999999999928,1,0.353999999999928,46
"vary_k",10000,46,1,"SVP Gaussian / none / c = 0.968",0.353000000000065,1,0.353000000000065,47
"vary_k",10000,46,1,"SVP Gaussian / both / c = 1.987",0.0335000000000036,2,0.0670000000000073,47
"vary_k",10000,46,1,"SVP Gaussian / right / c = 1.642",0.0320000000000391,2,0.0640000000000782,47
"vary_k",10000,46,2,"SVP Gaussian / right / c = 1.642",0.0325000000000273,2,0.0650000000000546,47
"vary_k",10000,46,2,"SVP Gaussian / both / c = 1.987",0.0349999999999682,2,0.0699999999999363,47
"vary_k",10000,46,2,"SVP Gaussian / none / c = 0.968",0.352999999999952,1,0.352999999999952,47
"vary_k",10000,46,3,"SVP Gaussian / both / c = 1.987",0.0330000000000155,2,0.0660000000000309,47
"vary_k",10000,46,3,"SVP Gaussian / right / c = 1.642",0.0319999999999823,2,0.0639999999999645,47
"vary_k",10000,46,3,"SVP Gaussian / none / c = 0.968",0.350000000000023,1,0.350000000000023,47
"vary_k",10000,46,4,"SVP Gaussian / both / c = 1.987",0.0345000000000368,2,0.0690000000000737,47
"vary_k",10000,46,4,"SVP Gaussian / right / c = 1.642",0.0320000000000391,2,0.0640000000000782,47
"vary_k",10000,46,4,"SVP Gaussian / none / c = 0.968",0.350999999999999,1,0.350999999999999,47
"vary_k",10000,46,5,"SVP Gaussian / both / c = 1.987",0.0330000000000155,2,0.0660000000000309,47
"vary_k",10000,46,5,"SVP Gaussian / right / c = 1.642",0.0314999999999941,2,0.0629999999999882,47
"vary_k",10000,46,5,"SVP Gaussian / none / c = 0.968",0.350000000000023,1,0.350000000000023,47
"vary_k",10000,46,6,"SVP Gaussian / right / c = 1.642",0.0324999999999704,2,0.0649999999999409,47
"vary_k",10000,46,6,"SVP Gaussian / none / c = 0.968",0.352000000000089,1,0.352000000000089,47
"vary_k",10000,46,6,"SVP Gaussian / both / c = 1.987",0.0335000000000036,2,0.0670000000000073,47
"vary_k",10000,46,7,"SVP Gaussian / both / c = 1.987",0.0335000000000036,2,0.0670000000000073,47
"vary_k",10000,46,7,"SVP Gaussian / right / c = 1.642",0.0319999999999823,2,0.0639999999999645,47
"vary_k",10000,46,7,"SVP Gaussian / none / c = 0.968",0.351999999999975,1,0.351999999999975,47
"vary_k",10000,46,8,"SVP Gaussian / right / c = 1.642",0.0314999999999941,2,0.0629999999999882,47
"vary_k",10000,46,8,"SVP Gaussian / none / c = 0.968",0.350999999999999,1,0.350999999999999,47
"vary_k",10000,46,8,"SVP Gaussian / both / c = 1.987",0.0330000000000155,2,0.0660000000000309,47
"vary_k",10000,46,9,"SVP Gaussian / right / c = 1.642",0.0324999999999704,2,0.0649999999999409,47
"vary_k",10000,46,9,"SVP Gaussian / both / c = 1.987",0.0339999999999918,2,0.0679999999999836,47
"vary_k",10000,46,9,"SVP Gaussian / none / c = 0.968",0.350999999999999,1,0.350999999999999,47
"vary_k",10000,46,10,"SVP Gaussian / right / c = 1.642",0.0325000000000273,2,0.0650000000000546,47
"vary_k",10000,46,10,"SVP Gaussian / none / c = 0.968",0.350000000000023,1,0.350000000000023,47
"vary_k",10000,46,10,"SVP Gaussian / both / c = 1.987",0.0345000000000368,2,0.0690000000000737,47
"vary_k",10000,46,11,"SVP Gaussian / both / c = 1.987",0.0345000000000368,2,0.0690000000000737,47
"vary_k",10000,46,11,"SVP Gaussian / right / c = 1.642",0.0320000000000391,2,0.0640000000000782,47
"vary_k",10000,46,11,"SVP Gaussian / none / c = 0.968",0.350999999999999,1,0.350999999999999,47
"vary_k",10000,46,12,"SVP Gaussian / both / c = 1.987",0.0345000000000368,2,0.0690000000000737,47
"vary_k",10000,46,12,"SVP Gaussian / none / c = 0.968",0.353000000000065,1,0.353000000000065,47
"vary_k",10000,46,12,"SVP Gaussian / right / c = 1.642",0.0329999999999586,2,0.0659999999999172,47
"vary_k",10000,47,1,"SVP Gaussian / none / c = 0.968",0.350000000000023,1,0.350000000000023,48
"vary_k",10000,47,1,"SVP Gaussian / right / c = 1.642",0.0314999999999941,2,0.0629999999999882,48
"vary_k",10000,47,1,"SVP Gaussian / both / c = 1.987",0.0330000000000155,2,0.0660000000000309,48
"vary_k",10000,47,2,"SVP Gaussian / right / c = 1.642",0.0310000000000059,2,0.0620000000000118,48
"vary_k",10000,47,2,"SVP Gaussian / none / c = 0.968",0.353000000000065,1,0.353000000000065,48
"vary_k",10000,47,2,"SVP Gaussian / both / c = 1.987",0.0324999999999704,2,0.0649999999999409,48
"vary_k",10000,47,3,"SVP Gaussian / both / c = 1.987",0.0329999999999586,2,0.0659999999999172,48
"vary_k",10000,47,3,"SVP Gaussian / none / c = 0.968",0.351999999999975,1,0.351999999999975,48
"vary_k",10000,47,3,"SVP Gaussian / right / c = 1.642",0.0310000000000059,2,0.0620000000000118,48
"vary_k",10000,47,4,"SVP Gaussian / both / c = 1.987",0.0324999999999704,2,0.0649999999999409,48
"vary_k",10000,47,4,"SVP Gaussian / none / c = 0.968",0.354000000000042,1,0.354000000000042,48
"vary_k",10000,47,4,"SVP Gaussian / right / c = 1.642",0.0310000000000059,2,0.0620000000000118,48
"vary_k",10000,47,5,"SVP Gaussian / right / c = 1.642",0.0310000000000059,2,0.0620000000000118,48
"vary_k",10000,47,5,"SVP Gaussian / none / c = 0.968",0.350999999999999,1,0.350999999999999,48
"vary_k",10000,47,5,"SVP Gaussian / both / c = 1.987",0.0325000000000273,2,0.0650000000000546,48
"vary_k",10000,47,6,"SVP Gaussian / right / c = 1.642",0.0314999999999941,2,0.0629999999999882,48
"vary_k",10000,47,6,"SVP Gaussian / both / c = 1.987",0.0324999999999704,2,0.0649999999999409,48
"vary_k",10000,47,6,"SVP Gaussian / none / c = 0.968",0.354000000000042,1,0.354000000000042,48
"vary_k",10000,47,7,"SVP Gaussian / right / c = 1.642",0.0309999999999491,2,0.0619999999998981,48
"vary_k",10000,47,7,"SVP Gaussian / none / c = 0.968",0.353000000000065,1,0.353000000000065,48
"vary_k",10000,47,7,"SVP Gaussian / both / c = 1.987",0.0325000000000273,2,0.0650000000000546,48
"vary_k",10000,47,8,"SVP Gaussian / right / c = 1.642",0.0314999999999941,2,0.0629999999999882,48
"vary_k",10000,47,8,"SVP Gaussian / both / c = 1.987",0.0335000000000036,2,0.0670000000000073,48
"vary_k",10000,47,8,"SVP Gaussian / none / c = 0.968",0.355999999999995,1,0.355999999999995,48
"vary_k",10000,47,9,"SVP Gaussian / right / c = 1.642",0.0310000000000059,2,0.0620000000000118,48
"vary_k",10000,47,9,"SVP Gaussian / none / c = 0.968",0.351999999999975,1,0.351999999999975,48
"vary_k",10000,47,9,"SVP Gaussian / both / c = 1.987",0.0319999999999823,2,0.0639999999999645,48
"vary_k",10000,47,10,"SVP Gaussian / right / c = 1.642",0.0314999999999941,2,0.0629999999999882,48
"vary_k",10000,47,10,"SVP Gaussian / none / c = 0.968",0.352999999999952,1,0.352999999999952,48
"vary_k",10000,47,10,"SVP Gaussian / both / c = 1.987",0.0325000000000273,2,0.0650000000000546,48
"vary_k",10000,47,11,"SVP Gaussian / both / c = 1.987",0.0330000000000155,2,0.0660000000000309,48
"vary_k",10000,47,11,"SVP Gaussian / none / c = 0.968",0.352999999999952,1,0.352999999999952,48
"vary_k",10000,47,11,"SVP Gaussian / right / c = 1.642",0.0315000000000509,2,0.0630000000001019,48
"vary_k",10000,47,12,"SVP Gaussian / both / c = 1.987",0.0330000000000155,2,0.0660000000000309,48
"vary_k",10000,47,12,"SVP Gaussian / right / c = 1.642",0.0305000000000177,2,0.0610000000000355,48
"vary_k",10000,47,12,"SVP Gaussian / none / c = 0.968",0.350000000000023,1,0.350000000000023,48
"vary_k",10000,48,1,"SVP Gaussian / none / c = 0.968",0.352999999999952,1,0.352999999999952,49
"vary_k",10000,48,1,"SVP Gaussian / both / c = 1.987",0.0319999999999823,2,0.0639999999999645,49
"vary_k",10000,48,1,"SVP Gaussian / right / c = 1.642",0.0305000000000177,2,0.0610000000000355,49
"vary_k",10000,48,2,"SVP Gaussian / none / c = 0.968",0.351999999999975,1,0.351999999999975,49
"vary_k",10000,48,2,"SVP Gaussian / right / c = 1.642",0.0304999999999609,2,0.0609999999999218,49
"vary_k",10000,48,2,"SVP Gaussian / both / c = 1.987",0.0320000000000391,2,0.0640000000000782,50
"vary_k",10000,48,3,"SVP Gaussian / right / c = 1.642",0.0310000000000059,2,0.0620000000000118,49
"vary_k",10000,48,3,"SVP Gaussian / both / c = 1.987",0.0325000000000273,2,0.0650000000000546,49
"vary_k",10000,48,3,"SVP Gaussian / none / c = 0.968",0.352999999999952,1,0.352999999999952,49
"vary_k",10000,48,4,"SVP Gaussian / both / c = 1.987",0.0320000000000391,2,0.0640000000000782,49
"vary_k",10000,48,4,"SVP Gaussian / right / c = 1.642",0.0305000000000177,2,0.0610000000000355,49
"vary_k",10000,48,4,"SVP Gaussian / none / c = 0.968",0.353000000000065,1,0.353000000000065,49
"vary_k",10000,48,5,"SVP Gaussian / both / c = 1.987",0.0324999999999704,2,0.0649999999999409,49
"vary_k",10000,48,5,"SVP Gaussian / right / c = 1.642",0.0305000000000177,2,0.0610000000000355,49
"vary_k",10000,48,5,"SVP Gaussian / none / c = 0.968",0.351999999999975,1,0.351999999999975,49
"vary_k",10000,48,6,"SVP Gaussian / both / c = 1.987",0.0320000000000391,2,0.0640000000000782,49
"vary_k",10000,48,6,"SVP Gaussian / none / c = 0.968",0.351999999999975,1,0.351999999999975,49
"vary_k",10000,48,6,"SVP Gaussian / right / c = 1.642",0.0305000000000177,2,0.0610000000000355,49
"vary_k",10000,48,7,"SVP Gaussian / both / c = 1.987",0.0319999999999823,2,0.0639999999999645,49
"vary_k",10000,48,7,"SVP Gaussian / none / c = 0.968",0.355000000000018,1,0.355000000000018,49
"vary_k",10000,48,7,"SVP Gaussian / right / c = 1.642",0.0305000000000177,2,0.0610000000000355,49
"vary_k",10000,48,8,"SVP Gaussian / none / c = 0.968",0.351999999999975,1,0.351999999999975,49
"vary_k",10000,48,8,"SVP Gaussian / both / c = 1.987",0.0325000000000273,2,0.0650000000000546,49
"vary_k",10000,48,8,"SVP Gaussian / right / c = 1.642",0.0300000000000296,2,0.0600000000000591,49
"vary_k",10000,48,9,"SVP Gaussian / both / c = 1.987",0.0325000000000273,2,0.0650000000000546,49
"vary_k",10000,48,9,"SVP Gaussian / none / c = 0.968",0.352999999999952,1,0.352999999999952,49
"vary_k",10000,48,9,"SVP Gaussian / right / c = 1.642",0.0304999999999609,2,0.0609999999999218,49
"vary_k",10000,48,10,"SVP Gaussian / right / c = 1.642",0.0299999999999727,2,0.0599999999999454,49
"vary_k",10000,48,10,"SVP Gaussian / none / c = 0.968",0.350999999999999,1,0.350999999999999,49
"vary_k",10000,48,10,"SVP Gaussian / both / c = 1.987",0.0320000000000391,2,0.0640000000000782,49
"vary_k",10000,48,11,"SVP Gaussian / both / c = 1.987",0.0315000000000509,2,0.0630000000001019,49
"vary_k",10000,48,11,"SVP Gaussian / right / c = 1.642",0.0300000000000296,2,0.0600000000000591,49
"vary_k",10000,48,11,"SVP Gaussian / none / c = 0.968",0.352000000000089,1,0.352000000000089,49
"vary_k",10000,48,12,"SVP Gaussian / both / c = 1.987",0.0320000000000391,2,0.0640000000000782,49
"vary_k",10000,48,12,"SVP Gaussian / right / c = 1.642",0.0305000000000177,2,0.0610000000000355,49
"vary_k",10000,48,12,"SVP Gaussian / none / c = 0.968",0.353000000000065,1,0.353000000000065,49
"vary_k",10000,49,1,"SVP Gaussian / right / c = 1.642",0.0295000000000414,2,0.0590000000000828,50
"vary_k",10000,49,1,"SVP Gaussian / both / c = 1.987",0.0314999999999941,2,0.0629999999999882,50
"vary_k",10000,49,1,"SVP Gaussian / none / c = 0.968",0.352999999999952,1,0.352999999999952,50
"vary_k",10000,49,2,"SVP Gaussian / right / c = 1.642",0.0294999999999845,2,0.0589999999999691,50
"vary_k",10000,49,2,"SVP Gaussian / none / c = 0.968",0.350999999999999,1,0.350999999999999,50
"vary_k",10000,49,2,"SVP Gaussian / both / c = 1.987",0.0310000000000059,2,0.0620000000000118,50
"vary_k",10000,49,3,"SVP Gaussian / both / c = 1.987",0.0310000000000059,2,0.0620000000000118,50
"vary_k",10000,49,3,"SVP Gaussian / right / c = 1.642",0.0294999999999845,2,0.0589999999999691,50
"vary_k",10000,49,3,"SVP Gaussian / none / c = 0.968",0.350000000000023,1,0.350000000000023,50
"vary_k",10000,49,4,"SVP Gaussian / both / c = 1.987",0.0314999999999941,2,0.0629999999999882,50
"vary_k",10000,49,4,"SVP Gaussian / none / c = 0.968",0.354000000000042,1,0.354000000000042,50
"vary_k",10000,49,4,"SVP Gaussian / right / c = 1.642",0.0300000000000296,2,0.0600000000000591,50
"vary_k",10000,49,5,"SVP Gaussian / none / c = 0.968",0.353999999999928,1,0.353999999999928,50
"vary_k",10000,49,5,"SVP Gaussian / both / c = 1.987",0.0314999999999941,2,0.0629999999999882,50
"vary_k",10000,49,5,"SVP Gaussian / right / c = 1.642",0.0300000000000296,2,0.0600000000000591,50
"vary_k",10000,49,6,"SVP Gaussian / right / c = 1.642",0.0294999999999845,2,0.0589999999999691,50
"vary_k",10000,49,6,"SVP Gaussian / both / c = 1.987",0.0310000000000059,2,0.0620000000000118,50
"vary_k",10000,49,6,"SVP Gaussian / none / c = 0.968",0.353000000000065,1,0.353000000000065,50
"vary_k",10000,49,7,"SVP Gaussian / both / c = 1.987",0.0314999999999941,2,0.0629999999999882,50
"vary_k",10000,49,7,"SVP Gaussian / none / c = 0.968",0.354000000000042,1,0.354000000000042,50
"vary_k",10000,49,7,"SVP Gaussian / right / c = 1.642",0.0300000000000296,2,0.0600000000000591,50
"vary_k",10000,49,8,"SVP Gaussian / none / c = 0.968",0.352999999999952,1,0.352999999999952,50
"vary_k",10000,49,8,"SVP Gaussian / both / c = 1.987",0.0310000000000059,2,0.0620000000000118,50
"vary_k",10000,49,8,"SVP Gaussian / right / c = 1.642",0.0299999999999727,2,0.0599999999999454,50
"vary_k",10000,49,9,"SVP Gaussian / both / c = 1.987",0.0314999999999941,2,0.0629999999999882,50
"vary_k",10000,49,9,"SVP Gaussian / none / c = 0.968",0.352999999999952,1,0.352999999999952,50
"vary_k",10000,49,9,"SVP Gaussian / right / c = 1.642",0.0299999999999727,2,0.0599999999999454,50
"vary_k",10000,49,10,"SVP Gaussian / right / c = 1.642",0.0300000000000296,2,0.0600000000000591,50
"vary_k",10000,49,10,"SVP Gaussian / none / c = 0.968",0.352999999999952,1,0.352999999999952,50
"vary_k",10000,49,10,"SVP Gaussian / both / c = 1.987",0.0310000000000059,2,0.0620000000000118,50
"vary_k",10000,49,11,"SVP Gaussian / right / c = 1.642",0.0304999999999609,2,0.0609999999999218,50
"vary_k",10000,49,11,"SVP Gaussian / both / c = 1.987",0.0319999999999823,2,0.0639999999999645,50
"vary_k",10000,49,11,"SVP Gaussian / none / c = 0.968",0.355000000000018,1,0.355000000000018,50
"vary_k",10000,49,12,"SVP Gaussian / both / c = 1.987",0.0314999999999941,2,0.0629999999999882,50
"vary_k",10000,49,12,"SVP Gaussian / right / c = 1.642",0.0304999999999609,2,0.0609999999999218,50
"vary_k",10000,49,12,"SVP Gaussian / none / c = 0.968",0.353000000000065,1,0.353000000000065,50
"vary_k",10000,50,1,"SVP Gaussian / both / c = 1.987",0.0304999999999609,2,0.0609999999999218,51
"vary_k",10000,50,1,"SVP Gaussian / none / c = 0.968",0.350999999999999,1,0.350999999999999,51
"vary_k",10000,50,1,"SVP Gaussian / right / c = 1.642",0.0294999999999845,2,0.0589999999999691,51
"vary_k",10000,50,2,"SVP Gaussian / right / c = 1.642",0.0295000000000414,2,0.0590000000000828,51
"vary_k",10000,50,2,"SVP Gaussian / none / c = 0.968",0.351999999999975,1,0.351999999999975,51
"vary_k",10000,50,2,"SVP Gaussian / both / c = 1.987",0.0310000000000059,2,0.0620000000000118,51
"vary_k",10000,50,3,"SVP Gaussian / both / c = 1.987",0.0305000000000177,2,0.0610000000000355,51
"vary_k",10000,50,3,"SVP Gaussian / right / c = 1.642",0.0289999999999964,2,0.0579999999999927,51
"vary_k",10000,50,3,"SVP Gaussian / none / c = 0.968",0.353999999999928,1,0.353999999999928,52
"vary_k",10000,50,4,"SVP Gaussian / none / c = 0.968",0.353000000000065,1,0.353000000000065,51
"vary_k",10000,50,4,"SVP Gaussian / both / c = 1.987",0.0305000000000177,2,0.0610000000000355,51
"vary_k",10000,50,4,"SVP Gaussian / right / c = 1.642",0.0294999999999845,2,0.0589999999999691,51
"vary_k",10000,50,5,"SVP Gaussian / right / c = 1.642",0.0294999999999845,2,0.0589999999999691,51
"vary_k",10000,50,5,"SVP Gaussian / both / c = 1.987",0.0310000000000059,2,0.0620000000000118,51
"vary_k",10000,50,5,"SVP Gaussian / none / c = 0.968",0.356000000000108,1,0.356000000000108,51
"vary_k",10000,50,6,"SVP Gaussian / none / c = 0.968",0.355999999999995,1,0.355999999999995,51
"vary_k",10000,50,6,"SVP Gaussian / right / c = 1.642",0.0295000000000414,2,0.0590000000000828,51
"vary_k",10000,50,6,"SVP Gaussian / both / c = 1.987",0.0305000000000177,2,0.0610000000000355,51
"vary_k",10000,50,7,"SVP Gaussian / both / c = 1.987",0.0310000000000059,2,0.0620000000000118,51
"vary_k",10000,50,7,"SVP Gaussian / right / c = 1.642",0.0294999999999845,2,0.0589999999999691,51
"vary_k",10000,50,7,"SVP Gaussian / none / c = 0.968",0.351999999999975,1,0.351999999999975,51
"vary_k",10000,50,8,"SVP Gaussian / none / c = 0.968",0.350999999999999,1,0.350999999999999,51
"vary_k",10000,50,8,"SVP Gaussian / right / c = 1.642",0.0289999999999964,2,0.0579999999999927,51
"vary_k",10000,50,8,"SVP Gaussian / both / c = 1.987",0.0305000000000177,2,0.0610000000000355,51
"vary_k",10000,50,9,"SVP Gaussian / both / c = 1.987",0.0300000000000296,2,0.0600000000000591,51
"vary_k",10000,50,9,"SVP Gaussian / right / c = 1.642",0.0295000000000414,2,0.0590000000000828,51
"vary_k",10000,50,9,"SVP Gaussian / none / c = 0.968",0.353000000000065,1,0.353000000000065,51
"vary_k",10000,50,10,"SVP Gaussian / none / c = 0.968",0.353999999999928,1,0.353999999999928,51
"vary_k",10000,50,10,"SVP Gaussian / both / c = 1.987",0.0310000000000059,2,0.0620000000000118,51
"vary_k",10000,50,10,"SVP Gaussian / right / c = 1.642",0.0289999999999964,2,0.0579999999999927,51
"vary_k",10000,50,11,"SVP Gaussian / right / c = 1.642",0.0289999999999964,2,0.0579999999999927,51
"vary_k",10000,50,11,"SVP Gaussian / none / c = 0.968",0.352999999999952,1,0.352999999999952,52
"vary_k",10000,50,11,"SVP Gaussian / both / c = 1.987",0.0310000000000059,2,0.0620000000000118,51
"vary_k",10000,50,12,"SVP Gaussian / right / c = 1.642",0.0299999999999727,2,0.0599999999999454,51
"vary_k",10000,50,12,"SVP Gaussian / none / c = 0.968",0.354000000000042,1,0.354000000000042,51
"vary_k",10000,50,12,"SVP Gaussian / both / c = 1.987",0.0310000000000059,2,0.0620000000000118,51
"vary_k",10000,51,1,"SVP Gaussian / right / c = 1.642",0.0289999999999964,2,0.0579999999999927,52
"vary_k",10000,51,1,"SVP Gaussian / both / c = 1.987",0.0305000000000177,2,0.0610000000000355,52
"vary_k",10000,51,1,"SVP Gaussian / none / c = 0.968",0.351999999999975,1,0.351999999999975,52
"vary_k",10000,51,2,"SVP Gaussian / right / c = 1.642",0.0285000000000082,2,0.0570000000000164,52
"vary_k",10000,51,2,"SVP Gaussian / both / c = 1.987",0.0299999999999727,2,0.0599999999999454,52
"vary_k",10000,51,2,"SVP Gaussian / none / c = 0.968",0.353000000000065,1,0.353000000000065,52
"vary_k",10000,51,3,"SVP Gaussian / right / c = 1.642",0.0289999999999964,2,0.0579999999999927,52
"vary_k",10000,51,3,"SVP Gaussian / none / c = 0.968",0.353000000000065,1,0.353000000000065,52
"vary_k",10000,51,3,"SVP Gaussian / both / c = 1.987",0.0304999999999609,2,0.0609999999999218,52
"vary_k",10000,51,4,"SVP Gaussian / both / c = 1.987",0.0314999999999941,2,0.0629999999999882,52
"vary_k",10000,51,4,"SVP Gaussian / none / c = 0.968",0.351999999999975,1,0.351999999999975,52
"vary_k",10000,51,4,"SVP Gaussian / right / c = 1.642",0.0289999999999964,2,0.0579999999999927,52
"vary_k",10000,51,5,"SVP Gaussian / right / c = 1.642",0.0285000000000082,2,0.0570000000000164,52
"vary_k",10000,51,5,"SVP Gaussian / both / c = 1.987",0.0299999999999727,2,0.0599999999999454,52
"vary_k",10000,51,5,"SVP Gaussian / none / c = 0.968",0.351999999999975,1,0.351999999999975,52
"vary_k",10000,51,6,"SVP Gaussian / both / c = 1.987",0.0309999999999491,2,0.0619999999998981,52
"vary_k",10000,51,6,"SVP Gaussian / right / c = 1.642",0.0285000000000082,2,0.0570000000000164,52
"vary_k",10000,51,6,"SVP Gaussian / none / c = 0.968",0.355000000000018,1,0.355000000000018,52
"vary_k",10000,51,7,"SVP Gaussian / right / c = 1.642",0.0284999999999513,2,0.0569999999999027,52
"vary_k",10000,51,7,"SVP Gaussian / none / c = 0.968",0.353000000000065,1,0.353000000000065,52
"vary_k",10000,51,7,"SVP Gaussian / both / c = 1.987",0.0294999999999845,2,0.0589999999999691,52
"vary_k",10000,51,8,"SVP Gaussian / none / c = 0.968",0.355000000000018,1,0.355000000000018,53
"vary_k",10000,51,8,"SVP Gaussian / right / c = 1.642",0.0289999999999964,2,0.0579999999999927,52
"vary_k",10000,51,8,"SVP Gaussian / both / c = 1.987",0.0305000000000177,2,0.0610000000000355,52
"vary_k",10000,51,9,"SVP Gaussian / none / c = 0.968",0.351999999999975,1,0.351999999999975,53
"vary_k",10000,51,9,"SVP Gaussian / right / c = 1.642",0.0285000000000082,2,0.0570000000000164,52
"vary_k",10000,51,9,"SVP Gaussian / both / c = 1.987",0.0299999999999727,2,0.0599999999999454,52
"vary_k",10000,51,10,"SVP Gaussian / both / c = 1.987",0.0299999999999727,2,0.0599999999999454,52
"vary_k",10000,51,10,"SVP Gaussian / right / c = 1.642",0.0289999999999964,2,0.0579999999999927,52
"vary_k",10000,51,10,"SVP Gaussian / none / c = 0.968",0.354000000000042,1,0.354000000000042,52
"vary_k",10000,51,11,"SVP Gaussian / both / c = 1.987",0.0300000000000296,2,0.0600000000000591,52
"vary_k",10000,51,11,"SVP Gaussian / none / c = 0.968",0.352999999999952,1,0.352999999999952,52
"vary_k",10000,51,11,"SVP Gaussian / right / c = 1.642",0.0289999999999964,2,0.0579999999999927,52
"vary_k",10000,51,12,"SVP Gaussian / right / c = 1.642",0.0294999999999845,2,0.0589999999999691,52
"vary_k",10000,51,12,"SVP Gaussian / none / c = 0.968",0.350999999999999,1,0.350999999999999,52
"vary_k",10000,51,12,"SVP Gaussian / both / c = 1.987",0.0310000000000059,2,0.0620000000000118,52
"vary_k",10000,52,1,"SVP Gaussian / both / c = 1.987",0.0305000000000177,2,0.0610000000000355,53
"vary_k",10000,52,1,"SVP Gaussian / none / c = 0.968",0.352000000000089,1,0.352000000000089,53
"vary_k",10000,52,1,"SVP Gaussian / right / c = 1.642",0.0284999999999513,2,0.0569999999999027,53
"vary_k",10000,52,2,"SVP Gaussian / right / c = 1.642",0.0285000000000082,2,0.0570000000000164,53
"vary_k",10000,52,2,"SVP Gaussian / both / c = 1.987",0.0294999999999845,2,0.0589999999999691,53
"vary_k",10000,52,2,"SVP Gaussian / none / c = 0.968",0.351999999999975,1,0.351999999999975,53
"vary_k",10000,52,3,"SVP Gaussian / both / c = 1.987",0.0300000000000296,2,0.0600000000000591,53
"vary_k",10000,52,3,"SVP Gaussian / right / c = 1.642",0.02800000000002,2,0.05600000000004,53
"vary_k",10000,52,3,"SVP Gaussian / none / c = 0.968",0.353000000000065,1,0.353000000000065,53
"vary_k",10000,52,4,"SVP Gaussian / both / c = 1.987",0.0289999999999964,2,0.0579999999999927,53
"vary_k",10000,52,4,"SVP Gaussian / none / c = 0.968",0.354000000000042,1,0.354000000000042,53
"vary_k",10000,52,4,"SVP Gaussian / right / c = 1.642",0.02800000000002,2,0.05600000000004,53
"vary_k",10000,52,5,"SVP Gaussian / right / c = 1.642",0.0285000000000082,2,0.0570000000000164,53
"vary_k",10000,52,5,"SVP Gaussian / both / c = 1.987",0.0294999999999845,2,0.0589999999999691,53
"vary_k",10000,52,5,"SVP Gaussian / none / c = 0.968",0.350999999999999,1,0.350999999999999,53
"vary_k",10000,52,6,"SVP Gaussian / right / c = 1.642",0.02800000000002,2,0.05600000000004,53
"vary_k",10000,52,6,"SVP Gaussian / none / c = 0.968",0.351999999999975,1,0.351999999999975,53
"vary_k",10000,52,6,"SVP Gaussian / both / c = 1.987",0.0295000000000414,2,0.0590000000000828,53
"vary_k",10000,52,7,"SVP Gaussian / both / c = 1.987",0.0299999999999727,2,0.0599999999999454,53
"vary_k",10000,52,7,"SVP Gaussian / none / c = 0.968",0.352999999999952,1,0.352999999999952,53
"vary_k",10000,52,7,"SVP Gaussian / right / c = 1.642",0.0289999999999964,2,0.0579999999999927,53
"vary_k",10000,52,8,"SVP Gaussian / none / c = 0.968",0.355999999999995,1,0.355999999999995,53
"vary_k",10000,52,8,"SVP Gaussian / both / c = 1.987",0.0300000000000296,2,0.0600000000000591,53
"vary_k",10000,52,8,"SVP Gaussian / right / c = 1.642",0.0289999999999964,2,0.0579999999999927,53
"vary_k",10000,52,9,"SVP Gaussian / right / c = 1.642",0.0289999999999964,2,0.0579999999999927,53
"vary_k",10000,52,9,"SVP Gaussian / none / c = 0.968",0.351999999999975,1,0.351999999999975,53
"vary_k",10000,52,9,"SVP Gaussian / both / c = 1.987",0.0305000000000177,2,0.0610000000000355,53
"vary_k",10000,52,10,"SVP Gaussian / both / c = 1.987",0.0289999999999964,2,0.0579999999999927,53
"vary_k",10000,52,10,"SVP Gaussian / right / c = 1.642",0.02800000000002,2,0.05600000000004,53
"vary_k",10000,52,10,"SVP Gaussian / none / c = 0.968",0.353999999999928,1,0.353999999999928,53
"vary_k",10000,52,11,"SVP Gaussian / right / c = 1.642",0.02800000000002,2,0.05600000000004,53
"vary_k",10000,52,11,"SVP Gaussian / none / c = 0.968",0.351999999999975,1,0.351999999999975,54
"vary_k",10000,52,11,"SVP Gaussian / both / c = 1.987",0.0294999999999845,2,0.0589999999999691,53
"vary_k",10000,52,12,"SVP Gaussian / right / c = 1.642",0.0285000000000082,2,0.0570000000000164,53
"vary_k",10000,52,12,"SVP Gaussian / none / c = 0.968",0.352999999999952,1,0.352999999999952,53
"vary_k",10000,52,12,"SVP Gaussian / both / c = 1.987",0.0295000000000414,2,0.0590000000000828,53
"vary_k",10000,53,1,"SVP Gaussian / both / c = 1.987",0.0285000000000082,2,0.0570000000000164,54
"vary_k",10000,53,1,"SVP Gaussian / right / c = 1.642",0.0279999999999632,2,0.0559999999999263,54
"vary_k",10000,53,1,"SVP Gaussian / none / c = 0.968",0.354000000000042,1,0.354000000000042,54
"vary_k",10000,53,2,"SVP Gaussian / right / c = 1.642",0.027499999999975,2,0.05499999999995,54
"vary_k",10000,53,2,"SVP Gaussian / none / c = 0.968",0.355000000000018,1,0.355000000000018,54
"vary_k",10000,53,2,"SVP Gaussian / both / c = 1.987",0.0290000000000532,2,0.0580000000001064,54
"vary_k",10000,53,3,"SVP Gaussian / both / c = 1.987",0.0285000000000082,2,0.0570000000000164,54
"vary_k",10000,53,3,"SVP Gaussian / right / c = 1.642",0.02800000000002,2,0.05600000000004,55
"vary_k",10000,53,3,"SVP Gaussian / none / c = 0.968",0.351999999999975,1,0.351999999999975,55
"vary_k",10000,53,4,"SVP Gaussian / both / c = 1.987",0.0300000000000296,2,0.0600000000000591,54
"vary_k",10000,53,4,"SVP Gaussian / right / c = 1.642",0.02800000000002,2,0.05600000000004,54
"vary_k",10000,53,4,"SVP Gaussian / none / c = 0.968",0.353999999999928,1,0.353999999999928,54
"vary_k",10000,53,5,"SVP Gaussian / none / c = 0.968",0.354000000000042,1,0.354000000000042,54
"vary_k",10000,53,5,"SVP Gaussian / both / c = 1.987",0.0289999999999964,2,0.0579999999999927,54
"vary_k",10000,53,5,"SVP Gaussian / right / c = 1.642",0.0279999999999632,2,0.0559999999999263,54
"vary_k",10000,53,6,"SVP Gaussian / none / c = 0.968",0.351999999999975,1,0.351999999999975,54
"vary_k",10000,53,6,"SVP Gaussian / both / c = 1.987",0.0300000000000296,2,0.0600000000000591,54
"vary_k",10000,53,6,"SVP Gaussian / right / c = 1.642",0.02800000000002,2,0.05600000000004,54
"vary_k",10000,53,7,"SVP Gaussian / right / c = 1.642",0.0284999999999513,2,0.0569999999999027,54
"vary_k",10000,53,7,"SVP Gaussian / none / c = 0.968",0.352000000000089,1,0.352000000000089,54
"vary_k",10000,53,7,"SVP Gaussian / both / c = 1.987",0.0299999999999727,2,0.0599999999999454,54
"vary_k",10000,53,8,"SVP Gaussian / none / c = 0.968",0.353999999999928,1,0.353999999999928,54
"vary_k",10000,53,8,"SVP Gaussian / right / c = 1.642",0.02800000000002,2,0.05600000000004,54
"vary_k",10000,53,8,"SVP Gaussian / both / c = 1.987",0.0290000000000532,2,0.0580000000001064,54
"vary_k",10000,53,9,"SVP Gaussian / both / c = 1.987",0.0289999999999964,2,0.0579999999999927,54
"vary_k",10000,53,9,"SVP Gaussian / none / c = 0.968",0.355999999999995,1,0.355999999999995,54
"vary_k",10000,53,9,"SVP Gaussian / right / c = 1.642",0.027499999999975,2,0.05499999999995,54
"vary_k",10000,53,10,"SVP Gaussian / none / c = 0.968",0.353999999999928,1,0.353999999999928,54
"vary_k",10000,53,10,"SVP Gaussian / right / c = 1.642",0.0276666666666567,3,0.08299999999997,54
"vary_k",10000,53,10,"SVP Gaussian / both / c = 1.987",0.0295000000000414,2,0.0590000000000828,54
"vary_k",10000,53,11,"SVP Gaussian / none / c = 0.968",0.352000000000089,1,0.352000000000089,54
"vary_k",10000,53,11,"SVP Gaussian / both / c = 1.987",0.0289999999999964,2,0.0579999999999927,54
"vary_k",10000,53,11,"SVP Gaussian / right / c = 1.642",0.027499999999975,2,0.05499999999995,54
"vary_k",10000,53,12,"SVP Gaussian / none / c = 0.968",0.353000000000065,1,0.353000000000065,54
"vary_k",10000,53,12,"SVP Gaussian / both / c = 1.987",0.0289999999999964,2,0.0579999999999927,54
"vary_k",10000,53,12,"SVP Gaussian / right / c = 1.642",0.0279999999999632,2,0.0559999999999263,54
"vary_k",10000,54,1,"SVP Gaussian / none / c = 0.968",0.355000000000018,1,0.355000000000018,55
"vary_k",10000,54,1,"SVP Gaussian / both / c = 1.987",0.0289999999999964,2,0.0579999999999927,55
"vary_k",10000,54,1,"SVP Gaussian / right / c = 1.642",0.0273333333333312,3,0.0819999999999936,55
"vary_k",10000,54,2,"SVP Gaussian / right / c = 1.642",0.0269999999999868,2,0.0539999999999736,55
"vary_k",10000,54,2,"SVP Gaussian / none / c = 0.968",0.355000000000018,1,0.355000000000018,55
"vary_k",10000,54,2,"SVP Gaussian / both / c = 1.987",0.0285000000000082,2,0.0570000000000164,55
"vary_k",10000,54,3,"SVP Gaussian / right / c = 1.642",0.0273333333333312,3,0.0819999999999936,55
"vary_k",10000,54,3,"SVP Gaussian / both / c = 1.987",0.0289999999999964,2,0.0579999999999927,55
"vary_k",10000,54,3,"SVP Gaussian / none / c = 0.968",0.351999999999975,1,0.351999999999975,55
"vary_k",10000,54,4,"SVP Gaussian / both / c = 1.987",0.0285000000000082,2,0.0570000000000164,55
"vary_k",10000,54,4,"SVP Gaussian / right / c = 1.642",0.0270000000000058,3,0.0810000000000173,55
"vary_k",10000,54,4,"SVP Gaussian / none / c = 0.968",0.353999999999928,1,0.353999999999928,55
"vary_k",10000,54,5,"SVP Gaussian / none / c = 0.968",0.352999999999952,1,0.352999999999952,55
"vary_k",10000,54,5,"SVP Gaussian / both / c = 1.987",0.0285000000000082,2,0.0570000000000164,55
"vary_k",10000,54,5,"SVP Gaussian / right / c = 1.642",0.0273333333333312,3,0.0819999999999936,55
"vary_k",10000,54,6,"SVP Gaussian / right / c = 1.642",0.0269999999999868,2,0.0539999999999736,55
"vary_k",10000,54,6,"SVP Gaussian / none / c = 0.968",0.355000000000018,1,0.355000000000018,55
"vary_k",10000,54,6,"SVP Gaussian / both / c = 1.987",0.0285000000000082,2,0.0570000000000164,55
"vary_k",10000,54,7,"SVP Gaussian / right / c = 1.642",0.0275000000000318,2,0.0550000000000637,55
"vary_k",10000,54,7,"SVP Gaussian / none / c = 0.968",0.351999999999975,1,0.351999999999975,55
"vary_k",10000,54,7,"SVP Gaussian / both / c = 1.987",0.0285000000000082,2,0.0570000000000164,55
"vary_k",10000,54,8,"SVP Gaussian / right / c = 1.642",0.0276666666666946,3,0.0830000000000837,55
"vary_k",10000,54,8,"SVP Gaussian / none / c = 0.968",0.354000000000042,1,0.354000000000042,55
"vary_k",10000,54,8,"SVP Gaussian / both / c = 1.987",0.0289999999999964,2,0.0579999999999927,55
"vary_k",10000,54,9,"SVP Gaussian / none / c = 0.968",0.354000000000042,1,0.354000000000042,55
"vary_k",10000,54,9,"SVP Gaussian / both / c = 1.987",0.0289999999999964,2,0.0579999999999927,55
"vary_k",10000,54,9,"SVP Gaussian / right / c = 1.642",0.0275000000000318,2,0.0550000000000637,55
"vary_k",10000,54,10,"SVP Gaussian / both / c = 1.987",0.0289999999999964,2,0.0579999999999927,55
"vary_k",10000,54,10,"SVP Gaussian / none / c = 0.968",0.353999999999928,1,0.353999999999928,55
"vary_k",10000,54,10,"SVP Gaussian / right / c = 1.642",0.0269999999999868,2,0.0539999999999736,55
"vary_k",10000,54,11,"SVP Gaussian / both / c = 1.987",0.0294999999999845,2,0.0589999999999691,55
"vary_k",10000,54,11,"SVP Gaussian / right / c = 1.642",0.0276666666666567,3,0.08299999999997,55
"vary_k",10000,54,11,"SVP Gaussian / none / c = 0.968",0.353999999999928,1,0.353999999999928,55
"vary_k",10000,54,12,"SVP Gaussian / both / c = 1.987",0.0290000000000532,2,0.0580000000001064,55
"vary_k",10000,54,12,"SVP Gaussian / none / c = 0.968",0.352000000000089,1,0.352000000000089,55
"vary_k",10000,54,12,"SVP Gaussian / right / c = 1.642",0.0273333333333312,3,0.0819999999999936,55
"vary_k",10000,55,1,"SVP Gaussian / both / c = 1.987",0.0279999999999632,2,0.0559999999999263,56
"vary_k",10000,55,1,"SVP Gaussian / right / c = 1.642",0.0270000000000058,3,0.0810000000000173,56
"vary_k",10000,55,1,"SVP Gaussian / none / c = 0.968",0.352000000000089,1,0.352000000000089,56
"vary_k",10000,55,2,"SVP Gaussian / none / c = 0.968",0.352999999999952,1,0.352999999999952,56
"vary_k",10000,55,2,"SVP Gaussian / right / c = 1.642",0.0266666666666803,3,0.0800000000000409,56
"vary_k",10000,55,2,"SVP Gaussian / both / c = 1.987",0.0275000000000318,2,0.0550000000000637,56
"vary_k",10000,55,3,"SVP Gaussian / both / c = 1.987",0.02800000000002,2,0.05600000000004,56
"vary_k",10000,55,3,"SVP Gaussian / none / c = 0.968",0.354999999999905,1,0.354999999999905,56
"vary_k",10000,55,3,"SVP Gaussian / right / c = 1.642",0.026333333333317,3,0.0789999999999509,56
"vary_k",10000,55,4,"SVP Gaussian / both / c = 1.987",0.027499999999975,2,0.05499999999995,56
"vary_k",10000,55,4,"SVP Gaussian / right / c = 1.642",0.0266666666666803,3,0.0800000000000409,56
"vary_k",10000,55,4,"SVP Gaussian / none / c = 0.968",0.353999999999928,1,0.353999999999928,56
"vary_k",10000,55,5,"SVP Gaussian / none / c = 0.968",0.354999999999905,1,0.354999999999905,56
"vary_k",10000,55,5,"SVP Gaussian / both / c = 1.987",0.0275000000000318,2,0.0550000000000637,56
"vary_k",10000,55,5,"SVP Gaussian / right / c = 1.642",0.0263333333333549,3,0.0790000000000646,56
"vary_k",10000,55,6,"SVP Gaussian / none / c = 0.968",0.353999999999928,1,0.353999999999928,56
"vary_k",10000,55,6,"SVP Gaussian / both / c = 1.987",0.02800000000002,2,0.05600000000004,56
"vary_k",10000,55,6,"SVP Gaussian / right / c = 1.642",0.0270000000000058,3,0.0810000000000173,56
"vary_k",10000,55,7,"SVP Gaussian / right / c = 1.642",0.0273333333333312,3,0.0819999999999936,56
"vary_k",10000,55,7,"SVP Gaussian / both / c = 1.987",0.0294999999999845,2,0.0589999999999691,56
"vary_k",10000,55,7,"SVP Gaussian / none / c = 0.968",0.354000000000042,1,0.354000000000042,56
"vary_k",10000,55,8,"SVP Gaussian / both / c = 1.987",0.02800000000002,2,0.05600000000004,56
"vary_k",10000,55,8,"SVP Gaussian / right / c = 1.642",0.0270000000000058,3,0.0810000000000173,56
"vary_k",10000,55,8,"SVP Gaussian / none / c = 0.968",0.354000000000042,1,0.354000000000042,56
"vary_k",10000,55,9,"SVP Gaussian / both / c = 1.987",0.0275000000000318,2,0.0550000000000637,56
"vary_k",10000,55,9,"SVP Gaussian / right / c = 1.642",0.0266666666666803,3,0.0800000000000409,56
"vary_k",10000,55,9,"SVP Gaussian / none / c = 0.968",0.353999999999928,1,0.353999999999928,56
"vary_k",10000,55,10,"SVP Gaussian / both / c = 1.987",0.02800000000002,2,0.05600000000004,56
"vary_k",10000,55,10,"SVP Gaussian / right / c = 1.642",0.0266666666666803,3,0.0800000000000409,56
"vary_k",10000,55,10,"SVP Gaussian / none / c = 0.968",0.352999999999952,1,0.352999999999952,56
"vary_k",10000,55,11,"SVP Gaussian / both / c = 1.987",0.02800000000002,2,0.05600000000004,56
"vary_k",10000,55,11,"SVP Gaussian / none / c = 0.968",0.355999999999995,1,0.355999999999995,56
"vary_k",10000,55,11,"SVP Gaussian / right / c = 1.642",0.0266666666666803,3,0.0800000000000409,56
"vary_k",10000,55,12,"SVP Gaussian / none / c = 0.968",0.353999999999928,1,0.353999999999928,56
"vary_k",10000,55,12,"SVP Gaussian / right / c = 1.642",0.0266666666666424,3,0.0799999999999272,56
"vary_k",10000,55,12,"SVP Gaussian / both / c = 1.987",0.0275000000000318,2,0.0550000000000637,56
"vary_k",10000,56,1,"SVP Gaussian / right / c = 1.642",0.0259999999999915,3,0.0779999999999745,57
"vary_k",10000,56,1,"SVP Gaussian / both / c = 1.987",0.0269999999999868,2,0.0539999999999736,57
"vary_k",10000,56,1,"SVP Gaussian / none / c = 0.968",0.353999999999928,1,0.353999999999928,57
"vary_k",10000,56,2,"SVP Gaussian / right / c = 1.642",0.0263333333333549,3,0.0790000000000646,57
"vary_k",10000,56,2,"SVP Gaussian / both / c = 1.987",0.0269999999999868,2,0.0539999999999736,57
"vary_k",10000,56,2,"SVP Gaussian / none / c = 0.968",0.354000000000042,1,0.354000000000042,57
"vary_k",10000,56,3,"SVP Gaussian / none / c = 0.968",0.355000000000018,1,0.355000000000018,57
"vary_k",10000,56,3,"SVP Gaussian / both / c = 1.987",0.0275000000000318,2,0.0550000000000637,57
"vary_k",10000,56,3,"SVP Gaussian / right / c = 1.642",0.026333333333317,3,0.0789999999999509,57
"vary_k",10000,56,4,"SVP Gaussian / none / c = 0.968",0.355000000000018,1,0.355000000000018,57
"vary_k",10000,56,4,"SVP Gaussian / right / c = 1.642",0.0259999999999915,3,0.0779999999999745,57
"vary_k",10000,56,4,"SVP Gaussian / both / c = 1.987",0.0273333333333312,3,0.0819999999999936,57
"vary_k",10000,56,5,"SVP Gaussian / right / c = 1.642",0.0260000000000294,3,0.0780000000000882,57
"vary_k",10000,56,5,"SVP Gaussian / none / c = 0.968",0.351999999999975,1,0.351999999999975,57
"vary_k",10000,56,5,"SVP Gaussian / both / c = 1.987",0.0275000000000318,2,0.0550000000000637,57
"vary_k",10000,56,6,"SVP Gaussian / both / c = 1.987",0.0270000000000058,3,0.0810000000000173,57
"vary_k",10000,56,6,"SVP Gaussian / right / c = 1.642",0.0259999999999915,3,0.0779999999999745,57
"vary_k",10000,56,6,"SVP Gaussian / none / c = 0.968",0.354000000000042,1,0.354000000000042,57
"vary_k",10000,56,7,"SVP Gaussian / right / c = 1.642",0.0263333333333549,3,0.0790000000000646,57
"vary_k",10000,56,7,"SVP Gaussian / both / c = 1.987",0.0273333333333312,3,0.0819999999999936,57
"vary_k",10000,56,7,"SVP Gaussian / none / c = 0.968",0.355999999999995,1,0.355999999999995,57
"vary_k",10000,56,8,"SVP Gaussian / right / c = 1.642",0.0259999999999915,3,0.0779999999999745,57
"vary_k",10000,56,8,"SVP Gaussian / both / c = 1.987",0.027499999999975,2,0.05499999999995,57
"vary_k",10000,56,8,"SVP Gaussian / none / c = 0.968",0.355000000000018,1,0.355000000000018,57
"vary_k",10000,56,9,"SVP Gaussian / right / c = 1.642",0.0259999999999915,3,0.0779999999999745,57
"vary_k",10000,56,9,"SVP Gaussian / none / c = 0.968",0.353000000000065,1,0.353000000000065,57
"vary_k",10000,56,9,"SVP Gaussian / both / c = 1.987",0.027499999999975,2,0.05499999999995,57
"vary_k",10000,56,10,"SVP Gaussian / right / c = 1.642",0.0263333333333549,3,0.0790000000000646,57
"vary_k",10000,56,10,"SVP Gaussian / none / c = 0.968",0.355999999999995,1,0.355999999999995,57
"vary_k",10000,56,10,"SVP Gaussian / both / c = 1.987",0.0270000000000437,2,0.0540000000000873,57
"vary_k",10000,56,11,"SVP Gaussian / both / c = 1.987",0.0275000000000318,2,0.0550000000000637,57
"vary_k",10000,56,11,"SVP Gaussian / none / c = 0.968",0.352999999999952,1,0.352999999999952,57
"vary_k",10000,56,11,"SVP Gaussian / right / c = 1.642",0.0259999999999915,3,0.0779999999999745,57
"vary_k",10000,56,12,"SVP Gaussian / none / c = 0.968",0.354999999999905,1,0.354999999999905,57
"vary_k",10000,56,12,"SVP Gaussian / right / c = 1.642",0.026333333333317,3,0.0789999999999509,57
"vary_k",10000,56,12,"SVP Gaussian / both / c = 1.987",0.027499999999975,2,0.05499999999995,57
"vary_k",10000,57,1,"SVP Gaussian / none / c = 0.968",0.355999999999995,1,0.355999999999995,58
"vary_k",10000,57,1,"SVP Gaussian / right / c = 1.642",0.0253333333333406,3,0.0760000000000218,58
"vary_k",10000,57,1,"SVP Gaussian / both / c = 1.987",0.0266666666666803,3,0.0800000000000409,58
"vary_k",10000,57,2,"SVP Gaussian / none / c = 0.968",0.353999999999928,1,0.353999999999928,58
"vary_k",10000,57,2,"SVP Gaussian / right / c = 1.642",0.0260000000000294,3,0.0780000000000882,58
"vary_k",10000,57,2,"SVP Gaussian / both / c = 1.987",0.0269999999999868,2,0.0539999999999736,58
"vary_k",10000,57,3,"SVP Gaussian / right / c = 1.642",0.0259999999999915,3,0.0779999999999745,58
"vary_k",10000,57,3,"SVP Gaussian / both / c = 1.987",0.027499999999975,2,0.05499999999995,58
"vary_k",10000,57,3,"SVP Gaussian / none / c = 0.968",0.355000000000018,1,0.355000000000018,58
"vary_k",10000,57,4,"SVP Gaussian / both / c = 1.987",0.0266666666666803,3,0.0800000000000409,58
"vary_k",10000,57,4,"SVP Gaussian / none / c = 0.968",0.352000000000089,1,0.352000000000089,58
"vary_k",10000,57,4,"SVP Gaussian / right / c = 1.642",0.0256666666666661,3,0.0769999999999982,58
"vary_k",10000,57,5,"SVP Gaussian / both / c = 1.987",0.027499999999975,2,0.05499999999995,58
"vary_k",10000,57,5,"SVP Gaussian / right / c = 1.642",0.0253333333333406,3,0.0760000000000218,58
"vary_k",10000,57,5,"SVP Gaussian / none / c = 0.968",0.355999999999995,1,0.355999999999995,58
"vary_k",10000,57,6,"SVP Gaussian / right / c = 1.642",0.0256666666666661,3,0.0769999999999982,58
"vary_k",10000,57,6,"SVP Gaussian / none / c = 0.968",0.353999999999928,1,0.353999999999928,58
"vary_k",10000,57,6,"SVP Gaussian / both / c = 1.987",0.0270000000000058,3,0.0810000000000173,58
"vary_k",10000,57,7,"SVP Gaussian / both / c = 1.987",0.0264999999999986,2,0.0529999999999973,58
"vary_k",10000,57,7,"SVP Gaussian / none / c = 0.968",0.354000000000042,1,0.354000000000042,58
"vary_k",10000,57,7,"SVP Gaussian / right / c = 1.642",0.0259999999999915,3,0.0779999999999745,58
"vary_k",10000,57,8,"SVP Gaussian / none / c = 0.968",0.352999999999952,1,0.352999999999952,58
"vary_k",10000,57,8,"SVP Gaussian / both / c = 1.987",0.0266666666666424,3,0.0799999999999272,58
"vary_k",10000,57,8,"SVP Gaussian / right / c = 1.642",0.0253333333333027,3,0.0759999999999081,58
"vary_k",10000,57,9,"SVP Gaussian / none / c = 0.968",0.352000000000089,1,0.352000000000089,58
"vary_k",10000,57,9,"SVP Gaussian / both / c = 1.987",0.0266666666666803,3,0.0800000000000409,58
"vary_k",10000,57,9,"SVP Gaussian / right / c = 1.642",0.0256666666666661,3,0.0769999999999982,58
"vary_k",10000,57,10,"SVP Gaussian / none / c = 0.968",0.352999999999952,1,0.352999999999952,58
"vary_k",10000,57,10,"SVP Gaussian / right / c = 1.642",0.0256666666666661,3,0.0769999999999982,58
"vary_k",10000,57,10,"SVP Gaussian / both / c = 1.987",0.0269999999999868,2,0.0539999999999736,58
"vary_k",10000,57,11,"SVP Gaussian / right / c = 1.642",0.0253333333333406,3,0.0760000000000218,58
"vary_k",10000,57,11,"SVP Gaussian / both / c = 1.987",0.0270000000000058,3,0.0810000000000173,58
"vary_k",10000,57,11,"SVP Gaussian / none / c = 0.968",0.353000000000065,1,0.353000000000065,58
"vary_k",10000,57,12,"SVP Gaussian / both / c = 1.987",0.0264999999999986,2,0.0529999999999973,58
"vary_k",10000,57,12,"SVP Gaussian / right / c = 1.642",0.0256666666666661,3,0.0769999999999982,58
"vary_k",10000,57,12,"SVP Gaussian / none / c = 0.968",0.355000000000018,1,0.355000000000018,59
"vary_k",10000,58,1,"SVP Gaussian / both / c = 1.987",0.0266666666666424,3,0.0799999999999272,59
"vary_k",10000,58,1,"SVP Gaussian / none / c = 0.968",0.352999999999952,1,0.352999999999952,59
"vary_k",10000,58,1,"SVP Gaussian / right / c = 1.642",0.0249999999999773,3,0.0749999999999318,59
"vary_k",10000,58,2,"SVP Gaussian / right / c = 1.642",0.0250000000000152,3,0.0750000000000455,59
"vary_k",10000,58,2,"SVP Gaussian / both / c = 1.987",0.0266666666666424,3,0.0799999999999272,59
"vary_k",10000,58,2,"SVP Gaussian / none / c = 0.968",0.355000000000018,1,0.355000000000018,59
"vary_k",10000,58,3,"SVP Gaussian / both / c = 1.987",0.0263333333333549,3,0.0790000000000646,59
"vary_k",10000,58,3,"SVP Gaussian / right / c = 1.642",0.0253333333333406,3,0.0760000000000218,59
"vary_k",10000,58,3,"SVP Gaussian / none / c = 0.968",0.352999999999952,1,0.352999999999952,59
"vary_k",10000,58,4,"SVP Gaussian / right / c = 1.642",0.0249999999999773,3,0.0749999999999318,59
"vary_k",10000,58,4,"SVP Gaussian / both / c = 1.987",0.0263333333333549,3,0.0790000000000646,59
"vary_k",10000,58,4,"SVP Gaussian / none / c = 0.968",0.353999999999928,1,0.353999999999928,59
"vary_k",10000,58,5,"SVP Gaussian / both / c = 1.987",0.0266666666666424,3,0.0799999999999272,59
"vary_k",10000,58,5,"SVP Gaussian / right / c = 1.642",0.0250000000000152,3,0.0750000000000455,59
"vary_k",10000,58,5,"SVP Gaussian / none / c = 0.968",0.352999999999952,1,0.352999999999952,59
"vary_k",10000,58,6,"SVP Gaussian / none / c = 0.968",0.350999999999999,1,0.350999999999999,59
"vary_k",10000,58,6,"SVP Gaussian / right / c = 1.642",0.0253333333333406,3,0.0760000000000218,59
"vary_k",10000,58,6,"SVP Gaussian / both / c = 1.987",0.0263333333333549,3,0.0790000000000646,59
"vary_k",10000,58,7,"SVP Gaussian / both / c = 1.987",0.0263333333333549,3,0.0790000000000646,59
"vary_k",10000,58,7,"SVP Gaussian / right / c = 1.642",0.0253333333333406,3,0.0760000000000218,59
"vary_k",10000,58,7,"SVP Gaussian / none / c = 0.968",0.353000000000065,1,0.353000000000065,59
"vary_k",10000,58,8,"SVP Gaussian / right / c = 1.642",0.0253333333333406,3,0.0760000000000218,59
"vary_k",10000,58,8,"SVP Gaussian / both / c = 1.987",0.0266666666666424,3,0.0799999999999272,59
"vary_k",10000,58,8,"SVP Gaussian / none / c = 0.968",0.354999999999905,1,0.354999999999905,59
"vary_k",10000,58,9,"SVP Gaussian / both / c = 1.987",0.0263333333333549,3,0.0790000000000646,59
"vary_k",10000,58,9,"SVP Gaussian / right / c = 1.642",0.0253333333333406,3,0.0760000000000218,59
"vary_k",10000,58,9,"SVP Gaussian / none / c = 0.968",0.355999999999995,1,0.355999999999995,59
"vary_k",10000,58,10,"SVP Gaussian / both / c = 1.987",0.0266666666666803,3,0.0800000000000409,59
"vary_k",10000,58,10,"SVP Gaussian / right / c = 1.642",0.0249999999999773,3,0.0749999999999318,59
"vary_k",10000,58,10,"SVP Gaussian / none / c = 0.968",0.352000000000089,1,0.352000000000089,59
"vary_k",10000,58,11,"SVP Gaussian / right / c = 1.642",0.0253333333333406,3,0.0760000000000218,59
"vary_k",10000,58,11,"SVP Gaussian / both / c = 1.987",0.0266666666666803,3,0.0800000000000409,59
"vary_k",10000,58,11,"SVP Gaussian / none / c = 0.968",0.352999999999952,1,0.352999999999952,59
"vary_k",10000,58,12,"SVP Gaussian / right / c = 1.642",0.0249999999999773,3,0.0749999999999318,59
"vary_k",10000,58,12,"SVP Gaussian / none / c = 0.968",0.352999999999952,1,0.352999999999952,60
"vary_k",10000,58,12,"SVP Gaussian / both / c = 1.987",0.0263333333333549,3,0.0790000000000646,59
"vary_k",10000,59,1,"SVP Gaussian / both / c = 1.987",0.0263333333333549,3,0.0790000000000646,60
"vary_k",10000,59,1,"SVP Gaussian / right / c = 1.642",0.0246666666666518,3,0.0739999999999554,60
"vary_k",10000,59,1,"SVP Gaussian / none / c = 0.968",0.352000000000089,1,0.352000000000089,60
"vary_k",10000,59,2,"SVP Gaussian / both / c = 1.987",0.0256666666666661,3,0.0769999999999982,60
"vary_k",10000,59,2,"SVP Gaussian / right / c = 1.642",0.0246666666666518,3,0.0739999999999554,60
"vary_k",10000,59,2,"SVP Gaussian / none / c = 0.968",0.353000000000065,1,0.353000000000065,61
"vary_k",10000,59,3,"SVP Gaussian / none / c = 0.968",0.353999999999928,1,0.353999999999928,60
"vary_k",10000,59,3,"SVP Gaussian / right / c = 1.642",0.0246666666666897,3,0.0740000000000691,60
"vary_k",10000,59,3,"SVP Gaussian / both / c = 1.987",0.0256666666666661,3,0.0769999999999982,60
"vary_k",10000,59,4,"SVP Gaussian / right / c = 1.642",0.0246666666666897,3,0.0740000000000691,60
"vary_k",10000,59,4,"SVP Gaussian / none / c = 0.968",0.354000000000042,1,0.354000000000042,60
"vary_k",10000,59,4,"SVP Gaussian / both / c = 1.987",0.0256666666666661,3,0.0769999999999982,60
"vary_k",10000,59,5,"SVP Gaussian / both / c = 1.987",0.0260000000000294,3,0.0780000000000882,60
"vary_k",10000,59,5,"SVP Gaussian / right / c = 1.642",0.0249999999999773,3,0.0749999999999318,60
"vary_k",10000,59,5,"SVP Gaussian / none / c = 0.968",0.355000000000018,1,0.355000000000018,60
"vary_k",10000,59,6,"SVP Gaussian / none / c = 0.968",0.355000000000018,1,0.355000000000018,60
"vary_k",10000,59,6,"SVP Gaussian / both / c = 1.987",0.0259999999999915,3,0.0779999999999745,60
"vary_k",10000,59,6,"SVP Gaussian / right / c = 1.642",0.0246666666666518,3,0.0739999999999554,60
"vary_k",10000,59,7,"SVP Gaussian / both / c = 1.987",0.0259999999999915,3,0.0779999999999745,60
"vary_k",10000,59,7,"SVP Gaussian / right / c = 1.642",0.0246666666666897,3,0.0740000000000691,60
"vary_k",10000,59,7,"SVP Gaussian / none / c = 0.968",0.355000000000018,1,0.355000000000018,60
"vary_k",10000,59,8,"SVP Gaussian / none / c = 0.968",0.353000000000065,1,0.353000000000065,60
"vary_k",10000,59,8,"SVP Gaussian / right / c = 1.642",0.0246666666666518,3,0.0739999999999554,60
"vary_k",10000,59,8,"SVP Gaussian / both / c = 1.987",0.0256666666666661,3,0.0769999999999982,60
"vary_k",10000,59,9,"SVP Gaussian / both / c = 1.987",0.0263333333333549,3,0.0790000000000646,60
"vary_k",10000,59,9,"SVP Gaussian / right / c = 1.642",0.0250000000000152,3,0.0750000000000455,60
"vary_k",10000,59,9,"SVP Gaussian / none / c = 0.968",0.355000000000018,1,0.355000000000018,60
"vary_k",10000,59,10,"SVP Gaussian / none / c = 0.968",0.355999999999995,1,0.355999999999995,61
"vary_k",10000,59,10,"SVP Gaussian / both / c = 1.987",0.0259999999999915,3,0.0779999999999745,61
"vary_k",10000,59,10,"SVP Gaussian / right / c = 1.642",0.0246666666666518,3,0.0739999999999554,61
"vary_k",10000,59,11,"SVP Gaussian / right / c = 1.642",0.0246666666666897,3,0.0740000000000691,60
"vary_k",10000,59,11,"SVP Gaussian / both / c = 1.987",0.0259999999999915,3,0.0779999999999745,60
"vary_k",10000,59,11,"SVP Gaussian / none / c = 0.968",0.355000000000018,1,0.355000000000018,60
"vary_k",10000,59,12,"SVP Gaussian / both / c = 1.987",0.0259999999999915,3,0.0779999999999745,60
"vary_k",10000,59,12,"SVP Gaussian / right / c = 1.642",0.0246666666666518,3,0.0739999999999554,60
"vary_k",10000,59,12,"SVP Gaussian / none / c = 0.968",0.352999999999952,1,0.352999999999952,60
"vary_k",10000,60,1,"SVP Gaussian / both / c = 1.987",0.0256666666666661,3,0.0769999999999982,61
"vary_k",10000,60,1,"SVP Gaussian / right / c = 1.642",0.0243333333333264,3,0.0729999999999791,61
"vary_k",10000,60,1,"SVP Gaussian / none / c = 0.968",0.355000000000018,1,0.355000000000018,61
"vary_k",10000,60,2,"SVP Gaussian / both / c = 1.987",0.0253333333333027,3,0.0759999999999081,61
"vary_k",10000,60,2,"SVP Gaussian / right / c = 1.642",0.0240000000000009,3,0.0720000000000027,61
"vary_k",10000,60,2,"SVP Gaussian / none / c = 0.968",0.355000000000018,1,0.355000000000018,61
"vary_k",10000,60,3,"SVP Gaussian / right / c = 1.642",0.0243333333333264,3,0.0729999999999791,61
"vary_k",10000,60,3,"SVP Gaussian / both / c = 1.987",0.0253333333333406,3,0.0760000000000218,61
"vary_k",10000,60,3,"SVP Gaussian / none / c = 0.968",0.354000000000042,1,0.354000000000042,61
"vary_k",10000,60,4,"SVP Gaussian / none / c = 0.968",0.353999999999928,1,0.353999999999928,61
"vary_k",10000,60,4,"SVP Gaussian / right / c = 1.642",0.0243333333333264,3,0.0729999999999791,61
"vary_k",10000,60,4,"SVP Gaussian / both / c = 1.987",0.0256666666666661,3,0.0769999999999982,61
"vary_k",10000,60,5,"SVP Gaussian / right / c = 1.642",0.0240000000000009,3,0.0720000000000027,61
"vary_k",10000,60,5,"SVP Gaussian / none / c = 0.968",0.353999999999928,1,0.353999999999928,61
"vary_k",10000,60,5,"SVP Gaussian / both / c = 1.987",0.0256666666666661,3,0.0769999999999982,61
"vary_k",10000,60,6,"SVP Gaussian / right / c = 1.642",0.0243333333333264,3,0.0729999999999791,61
"vary_k",10000,60,6,"SVP Gaussian / both / c = 1.987",0.0256666666666661,3,0.0769999999999982,61
"vary_k",10000,60,6,"SVP Gaussian / none / c = 0.968",0.355999999999995,1,0.355999999999995,61
"vary_k",10000,60,7,"SVP Gaussian / none / c = 0.968",0.352999999999952,1,0.352999999999952,61
"vary_k",10000,60,7,"SVP Gaussian / both / c = 1.987",0.0253333333333027,3,0.0759999999999081,61
"vary_k",10000,60,7,"SVP Gaussian / right / c = 1.642",0.0243333333333264,3,0.0729999999999791,61
"vary_k",10000,60,8,"SVP Gaussian / both / c = 1.987",0.0253333333333027,3,0.0759999999999081,61
"vary_k",10000,60,8,"SVP Gaussian / none / c = 0.968",0.350000000000023,1,0.350000000000023,61
"vary_k",10000,60,8,"SVP Gaussian / right / c = 1.642",0.0243333333333264,3,0.0729999999999791,61
"vary_k",10000,60,9,"SVP Gaussian / both / c = 1.987",0.0253333333333027,3,0.0759999999999081,61
"vary_k",10000,60,9,"SVP Gaussian / none / c = 0.968",0.353000000000065,1,0.353000000000065,61
"vary_k",10000,60,9,"SVP Gaussian / right / c = 1.642",0.0243333333333264,3,0.0729999999999791,61
"vary_k",10000,60,10,"SVP Gaussian / right / c = 1.642",0.0243333333333643,3,0.0730000000000928,61
"vary_k",10000,60,10,"SVP Gaussian / none / c = 0.968",0.355000000000018,1,0.355000000000018,61
"vary_k",10000,60,10,"SVP Gaussian / both / c = 1.987",0.0256666666666661,3,0.0769999999999982,61
"vary_k",10000,60,11,"SVP Gaussian / both / c = 1.987",0.0256666666666661,3,0.0769999999999982,61
"vary_k",10000,60,11,"SVP Gaussian / none / c = 0.968",0.354000000000042,1,0.354000000000042,61
"vary_k",10000,60,11,"SVP Gaussian / right / c = 1.642",0.0243333333333264,3,0.0729999999999791,61
"vary_k",10000,60,12,"SVP Gaussian / right / c = 1.642",0.0243333333333264,3,0.0729999999999791,61
"vary_k",10000,60,12,"SVP Gaussian / none / c = 0.968",0.354000000000042,1,0.354000000000042,61
"vary_k",10000,60,12,"SVP Gaussian / both / c = 1.987",0.0256666666666661,3,0.0769999999999982,61
"vary_k",10000,61,1,"SVP Gaussian / right / c = 1.642",0.0236666666666755,3,0.0710000000000264,62
"vary_k",10000,61,1,"SVP Gaussian / both / c = 1.987",0.0249999999999773,3,0.0749999999999318,62
"vary_k",10000,61,1,"SVP Gaussian / none / c = 0.968",0.354000000000042,1,0.354000000000042,62
"vary_k",10000,61,2,"SVP Gaussian / right / c = 1.642",0.0236666666666755,3,0.0710000000000264,62
"vary_k",10000,61,2,"SVP Gaussian / none / c = 0.968",0.355999999999995,1,0.355999999999995,62
"vary_k",10000,61,2,"SVP Gaussian / both / c = 1.987",0.0253333333333406,3,0.0760000000000218,62
"vary_k",10000,61,3,"SVP Gaussian / both / c = 1.987",0.0249999999999773,3,0.0749999999999318,62
"vary_k",10000,61,3,"SVP Gaussian / right / c = 1.642",0.0236666666666755,3,0.0710000000000264,62
"vary_k",10000,61,3,"SVP Gaussian / none / c = 0.968",0.355999999999995,1,0.355999999999995,62
"vary_k",10000,61,4,"SVP Gaussian / none / c = 0.968",0.358000000000061,1,0.358000000000061,62
"vary_k",10000,61,4,"SVP Gaussian / both / c = 1.987",0.0246666666666897,3,0.0740000000000691,62
"vary_k",10000,61,4,"SVP Gaussian / right / c = 1.642",0.0243333333333264,3,0.0729999999999791,62
"vary_k",10000,61,5,"SVP Gaussian / right / c = 1.642",0.0243333333333264,3,0.0729999999999791,62
"vary_k",10000,61,5,"SVP Gaussian / both / c = 1.987",0.0250000000000152,3,0.0750000000000455,62
"vary_k",10000,61,5,"SVP Gaussian / none / c = 0.968",0.352999999999952,1,0.352999999999952,62
"vary_k",10000,61,6,"SVP Gaussian / both / c = 1.987",0.0253333333333406,3,0.0760000000000218,62
"vary_k",10000,61,6,"SVP Gaussian / none / c = 0.968",0.357000000000085,1,0.357000000000085,62
"vary_k",10000,61,6,"SVP Gaussian / right / c = 1.642",0.0240000000000009,3,0.0720000000000027,62
"vary_k",10000,61,7,"SVP Gaussian / both / c = 1.987",0.0246666666666518,3,0.0739999999999554,62
"vary_k",10000,61,7,"SVP Gaussian / right / c = 1.642",0.0236666666666755,3,0.0710000000000264,62
"vary_k",10000,61,7,"SVP Gaussian / none / c = 0.968",0.352999999999952,1,0.352999999999952,62
"vary_k",10000,61,8,"SVP Gaussian / right / c = 1.642",0.0240000000000009,3,0.0720000000000027,62
"vary_k",10000,61,8,"SVP Gaussian / both / c = 1.987",0.0253333333333406,3,0.0760000000000218,62
"vary_k",10000,61,8,"SVP Gaussian / none / c = 0.968",0.355999999999995,1,0.355999999999995,62
"vary_k",10000,61,9,"SVP Gaussian / both / c = 1.987",0.0253333333333406,3,0.0760000000000218,62
"vary_k",10000,61,9,"SVP Gaussian / right / c = 1.642",0.0240000000000009,3,0.0720000000000027,62
"vary_k",10000,61,9,"SVP Gaussian / none / c = 0.968",0.356999999999971,1,0.356999999999971,62
"vary_k",10000,61,10,"SVP Gaussian / none / c = 0.968",0.356999999999971,1,0.356999999999971,62
"vary_k",10000,61,10,"SVP Gaussian / right / c = 1.642",0.0240000000000009,3,0.0720000000000027,62
"vary_k",10000,61,10,"SVP Gaussian / both / c = 1.987",0.0253333333333027,3,0.0759999999999081,62
"vary_k",10000,61,11,"SVP Gaussian / both / c = 1.987",0.0256666666666661,3,0.0769999999999982,62
"vary_k",10000,61,11,"SVP Gaussian / right / c = 1.642",0.0240000000000009,3,0.0720000000000027,62
"vary_k",10000,61,11,"SVP Gaussian / none / c = 0.968",0.355999999999995,1,0.355999999999995,62
"vary_k",10000,61,12,"SVP Gaussian / right / c = 1.642",0.0240000000000009,3,0.0720000000000027,62
"vary_k",10000,61,12,"SVP Gaussian / none / c = 0.968",0.357999999999947,1,0.357999999999947,62
"vary_k",10000,61,12,"SVP Gaussian / both / c = 1.987",0.0250000000000152,3,0.0750000000000455,62
"vary_k",10000,62,1,"SVP Gaussian / none / c = 0.968",0.356000000000108,1,0.356000000000108,63
"vary_k",10000,62,1,"SVP Gaussian / right / c = 1.642",0.0236666666666755,3,0.0710000000000264,63
"vary_k",10000,62,1,"SVP Gaussian / both / c = 1.987",0.0250000000000152,3,0.0750000000000455,63
"vary_k",10000,62,2,"SVP Gaussian / none / c = 0.968",0.355999999999995,1,0.355999999999995,63
"vary_k",10000,62,2,"SVP Gaussian / right / c = 1.642",0.0236666666667134,3,0.0710000000001401,63
"vary_k",10000,62,2,"SVP Gaussian / both / c = 1.987",0.0246666666666897,3,0.0740000000000691,63
"vary_k",10000,62,3,"SVP Gaussian / right / c = 1.642",0.0236666666666376,3,0.0709999999999127,63
"vary_k",10000,62,3,"SVP Gaussian / both / c = 1.987",0.0246666666666897,3,0.0740000000000691,63
"vary_k",10000,62,3,"SVP Gaussian / none / c = 0.968",0.355999999999995,1,0.355999999999995,63
"vary_k",10000,62,4,"SVP Gaussian / right / c = 1.642",0.0233333333333879,3,0.0700000000001637,63
"vary_k",10000,62,4,"SVP Gaussian / none / c = 0.968",0.355999999999995,1,0.355999999999995,63
"vary_k",10000,62,4,"SVP Gaussian / both / c = 1.987",0.0246666666666897,3,0.0740000000000691,63
"vary_k",10000,62,5,"SVP Gaussian / right / c = 1.642",0.0233333333333121,3,0.0699999999999363,63
"vary_k",10000,62,5,"SVP Gaussian / both / c = 1.987",0.0243333333333643,3,0.0730000000000928,63
"vary_k",10000,62,5,"SVP Gaussian / none / c = 0.968",0.356999999999971,1,0.356999999999971,63
"vary_k",10000,62,6,"SVP Gaussian / none / c = 0.968",0.356999999999971,1,0.356999999999971,63
"vary_k",10000,62,6,"SVP Gaussian / both / c = 1.987",0.0246666666666897,3,0.0740000000000691,63
"vary_k",10000,62,6,"SVP Gaussian / right / c = 1.642",0.0233333333333121,3,0.0699999999999363,63
"vary_k",10000,62,7,"SVP Gaussian / both / c = 1.987",0.0253333333333406,3,0.0760000000000218,63
"vary_k",10000,62,7,"SVP Gaussian / none / c = 0.968",0.356999999999971,1,0.356999999999971,63
"vary_k",10000,62,7,"SVP Gaussian / right / c = 1.642",0.0236666666666376,3,0.0709999999999127,63
"vary_k",10000,62,8,"SVP Gaussian / right / c = 1.642",0.0233333333333879,3,0.0700000000001637,63
"vary_k",10000,62,8,"SVP Gaussian / none / c = 0.968",0.355999999999995,1,0.355999999999995,63
"vary_k",10000,62,8,"SVP Gaussian / both / c = 1.987",0.0246666666666897,3,0.0740000000000691,63
"vary_k",10000,62,9,"SVP Gaussian / none / c = 0.968",0.356999999999971,1,0.356999999999971,63
"vary_k",10000,62,9,"SVP Gaussian / both / c = 1.987",0.0253333333333406,3,0.0760000000000218,63
"vary_k",10000,62,9,"SVP Gaussian / right / c = 1.642",0.0236666666666376,3,0.0709999999999127,63
"vary_k",10000,62,10,"SVP Gaussian / both / c = 1.987",0.0246666666666897,3,0.0740000000000691,63
"vary_k",10000,62,10,"SVP Gaussian / none / c = 0.968",0.356999999999971,1,0.356999999999971,63
"vary_k",10000,62,10,"SVP Gaussian / right / c = 1.642",0.0236666666667134,3,0.0710000000001401,63
"vary_k",10000,62,11,"SVP Gaussian / none / c = 0.968",0.356999999999971,1,0.356999999999971,64
"vary_k",10000,62,11,"SVP Gaussian / both / c = 1.987",0.0246666666666897,3,0.0740000000000691,63
"vary_k",10000,62,11,"SVP Gaussian / right / c = 1.642",0.0233333333333879,3,0.0700000000001637,63
"vary_k",10000,62,12,"SVP Gaussian / right / c = 1.642",0.0233333333333879,3,0.0700000000001637,63
"vary_k",10000,62,12,"SVP Gaussian / none / c = 0.968",0.355999999999995,1,0.355999999999995,63
"vary_k",10000,62,12,"SVP Gaussian / both / c = 1.987",0.0246666666666897,3,0.0740000000000691,63
"vary_k",10000,63,1,"SVP Gaussian / both / c = 1.987",0.0243333333332885,3,0.0729999999998654,64
"vary_k",10000,63,1,"SVP Gaussian / none / c = 0.968",0.356999999999971,1,0.356999999999971,64
"vary_k",10000,63,1,"SVP Gaussian / right / c = 1.642",0.0233333333333121,3,0.0699999999999363,64
"vary_k",10000,63,2,"SVP Gaussian / right / c = 1.642",0.0230000000000625,3,0.0690000000001874,64
"vary_k",10000,63,2,"SVP Gaussian / both / c = 1.987",0.023999999999963,3,0.071999999999889,64
"vary_k",10000,63,2,"SVP Gaussian / none / c = 0.968",0.355999999999995,1,0.355999999999995,64
"vary_k",10000,63,3,"SVP Gaussian / right / c = 1.642",0.0229999999999867,3,0.06899999999996,64
"vary_k",10000,63,3,"SVP Gaussian / both / c = 1.987",0.0243333333333643,3,0.0730000000000928,64
"vary_k",10000,63,3,"SVP Gaussian / none / c = 0.968",0.356000000000222,1,0.356000000000222,64
"vary_k",10000,63,4,"SVP Gaussian / right / c = 1.642",0.0233333333333879,3,0.0700000000001637,64
"vary_k",10000,63,4,"SVP Gaussian / both / c = 1.987",0.0243333333332885,3,0.0729999999998654,64
"vary_k",10000,63,4,"SVP Gaussian / none / c = 0.968",0.355000000000018,1,0.355000000000018,64
"vary_k",10000,63,5,"SVP Gaussian / right / c = 1.642",0.0233333333333121,3,0.0699999999999363,64
"vary_k",10000,63,5,"SVP Gaussian / both / c = 1.987",0.0240000000000388,3,0.0720000000001164,64
"vary_k",10000,63,5,"SVP Gaussian / none / c = 0.968",0.355000000000018,1,0.355000000000018,64
"vary_k",10000,63,6,"SVP Gaussian / both / c = 1.987",0.0243333333333643,3,0.0730000000000928,64
"vary_k",10000,63,6,"SVP Gaussian / none / c = 0.968",0.355999999999995,1,0.355999999999995,64
"vary_k",10000,63,6,"SVP Gaussian / right / c = 1.642",0.0233333333333121,3,0.0699999999999363,64
"vary_k",10000,63,7,"SVP Gaussian / right / c = 1.642",0.0233333333333121,3,0.0699999999999363,64
"vary_k",10000,63,7,"SVP Gaussian / both / c = 1.987",0.0243333333333643,3,0.0730000000000928,64
"vary_k",10000,63,7,"SVP Gaussian / none / c = 0.968",0.355999999999995,1,0.355999999999995,64
"vary_k",10000,63,8,"SVP Gaussian / both / c = 1.987",0.0243333333332885,3,0.0729999999998654,64
"vary_k",10000,63,8,"SVP Gaussian / right / c = 1.642",0.0229999999999867,3,0.06899999999996,64
"vary_k",10000,63,8,"SVP Gaussian / none / c = 0.968",0.356999999999971,1,0.356999999999971,64
"vary_k",10000,63,9,"SVP Gaussian / both / c = 1.987",0.0246666666666897,3,0.0740000000000691,64
"vary_k",10000,63,9,"SVP Gaussian / right / c = 1.642",0.0233333333333121,3,0.0699999999999363,64
"vary_k",10000,63,9,"SVP Gaussian / none / c = 0.968",0.359000000000151,1,0.359000000000151,64
"vary_k",10000,63,10,"SVP Gaussian / none / c = 0.968",0.355999999999995,1,0.355999999999995,64
"vary_k",10000,63,10,"SVP Gaussian / both / c = 1.987",0.0243333333332885,3,0.0729999999998654,64
"vary_k",10000,63,10,"SVP Gaussian / right / c = 1.642",0.0229999999999867,3,0.06899999999996,64
"vary_k",10000,63,11,"SVP Gaussian / right / c = 1.642",0.0233333333333879,3,0.0700000000001637,64
"vary_k",10000,63,11,"SVP Gaussian / both / c = 1.987",0.0243333333332885,3,0.0729999999998654,64
"vary_k",10000,63,11,"SVP Gaussian / none / c = 0.968",0.357000000000198,1,0.357000000000198,64
"vary_k",10000,63,12,"SVP Gaussian / right / c = 1.642",0.0229999999999867,3,0.06899999999996,64
"vary_k",10000,63,12,"SVP Gaussian / none / c = 0.968",0.355999999999995,1,0.355999999999995,64
"vary_k",10000,63,12,"SVP Gaussian / both / c = 1.987",0.0243333333333643,3,0.0730000000000928,64
"vary_k",10000,64,1,"SVP Gaussian / none / c = 0.968",0.358999999999924,1,0.358999999999924,65
"vary_k",10000,64,1,"SVP Gaussian / both / c = 1.987",0.0240000000000388,3,0.0720000000001164,65
"vary_k",10000,64,1,"SVP Gaussian / right / c = 1.642",0.0226666666666612,3,0.0679999999999836,65
"vary_k",10000,64,2,"SVP Gaussian / both / c = 1.987",0.023999999999963,3,0.071999999999889,65
"vary_k",10000,64,2,"SVP Gaussian / none / c = 0.968",0.352999999999838,1,0.352999999999838,65
"vary_k",10000,64,2,"SVP Gaussian / right / c = 1.642",0.0229999999999867,3,0.06899999999996,65
"vary_k",10000,64,3,"SVP Gaussian / none / c = 0.968",0.355999999999995,1,0.355999999999995,65
"vary_k",10000,64,3,"SVP Gaussian / both / c = 1.987",0.0236666666666376,3,0.0709999999999127,65
"vary_k",10000,64,3,"SVP Gaussian / right / c = 1.642",0.0226666666666612,3,0.0679999999999836,65
"vary_k",10000,64,4,"SVP Gaussian / none / c = 0.968",0.355000000000018,1,0.355000000000018,65
"vary_k",10000,64,4,"SVP Gaussian / both / c = 1.987",0.0240000000000388,3,0.0720000000001164,65
"vary_k",10000,64,4,"SVP Gaussian / right / c = 1.642",0.0226666666666612,3,0.0679999999999836,65
"vary_k",10000,64,5,"SVP Gaussian / right / c = 1.642",0.022666666666737,3,0.068000000000211,65
"vary_k",10000,64,5,"SVP Gaussian / none / c = 0.968",0.357999999999947,1,0.357999999999947,65
"vary_k",10000,64,5,"SVP Gaussian / both / c = 1.987",0.023999999999963,3,0.071999999999889,65
"vary_k",10000,64,6,"SVP Gaussian / both / c = 1.987",0.0240000000000388,3,0.0720000000001164,65
"vary_k",10000,64,6,"SVP Gaussian / none / c = 0.968",0.357999999999947,1,0.357999999999947,65
"vary_k",10000,64,6,"SVP Gaussian / right / c = 1.642",0.0226666666666612,3,0.0679999999999836,66
"vary_k",10000,64,7,"SVP Gaussian / none / c = 0.968",0.358000000000175,1,0.358000000000175,65
"vary_k",10000,64,7,"SVP Gaussian / both / c = 1.987",0.0243333333332885,3,0.0729999999998654,65
"vary_k",10000,64,7,"SVP Gaussian / right / c = 1.642",0.0229999999999867,3,0.06899999999996,65
"vary_k",10000,64,8,"SVP Gaussian / right / c = 1.642",0.0226666666666612,3,0.0679999999999836,65
"vary_k",10000,64,8,"SVP Gaussian / none / c = 0.968",0.355999999999995,1,0.355999999999995,65
"vary_k",10000,64,8,"SVP Gaussian / both / c = 1.987",0.023999999999963,3,0.071999999999889,65
"vary_k",10000,64,9,"SVP Gaussian / both / c = 1.987",0.0236666666666376,3,0.0709999999999127,65
"vary_k",10000,64,9,"SVP Gaussian / none / c = 0.968",0.355999999999995,1,0.355999999999995,65
"vary_k",10000,64,9,"SVP Gaussian / right / c = 1.642",0.0226666666666612,3,0.0679999999999836,65
"vary_k",10000,64,10,"SVP Gaussian / both / c = 1.987",0.023999999999963,3,0.071999999999889,65
"vary_k",10000,64,10,"SVP Gaussian / none / c = 0.968",0.355999999999995,1,0.355999999999995,66
"vary_k",10000,64,10,"SVP Gaussian / right / c = 1.642",0.0229999999999867,3,0.06899999999996,65
"vary_k",10000,64,11,"SVP Gaussian / both / c = 1.987",0.0236666666666376,3,0.0709999999999127,65
"vary_k",10000,64,11,"SVP Gaussian / none / c = 0.968",0.355999999999995,1,0.355999999999995,65
"vary_k",10000,64,11,"SVP Gaussian / right / c = 1.642",0.0226666666666612,3,0.0679999999999836,65
"vary_k",10000,64,12,"SVP Gaussian / right / c = 1.642",0.0226666666666612,3,0.0679999999999836,65
"vary_k",10000,64,12,"SVP Gaussian / none / c = 0.968",0.355999999999995,1,0.355999999999995,65
"vary_k",10000,64,12,"SVP Gaussian / both / c = 1.987",0.0240000000000388,3,0.0720000000001164,65
"vary_k",10000,65,1,"SVP Gaussian / none / c = 0.968",0.355999999999995,1,0.355999999999995,66
"vary_k",10000,65,1,"SVP Gaussian / right / c = 1.642",0.0223333333333358,3,0.0670000000000073,66
"vary_k",10000,65,1,"SVP Gaussian / both / c = 1.987",0.0236666666666376,3,0.0709999999999127,66
"vary_k",10000,65,2,"SVP Gaussian / both / c = 1.987",0.0233333333333121,3,0.0699999999999363,66
"vary_k",10000,65,2,"SVP Gaussian / none / c = 0.968",0.357999999999947,1,0.357999999999947,66
"vary_k",10000,65,2,"SVP Gaussian / right / c = 1.642",0.0223333333333358,3,0.0670000000000073,66
"vary_k",10000,65,3,"SVP Gaussian / right / c = 1.642",0.0223333333333358,3,0.0670000000000073,66
"vary_k",10000,65,3,"SVP Gaussian / both / c = 1.987",0.0233333333333121,3,0.0699999999999363,66
"vary_k",10000,65,3,"SVP Gaussian / none / c = 0.968",0.357000000000198,1,0.357000000000198,67
"vary_k",10000,65,4,"SVP Gaussian / none / c = 0.968",0.355999999999995,1,0.355999999999995,67
"vary_k",10000,65,4,"SVP Gaussian / both / c = 1.987",0.0233333333333121,3,0.0699999999999363,66
"vary_k",10000,65,4,"SVP Gaussian / right / c = 1.642",0.0223333333333358,3,0.0670000000000073,66
"vary_k",10000,65,5,"SVP Gaussian / none / c = 0.968",0.354000000000042,1,0.354000000000042,66
"vary_k",10000,65,5,"SVP Gaussian / right / c = 1.642",0.0223333333333358,3,0.0670000000000073,66
"vary_k",10000,65,5,"SVP Gaussian / both / c = 1.987",0.023999999999963,3,0.071999999999889,66
"vary_k",10000,65,6,"SVP Gaussian / none / c = 0.968",0.358999999999924,1,0.358999999999924,66
"vary_k",10000,65,6,"SVP Gaussian / both / c = 1.987",0.0236666666666376,3,0.0709999999999127,66
"vary_k",10000,65,6,"SVP Gaussian / right / c = 1.642",0.0223333333333358,3,0.0670000000000073,66
"vary_k",10000,65,7,"SVP Gaussian / both / c = 1.987",0.0236666666667134,3,0.0710000000001401,66
"vary_k",10000,65,7,"SVP Gaussian / none / c = 0.968",0.358999999999924,1,0.358999999999924,66
"vary_k",10000,65,7,"SVP Gaussian / right / c = 1.642",0.0223333333333358,3,0.0670000000000073,66
"vary_k",10000,65,8,"SVP Gaussian / both / c = 1.987",0.0233333333333121,3,0.0699999999999363,66
"vary_k",10000,65,8,"SVP Gaussian / none / c = 0.968",0.357999999999947,1,0.357999999999947,66
"vary_k",10000,65,8,"SVP Gaussian / right / c = 1.642",0.0223333333333358,3,0.0670000000000073,66
"vary_k",10000,65,9,"SVP Gaussian / both / c = 1.987",0.0233333333333121,3,0.0699999999999363,66
"vary_k",10000,65,9,"SVP Gaussian / none / c = 0.968",0.357000000000198,1,0.357000000000198,66
"vary_k",10000,65,9,"SVP Gaussian / right / c = 1.642",0.0219999999999345,3,0.0659999999998035,66
"vary_k",10000,65,10,"SVP Gaussian / right / c = 1.642",0.0220000000000103,3,0.0660000000000309,66
"vary_k",10000,65,10,"SVP Gaussian / none / c = 0.968",0.354999999999791,1,0.354999999999791,66
"vary_k",10000,65,10,"SVP Gaussian / both / c = 1.987",0.0229999999999867,3,0.06899999999996,66
"vary_k",10000,65,11,"SVP Gaussian / none / c = 0.968",0.357999999999947,1,0.357999999999947,66
"vary_k",10000,65,11,"SVP Gaussian / both / c = 1.987",0.0229999999999867,3,0.06899999999996,66
"vary_k",10000,65,11,"SVP Gaussian / right / c = 1.642",0.0223333333333358,3,0.0670000000000073,66
"vary_k",10000,65,12,"SVP Gaussian / both / c = 1.987",0.023999999999963,3,0.071999999999889,66
"vary_k",10000,65,12,"SVP Gaussian / none / c = 0.968",0.357999999999947,1,0.357999999999947,66
"vary_k",10000,65,12,"SVP Gaussian / right / c = 1.642",0.0223333333333358,3,0.0670000000000073,66
"vary_k",10000,66,1,"SVP Gaussian / none / c = 0.968",0.355999999999995,1,0.355999999999995,67
"vary_k",10000,66,1,"SVP Gaussian / both / c = 1.987",0.0226666666666612,3,0.0679999999999836,67
"vary_k",10000,66,1,"SVP Gaussian / right / c = 1.642",0.0216666666666849,3,0.0650000000000546,67
"vary_k",10000,66,2,"SVP Gaussian / both / c = 1.987",0.0229999999999867,3,0.06899999999996,67
"vary_k",10000,66,2,"SVP Gaussian / right / c = 1.642",0.0220000000000103,3,0.0660000000000309,67
"vary_k",10000,66,2,"SVP Gaussian / none / c = 0.968",0.355000000000018,1,0.355000000000018,67
"vary_k",10000,66,3,"SVP Gaussian / both / c = 1.987",0.0233333333333121,3,0.0699999999999363,67
"vary_k",10000,66,3,"SVP Gaussian / right / c = 1.642",0.0223333333333358,3,0.0670000000000073,67
"vary_k",10000,66,3,"SVP Gaussian / none / c = 0.968",0.36200000000008,1,0.36200000000008,67
"vary_k",10000,66,4,"SVP Gaussian / none / c = 0.968",0.355999999999995,1,0.355999999999995,67
"vary_k",10000,66,4,"SVP Gaussian / both / c = 1.987",0.0229999999999867,3,0.06899999999996,67
"vary_k",10000,66,4,"SVP Gaussian / right / c = 1.642",0.0223333333333358,3,0.0670000000000073,67
"vary_k",10000,66,5,"SVP Gaussian / both / c = 1.987",0.0229999999999867,3,0.06899999999996,67
"vary_k",10000,66,5,"SVP Gaussian / none / c = 0.968",0.356999999999971,1,0.356999999999971,67
"vary_k",10000,66,5,"SVP Gaussian / right / c = 1.642",0.0220000000000103,3,0.0660000000000309,67
"vary_k",10000,66,6,"SVP Gaussian / both / c = 1.987",0.0229999999999867,3,0.06899999999996,67
"vary_k",10000,66,6,"SVP Gaussian / right / c = 1.642",0.0223333333333358,3,0.0670000000000073,67
"vary_k",10000,66,6,"SVP Gaussian / none / c = 0.968",0.358000000000175,1,0.358000000000175,67
"vary_k",10000,66,7,"SVP Gaussian / right / c = 1.642",0.0219999999999345,3,0.0659999999998035,67
"vary_k",10000,66,7,"SVP Gaussian / none / c = 0.968",0.358999999999924,1,0.358999999999924,67
"vary_k",10000,66,7,"SVP Gaussian / both / c = 1.987",0.0229999999999867,3,0.06899999999996,67
"vary_k",10000,66,8,"SVP Gaussian / right / c = 1.642",0.0220000000000103,3,0.0660000000000309,67
"vary_k",10000,66,8,"SVP Gaussian / none / c = 0.968",0.356999999999971,1,0.356999999999971,67
"vary_k",10000,66,8,"SVP Gaussian / both / c = 1.987",0.0233333333333879,3,0.0700000000001637,67
"vary_k",10000,66,9,"SVP Gaussian / both / c = 1.987",0.0233333333333121,3,0.0699999999999363,67
"vary_k",10000,66,9,"SVP Gaussian / none / c = 0.968",0.355000000000018,1,0.355000000000018,67
"vary_k",10000,66,9,"SVP Gaussian / right / c = 1.642",0.0220000000000103,3,0.0660000000000309,67
"vary_k",10000,66,10,"SVP Gaussian / both / c = 1.987",0.0233333333333121,3,0.0699999999999363,67
"vary_k",10000,66,10,"SVP Gaussian / right / c = 1.642",0.0220000000000103,3,0.0660000000000309,67
"vary_k",10000,66,10,"SVP Gaussian / none / c = 0.968",0.355999999999995,1,0.355999999999995,67
"vary_k",10000,66,11,"SVP Gaussian / none / c = 0.968",0.357999999999947,1,0.357999999999947,67
"vary_k",10000,66,11,"SVP Gaussian / both / c = 1.987",0.023999999999963,3,0.071999999999889,67
"vary_k",10000,66,11,"SVP Gaussian / right / c = 1.642",0.0223333333333358,3,0.0670000000000073,67
"vary_k",10000,66,12,"SVP Gaussian / both / c = 1.987",0.0233333333333121,3,0.0699999999999363,67
"vary_k",10000,66,12,"SVP Gaussian / none / c = 0.968",0.356999999999971,1,0.356999999999971,67
"vary_k",10000,66,12,"SVP Gaussian / right / c = 1.642",0.0220000000000103,3,0.0660000000000309,67
"vary_k",10000,67,1,"SVP Gaussian / right / c = 1.642",0.0216666666666849,3,0.0650000000000546,68
"vary_k",10000,67,1,"SVP Gaussian / both / c = 1.987",0.0229999999999867,3,0.06899999999996,68
"vary_k",10000,67,1,"SVP Gaussian / none / c = 0.968",0.357999999999947,1,0.357999999999947,68
"vary_k",10000,67,2,"SVP Gaussian / right / c = 1.642",0.0220000000000103,3,0.0660000000000309,68
"vary_k",10000,67,2,"SVP Gaussian / both / c = 1.987",0.0226666666666612,3,0.0679999999999836,68
"vary_k",10000,67,2,"SVP Gaussian / none / c = 0.968",0.355999999999995,1,0.355999999999995,68
"vary_k",10000,67,3,"SVP Gaussian / none / c = 0.968",0.357999999999947,1,0.357999999999947,68
"vary_k",10000,67,3,"SVP Gaussian / right / c = 1.642",0.0216666666666849,3,0.0650000000000546,68
"vary_k",10000,67,3,"SVP Gaussian / both / c = 1.987",0.0230000000000625,3,0.0690000000001874,68
"vary_k",10000,67,4,"SVP Gaussian / none / c = 0.968",0.357999999999947,1,0.357999999999947,68
"vary_k",10000,67,4,"SVP Gaussian / right / c = 1.642",0.0216666666666849,3,0.0650000000000546,68
"vary_k",10000,67,4,"SVP Gaussian / both / c = 1.987",0.0226666666666612,3,0.0679999999999836,68
"vary_k",10000,67,5,"SVP Gaussian / both / c = 1.987",0.0226666666666612,3,0.0679999999999836,68
"vary_k",10000,67,5,"SVP Gaussian / none / c = 0.968",0.357999999999947,1,0.357999999999947,68
"vary_k",10000,67,5,"SVP Gaussian / right / c = 1.642",0.0220000000000103,3,0.0660000000000309,68
"vary_k",10000,67,6,"SVP Gaussian / both / c = 1.987",0.0223333333333358,3,0.0670000000000073,68
"vary_k",10000,67,6,"SVP Gaussian / right / c = 1.642",0.0213333333333594,3,0.0640000000000782,68
"vary_k",10000,67,6,"SVP Gaussian / none / c = 0.968",0.355999999999995,1,0.355999999999995,68
"vary_k",10000,67,7,"SVP Gaussian / right / c = 1.642",0.0219999999999345,3,0.0659999999998035,68
"vary_k",10000,67,7,"SVP Gaussian / none / c = 0.968",0.356999999999971,1,0.356999999999971,68
"vary_k",10000,67,7,"SVP Gaussian / both / c = 1.987",0.0229999999999867,3,0.06899999999996,68
"vary_k",10000,67,8,"SVP Gaussian / none / c = 0.968",0.355999999999995,1,0.355999999999995,68
"vary_k",10000,67,8,"SVP Gaussian / both / c = 1.987",0.0226666666666612,3,0.0679999999999836,68
"vary_k",10000,67,8,"SVP Gaussian / right / c = 1.642",0.0216666666666849,3,0.0650000000000546,68
"vary_k",10000,67,9,"SVP Gaussian / none / c = 0.968",0.357999999999947,1,0.357999999999947,68
"vary_k",10000,67,9,"SVP Gaussian / both / c = 1.987",0.0226666666666612,3,0.0679999999999836,68
"vary_k",10000,67,9,"SVP Gaussian / right / c = 1.642",0.0220000000000103,3,0.0660000000000309,68
"vary_k",10000,67,10,"SVP Gaussian / right / c = 1.642",0.0216666666666849,3,0.0650000000000546,68
"vary_k",10000,67,10,"SVP Gaussian / both / c = 1.987",0.0229999999999867,3,0.06899999999996,68
"vary_k",10000,67,10,"SVP Gaussian / none / c = 0.968",0.355999999999995,1,0.355999999999995,68
"vary_k",10000,67,11,"SVP Gaussian / none / c = 0.968",0.358999999999924,1,0.358999999999924,68
"vary_k",10000,67,11,"SVP Gaussian / right / c = 1.642",0.0216666666666849,3,0.0650000000000546,68
"vary_k",10000,67,11,"SVP Gaussian / both / c = 1.987",0.0223333333333358,3,0.0670000000000073,68
"vary_k",10000,67,12,"SVP Gaussian / right / c = 1.642",0.0216666666666849,3,0.0650000000000546,68
"vary_k",10000,67,12,"SVP Gaussian / none / c = 0.968",0.357000000000198,1,0.357000000000198,68
"vary_k",10000,67,12,"SVP Gaussian / both / c = 1.987",0.0230000000000625,3,0.0690000000001874,68
"vary_k",10000,68,1,"SVP Gaussian / none / c = 0.968",0.360000000000127,1,0.360000000000127,69
"vary_k",10000,68,1,"SVP Gaussian / both / c = 1.987",0.0220000000000103,3,0.0660000000000309,69
"vary_k",10000,68,1,"SVP Gaussian / right / c = 1.642",0.0213333333333594,3,0.0640000000000782,69
"vary_k",10000,68,2,"SVP Gaussian / none / c = 0.968",0.357999999999947,1,0.357999999999947,69
"vary_k",10000,68,2,"SVP Gaussian / both / c = 1.987",0.0223333333333358,3,0.0670000000000073,69
"vary_k",10000,68,2,"SVP Gaussian / right / c = 1.642",0.0216666666666849,3,0.0650000000000546,69
"vary_k",10000,68,3,"SVP Gaussian / none / c = 0.968",0.356999999999971,1,0.356999999999971,69
"vary_k",10000,68,3,"SVP Gaussian / right / c = 1.642",0.0216666666666849,3,0.0650000000000546,69
"vary_k",10000,68,3,"SVP Gaussian / both / c = 1.987",0.0219999999999345,3,0.0659999999998035,69
"vary_k",10000,68,4,"SVP Gaussian / both / c = 1.987",0.0223333333333358,3,0.0670000000000073,69
"vary_k",10000,68,4,"SVP Gaussian / none / c = 0.968",0.357999999999947,1,0.357999999999947,69
"vary_k",10000,68,4,"SVP Gaussian / right / c = 1.642",0.0213333333333594,3,0.0640000000000782,69
"vary_k",10000,68,5,"SVP Gaussian / both / c = 1.987",0.022666666666737,3,0.068000000000211,69
"vary_k",10000,68,5,"SVP Gaussian / none / c = 0.968",0.357999999999947,1,0.357999999999947,69
"vary_k",10000,68,5,"SVP Gaussian / right / c = 1.642",0.0216666666666849,3,0.0650000000000546,69
"vary_k",10000,68,6,"SVP Gaussian / right / c = 1.642",0.0213333333333594,3,0.0640000000000782,69
"vary_k",10000,68,6,"SVP Gaussian / none / c = 0.968",0.358999999999924,1,0.358999999999924,69
"vary_k",10000,68,6,"SVP Gaussian / both / c = 1.987",0.0229999999999867,3,0.06899999999996,69
"vary_k",10000,68,7,"SVP Gaussian / both / c = 1.987",0.02233333333326,3,0.0669999999997799,69
"vary_k",10000,68,7,"SVP Gaussian / right / c = 1.642",0.0213333333333594,3,0.0640000000000782,69
"vary_k",10000,68,7,"SVP Gaussian / none / c = 0.968",0.355000000000018,1,0.355000000000018,69
"vary_k",10000,68,8,"SVP Gaussian / both / c = 1.987",0.0226666666666612,3,0.0679999999999836,69
"vary_k",10000,68,8,"SVP Gaussian / none / c = 0.968",0.356999999999971,1,0.356999999999971,69
"vary_k",10000,68,8,"SVP Gaussian / right / c = 1.642",0.0216666666666849,3,0.0650000000000546,69
"vary_k",10000,68,9,"SVP Gaussian / right / c = 1.642",0.0213333333333594,3,0.0640000000000782,69
"vary_k",10000,68,9,"SVP Gaussian / both / c = 1.987",0.0223333333333358,3,0.0670000000000073,69
"vary_k",10000,68,9,"SVP Gaussian / none / c = 0.968",0.356999999999971,1,0.356999999999971,69
"vary_k",10000,68,10,"SVP Gaussian / right / c = 1.642",0.0216666666666849,3,0.0650000000000546,69
"vary_k",10000,68,10,"SVP Gaussian / both / c = 1.987",0.0220000000000103,3,0.0660000000000309,69
"vary_k",10000,68,10,"SVP Gaussian / none / c = 0.968",0.357999999999947,1,0.357999999999947,69
"vary_k",10000,68,11,"SVP Gaussian / right / c = 1.642",0.0216666666666849,3,0.0650000000000546,69
"vary_k",10000,68,11,"SVP Gaussian / both / c = 1.987",0.0223333333333358,3,0.0670000000000073,69
"vary_k",10000,68,11,"SVP Gaussian / none / c = 0.968",0.359000000000151,1,0.359000000000151,69
"vary_k",10000,68,12,"SVP Gaussian / both / c = 1.987",0.0223333333333358,3,0.0670000000000073,69
"vary_k",10000,68,12,"SVP Gaussian / none / c = 0.968",0.353999999999814,1,0.353999999999814,69
"vary_k",10000,68,12,"SVP Gaussian / right / c = 1.642",0.0213333333333594,3,0.0640000000000782,69
"vary_k",10000,69,1,"SVP Gaussian / none / c = 0.968",0.355999999999995,1,0.355999999999995,70
"vary_k",10000,69,1,"SVP Gaussian / right / c = 1.642",0.021000000000034,3,0.0630000000001019,70
"vary_k",10000,69,1,"SVP Gaussian / both / c = 1.987",0.0220000000000103,3,0.0660000000000309,70
"vary_k",10000,69,2,"SVP Gaussian / both / c = 1.987",0.0223333333333358,3,0.0670000000000073,70
"vary_k",10000,69,2,"SVP Gaussian / right / c = 1.642",0.021000000000034,3,0.0630000000001019,70
"vary_k",10000,69,2,"SVP Gaussian / none / c = 0.968",0.357999999999947,1,0.357999999999947,70
"vary_k",10000,69,3,"SVP Gaussian / right / c = 1.642",0.0213333333333594,3,0.0640000000000782,70
"vary_k",10000,69,3,"SVP Gaussian / both / c = 1.987",0.0223333333333358,3,0.0670000000000073,70
"vary_k",10000,69,3,"SVP Gaussian / none / c = 0.968",0.355999999999995,1,0.355999999999995,70
"vary_k",10000,69,4,"SVP Gaussian / right / c = 1.642",0.0213333333333594,3,0.0640000000000782,70
"vary_k",10000,69,4,"SVP Gaussian / both / c = 1.987",0.022666666666737,3,0.068000000000211,70
"vary_k",10000,69,4,"SVP Gaussian / none / c = 0.968",0.357000000000198,1,0.357000000000198,70
"vary_k",10000,69,5,"SVP Gaussian / both / c = 1.987",0.0226666666666612,3,0.0679999999999836,70
"vary_k",10000,69,5,"SVP Gaussian / none / c = 0.968",0.357999999999947,1,0.357999999999947,70
"vary_k",10000,69,5,"SVP Gaussian / right / c = 1.642",0.0213333333332836,3,0.0639999999998508,70
"vary_k",10000,69,6,"SVP Gaussian / right / c = 1.642",0.021000000000034,3,0.0630000000001019,70
"vary_k",10000,69,6,"SVP Gaussian / none / c = 0.968",0.358999999999924,1,0.358999999999924,70
"vary_k",10000,69,6,"SVP Gaussian / both / c = 1.987",0.0220000000000103,3,0.0660000000000309,70
"vary_k",10000,69,7,"SVP Gaussian / right / c = 1.642",0.0213333333333594,3,0.0640000000000782,70
"vary_k",10000,69,7,"SVP Gaussian / both / c = 1.987",0.0220000000000103,3,0.0660000000000309,70
"vary_k",10000,69,7,"SVP Gaussian / none / c = 0.968",0.357999999999947,1,0.357999999999947,70
"vary_k",10000,69,8,"SVP Gaussian / both / c = 1.987",0.0220000000000103,3,0.0660000000000309,70
"vary_k",10000,69,8,"SVP Gaussian / right / c = 1.642",0.0209999999999582,3,0.0629999999998745,70
"vary_k",10000,69,8,"SVP Gaussian / none / c = 0.968",0.356999999999971,1,0.356999999999971,70
"vary_k",10000,69,9,"SVP Gaussian / right / c = 1.642",0.0213333333333594,3,0.0640000000000782,70
"vary_k",10000,69,9,"SVP Gaussian / none / c = 0.968",0.357999999999947,1,0.357999999999947,70
"vary_k",10000,69,9,"SVP Gaussian / both / c = 1.987",0.0220000000000103,3,0.0660000000000309,70
"vary_k",10000,69,10,"SVP Gaussian / both / c = 1.987",0.0223333333333358,3,0.0670000000000073,70
"vary_k",10000,69,10,"SVP Gaussian / none / c = 0.968",0.357999999999947,1,0.357999999999947,70
"vary_k",10000,69,10,"SVP Gaussian / right / c = 1.642",0.021000000000034,3,0.0630000000001019,70
"vary_k",10000,69,11,"SVP Gaussian / none / c = 0.968",0.355999999999995,1,0.355999999999995,70
"vary_k",10000,69,11,"SVP Gaussian / right / c = 1.642",0.0209999999999582,3,0.0629999999998745,70
"vary_k",10000,69,11,"SVP Gaussian / both / c = 1.987",0.0220000000000103,3,0.0660000000000309,70
"vary_k",10000,69,12,"SVP Gaussian / none / c = 0.968",0.358999999999924,1,0.358999999999924,70
"vary_k",10000,69,12,"SVP Gaussian / both / c = 1.987",0.0223333333333358,3,0.0670000000000073,70
"vary_k",10000,69,12,"SVP Gaussian / right / c = 1.642",0.0216666666666849,3,0.0650000000000546,70
"vary_k",10000,70,1,"SVP Gaussian / both / c = 1.987",0.0220000000000103,3,0.0660000000000309,71
"vary_k",10000,70,1,"SVP Gaussian / right / c = 1.642",0.0209999999999582,3,0.0629999999998745,71
"vary_k",10000,70,1,"SVP Gaussian / none / c = 0.968",0.356999999999971,1,0.356999999999971,71
"vary_k",10000,70,2,"SVP Gaussian / none / c = 0.968",0.356999999999971,1,0.356999999999971,71
"vary_k",10000,70,2,"SVP Gaussian / right / c = 1.642",0.0206666666666327,3,0.0619999999998981,71
"vary_k",10000,70,2,"SVP Gaussian / both / c = 1.987",0.0216666666666849,3,0.0650000000000546,71
"vary_k",10000,70,3,"SVP Gaussian / right / c = 1.642",0.021000000000034,3,0.0630000000001019,71
"vary_k",10000,70,3,"SVP Gaussian / both / c = 1.987",0.0220000000000103,3,0.0660000000000309,71
"vary_k",10000,70,3,"SVP Gaussian / none / c = 0.968",0.357000000000198,1,0.357000000000198,71
"vary_k",10000,70,4,"SVP Gaussian / right / c = 1.642",0.0206666666667085,3,0.0620000000001255,71
"vary_k",10000,70,4,"SVP Gaussian / none / c = 0.968",0.358999999999924,1,0.358999999999924,71
"vary_k",10000,70,4,"SVP Gaussian / both / c = 1.987",0.0223333333333358,3,0.0670000000000073,71
"vary_k",10000,70,5,"SVP Gaussian / right / c = 1.642",0.0206666666666327,3,0.0619999999998981,71
"vary_k",10000,70,5,"SVP Gaussian / none / c = 0.968",0.356999999999971,1,0.356999999999971,71
"vary_k",10000,70,5,"SVP Gaussian / both / c = 1.987",0.0216666666666849,3,0.0650000000000546,71
"vary_k",10000,70,6,"SVP Gaussian / right / c = 1.642",0.0206666666666327,3,0.0619999999998981,71
"vary_k",10000,70,6,"SVP Gaussian / none / c = 0.968",0.359000000000151,1,0.359000000000151,71
"vary_k",10000,70,6,"SVP Gaussian / both / c = 1.987",0.0216666666666091,3,0.0649999999998272,71
"vary_k",10000,70,7,"SVP Gaussian / right / c = 1.642",0.021000000000034,3,0.0630000000001019,71
"vary_k",10000,70,7,"SVP Gaussian / both / c = 1.987",0.0220000000000103,3,0.0660000000000309,71
"vary_k",10000,70,7,"SVP Gaussian / none / c = 0.968",0.358999999999924,1,0.358999999999924,71
"vary_k",10000,70,8,"SVP Gaussian / both / c = 1.987",0.0216666666666091,3,0.0649999999998272,71
"vary_k",10000,70,8,"SVP Gaussian / right / c = 1.642",0.0206666666667085,3,0.0620000000001255,71
"vary_k",10000,70,8,"SVP Gaussian / none / c = 0.968",0.356999999999971,1,0.356999999999971,71
"vary_k",10000,70,9,"SVP Gaussian / right / c = 1.642",0.0206666666666327,3,0.0619999999998981,71
"vary_k",10000,70,9,"SVP Gaussian / both / c = 1.987",0.0220000000000103,3,0.0660000000000309,71
"vary_k",10000,70,9,"SVP Gaussian / none / c = 0.968",0.359000000000151,1,0.359000000000151,71
"vary_k",10000,70,10,"SVP Gaussian / both / c = 1.987",0.0223333333333358,3,0.0670000000000073,71
"vary_k",10000,70,10,"SVP Gaussian / none / c = 0.968",0.356999999999971,1,0.356999999999971,71
"vary_k",10000,70,10,"SVP Gaussian / right / c = 1.642",0.0209999999999582,3,0.0629999999998745,71
"vary_k",10000,70,11,"SVP Gaussian / both / c = 1.987",0.0219999999999345,3,0.0659999999998035,71
"vary_k",10000,70,11,"SVP Gaussian / right / c = 1.642",0.0206666666666327,3,0.0619999999998981,71
"vary_k",10000,70,11,"SVP Gaussian / none / c = 0.968",0.359000000000151,1,0.359000000000151,71
"vary_k",10000,70,12,"SVP Gaussian / both / c = 1.987",0.0216666666666091,3,0.0649999999998272,71
"vary_k",10000,70,12,"SVP Gaussian / right / c = 1.642",0.0206666666666327,3,0.0619999999998981,71
"vary_k",10000,70,12,"SVP Gaussian / none / c = 0.968",0.357999999999947,1,0.357999999999947,71
"vary_k",10000,71,1,"SVP Gaussian / both / c = 1.987",0.0213333333332836,3,0.0639999999998508,72
"vary_k",10000,71,1,"SVP Gaussian / right / c = 1.642",0.0206666666667085,3,0.0620000000001255,72
"vary_k",10000,71,1,"SVP Gaussian / none / c = 0.968",0.359000000000151,1,0.359000000000151,72
"vary_k",10000,71,2,"SVP Gaussian / right / c = 1.642",0.0206666666666327,3,0.0619999999998981,72
"vary_k",10000,71,2,"SVP Gaussian / both / c = 1.987",0.0213333333333594,3,0.0640000000000782,72
"vary_k",10000,71,2,"SVP Gaussian / none / c = 0.968",0.356999999999971,1,0.356999999999971,72
"vary_k",10000,71,3,"SVP Gaussian / both / c = 1.987",0.0216666666666849,3,0.0650000000000546,72
"vary_k",10000,71,3,"SVP Gaussian / right / c = 1.642",0.0206666666666327,3,0.0619999999998981,72
"vary_k",10000,71,3,"SVP Gaussian / none / c = 0.968",0.357999999999947,1,0.357999999999947,72
"vary_k",10000,71,4,"SVP Gaussian / none / c = 0.968",0.357999999999947,1,0.357999999999947,72
"vary_k",10000,71,4,"SVP Gaussian / both / c = 1.987",0.0213333333332836,3,0.0639999999998508,72
"vary_k",10000,71,4,"SVP Gaussian / right / c = 1.642",0.0206666666666327,3,0.0619999999998981,72
"vary_k",10000,71,5,"SVP Gaussian / right / c = 1.642",0.0206666666666327,3,0.0619999999998981,72
"vary_k",10000,71,5,"SVP Gaussian / none / c = 0.968",0.356999999999971,1,0.356999999999971,72
"vary_k",10000,71,5,"SVP Gaussian / both / c = 1.987",0.0213333333333594,3,0.0640000000000782,72
"vary_k",10000,71,6,"SVP Gaussian / right / c = 1.642",0.0206666666667085,3,0.0620000000001255,72
"vary_k",10000,71,6,"SVP Gaussian / none / c = 0.968",0.357999999999947,1,0.357999999999947,72
"vary_k",10000,71,6,"SVP Gaussian / both / c = 1.987",0.0216666666666849,3,0.0650000000000546,72
"vary_k",10000,71,7,"SVP Gaussian / none / c = 0.968",0.360000000000127,1,0.360000000000127,72
"vary_k",10000,71,7,"SVP Gaussian / both / c = 1.987",0.0213333333333594,3,0.0640000000000782,72
"vary_k",10000,71,7,"SVP Gaussian / right / c = 1.642",0.0203333333333073,3,0.0609999999999218,72
"vary_k",10000,71,8,"SVP Gaussian / none / c = 0.968",0.356999999999971,1,0.356999999999971,72
"vary_k",10000,71,8,"SVP Gaussian / both / c = 1.987",0.0213333333333594,3,0.0640000000000782,72
"vary_k",10000,71,8,"SVP Gaussian / right / c = 1.642",0.0203333333333831,3,0.0610000000001492,72
"vary_k",10000,71,9,"SVP Gaussian / both / c = 1.987",0.0213333333333594,3,0.0640000000000782,72
"vary_k",10000,71,9,"SVP Gaussian / none / c = 0.968",0.355999999999995,1,0.355999999999995,72
"vary_k",10000,71,9,"SVP Gaussian / right / c = 1.642",0.0203333333333073,3,0.0609999999999218,72
"vary_k",10000,71,10,"SVP Gaussian / both / c = 1.987",0.0220000000000103,3,0.0660000000000309,72
"vary_k",10000,71,10,"SVP Gaussian / none / c = 0.968",0.357999999999947,1,0.357999999999947,72
"vary_k",10000,71,10,"SVP Gaussian / right / c = 1.642",0.0206666666666327,3,0.0619999999998981,72
"vary_k",10000,71,11,"SVP Gaussian / none / c = 0.968",0.357999999999947,1,0.357999999999947,72
"vary_k",10000,71,11,"SVP Gaussian / right / c = 1.642",0.0206666666667085,3,0.0620000000001255,72
"vary_k",10000,71,11,"SVP Gaussian / both / c = 1.987",0.0213333333332836,3,0.0639999999998508,72
"vary_k",10000,71,12,"SVP Gaussian / none / c = 0.968",0.358000000000175,1,0.358000000000175,73
"vary_k",10000,71,12,"SVP Gaussian / right / c = 1.642",0.0203333333333831,3,0.0610000000001492,72
"vary_k",10000,71,12,"SVP Gaussian / both / c = 1.987",0.0213333333333594,3,0.0640000000000782,72
"vary_k",10000,72,1,"SVP Gaussian / none / c = 0.968",0.356999999999971,1,0.356999999999971,73
"vary_k",10000,72,1,"SVP Gaussian / right / c = 1.642",0.0203333333333073,3,0.0609999999999218,73
"vary_k",10000,72,1,"SVP Gaussian / both / c = 1.987",0.021000000000034,3,0.0630000000001019,73
"vary_k",10000,72,2,"SVP Gaussian / both / c = 1.987",0.0209999999999582,3,0.0629999999998745,73
"vary_k",10000,72,2,"SVP Gaussian / none / c = 0.968",0.356999999999971,1,0.356999999999971,73
"vary_k",10000,72,2,"SVP Gaussian / right / c = 1.642",0.0203333333333831,3,0.0610000000001492,73
"vary_k",10000,72,3,"SVP Gaussian / none / c = 0.968",0.356999999999971,1,0.356999999999971,73
"vary_k",10000,72,3,"SVP Gaussian / both / c = 1.987",0.0213333333333594,3,0.0640000000000782,73
"vary_k",10000,72,3,"SVP Gaussian / right / c = 1.642",0.0206666666667085,3,0.0620000000001255,73
"vary_k",10000,72,4,"SVP Gaussian / both / c = 1.987",0.0216666666666849,3,0.0650000000000546,73
"vary_k",10000,72,4,"SVP Gaussian / right / c = 1.642",0.0203333333333073,3,0.0609999999999218,73
"vary_k",10000,72,4,"SVP Gaussian / none / c = 0.968",0.358999999999924,1,0.358999999999924,73
"vary_k",10000,72,5,"SVP Gaussian / both / c = 1.987",0.021000000000034,3,0.0630000000001019,73
"vary_k",10000,72,5,"SVP Gaussian / right / c = 1.642",0.0203333333333831,3,0.0610000000001492,73
"vary_k",10000,72,5,"SVP Gaussian / none / c = 0.968",0.360000000000127,1,0.360000000000127,73
"vary_k",10000,72,6,"SVP Gaussian / right / c = 1.642",0.0203333333333831,3,0.0610000000001492,73
"vary_k",10000,72,6,"SVP Gaussian / none / c = 0.968",0.358000000000175,1,0.358000000000175,73
"vary_k",10000,72,6,"SVP Gaussian / both / c = 1.987",0.0213333333333594,3,0.0640000000000782,73
"vary_k",10000,72,7,"SVP Gaussian / both / c = 1.987",0.0216666666666849,3,0.0650000000000546,73
"vary_k",10000,72,7,"SVP Gaussian / right / c = 1.642",0.021000000000034,3,0.0630000000001019,73
"vary_k",10000,72,7,"SVP Gaussian / none / c = 0.968",0.358999999999924,1,0.358999999999924,73
"vary_k",10000,72,8,"SVP Gaussian / both / c = 1.987",0.0213333333333594,3,0.0640000000000782,73
"vary_k",10000,72,8,"SVP Gaussian / none / c = 0.968",0.356999999999971,1,0.356999999999971,73
"vary_k",10000,72,8,"SVP Gaussian / right / c = 1.642",0.0199999999999818,3,0.0599999999999454,73
"vary_k",10000,72,9,"SVP Gaussian / both / c = 1.987",0.021000000000034,3,0.0630000000001019,73
"vary_k",10000,72,9,"SVP Gaussian / none / c = 0.968",0.354000000000042,1,0.354000000000042,73
"vary_k",10000,72,9,"SVP Gaussian / right / c = 1.642",0.0206666666667085,3,0.0620000000001255,73
"vary_k",10000,72,10,"SVP Gaussian / none / c = 0.968",0.3599999999999,1,0.3599999999999,73
"vary_k",10000,72,10,"SVP Gaussian / both / c = 1.987",0.021000000000034,3,0.0630000000001019,73
"vary_k",10000,72,10,"SVP Gaussian / right / c = 1.642",0.0203333333333073,3,0.0609999999999218,73
"vary_k",10000,72,11,"SVP Gaussian / none / c = 0.968",0.356999999999971,1,0.356999999999971,73
"vary_k",10000,72,11,"SVP Gaussian / both / c = 1.987",0.0213333333332836,3,0.0639999999998508,73
"vary_k",10000,72,11,"SVP Gaussian / right / c = 1.642",0.0203333333333073,3,0.0609999999999218,73
"vary_k",10000,72,12,"SVP Gaussian / right / c = 1.642",0.0199999999999818,3,0.0599999999999454,73
"vary_k",10000,72,12,"SVP Gaussian / both / c = 1.987",0.0213333333333594,3,0.0640000000000782,73
"vary_k",10000,72,12,"SVP Gaussian / none / c = 0.968",0.357999999999947,1,0.357999999999947,73
"vary_k",10000,73,1,"SVP Gaussian / both / c = 1.987",0.0206666666666327,3,0.0619999999998981,74
"vary_k",10000,73,1,"SVP Gaussian / none / c = 0.968",0.357999999999947,1,0.357999999999947,74
"vary_k",10000,73,1,"SVP Gaussian / right / c = 1.642",0.0199999999999818,3,0.0599999999999454,74
"vary_k",10000,73,2,"SVP Gaussian / both / c = 1.987",0.0209999999999582,3,0.0629999999998745,74
"vary_k",10000,73,2,"SVP Gaussian / none / c = 0.968",0.358999999999924,1,0.358999999999924,75
"vary_k",10000,73,2,"SVP Gaussian / right / c = 1.642",0.0199999999999818,3,0.0599999999999454,74
"vary_k",10000,73,3,"SVP Gaussian / right / c = 1.642",0.0199999999999818,3,0.0599999999999454,74
"vary_k",10000,73,3,"SVP Gaussian / both / c = 1.987",0.0209999999999582,3,0.0629999999998745,74
"vary_k",10000,73,3,"SVP Gaussian / none / c = 0.968",0.3599999999999,1,0.3599999999999,74
"vary_k",10000,73,4,"SVP Gaussian / none / c = 0.968",0.357999999999947,1,0.357999999999947,74
"vary_k",10000,73,4,"SVP Gaussian / right / c = 1.642",0.0199999999999818,3,0.0599999999999454,74
"vary_k",10000,73,4,"SVP Gaussian / both / c = 1.987",0.0209999999999582,3,0.0629999999998745,74
"vary_k",10000,73,5,"SVP Gaussian / both / c = 1.987",0.0209999999999582,3,0.0629999999998745,74
"vary_k",10000,73,5,"SVP Gaussian / none / c = 0.968",0.3599999999999,1,0.3599999999999,74
"vary_k",10000,73,5,"SVP Gaussian / right / c = 1.642",0.0196666666666564,3,0.0589999999999691,74
"vary_k",10000,73,6,"SVP Gaussian / right / c = 1.642",0.0203333333333073,3,0.0609999999999218,74
"vary_k",10000,73,6,"SVP Gaussian / none / c = 0.968",0.355000000000018,1,0.355000000000018,74
"vary_k",10000,73,6,"SVP Gaussian / both / c = 1.987",0.0206666666666327,3,0.0619999999998981,74
"vary_k",10000,73,7,"SVP Gaussian / right / c = 1.642",0.0199999999999818,3,0.0599999999999454,74
"vary_k",10000,73,7,"SVP Gaussian / both / c = 1.987",0.0213333333332836,3,0.0639999999998508,74
"vary_k",10000,73,7,"SVP Gaussian / none / c = 0.968",0.357999999999947,1,0.357999999999947,74
"vary_k",10000,73,8,"SVP Gaussian / right / c = 1.642",0.0199999999999818,3,0.0599999999999454,74
"vary_k",10000,73,8,"SVP Gaussian / both / c = 1.987",0.0209999999999582,3,0.0629999999998745,74
"vary_k",10000,73,8,"SVP Gaussian / none / c = 0.968",0.359000000000151,1,0.359000000000151,74
"vary_k",10000,73,9,"SVP Gaussian / both / c = 1.987",0.021000000000034,3,0.0630000000001019,74
"vary_k",10000,73,9,"SVP Gaussian / none / c = 0.968",0.358999999999924,1,0.358999999999924,74
"vary_k",10000,73,9,"SVP Gaussian / right / c = 1.642",0.0196666666666564,3,0.0589999999999691,74
"vary_k",10000,73,10,"SVP Gaussian / both / c = 1.987",0.0209999999999582,3,0.0629999999998745,74
"vary_k",10000,73,10,"SVP Gaussian / none / c = 0.968",0.3599999999999,1,0.3599999999999,74
"vary_k",10000,73,10,"SVP Gaussian / right / c = 1.642",0.0196666666666564,3,0.0589999999999691,74
"vary_k",10000,73,11,"SVP Gaussian / right / c = 1.642",0.0199999999999818,3,0.0599999999999454,74
"vary_k",10000,73,11,"SVP Gaussian / none / c = 0.968",0.357999999999947,1,0.357999999999947,74
"vary_k",10000,73,11,"SVP Gaussian / both / c = 1.987",0.0206666666666327,3,0.0619999999998981,74
"vary_k",10000,73,12,"SVP Gaussian / both / c = 1.987",0.0209999999999582,3,0.0629999999998745,74
"vary_k",10000,73,12,"SVP Gaussian / right / c = 1.642",0.0199999999999818,3,0.0599999999999454,74
"vary_k",10000,73,12,"SVP Gaussian / none / c = 0.968",0.358999999999924,1,0.358999999999924,74
"vary_k",10000,74,1,"SVP Gaussian / none / c = 0.968",0.3599999999999,1,0.3599999999999,75
"vary_k",10000,74,1,"SVP Gaussian / both / c = 1.987",0.0203333333333073,3,0.0609999999999218,75
"vary_k",10000,74,1,"SVP Gaussian / right / c = 1.642",0.0196666666667322,3,0.0590000000001965,75
"vary_k",10000,74,2,"SVP Gaussian / none / c = 0.968",0.361000000000104,1,0.361000000000104,76
"vary_k",10000,74,2,"SVP Gaussian / right / c = 1.642",0.0196666666667322,3,0.0590000000001965,75
"vary_k",10000,74,2,"SVP Gaussian / both / c = 1.987",0.0206666666667085,3,0.0620000000001255,75
"vary_k",10000,74,3,"SVP Gaussian / right / c = 1.642",0.0196666666667322,3,0.0590000000001965,75
"vary_k",10000,74,3,"SVP Gaussian / both / c = 1.987",0.0206666666667085,3,0.0620000000001255,75
"vary_k",10000,74,3,"SVP Gaussian / none / c = 0.968",0.355999999999995,1,0.355999999999995,76
"vary_k",10000,74,4,"SVP Gaussian / none / c = 0.968",0.360000000000127,1,0.360000000000127,75
"vary_k",10000,74,4,"SVP Gaussian / right / c = 1.642",0.0200000000000576,3,0.0600000000001728,75
"vary_k",10000,74,4,"SVP Gaussian / both / c = 1.987",0.0206666666667085,3,0.0620000000001255,75
"vary_k",10000,74,5,"SVP Gaussian / none / c = 0.968",0.355999999999995,1,0.355999999999995,76
"vary_k",10000,74,5,"SVP Gaussian / both / c = 1.987",0.0203333333333073,3,0.0609999999999218,75
"vary_k",10000,74,5,"SVP Gaussian / right / c = 1.642",0.0199999999999818,3,0.0599999999999454,75
"vary_k",10000,74,6,"SVP Gaussian / both / c = 1.987",0.0203333333333073,3,0.0609999999999218,75
"vary_k",10000,74,6,"SVP Gaussian / none / c = 0.968",0.359000000000151,1,0.359000000000151,75
"vary_k",10000,74,6,"SVP Gaussian / right / c = 1.642",0.0196666666667322,3,0.0590000000001965,75
"vary_k",10000,74,7,"SVP Gaussian / none / c = 0.968",0.361000000000104,1,0.361000000000104,75
"vary_k",10000,74,7,"SVP Gaussian / right / c = 1.642",0.0196666666666564,3,0.0589999999999691,75
"vary_k",10000,74,7,"SVP Gaussian / both / c = 1.987",0.0203333333333073,3,0.0609999999999218,75
"vary_k",10000,74,8,"SVP Gaussian / both / c = 1.987",0.0206666666666327,3,0.0619999999998981,75
"vary_k",10000,74,8,"SVP Gaussian / none / c = 0.968",0.356999999999971,1,0.356999999999971,75
"vary_k",10000,74,8,"SVP Gaussian / right / c = 1.642",0.0199999999999818,3,0.0599999999999454,75
"vary_k",10000,74,9,"SVP Gaussian / both / c = 1.987",0.0206666666666327,3,0.0619999999998981,75
"vary_k",10000,74,9,"SVP Gaussian / none / c = 0.968",0.357999999999947,1,0.357999999999947,76
"vary_k",10000,74,9,"SVP Gaussian / right / c = 1.642",0.0196666666666564,3,0.0589999999999691,75
"vary_k",10000,74,10,"SVP Gaussian / right / c = 1.642",0.0196666666666564,3,0.0589999999999691,75
"vary_k",10000,74,10,"SVP Gaussian / none / c = 0.968",0.359000000000151,1,0.359000000000151,75
"vary_k",10000,74,10,"SVP Gaussian / both / c = 1.987",0.0203333333333831,3,0.0610000000001492,75
"vary_k",10000,74,11,"SVP Gaussian / right / c = 1.642",0.0196666666666564,3,0.0589999999999691,75
"vary_k",10000,74,11,"SVP Gaussian / both / c = 1.987",0.0206666666667085,3,0.0620000000001255,75
"vary_k",10000,74,11,"SVP Gaussian / none / c = 0.968",0.357999999999947,1,0.357999999999947,75
"vary_k",10000,74,12,"SVP Gaussian / both / c = 1.987",0.0203333333333073,3,0.0609999999999218,76
"vary_k",10000,74,12,"SVP Gaussian / none / c = 0.968",0.360000000000127,1,0.360000000000127,75
"vary_k",10000,74,12,"SVP Gaussian / right / c = 1.642",0.0196666666666564,3,0.0589999999999691,76
"vary_k",10000,75,1,"SVP Gaussian / both / c = 1.987",0.0203333333333073,3,0.0609999999999218,76
"vary_k",10000,75,1,"SVP Gaussian / right / c = 1.642",0.0193333333333309,3,0.0579999999999927,76
"vary_k",10000,75,1,"SVP Gaussian / none / c = 0.968",0.3599999999999,1,0.3599999999999,76
"vary_k",10000,75,2,"SVP Gaussian / right / c = 1.642",0.0193333333333309,3,0.0579999999999927,76
"vary_k",10000,75,2,"SVP Gaussian / both / c = 1.987",0.0199999999999818,3,0.0599999999999454,76
"vary_k",10000,75,2,"SVP Gaussian / none / c = 0.968",0.3599999999999,1,0.3599999999999,76
"vary_k",10000,75,3,"SVP Gaussian / both / c = 1.987",0.0199999999999818,3,0.0599999999999454,76
"vary_k",10000,75,3,"SVP Gaussian / none / c = 0.968",0.358999999999924,1,0.358999999999924,76
"vary_k",10000,75,3,"SVP Gaussian / right / c = 1.642",0.0193333333333309,3,0.0579999999999927,76
"vary_k",10000,75,4,"SVP Gaussian / both / c = 1.987",0.0203333333333073,3,0.0609999999999218,76
"vary_k",10000,75,4,"SVP Gaussian / right / c = 1.642",0.0193333333333309,3,0.0579999999999927,76
"vary_k",10000,75,4,"SVP Gaussian / none / c = 0.968",0.361999999999853,1,0.361999999999853,76
"vary_k",10000,75,5,"SVP Gaussian / none / c = 0.968",0.357999999999947,1,0.357999999999947,76
"vary_k",10000,75,5,"SVP Gaussian / right / c = 1.642",0.0190000000000055,3,0.0570000000000164,76
"vary_k",10000,75,5,"SVP Gaussian / both / c = 1.987",0.0203333333333831,3,0.0610000000001492,76
"vary_k",10000,75,6,"SVP Gaussian / both / c = 1.987",0.0199999999999818,3,0.0599999999999454,76
"vary_k",10000,75,6,"SVP Gaussian / none / c = 0.968",0.362999999999829,1,0.362999999999829,76
"vary_k",10000,75,6,"SVP Gaussian / right / c = 1.642",0.0193333333333309,3,0.0579999999999927,76
"vary_k",10000,75,7,"SVP Gaussian / right / c = 1.642",0.0193333333334067,3,0.0580000000002201,76
"vary_k",10000,75,7,"SVP Gaussian / none / c = 0.968",0.358000000000175,1,0.358000000000175,76
"vary_k",10000,75,7,"SVP Gaussian / both / c = 1.987",0.0203333333333831,3,0.0610000000001492,76
"vary_k",10000,75,8,"SVP Gaussian / none / c = 0.968",0.3599999999999,1,0.3599999999999,76
"vary_k",10000,75,8,"SVP Gaussian / right / c = 1.642",0.0193333333333309,3,0.0579999999999927,76
"vary_k",10000,75,8,"SVP Gaussian / both / c = 1.987",0.0203333333333073,3,0.0609999999999218,76
"vary_k",10000,75,9,"SVP Gaussian / none / c = 0.968",0.359000000000151,1,0.359000000000151,76
"vary_k",10000,75,9,"SVP Gaussian / both / c = 1.987",0.0199999999999818,3,0.0599999999999454,76
"vary_k",10000,75,9,"SVP Gaussian / right / c = 1.642",0.0196666666666564,3,0.0589999999999691,76
"vary_k",10000,75,10,"SVP Gaussian / right / c = 1.642",0.0196666666666564,3,0.0589999999999691,76
"vary_k",10000,75,10,"SVP Gaussian / none / c = 0.968",0.357999999999947,1,0.357999999999947,76
"vary_k",10000,75,10,"SVP Gaussian / both / c = 1.987",0.0203333333333073,3,0.0609999999999218,76
"vary_k",10000,75,11,"SVP Gaussian / both / c = 1.987",0.0199999999999818,3,0.0599999999999454,76
"vary_k",10000,75,11,"SVP Gaussian / right / c = 1.642",0.0193333333333309,3,0.0579999999999927,76
"vary_k",10000,75,11,"SVP Gaussian / none / c = 0.968",0.358000000000175,1,0.358000000000175,76
"vary_k",10000,75,12,"SVP Gaussian / right / c = 1.642",0.0193333333333309,3,0.0579999999999927,76
"vary_k",10000,75,12,"SVP Gaussian / both / c = 1.987",0.0203333333333073,3,0.0609999999999218,76
"vary_k",10000,75,12,"SVP Gaussian / none / c = 0.968",0.358999999999924,1,0.358999999999924,76
"vary_k",10000,76,1,"SVP Gaussian / both / c = 1.987",0.0203333333333073,3,0.0609999999999218,77
"vary_k",10000,76,1,"SVP Gaussian / right / c = 1.642",0.0193333333333309,3,0.0579999999999927,77
"vary_k",10000,76,1,"SVP Gaussian / none / c = 0.968",0.3599999999999,1,0.3599999999999,77
"vary_k",10000,76,2,"SVP Gaussian / both / c = 1.987",0.0196666666666564,3,0.0589999999999691,77
"vary_k",10000,76,2,"SVP Gaussian / none / c = 0.968",0.357999999999947,1,0.357999999999947,78
"vary_k",10000,76,2,"SVP Gaussian / right / c = 1.642",0.01866666666668,3,0.05600000000004,77
"vary_k",10000,76,3,"SVP Gaussian / none / c = 0.968",0.361000000000104,1,0.361000000000104,77
"vary_k",10000,76,3,"SVP Gaussian / right / c = 1.642",0.01866666666668,3,0.05600000000004,77
"vary_k",10000,76,3,"SVP Gaussian / both / c = 1.987",0.0196666666666564,3,0.0589999999999691,77
"vary_k",10000,76,4,"SVP Gaussian / none / c = 0.968",0.356999999999971,1,0.356999999999971,77
"vary_k",10000,76,4,"SVP Gaussian / both / c = 1.987",0.0196666666666564,3,0.0589999999999691,77
"vary_k",10000,76,4,"SVP Gaussian / right / c = 1.642",0.0193333333333309,3,0.0579999999999927,77
"vary_k",10000,76,5,"SVP Gaussian / right / c = 1.642",0.0193333333333309,3,0.0579999999999927,77
"vary_k",10000,76,5,"SVP Gaussian / none / c = 0.968",0.357999999999947,1,0.357999999999947,77
"vary_k",10000,76,5,"SVP Gaussian / both / c = 1.987",0.0203333333333073,3,0.0609999999999218,77
"vary_k",10000,76,6,"SVP Gaussian / none / c = 0.968",0.3599999999999,1,0.3599999999999,77
"vary_k",10000,76,6,"SVP Gaussian / right / c = 1.642",0.0190000000000055,3,0.0570000000000164,77
"vary_k",10000,76,6,"SVP Gaussian / both / c = 1.987",0.0203333333333831,3,0.0610000000001492,77
"vary_k",10000,76,7,"SVP Gaussian / right / c = 1.642",0.0190000000000055,3,0.0570000000000164,77
"vary_k",10000,76,7,"SVP Gaussian / both / c = 1.987",0.0199999999999818,3,0.0599999999999454,77
"vary_k",10000,76,7,"SVP Gaussian / none / c = 0.968",0.3599999999999,1,0.3599999999999,77
"vary_k",10000,76,8,"SVP Gaussian / none / c = 0.968",0.358999999999924,1,0.358999999999924,78
"vary_k",10000,76,8,"SVP Gaussian / both / c = 1.987",0.0199999999999818,3,0.0599999999999454,77
"vary_k",10000,76,8,"SVP Gaussian / right / c = 1.642",0.0193333333334067,3,0.0580000000002201,77
"vary_k",10000,76,9,"SVP Gaussian / right / c = 1.642",0.0193333333333309,3,0.0579999999999927,77
"vary_k",10000,76,9,"SVP Gaussian / both / c = 1.987",0.0200000000000576,3,0.0600000000001728,77
"vary_k",10000,76,9,"SVP Gaussian / none / c = 0.968",0.357999999999947,1,0.357999999999947,77
"vary_k",10000,76,10,"SVP Gaussian / both / c = 1.987",0.0199999999999818,3,0.0599999999999454,77
"vary_k",10000,76,10,"SVP Gaussian / right / c = 1.642",0.0190000000000055,3,0.0570000000000164,77
"vary_k",10000,76,10,"SVP Gaussian / none / c = 0.968",0.3599999999999,1,0.3599999999999,77
"vary_k",10000,76,11,"SVP Gaussian / right / c = 1.642",0.0193333333333309,3,0.0579999999999927,77
"vary_k",10000,76,11,"SVP Gaussian / none / c = 0.968",0.359000000000151,1,0.359000000000151,77
"vary_k",10000,76,11,"SVP Gaussian / both / c = 1.987",0.0200000000000576,3,0.0600000000001728,77
"vary_k",10000,76,12,"SVP Gaussian / none / c = 0.968",0.357999999999947,1,0.357999999999947,77
"vary_k",10000,76,12,"SVP Gaussian / right / c = 1.642",0.0196666666666564,3,0.0589999999999691,77
"vary_k",10000,76,12,"SVP Gaussian / both / c = 1.987",0.0203333333333831,3,0.0610000000001492,77
"vary_k",10000,77,1,"SVP Gaussian / both / c = 1.987",0.0193333333333309,3,0.0579999999999927,78
"vary_k",10000,77,1,"SVP Gaussian / right / c = 1.642",0.01866666666668,3,0.05600000000004,78
"vary_k",10000,77,1,"SVP Gaussian / none / c = 0.968",0.355000000000018,1,0.355000000000018,78
"vary_k",10000,77,2,"SVP Gaussian / right / c = 1.642",0.01866666666668,3,0.05600000000004,78
"vary_k",10000,77,2,"SVP Gaussian / none / c = 0.968",0.357999999999947,1,0.357999999999947,79
"vary_k",10000,77,2,"SVP Gaussian / both / c = 1.987",0.0199999999999818,3,0.0599999999999454,78
"vary_k",10000,77,3,"SVP Gaussian / both / c = 1.987",0.0196666666666564,3,0.0589999999999691,78
"vary_k",10000,77,3,"SVP Gaussian / right / c = 1.642",0.0190000000000055,3,0.0570000000000164,78
"vary_k",10000,77,3,"SVP Gaussian / none / c = 0.968",0.356999999999971,1,0.356999999999971,78
"vary_k",10000,77,4,"SVP Gaussian / right / c = 1.642",0.0190000000000055,3,0.0570000000000164,78
"vary_k",10000,77,4,"SVP Gaussian / both / c = 1.987",0.0196666666666564,3,0.0589999999999691,78
"vary_k",10000,77,4,"SVP Gaussian / none / c = 0.968",0.359000000000151,1,0.359000000000151,78
"vary_k",10000,77,5,"SVP Gaussian / right / c = 1.642",0.01866666666668,3,0.05600000000004,78
"vary_k",10000,77,5,"SVP Gaussian / none / c = 0.968",0.357000000000198,1,0.357000000000198,78
"vary_k",10000,77,5,"SVP Gaussian / both / c = 1.987",0.0193333333333309,3,0.0579999999999927,78
"vary_k",10000,77,6,"SVP Gaussian / right / c = 1.642",0.0190000000000055,3,0.0570000000000164,78
"vary_k",10000,77,6,"SVP Gaussian / none / c = 0.968",0.356999999999971,1,0.356999999999971,78
"vary_k",10000,77,6,"SVP Gaussian / both / c = 1.987",0.0196666666666564,3,0.0589999999999691,78
"vary_k",10000,77,7,"SVP Gaussian / right / c = 1.642",0.0186666666666042,3,0.0559999999998126,78
"vary_k",10000,77,7,"SVP Gaussian / none / c = 0.968",0.361000000000104,1,0.361000000000104,78
"vary_k",10000,77,7,"SVP Gaussian / both / c = 1.987",0.0196666666666564,3,0.0589999999999691,78
"vary_k",10000,77,8,"SVP Gaussian / right / c = 1.642",0.0190000000000055,3,0.0570000000000164,78
"vary_k",10000,77,8,"SVP Gaussian / both / c = 1.987",0.0196666666666564,3,0.0589999999999691,78
"vary_k",10000,77,8,"SVP Gaussian / none / c = 0.968",0.355999999999995,1,0.355999999999995,78
"vary_k",10000,77,9,"SVP Gaussian / both / c = 1.987",0.0196666666666564,3,0.0589999999999691,78
"vary_k",10000,77,9,"SVP Gaussian / none / c = 0.968",0.357999999999947,1,0.357999999999947,78
"vary_k",10000,77,9,"SVP Gaussian / right / c = 1.642",0.01866666666668,3,0.05600000000004,78
"vary_k",10000,77,10,"SVP Gaussian / both / c = 1.987",0.0196666666666564,3,0.0589999999999691,78
"vary_k",10000,77,10,"SVP Gaussian / right / c = 1.642",0.0190000000000055,3,0.0570000000000164,78
"vary_k",10000,77,10,"SVP Gaussian / none / c = 0.968",0.357999999999947,1,0.357999999999947,78
"vary_k",10000,77,11,"SVP Gaussian / right / c = 1.642",0.0190000000000055,3,0.0570000000000164,78
"vary_k",10000,77,11,"SVP Gaussian / both / c = 1.987",0.0200000000000576,3,0.0600000000001728,78
"vary_k",10000,77,11,"SVP Gaussian / none / c = 0.968",0.365000000000009,1,0.365000000000009,78
"vary_k",10000,77,12,"SVP Gaussian / none / c = 0.968",0.358000000000175,1,0.358000000000175,78
"vary_k",10000,77,12,"SVP Gaussian / both / c = 1.987",0.0196666666666564,3,0.0589999999999691,78
"vary_k",10000,77,12,"SVP Gaussian / right / c = 1.642",0.0190000000000055,3,0.0570000000000164,78
"vary_k",10000,78,1,"SVP Gaussian / both / c = 1.987",0.0196666666666564,3,0.0589999999999691,79
"vary_k",10000,78,1,"SVP Gaussian / none / c = 0.968",0.358000000000175,1,0.358000000000175,79
"vary_k",10000,78,1,"SVP Gaussian / right / c = 1.642",0.0190000000000055,3,0.0570000000000164,79
"vary_k",10000,78,2,"SVP Gaussian / none / c = 0.968",0.358000000000175,1,0.358000000000175,79
"vary_k",10000,78,2,"SVP Gaussian / both / c = 1.987",0.0200000000000576,3,0.0600000000001728,79
"vary_k",10000,78,2,"SVP Gaussian / right / c = 1.642",0.01866666666668,3,0.05600000000004,79
"vary_k",10000,78,3,"SVP Gaussian / right / c = 1.642",0.0186666666666042,3,0.0559999999998126,79
"vary_k",10000,78,3,"SVP Gaussian / both / c = 1.987",0.0193333333333309,3,0.0579999999999927,79
"vary_k",10000,78,3,"SVP Gaussian / none / c = 0.968",0.359000000000151,1,0.359000000000151,79
"vary_k",10000,78,4,"SVP Gaussian / none / c = 0.968",0.359000000000151,1,0.359000000000151,79
"vary_k",10000,78,4,"SVP Gaussian / right / c = 1.642",0.01866666666668,3,0.05600000000004,79
"vary_k",10000,78,4,"SVP Gaussian / both / c = 1.987",0.0193333333333309,3,0.0579999999999927,79
"vary_k",10000,78,5,"SVP Gaussian / right / c = 1.642",0.01866666666668,3,0.05600000000004,79
"vary_k",10000,78,5,"SVP Gaussian / both / c = 1.987",0.0193333333333309,3,0.0579999999999927,79
"vary_k",10000,78,5,"SVP Gaussian / none / c = 0.968",0.360999999999876,1,0.360999999999876,79
"vary_k",10000,78,6,"SVP Gaussian / none / c = 0.968",0.357999999999947,1,0.357999999999947,79
"vary_k",10000,78,6,"SVP Gaussian / both / c = 1.987",0.0196666666667322,3,0.0590000000001965,79
"vary_k",10000,78,6,"SVP Gaussian / right / c = 1.642",0.0190000000000055,3,0.0570000000000164,79
"vary_k",10000,78,7,"SVP Gaussian / none / c = 0.968",0.360000000000127,1,0.360000000000127,80
"vary_k",10000,78,7,"SVP Gaussian / both / c = 1.987",0.0196666666667322,3,0.0590000000001965,79
"vary_k",10000,78,7,"SVP Gaussian / right / c = 1.642",0.01866666666668,3,0.05600000000004,79
"vary_k",10000,78,8,"SVP Gaussian / none / c = 0.968",0.357000000000198,1,0.357000000000198,79
"vary_k",10000,78,8,"SVP Gaussian / both / c = 1.987",0.0199999999999818,3,0.0599999999999454,79
"vary_k",10000,78,8,"SVP Gaussian / right / c = 1.642",0.01866666666668,3,0.05600000000004,79
"vary_k",10000,78,9,"SVP Gaussian / none / c = 0.968",0.360000000000127,1,0.360000000000127,79
"vary_k",10000,78,9,"SVP Gaussian / both / c = 1.987",0.0193333333333309,3,0.0579999999999927,79
"vary_k",10000,78,9,"SVP Gaussian / right / c = 1.642",0.01866666666668,3,0.05600000000004,79
"vary_k",10000,78,10,"SVP Gaussian / none / c = 0.968",0.357999999999947,1,0.357999999999947,79
"vary_k",10000,78,10,"SVP Gaussian / right / c = 1.642",0.01866666666668,3,0.05600000000004,79
"vary_k",10000,78,10,"SVP Gaussian / both / c = 1.987",0.0196666666666564,3,0.0589999999999691,79
"vary_k",10000,78,11,"SVP Gaussian / right / c = 1.642",0.01866666666668,3,0.05600000000004,79
"vary_k",10000,78,11,"SVP Gaussian / both / c = 1.987",0.0196666666666564,3,0.0589999999999691,79
"vary_k",10000,78,11,"SVP Gaussian / none / c = 0.968",0.356999999999971,1,0.356999999999971,79
"vary_k",10000,78,12,"SVP Gaussian / right / c = 1.642",0.0190000000000055,3,0.0570000000000164,79
"vary_k",10000,78,12,"SVP Gaussian / none / c = 0.968",0.358999999999924,1,0.358999999999924,79
"vary_k",10000,78,12,"SVP Gaussian / both / c = 1.987",0.0196666666666564,3,0.0589999999999691,79
"vary_k",10000,79,1,"SVP Gaussian / both / c = 1.987",0.0190000000000055,3,0.0570000000000164,80
"vary_k",10000,79,1,"SVP Gaussian / none / c = 0.968",0.3599999999999,1,0.3599999999999,80
"vary_k",10000,79,1,"SVP Gaussian / right / c = 1.642",0.01866666666668,3,0.05600000000004,80
"vary_k",10000,79,2,"SVP Gaussian / both / c = 1.987",0.0193333333333309,3,0.0579999999999927,80
"vary_k",10000,79,2,"SVP Gaussian / right / c = 1.642",0.0185000000000173,4,0.0740000000000691,80
"vary_k",10000,79,2,"SVP Gaussian / none / c = 0.968",0.358999999999924,1,0.358999999999924,80
"vary_k",10000,79,3,"SVP Gaussian / none / c = 0.968",0.3599999999999,1,0.3599999999999,80
"vary_k",10000,79,3,"SVP Gaussian / right / c = 1.642",0.0185000000000173,4,0.0740000000000691,80
"vary_k",10000,79,3,"SVP Gaussian / both / c = 1.987",0.0193333333333309,3,0.0579999999999927,80
"vary_k",10000,79,4,"SVP Gaussian / right / c = 1.642",0.01866666666668,3,0.05600000000004,80
"vary_k",10000,79,4,"SVP Gaussian / none / c = 0.968",0.360000000000127,1,0.360000000000127,80
"vary_k",10000,79,4,"SVP Gaussian / both / c = 1.987",0.0193333333333309,3,0.0579999999999927,80
"vary_k",10000,79,5,"SVP Gaussian / both / c = 1.987",0.0190000000000055,3,0.0570000000000164,80
"vary_k",10000,79,5,"SVP Gaussian / right / c = 1.642",0.0183333333333546,3,0.0550000000000637,80
"vary_k",10000,79,5,"SVP Gaussian / none / c = 0.968",0.360999999999876,1,0.360999999999876,80
"vary_k",10000,79,6,"SVP Gaussian / both / c = 1.987",0.0193333333333309,3,0.0579999999999927,80
"vary_k",10000,79,6,"SVP Gaussian / none / c = 0.968",0.357999999999947,1,0.357999999999947,80
"vary_k",10000,79,6,"SVP Gaussian / right / c = 1.642",0.0184999999999604,4,0.0739999999998417,80
"vary_k",10000,79,7,"SVP Gaussian / none / c = 0.968",0.360999999999876,1,0.360999999999876,81
"vary_k",10000,79,7,"SVP Gaussian / both / c = 1.987",0.0193333333333309,3,0.0579999999999927,80
"vary_k",10000,79,7,"SVP Gaussian / right / c = 1.642",0.0183333333333546,3,0.0550000000000637,80
"vary_k",10000,79,8,"SVP Gaussian / both / c = 1.987",0.0190000000000055,3,0.0570000000000164,80
"vary_k",10000,79,8,"SVP Gaussian / right / c = 1.642",0.0183333333333546,3,0.0550000000000637,80
"vary_k",10000,79,8,"SVP Gaussian / none / c = 0.968",0.357999999999947,1,0.357999999999947,80
"vary_k",10000,79,9,"SVP Gaussian / right / c = 1.642",0.01866666666668,3,0.05600000000004,80
"vary_k",10000,79,9,"SVP Gaussian / none / c = 0.968",0.357999999999947,1,0.357999999999947,80
"vary_k",10000,79,9,"SVP Gaussian / both / c = 1.987",0.0190000000000055,3,0.0570000000000164,80
"vary_k",10000,79,10,"SVP Gaussian / both / c = 1.987",0.0193333333333309,3,0.0579999999999927,80
"vary_k",10000,79,10,"SVP Gaussian / none / c = 0.968",0.358999999999924,1,0.358999999999924,80
"vary_k",10000,79,10,"SVP Gaussian / right / c = 1.642",0.0185000000000173,4,0.0740000000000691,80
"vary_k",10000,79,11,"SVP Gaussian / none / c = 0.968",0.360999999999876,1,0.360999999999876,80
"vary_k",10000,79,11,"SVP Gaussian / both / c = 1.987",0.0193333333333309,3,0.0579999999999927,80
"vary_k",10000,79,11,"SVP Gaussian / right / c = 1.642",0.01866666666668,3,0.05600000000004,80
"vary_k",10000,79,12,"SVP Gaussian / right / c = 1.642",0.0183333333333546,3,0.0550000000000637,80
"vary_k",10000,79,12,"SVP Gaussian / both / c = 1.987",0.0193333333333309,3,0.0579999999999927,80
"vary_k",10000,79,12,"SVP Gaussian / none / c = 0.968",0.356999999999971,1,0.356999999999971,80
"vary_k",10000,80,1,"SVP Gaussian / none / c = 0.968",0.3599999999999,1,0.3599999999999,81
"vary_k",10000,80,1,"SVP Gaussian / right / c = 1.642",0.0180000000000291,3,0.0540000000000873,81
"vary_k",10000,80,1,"SVP Gaussian / both / c = 1.987",0.0190000000000055,3,0.0570000000000164,81
"vary_k",10000,80,2,"SVP Gaussian / right / c = 1.642",0.0179999999999533,3,0.0539999999998599,81
"vary_k",10000,80,2,"SVP Gaussian / both / c = 1.987",0.01866666666668,3,0.05600000000004,81
"vary_k",10000,80,2,"SVP Gaussian / none / c = 0.968",0.36200000000008,1,0.36200000000008,81
"vary_k",10000,80,3,"SVP Gaussian / none / c = 0.968",0.358999999999924,1,0.358999999999924,81
"vary_k",10000,80,3,"SVP Gaussian / both / c = 1.987",0.0193333333333309,3,0.0579999999999927,81
"vary_k",10000,80,3,"SVP Gaussian / right / c = 1.642",0.0183333333333546,3,0.0550000000000637,81
"vary_k",10000,80,4,"SVP Gaussian / both / c = 1.987",0.0193333333333309,3,0.0579999999999927,81
"vary_k",10000,80,4,"SVP Gaussian / none / c = 0.968",0.361000000000104,1,0.361000000000104,81
"vary_k",10000,80,4,"SVP Gaussian / right / c = 1.642",0.0180000000000291,3,0.0540000000000873,81
"vary_k",10000,80,5,"SVP Gaussian / both / c = 1.987",0.0190000000000055,3,0.0570000000000164,81
"vary_k",10000,80,5,"SVP Gaussian / none / c = 0.968",0.357999999999947,1,0.357999999999947,81
"vary_k",10000,80,5,"SVP Gaussian / right / c = 1.642",0.0182499999999663,4,0.0729999999998654,81
"vary_k",10000,80,6,"SVP Gaussian / both / c = 1.987",0.0190000000000055,3,0.0570000000000164,81
"vary_k",10000,80,6,"SVP Gaussian / right / c = 1.642",0.0182500000000232,4,0.0730000000000928,81
"vary_k",10000,80,6,"SVP Gaussian / none / c = 0.968",0.357000000000198,1,0.357000000000198,81
"vary_k",10000,80,7,"SVP Gaussian / none / c = 0.968",0.357999999999947,1,0.357999999999947,81
"vary_k",10000,80,7,"SVP Gaussian / both / c = 1.987",0.0190000000000055,3,0.0570000000000164,81
"vary_k",10000,80,7,"SVP Gaussian / right / c = 1.642",0.0185000000000173,4,0.0740000000000691,81
"vary_k",10000,80,8,"SVP Gaussian / both / c = 1.987",0.0190000000000055,3,0.0570000000000164,81
"vary_k",10000,80,8,"SVP Gaussian / right / c = 1.642",0.0190000000000055,3,0.0570000000000164,81
"vary_k",10000,80,8,"SVP Gaussian / none / c = 0.968",0.357999999999947,1,0.357999999999947,81
"vary_k",10000,80,9,"SVP Gaussian / right / c = 1.642",0.0179999999999533,3,0.0539999999998599,81
"vary_k",10000,80,9,"SVP Gaussian / none / c = 0.968",0.3599999999999,1,0.3599999999999,81
"vary_k",10000,80,9,"SVP Gaussian / both / c = 1.987",0.01866666666668,3,0.05600000000004,81
"vary_k",10000,80,10,"SVP Gaussian / right / c = 1.642",0.0183333333332788,3,0.0549999999998363,81
"vary_k",10000,80,10,"SVP Gaussian / none / c = 0.968",0.358999999999924,1,0.358999999999924,82
"vary_k",10000,80,10,"SVP Gaussian / both / c = 1.987",0.0190000000000055,3,0.0570000000000164,81
"vary_k",10000,80,11,"SVP Gaussian / right / c = 1.642",0.0180000000000291,3,0.0540000000000873,81
"vary_k",10000,80,11,"SVP Gaussian / both / c = 1.987",0.0190000000000055,3,0.0570000000000164,81
"vary_k",10000,80,11,"SVP Gaussian / none / c = 0.968",0.356999999999971,1,0.356999999999971,82
"vary_k",10000,80,12,"SVP Gaussian / none / c = 0.968",0.358999999999924,1,0.358999999999924,81
"vary_k",10000,80,12,"SVP Gaussian / both / c = 1.987",0.0190000000000055,3,0.0570000000000164,81
"vary_k",10000,80,12,"SVP Gaussian / right / c = 1.642",0.0183333333333546,3,0.0550000000000637,81
"vary_k",10000,81,1,"SVP Gaussian / right / c = 1.642",0.0180000000000291,4,0.0720000000001164,82
"vary_k",10000,81,1,"SVP Gaussian / both / c = 1.987",0.0190000000000055,3,0.0570000000000164,82
"vary_k",10000,81,1,"SVP Gaussian / none / c = 0.968",0.358000000000175,1,0.358000000000175,82
"vary_k",10000,81,2,"SVP Gaussian / none / c = 0.968",0.356999999999971,1,0.356999999999971,82
"vary_k",10000,81,2,"SVP Gaussian / right / c = 1.642",0.0180000000000291,4,0.0720000000001164,82
"vary_k",10000,81,2,"SVP Gaussian / both / c = 1.987",0.01866666666668,3,0.05600000000004,82
"vary_k",10000,81,3,"SVP Gaussian / both / c = 1.987",0.0190000000000055,3,0.0570000000000164,82
"vary_k",10000,81,3,"SVP Gaussian / right / c = 1.642",0.0182500000000232,4,0.0730000000000928,82
"vary_k",10000,81,3,"SVP Gaussian / none / c = 0.968",0.358999999999924,1,0.358999999999924,82
"vary_k",10000,81,4,"SVP Gaussian / both / c = 1.987",0.01866666666668,3,0.05600000000004,82
"vary_k",10000,81,4,"SVP Gaussian / right / c = 1.642",0.0180000000000291,4,0.0720000000001164,82
"vary_k",10000,81,4,"SVP Gaussian / none / c = 0.968",0.358999999999924,1,0.358999999999924,82
"vary_k",10000,81,5,"SVP Gaussian / none / c = 0.968",0.360999999999876,1,0.360999999999876,82
"vary_k",10000,81,5,"SVP Gaussian / right / c = 1.642",0.0183333333333546,3,0.0550000000000637,82
"vary_k",10000,81,5,"SVP Gaussian / both / c = 1.987",0.0190000000000055,3,0.0570000000000164,82
"vary_k",10000,81,6,"SVP Gaussian / both / c = 1.987",0.0190000000000055,3,0.0570000000000164,82
"vary_k",10000,81,6,"SVP Gaussian / right / c = 1.642",0.0180000000000291,4,0.0720000000001164,82
"vary_k",10000,81,6,"SVP Gaussian / none / c = 0.968",0.360000000000127,1,0.360000000000127,82
"vary_k",10000,81,7,"SVP Gaussian / right / c = 1.642",0.0180000000000291,3,0.0540000000000873,82
"vary_k",10000,81,7,"SVP Gaussian / both / c = 1.987",0.0190000000000055,3,0.0570000000000164,82
"vary_k",10000,81,7,"SVP Gaussian / none / c = 0.968",0.359000000000151,1,0.359000000000151,82
"vary_k",10000,81,8,"SVP Gaussian / both / c = 1.987",0.01866666666668,3,0.05600000000004,82
"vary_k",10000,81,8,"SVP Gaussian / none / c = 0.968",0.358999999999924,1,0.358999999999924,82
"vary_k",10000,81,8,"SVP Gaussian / right / c = 1.642",0.0182500000000232,4,0.0730000000000928,82
"vary_k",10000,81,9,"SVP Gaussian / both / c = 1.987",0.01866666666668,3,0.05600000000004,82
"vary_k",10000,81,9,"SVP Gaussian / right / c = 1.642",0.0182500000000232,4,0.0730000000000928,82
"vary_k",10000,81,9,"SVP Gaussian / none / c = 0.968",0.358999999999924,1,0.358999999999924,82
"vary_k",10000,81,10,"SVP Gaussian / right / c = 1.642",0.0182499999999663,4,0.0729999999998654,82
"vary_k",10000,81,10,"SVP Gaussian / both / c = 1.987",0.0190000000000055,3,0.0570000000000164,82
"vary_k",10000,81,10,"SVP Gaussian / none / c = 0.968",0.358999999999924,1,0.358999999999924,82
"vary_k",10000,81,11,"SVP Gaussian / none / c = 0.968",0.3599999999999,1,0.3599999999999,82
"vary_k",10000,81,11,"SVP Gaussian / both / c = 1.987",0.01866666666668,3,0.05600000000004,82
"vary_k",10000,81,11,"SVP Gaussian / right / c = 1.642",0.0183333333333546,3,0.0550000000000637,82
"vary_k",10000,81,12,"SVP Gaussian / none / c = 0.968",0.358999999999924,1,0.358999999999924,82
"vary_k",10000,81,12,"SVP Gaussian / both / c = 1.987",0.0196666666666564,3,0.0589999999999691,82
"vary_k",10000,81,12,"SVP Gaussian / right / c = 1.642",0.0183333333332788,3,0.0549999999998363,82
"vary_k",10000,82,1,"SVP Gaussian / both / c = 1.987",0.01866666666668,3,0.05600000000004,83
"vary_k",10000,82,1,"SVP Gaussian / none / c = 0.968",0.358000000000175,1,0.358000000000175,83
"vary_k",10000,82,1,"SVP Gaussian / right / c = 1.642",0.0177499999999782,4,0.0709999999999127,83
"vary_k",10000,82,2,"SVP Gaussian / none / c = 0.968",0.3599999999999,1,0.3599999999999,83
"vary_k",10000,82,2,"SVP Gaussian / right / c = 1.642",0.0177499999999782,4,0.0709999999999127,83
"vary_k",10000,82,2,"SVP Gaussian / both / c = 1.987",0.0183333333332788,3,0.0549999999998363,83
"vary_k",10000,82,3,"SVP Gaussian / none / c = 0.968",0.359000000000151,1,0.359000000000151,83
"vary_k",10000,82,3,"SVP Gaussian / right / c = 1.642",0.0180000000000291,3,0.0540000000000873,83
"vary_k",10000,82,3,"SVP Gaussian / both / c = 1.987",0.0190000000000055,3,0.0570000000000164,83
"vary_k",10000,82,4,"SVP Gaussian / none / c = 0.968",0.357999999999947,1,0.357999999999947,83
"vary_k",10000,82,4,"SVP Gaussian / right / c = 1.642",0.0179999999999723,4,0.071999999999889,83
"vary_k",10000,82,4,"SVP Gaussian / both / c = 1.987",0.01866666666668,3,0.05600000000004,83
"vary_k",10000,82,5,"SVP Gaussian / none / c = 0.968",0.358999999999924,1,0.358999999999924,83
"vary_k",10000,82,5,"SVP Gaussian / right / c = 1.642",0.0177499999999782,4,0.0709999999999127,83
"vary_k",10000,82,5,"SVP Gaussian / both / c = 1.987",0.0186666666666042,3,0.0559999999998126,83
"vary_k",10000,82,6,"SVP Gaussian / none / c = 0.968",0.360999999999876,1,0.360999999999876,83
"vary_k",10000,82,6,"SVP Gaussian / both / c = 1.987",0.01866666666668,3,0.05600000000004,83
"vary_k",10000,82,6,"SVP Gaussian / right / c = 1.642",0.0177499999999782,4,0.0709999999999127,83
"vary_k",10000,82,7,"SVP Gaussian / both / c = 1.987",0.01866666666668,3,0.05600000000004,83
"vary_k",10000,82,7,"SVP Gaussian / right / c = 1.642",0.0175000000000409,4,0.0700000000001637,83
"vary_k",10000,82,7,"SVP Gaussian / none / c = 0.968",0.358999999999924,1,0.358999999999924,83
"vary_k",10000,82,8,"SVP Gaussian / none / c = 0.968",0.360000000000127,1,0.360000000000127,83
"vary_k",10000,82,8,"SVP Gaussian / right / c = 1.642",0.0176666666667037,3,0.053000000000111,83
"vary_k",10000,82,8,"SVP Gaussian / both / c = 1.987",0.0185000000000173,4,0.0740000000000691,83
"vary_k",10000,82,9,"SVP Gaussian / none / c = 0.968",0.359000000000151,1,0.359000000000151,83
"vary_k",10000,82,9,"SVP Gaussian / both / c = 1.987",0.01866666666668,3,0.05600000000004,83
"vary_k",10000,82,9,"SVP Gaussian / right / c = 1.642",0.0176666666666279,3,0.0529999999998836,83
"vary_k",10000,82,10,"SVP Gaussian / none / c = 0.968",0.357999999999947,1,0.357999999999947,83
"vary_k",10000,82,10,"SVP Gaussian / both / c = 1.987",0.0186666666666042,3,0.0559999999998126,83
"vary_k",10000,82,10,"SVP Gaussian / right / c = 1.642",0.0176666666666279,3,0.0529999999998836,83
"vary_k",10000,82,11,"SVP Gaussian / both / c = 1.987",0.0183333333332788,3,0.0549999999998363,83
"vary_k",10000,82,11,"SVP Gaussian / right / c = 1.642",0.0179999999999723,4,0.071999999999889,83
"vary_k",10000,82,11,"SVP Gaussian / none / c = 0.968",0.359000000000151,1,0.359000000000151,83
"vary_k",10000,82,12,"SVP Gaussian / both / c = 1.987",0.01866666666668,3,0.05600000000004,83
"vary_k",10000,82,12,"SVP Gaussian / none / c = 0.968",0.361000000000104,1,0.361000000000104,83
"vary_k",10000,82,12,"SVP Gaussian / right / c = 1.642",0.0180000000000291,4,0.0720000000001164,83
"vary_k",10000,83,1,"SVP Gaussian / none / c = 0.968",0.360000000000127,1,0.360000000000127,84
"vary_k",10000,83,1,"SVP Gaussian / right / c = 1.642",0.0174999999999841,4,0.0699999999999363,84
"vary_k",10000,83,1,"SVP Gaussian / both / c = 1.987",0.0184999999999604,4,0.0739999999998417,84
"vary_k",10000,83,2,"SVP Gaussian / both / c = 1.987",0.0182499999999663,4,0.0729999999998654,84
"vary_k",10000,83,2,"SVP Gaussian / none / c = 0.968",0.3599999999999,1,0.3599999999999,84
"vary_k",10000,83,2,"SVP Gaussian / right / c = 1.642",0.0174999999999841,4,0.0699999999999363,84
"vary_k",10000,83,3,"SVP Gaussian / right / c = 1.642",0.0174999999999841,4,0.0699999999999363,84
"vary_k",10000,83,3,"SVP Gaussian / both / c = 1.987",0.0182500000000232,4,0.0730000000000928,84
"vary_k",10000,83,3,"SVP Gaussian / none / c = 0.968",0.3599999999999,1,0.3599999999999,84
"vary_k",10000,83,4,"SVP Gaussian / right / c = 1.642",0.0179999999999723,4,0.071999999999889,84
"vary_k",10000,83,4,"SVP Gaussian / none / c = 0.968",0.358999999999924,1,0.358999999999924,84
"vary_k",10000,83,4,"SVP Gaussian / both / c = 1.987",0.0180000000000291,3,0.0540000000000873,84
"vary_k",10000,83,5,"SVP Gaussian / none / c = 0.968",0.358999999999924,1,0.358999999999924,84
"vary_k",10000,83,5,"SVP Gaussian / both / c = 1.987",0.0179999999999533,3,0.0539999999998599,84
"vary_k",10000,83,5,"SVP Gaussian / right / c = 1.642",0.0177499999999782,4,0.0709999999999127,84
"vary_k",10000,83,6,"SVP Gaussian / right / c = 1.642",0.0174999999999841,4,0.0699999999999363,84
"vary_k",10000,83,6,"SVP Gaussian / both / c = 1.987",0.0183333333333546,3,0.0550000000000637,84
"vary_k",10000,83,6,"SVP Gaussian / none / c = 0.968",0.360000000000127,1,0.360000000000127,84
"vary_k",10000,83,7,"SVP Gaussian / both / c = 1.987",0.0183333333333546,3,0.0550000000000637,84
"vary_k",10000,83,7,"SVP Gaussian / none / c = 0.968",0.356999999999971,1,0.356999999999971,84
"vary_k",10000,83,7,"SVP Gaussian / right / c = 1.642",0.0174999999999841,4,0.0699999999999363,84
"vary_k",10000,83,8,"SVP Gaussian / both / c = 1.987",0.0183333333332788,3,0.0549999999998363,84
"vary_k",10000,83,8,"SVP Gaussian / none / c = 0.968",0.3599999999999,1,0.3599999999999,84
"vary_k",10000,83,8,"SVP Gaussian / right / c = 1.642",0.0177499999999782,4,0.0709999999999127,84
"vary_k",10000,83,9,"SVP Gaussian / both / c = 1.987",0.0199999999999818,3,0.0599999999999454,84
"vary_k",10000,83,9,"SVP Gaussian / none / c = 0.968",0.358999999999924,1,0.358999999999924,84
"vary_k",10000,83,9,"SVP Gaussian / right / c = 1.642",0.0179999999999533,3,0.0539999999998599,84
"vary_k",10000,83,10,"SVP Gaussian / none / c = 0.968",0.356999999999971,1,0.356999999999971,84
"vary_k",10000,83,10,"SVP Gaussian / both / c = 1.987",0.0193333333333309,3,0.0579999999999927,84
"vary_k",10000,83,10,"SVP Gaussian / right / c = 1.642",0.0179999999999723,4,0.071999999999889,84
"vary_k",10000,83,11,"SVP Gaussian / right / c = 1.642",0.0177499999999782,4,0.0709999999999127,84
"vary_k",10000,83,11,"SVP Gaussian / both / c = 1.987",0.0183333333333546,3,0.0550000000000637,84
"vary_k",10000,83,11,"SVP Gaussian / none / c = 0.968",0.356999999999971,1,0.356999999999971,84
"vary_k",10000,83,12,"SVP Gaussian / both / c = 1.987",0.0182500000000232,4,0.0730000000000928,84
"vary_k",10000,83,12,"SVP Gaussian / none / c = 0.968",0.361000000000104,1,0.361000000000104,84
"vary_k",10000,83,12,"SVP Gaussian / right / c = 1.642",0.0174999999999841,4,0.0699999999999363,84
"vary_k",10000,84,1,"SVP Gaussian / right / c = 1.642",0.01724999999999,4,0.06899999999996,85
"vary_k",10000,84,1,"SVP Gaussian / none / c = 0.968",0.364000000000033,1,0.364000000000033,86
"vary_k",10000,84,1,"SVP Gaussian / both / c = 1.987",0.0180000000000291,3,0.0540000000000873,85
"vary_k",10000,84,2,"SVP Gaussian / none / c = 0.968",0.357999999999947,1,0.357999999999947,85
"vary_k",10000,84,2,"SVP Gaussian / both / c = 1.987",0.0180000000000291,3,0.0540000000000873,85
"vary_k",10000,84,2,"SVP Gaussian / right / c = 1.642",0.01724999999999,4,0.06899999999996,85
"vary_k",10000,84,3,"SVP Gaussian / right / c = 1.642",0.01724999999999,4,0.06899999999996,85
"vary_k",10000,84,3,"SVP Gaussian / both / c = 1.987",0.0179999999999533,3,0.0539999999998599,85
"vary_k",10000,84,3,"SVP Gaussian / none / c = 0.968",0.358999999999924,1,0.358999999999924,85
"vary_k",10000,84,4,"SVP Gaussian / both / c = 1.987",0.0180000000000291,4,0.0720000000001164,85
"vary_k",10000,84,4,"SVP Gaussian / right / c = 1.642",0.01724999999999,4,0.06899999999996,85
"vary_k",10000,84,4,"SVP Gaussian / none / c = 0.968",0.358999999999924,1,0.358999999999924,86
"vary_k",10000,84,5,"SVP Gaussian / none / c = 0.968",0.360000000000127,1,0.360000000000127,85
"vary_k",10000,84,5,"SVP Gaussian / right / c = 1.642",0.0174999999999841,4,0.0699999999999363,85
"vary_k",10000,84,5,"SVP Gaussian / both / c = 1.987",0.0179999999999723,4,0.071999999999889,85
"vary_k",10000,84,6,"SVP Gaussian / none / c = 0.968",0.361000000000104,1,0.361000000000104,85
"vary_k",10000,84,6,"SVP Gaussian / right / c = 1.642",0.01724999999999,4,0.06899999999996,85
"vary_k",10000,84,6,"SVP Gaussian / both / c = 1.987",0.0177499999999782,4,0.0709999999999127,85
"vary_k",10000,84,7,"SVP Gaussian / none / c = 0.968",0.358999999999924,1,0.358999999999924,85
"vary_k",10000,84,7,"SVP Gaussian / right / c = 1.642",0.01724999999999,4,0.06899999999996,85
"vary_k",10000,84,7,"SVP Gaussian / both / c = 1.987",0.0177499999999782,4,0.0709999999999127,85
"vary_k",10000,84,8,"SVP Gaussian / none / c = 0.968",0.355000000000018,1,0.355000000000018,85
"vary_k",10000,84,8,"SVP Gaussian / right / c = 1.642",0.0172500000000468,4,0.0690000000001874,85
"vary_k",10000,84,8,"SVP Gaussian / both / c = 1.987",0.0180000000000291,3,0.0540000000000873,85
"vary_k",10000,84,9,"SVP Gaussian / both / c = 1.987",0.0176666666667037,3,0.053000000000111,85
"vary_k",10000,84,9,"SVP Gaussian / right / c = 1.642",0.0174999999999841,4,0.0699999999999363,85
"vary_k",10000,84,9,"SVP Gaussian / none / c = 0.968",0.3599999999999,1,0.3599999999999,85
"vary_k",10000,84,10,"SVP Gaussian / both / c = 1.987",0.0182500000000232,4,0.0730000000000928,85
"vary_k",10000,84,10,"SVP Gaussian / right / c = 1.642",0.0175000000000409,4,0.0700000000001637,85
"vary_k",10000,84,10,"SVP Gaussian / none / c = 0.968",0.357999999999947,1,0.357999999999947,86
"vary_k",10000,84,11,"SVP Gaussian / both / c = 1.987",0.0183333333333546,3,0.0550000000000637,85
"vary_k",10000,84,11,"SVP Gaussian / right / c = 1.642",0.01724999999999,4,0.06899999999996,85
"vary_k",10000,84,11,"SVP Gaussian / none / c = 0.968",0.356999999999971,1,0.356999999999971,85
"vary_k",10000,84,12,"SVP Gaussian / right / c = 1.642",0.0174999999999841,4,0.0699999999999363,85
"vary_k",10000,84,12,"SVP Gaussian / both / c = 1.987",0.0182499999999663,4,0.0729999999998654,85
"vary_k",10000,84,12,"SVP Gaussian / none / c = 0.968",0.357999999999947,1,0.357999999999947,85
"vary_k",10000,85,1,"SVP Gaussian / right / c = 1.642",0.0169999999999959,4,0.0679999999999836,86
"vary_k",10000,85,1,"SVP Gaussian / both / c = 1.987",0.0180000000000291,4,0.0720000000001164,86
"vary_k",10000,85,1,"SVP Gaussian / none / c = 0.968",0.40300000000002,1,0.40300000000002,86
"vary_k",10000,85,2,"SVP Gaussian / right / c = 1.642",0.0169999999999959,4,0.0679999999999836,86
"vary_k",10000,85,2,"SVP Gaussian / both / c = 1.987",0.0174999999999841,4,0.0699999999999363,86
"vary_k",10000,85,2,"SVP Gaussian / none / c = 0.968",0.360999999999876,1,0.360999999999876,87
"vary_k",10000,85,3,"SVP Gaussian / none / c = 0.968",0.361000000000104,1,0.361000000000104,86
"vary_k",10000,85,3,"SVP Gaussian / right / c = 1.642",0.0172500000000468,4,0.0690000000001874,86
"vary_k",10000,85,3,"SVP Gaussian / both / c = 1.987",0.0177499999999782,4,0.0709999999999127,86
"vary_k",10000,85,4,"SVP Gaussian / both / c = 1.987",0.0179999999999723,4,0.071999999999889,86
"vary_k",10000,85,4,"SVP Gaussian / right / c = 1.642",0.01724999999999,4,0.06899999999996,86
"vary_k",10000,85,4,"SVP Gaussian / none / c = 0.968",0.360000000000127,1,0.360000000000127,86
"vary_k",10000,85,5,"SVP Gaussian / right / c = 1.642",0.01724999999999,4,0.06899999999996,86
"vary_k",10000,85,5,"SVP Gaussian / both / c = 1.987",0.0180000000000291,3,0.0540000000000873,86
"vary_k",10000,85,5,"SVP Gaussian / none / c = 0.968",0.3599999999999,1,0.3599999999999,86
"vary_k",10000,85,6,"SVP Gaussian / none / c = 0.968",0.357999999999947,1,0.357999999999947,86
"vary_k",10000,85,6,"SVP Gaussian / right / c = 1.642",0.0170000000000528,4,0.068000000000211,86
"vary_k",10000,85,6,"SVP Gaussian / both / c = 1.987",0.0177499999999782,4,0.0709999999999127,86
"vary_k",10000,85,7,"SVP Gaussian / none / c = 0.968",0.357999999999947,1,0.357999999999947,86
"vary_k",10000,85,7,"SVP Gaussian / right / c = 1.642",0.0172500000000468,4,0.0690000000001874,86
"vary_k",10000,85,7,"SVP Gaussian / both / c = 1.987",0.0180000000000291,4,0.0720000000001164,86
"vary_k",10000,85,8,"SVP Gaussian / both / c = 1.987",0.0183333333333546,3,0.0550000000000637,86
"vary_k",10000,85,8,"SVP Gaussian / none / c = 0.968",0.359000000000151,1,0.359000000000151,86
"vary_k",10000,85,8,"SVP Gaussian / right / c = 1.642",0.01724999999999,4,0.06899999999996,86
"vary_k",10000,85,9,"SVP Gaussian / right / c = 1.642",0.0169999999999959,4,0.0679999999999836,86
"vary_k",10000,85,9,"SVP Gaussian / both / c = 1.987",0.0175000000000409,4,0.0700000000001637,86
"vary_k",10000,85,9,"SVP Gaussian / none / c = 0.968",0.359000000000151,1,0.359000000000151,86
"vary_k",10000,85,10,"SVP Gaussian / right / c = 1.642",0.0169999999999959,4,0.0679999999999836,86
"vary_k",10000,85,10,"SVP Gaussian / none / c = 0.968",0.360000000000127,1,0.360000000000127,86
"vary_k",10000,85,10,"SVP Gaussian / both / c = 1.987",0.0175000000000409,4,0.0700000000001637,86
"vary_k",10000,85,11,"SVP Gaussian / none / c = 0.968",0.360000000000127,1,0.360000000000127,86
"vary_k",10000,85,11,"SVP Gaussian / right / c = 1.642",0.01724999999999,4,0.06899999999996,86
"vary_k",10000,85,11,"SVP Gaussian / both / c = 1.987",0.0179999999999723,4,0.071999999999889,86
"vary_k",10000,85,12,"SVP Gaussian / none / c = 0.968",0.361000000000104,1,0.361000000000104,87
"vary_k",10000,85,12,"SVP Gaussian / right / c = 1.642",0.01724999999999,4,0.06899999999996,86
"vary_k",10000,85,12,"SVP Gaussian / both / c = 1.987",0.0190000000000055,4,0.0760000000000218,86
"vary_k",10000,86,1,"SVP Gaussian / none / c = 0.968",0.360999999999876,1,0.360999999999876,87
"vary_k",10000,86,1,"SVP Gaussian / right / c = 1.642",0.0169999999999959,4,0.0679999999999836,87
"vary_k",10000,86,1,"SVP Gaussian / both / c = 1.987",0.0177499999999782,4,0.0709999999999127,87
"vary_k",10000,86,2,"SVP Gaussian / right / c = 1.642",0.0167500000000018,4,0.0670000000000073,87
"vary_k",10000,86,2,"SVP Gaussian / both / c = 1.987",0.0174999999999841,4,0.0699999999999363,87
"vary_k",10000,86,2,"SVP Gaussian / none / c = 0.968",0.3599999999999,1,0.3599999999999,87
"vary_k",10000,86,3,"SVP Gaussian / none / c = 0.968",0.357999999999947,1,0.357999999999947,87
"vary_k",10000,86,3,"SVP Gaussian / both / c = 1.987",0.0175000000000409,4,0.0700000000001637,88
"vary_k",10000,86,3,"SVP Gaussian / right / c = 1.642",0.0169999999999959,4,0.0679999999999836,87
"vary_k",10000,86,4,"SVP Gaussian / none / c = 0.968",0.360999999999876,1,0.360999999999876,87
"vary_k",10000,86,4,"SVP Gaussian / both / c = 1.987",0.0174999999999841,4,0.0699999999999363,87
"vary_k",10000,86,4,"SVP Gaussian / right / c = 1.642",0.0167500000000018,4,0.0670000000000073,87
"vary_k",10000,86,5,"SVP Gaussian / right / c = 1.642",0.0165000000000077,4,0.0660000000000309,87
"vary_k",10000,86,5,"SVP Gaussian / both / c = 1.987",0.0177499999999782,4,0.0709999999999127,87
"vary_k",10000,86,5,"SVP Gaussian / none / c = 0.968",0.359000000000151,1,0.359000000000151,88
"vary_k",10000,86,6,"SVP Gaussian / none / c = 0.968",0.36200000000008,1,0.36200000000008,88
"vary_k",10000,86,6,"SVP Gaussian / both / c = 1.987",0.0174999999999841,4,0.0699999999999363,87
"vary_k",10000,86,6,"SVP Gaussian / right / c = 1.642",0.0167500000000018,4,0.0670000000000073,87
"vary_k",10000,86,7,"SVP Gaussian / both / c = 1.987",0.0176666666666279,3,0.0529999999998836,87
"vary_k",10000,86,7,"SVP Gaussian / right / c = 1.642",0.0167500000000018,4,0.0670000000000073,87
"vary_k",10000,86,7,"SVP Gaussian / none / c = 0.968",0.359000000000151,1,0.359000000000151,87
"vary_k",10000,86,8,"SVP Gaussian / both / c = 1.987",0.017750000000035,4,0.0710000000001401,87
"vary_k",10000,86,8,"SVP Gaussian / none / c = 0.968",0.363000000000056,1,0.363000000000056,87
"vary_k",10000,86,8,"SVP Gaussian / right / c = 1.642",0.0169999999999959,4,0.0679999999999836,87
"vary_k",10000,86,9,"SVP Gaussian / right / c = 1.642",0.0169999999999959,4,0.0679999999999836,87
"vary_k",10000,86,9,"SVP Gaussian / both / c = 1.987",0.017750000000035,4,0.0710000000001401,87
"vary_k",10000,86,9,"SVP Gaussian / none / c = 0.968",0.357999999999947,1,0.357999999999947,87
"vary_k",10000,86,10,"SVP Gaussian / none / c = 0.968",0.3599999999999,1,0.3599999999999,87
"vary_k",10000,86,10,"SVP Gaussian / both / c = 1.987",0.0177499999999782,4,0.0709999999999127,87
"vary_k",10000,86,10,"SVP Gaussian / right / c = 1.642",0.0169999999999959,4,0.0679999999999836,87
"vary_k",10000,86,11,"SVP Gaussian / none / c = 0.968",0.360000000000127,1,0.360000000000127,87
"vary_k",10000,86,11,"SVP Gaussian / right / c = 1.642",0.0169999999999959,4,0.0679999999999836,87
"vary_k",10000,86,11,"SVP Gaussian / both / c = 1.987",0.0180000000000291,4,0.0720000000001164,87
"vary_k",10000,86,12,"SVP Gaussian / right / c = 1.642",0.017750000000035,4,0.0710000000001401,87
"vary_k",10000,86,12,"SVP Gaussian / none / c = 0.968",0.36200000000008,1,0.36200000000008,87
"vary_k",10000,86,12,"SVP Gaussian / both / c = 1.987",0.0176666666666279,3,0.0529999999998836,87
"vary_k",10000,87,1,"SVP Gaussian / both / c = 1.987",0.0175000000000409,4,0.0700000000001637,88
"vary_k",10000,87,1,"SVP Gaussian / none / c = 0.968",0.360000000000127,1,0.360000000000127,88
"vary_k",10000,87,1,"SVP Gaussian / right / c = 1.642",0.0169999999999959,4,0.0679999999999836,88
"vary_k",10000,87,2,"SVP Gaussian / right / c = 1.642",0.0167500000000018,4,0.0670000000000073,88
"vary_k",10000,87,2,"SVP Gaussian / none / c = 0.968",0.36200000000008,1,0.36200000000008,88
"vary_k",10000,87,2,"SVP Gaussian / both / c = 1.987",0.0174999999999841,4,0.0699999999999363,88
"vary_k",10000,87,3,"SVP Gaussian / none / c = 0.968",0.360999999999876,1,0.360999999999876,88
"vary_k",10000,87,3,"SVP Gaussian / right / c = 1.642",0.0167500000000018,4,0.0670000000000073,88
"vary_k",10000,87,3,"SVP Gaussian / both / c = 1.987",0.0174999999999841,4,0.0699999999999363,88
"vary_k",10000,87,4,"SVP Gaussian / both / c = 1.987",0.0175000000000409,4,0.0700000000001637,88
"vary_k",10000,87,4,"SVP Gaussian / right / c = 1.642",0.0167500000000018,4,0.0670000000000073,88
"vary_k",10000,87,4,"SVP Gaussian / none / c = 0.968",0.359000000000151,1,0.359000000000151,88
"vary_k",10000,87,5,"SVP Gaussian / both / c = 1.987",0.0173333333333782,3,0.0520000000001346,88
"vary_k",10000,87,5,"SVP Gaussian / right / c = 1.642",0.0169999999999959,4,0.0679999999999836,88
"vary_k",10000,87,5,"SVP Gaussian / none / c = 0.968",0.36200000000008,1,0.36200000000008,88
"vary_k",10000,87,6,"SVP Gaussian / none / c = 0.968",0.36200000000008,1,0.36200000000008,88
"vary_k",10000,87,6,"SVP Gaussian / right / c = 1.642",0.0169999999999959,4,0.0679999999999836,88
"vary_k",10000,87,6,"SVP Gaussian / both / c = 1.987",0.01724999999999,4,0.06899999999996,88
"vary_k",10000,87,7,"SVP Gaussian / none / c = 0.968",0.359000000000151,1,0.359000000000151,88
"vary_k",10000,87,7,"SVP Gaussian / both / c = 1.987",0.0177499999999782,4,0.0709999999999127,88
"vary_k",10000,87,7,"SVP Gaussian / right / c = 1.642",0.0167500000000018,4,0.0670000000000073,88
"vary_k",10000,87,8,"SVP Gaussian / right / c = 1.642",0.0167500000000018,4,0.0670000000000073,88
"vary_k",10000,87,8,"SVP Gaussian / both / c = 1.987",0.0175000000000409,4,0.0700000000001637,88
"vary_k",10000,87,8,"SVP Gaussian / none / c = 0.968",0.358999999999924,1,0.358999999999924,88
"vary_k",10000,87,9,"SVP Gaussian / right / c = 1.642",0.0165000000000077,4,0.0660000000000309,88
"vary_k",10000,87,9,"SVP Gaussian / none / c = 0.968",0.360000000000127,1,0.360000000000127,88
"vary_k",10000,87,9,"SVP Gaussian / both / c = 1.987",0.0174999999999841,4,0.0699999999999363,88
"vary_k",10000,87,10,"SVP Gaussian / right / c = 1.642",0.016749999999945,4,0.0669999999997799,88
"vary_k",10000,87,10,"SVP Gaussian / both / c = 1.987",0.0173333333333024,3,0.0519999999999072,88
"vary_k",10000,87,10,"SVP Gaussian / none / c = 0.968",0.36200000000008,1,0.36200000000008,88
"vary_k",10000,87,11,"SVP Gaussian / right / c = 1.642",0.0167500000000018,4,0.0670000000000073,88
"vary_k",10000,87,11,"SVP Gaussian / none / c = 0.968",0.363000000000056,1,0.363000000000056,88
"vary_k",10000,87,11,"SVP Gaussian / both / c = 1.987",0.01724999999999,4,0.06899999999996,88
"vary_k",10000,87,12,"SVP Gaussian / right / c = 1.642",0.0169999999999959,4,0.0679999999999836,88
"vary_k",10000,87,12,"SVP Gaussian / none / c = 0.968",0.357999999999947,1,0.357999999999947,88
"vary_k",10000,87,12,"SVP Gaussian / both / c = 1.987",0.0175000000000409,4,0.0700000000001637,88
"vary_k",10000,88,1,"SVP Gaussian / none / c = 0.968",0.358999999999924,1,0.358999999999924,89
"vary_k",10000,88,1,"SVP Gaussian / right / c = 1.642",0.0165000000000077,4,0.0660000000000309,89
"vary_k",10000,88,1,"SVP Gaussian / both / c = 1.987",0.01724999999999,4,0.06899999999996,89
"vary_k",10000,88,2,"SVP Gaussian / right / c = 1.642",0.0162500000000136,4,0.0650000000000546,89
"vary_k",10000,88,2,"SVP Gaussian / none / c = 0.968",0.36200000000008,1,0.36200000000008,89
"vary_k",10000,88,2,"SVP Gaussian / both / c = 1.987",0.0169999999999959,4,0.0679999999999836,89
"vary_k",10000,88,3,"SVP Gaussian / both / c = 1.987",0.0174999999999841,4,0.0699999999999363,89
"vary_k",10000,88,3,"SVP Gaussian / right / c = 1.642",0.0165000000000077,4,0.0660000000000309,89
"vary_k",10000,88,3,"SVP Gaussian / none / c = 0.968",0.3599999999999,1,0.3599999999999,89
"vary_k",10000,88,4,"SVP Gaussian / right / c = 1.642",0.0167500000000018,4,0.0670000000000073,89
"vary_k",10000,88,4,"SVP Gaussian / none / c = 0.968",0.361999999999853,1,0.361999999999853,89
"vary_k",10000,88,4,"SVP Gaussian / both / c = 1.987",0.0174999999999841,4,0.0699999999999363,89
"vary_k",10000,88,5,"SVP Gaussian / right / c = 1.642",0.0167500000000018,4,0.0670000000000073,89
"vary_k",10000,88,5,"SVP Gaussian / both / c = 1.987",0.0175000000000409,4,0.0700000000001637,89
"vary_k",10000,88,5,"SVP Gaussian / none / c = 0.968",0.357999999999947,1,0.357999999999947,89
"vary_k",10000,88,6,"SVP Gaussian / both / c = 1.987",0.0169999999999959,4,0.0679999999999836,89
"vary_k",10000,88,6,"SVP Gaussian / none / c = 0.968",0.361999999999853,1,0.361999999999853,89
"vary_k",10000,88,6,"SVP Gaussian / right / c = 1.642",0.0165000000000077,4,0.0660000000000309,89
"vary_k",10000,88,7,"SVP Gaussian / right / c = 1.642",0.0164999999999509,4,0.0659999999998035,89
"vary_k",10000,88,7,"SVP Gaussian / none / c = 0.968",0.365000000000009,1,0.365000000000009,89
"vary_k",10000,88,7,"SVP Gaussian / both / c = 1.987",0.0172500000000468,4,0.0690000000001874,89
"vary_k",10000,88,8,"SVP Gaussian / both / c = 1.987",0.0174999999999841,4,0.0699999999999363,89
"vary_k",10000,88,8,"SVP Gaussian / right / c = 1.642",0.0165000000000077,4,0.0660000000000309,89
"vary_k",10000,88,8,"SVP Gaussian / none / c = 0.968",0.3599999999999,1,0.3599999999999,89
"vary_k",10000,88,9,"SVP Gaussian / both / c = 1.987",0.01724999999999,4,0.06899999999996,89
"vary_k",10000,88,9,"SVP Gaussian / right / c = 1.642",0.0169999999999959,4,0.0679999999999836,89
"vary_k",10000,88,9,"SVP Gaussian / none / c = 0.968",0.3599999999999,1,0.3599999999999,89
"vary_k",10000,88,10,"SVP Gaussian / none / c = 0.968",0.3599999999999,1,0.3599999999999,90
"vary_k",10000,88,10,"SVP Gaussian / right / c = 1.642",0.0165000000000077,4,0.0660000000000309,89
"vary_k",10000,88,10,"SVP Gaussian / both / c = 1.987",0.0169999999999959,4,0.0679999999999836,89
"vary_k",10000,88,11,"SVP Gaussian / right / c = 1.642",0.0165000000000077,4,0.0660000000000309,89
"vary_k",10000,88,11,"SVP Gaussian / both / c = 1.987",0.01724999999999,4,0.06899999999996,89
"vary_k",10000,88,11,"SVP Gaussian / none / c = 0.968",0.360000000000127,1,0.360000000000127,89
"vary_k",10000,88,12,"SVP Gaussian / both / c = 1.987",0.01724999999999,4,0.06899999999996,89
"vary_k",10000,88,12,"SVP Gaussian / right / c = 1.642",0.016749999999945,4,0.0669999999997799,89
"vary_k",10000,88,12,"SVP Gaussian / none / c = 0.968",0.358999999999924,1,0.358999999999924,89
"vary_k",10000,89,1,"SVP Gaussian / right / c = 1.642",0.0164999999999509,4,0.0659999999998035,90
"vary_k",10000,89,1,"SVP Gaussian / none / c = 0.968",0.358999999999924,1,0.358999999999924,90
"vary_k",10000,89,1,"SVP Gaussian / both / c = 1.987",0.0169999999999959,4,0.0679999999999836,90
"vary_k",10000,89,2,"SVP Gaussian / none / c = 0.968",0.358999999999924,1,0.358999999999924,91
"vary_k",10000,89,2,"SVP Gaussian / right / c = 1.642",0.0164999999999509,4,0.0659999999998035,90
"vary_k",10000,89,2,"SVP Gaussian / both / c = 1.987",0.0169999999999959,4,0.0679999999999836,90
"vary_k",10000,89,3,"SVP Gaussian / right / c = 1.642",0.0165000000000077,4,0.0660000000000309,90
"vary_k",10000,89,3,"SVP Gaussian / none / c = 0.968",0.360000000000127,1,0.360000000000127,91
"vary_k",10000,89,3,"SVP Gaussian / both / c = 1.987",0.0167500000000018,4,0.0670000000000073,90
"vary_k",10000,89,4,"SVP Gaussian / none / c = 0.968",0.3599999999999,1,0.3599999999999,90
"vary_k",10000,89,4,"SVP Gaussian / right / c = 1.642",0.0162500000000136,4,0.0650000000000546,90
"vary_k",10000,89,4,"SVP Gaussian / both / c = 1.987",0.01724999999999,4,0.06899999999996,90
"vary_k",10000,89,5,"SVP Gaussian / both / c = 1.987",0.0169999999999959,4,0.0679999999999836,90
"vary_k",10000,89,5,"SVP Gaussian / right / c = 1.642",0.0165000000000077,4,0.0660000000000309,90
"vary_k",10000,89,5,"SVP Gaussian / none / c = 0.968",0.360999999999876,1,0.360999999999876,91
"vary_k",10000,89,6,"SVP Gaussian / none / c = 0.968",0.358999999999924,1,0.358999999999924,90
"vary_k",10000,89,6,"SVP Gaussian / both / c = 1.987",0.01724999999999,4,0.06899999999996,90
"vary_k",10000,89,6,"SVP Gaussian / right / c = 1.642",0.0165000000000077,4,0.0660000000000309,90
"vary_k",10000,89,7,"SVP Gaussian / both / c = 1.987",0.0169999999999959,4,0.0679999999999836,90
"vary_k",10000,89,7,"SVP Gaussian / right / c = 1.642",0.0165000000000077,4,0.0660000000000309,90
"vary_k",10000,89,7,"SVP Gaussian / none / c = 0.968",0.358999999999924,1,0.358999999999924,90
"vary_k",10000,89,8,"SVP Gaussian / right / c = 1.642",0.0162500000000136,4,0.0650000000000546,90
"vary_k",10000,89,8,"SVP Gaussian / both / c = 1.987",0.0169999999999959,4,0.0679999999999836,90
"vary_k",10000,89,8,"SVP Gaussian / none / c = 0.968",0.358999999999924,1,0.358999999999924,90
"vary_k",10000,89,9,"SVP Gaussian / both / c = 1.987",0.0169999999999959,4,0.0679999999999836,90
"vary_k",10000,89,9,"SVP Gaussian / right / c = 1.642",0.0167500000000018,4,0.0670000000000073,90
"vary_k",10000,89,9,"SVP Gaussian / none / c = 0.968",0.3599999999999,1,0.3599999999999,90
"vary_k",10000,89,10,"SVP Gaussian / none / c = 0.968",0.361999999999853,1,0.361999999999853,90
"vary_k",10000,89,10,"SVP Gaussian / both / c = 1.987",0.0169999999999959,4,0.0679999999999836,90
"vary_k",10000,89,10,"SVP Gaussian / right / c = 1.642",0.0165000000000077,4,0.0660000000000309,90
"vary_k",10000,89,11,"SVP Gaussian / both / c = 1.987",0.017750000000035,4,0.0710000000001401,90
"vary_k",10000,89,11,"SVP Gaussian / none / c = 0.968",0.358999999999924,1,0.358999999999924,90
"vary_k",10000,89,11,"SVP Gaussian / right / c = 1.642",0.0162499999999568,4,0.0649999999998272,90
"vary_k",10000,89,12,"SVP Gaussian / right / c = 1.642",0.0164999999999509,4,0.0659999999998035,90
"vary_k",10000,89,12,"SVP Gaussian / both / c = 1.987",0.0169999999999959,4,0.0679999999999836,90
"vary_k",10000,89,12,"SVP Gaussian / none / c = 0.968",0.357999999999947,1,0.357999999999947,90
"vary_k",10000,90,1,"SVP Gaussian / right / c = 1.642",0.0162500000000136,4,0.0650000000000546,91
"vary_k",10000,90,1,"SVP Gaussian / none / c = 0.968",0.360000000000127,1,0.360000000000127,91
"vary_k",10000,90,1,"SVP Gaussian / both / c = 1.987",0.0169999999999959,4,0.0679999999999836,91
"vary_k",10000,90,2,"SVP Gaussian / none / c = 0.968",0.3599999999999,1,0.3599999999999,91
"vary_k",10000,90,2,"SVP Gaussian / both / c = 1.987",0.016749999999945,4,0.0669999999997799,91
"vary_k",10000,90,2,"SVP Gaussian / right / c = 1.642",0.0164999999999509,4,0.0659999999998035,91
"vary_k",10000,90,3,"SVP Gaussian / none / c = 0.968",0.356999999999971,1,0.356999999999971,91
"vary_k",10000,90,3,"SVP Gaussian / both / c = 1.987",0.0167500000000018,4,0.0670000000000073,91
"vary_k",10000,90,3,"SVP Gaussian / right / c = 1.642",0.0162500000000136,4,0.0650000000000546,91
"vary_k",10000,90,4,"SVP Gaussian / none / c = 0.968",0.358999999999924,1,0.358999999999924,91
"vary_k",10000,90,4,"SVP Gaussian / right / c = 1.642",0.0162500000000136,4,0.0650000000000546,91
"vary_k",10000,90,4,"SVP Gaussian / both / c = 1.987",0.0169999999999959,4,0.0679999999999836,91
"vary_k",10000,90,5,"SVP Gaussian / none / c = 0.968",0.359000000000151,1,0.359000000000151,92
"vary_k",10000,90,5,"SVP Gaussian / both / c = 1.987",0.0167500000000018,4,0.0670000000000073,91
"vary_k",10000,90,5,"SVP Gaussian / right / c = 1.642",0.0162500000000136,4,0.0650000000000546,91
"vary_k",10000,90,6,"SVP Gaussian / none / c = 0.968",0.356999999999971,1,0.356999999999971,91
"vary_k",10000,90,6,"SVP Gaussian / both / c = 1.987",0.0167500000000018,4,0.0670000000000073,91
"vary_k",10000,90,6,"SVP Gaussian / right / c = 1.642",0.0162500000000136,4,0.0650000000000546,91
"vary_k",10000,90,7,"SVP Gaussian / right / c = 1.642",0.0160000000000196,4,0.0640000000000782,91
"vary_k",10000,90,7,"SVP Gaussian / both / c = 1.987",0.0165000000000077,4,0.0660000000000309,91
"vary_k",10000,90,7,"SVP Gaussian / none / c = 0.968",0.355000000000018,1,0.355000000000018,91
"vary_k",10000,90,8,"SVP Gaussian / both / c = 1.987",0.0179999999999723,4,0.071999999999889,91
"vary_k",10000,90,8,"SVP Gaussian / none / c = 0.968",0.358999999999924,1,0.358999999999924,91
"vary_k",10000,90,8,"SVP Gaussian / right / c = 1.642",0.0162500000000136,4,0.0650000000000546,91
"vary_k",10000,90,9,"SVP Gaussian / none / c = 0.968",0.361999999999853,1,0.361999999999853,91
"vary_k",10000,90,9,"SVP Gaussian / both / c = 1.987",0.0167500000000018,4,0.0670000000000073,91
"vary_k",10000,90,9,"SVP Gaussian / right / c = 1.642",0.0159999999999627,4,0.0639999999998508,91
"vary_k",10000,90,10,"SVP Gaussian / right / c = 1.642",0.0159999999999627,4,0.0639999999998508,91
"vary_k",10000,90,10,"SVP Gaussian / none / c = 0.968",0.361999999999853,1,0.361999999999853,91
"vary_k",10000,90,10,"SVP Gaussian / both / c = 1.987",0.0167500000000018,4,0.0670000000000073,91
"vary_k",10000,90,11,"SVP Gaussian / both / c = 1.987",0.0169999999999959,4,0.0679999999999836,91
"vary_k",10000,90,11,"SVP Gaussian / right / c = 1.642",0.0159999999999627,4,0.0639999999998508,91
"vary_k",10000,90,11,"SVP Gaussian / none / c = 0.968",0.360000000000127,1,0.360000000000127,91
"vary_k",10000,90,12,"SVP Gaussian / right / c = 1.642",0.0160000000000196,4,0.0640000000000782,91
"vary_k",10000,90,12,"SVP Gaussian / both / c = 1.987",0.0167500000000018,4,0.0670000000000073,91
"vary_k",10000,90,12,"SVP Gaussian / none / c = 0.968",0.356999999999971,1,0.356999999999971,91
"vary_k",10000,91,1,"SVP Gaussian / none / c = 0.968",0.356999999999971,1,0.356999999999971,92
"vary_k",10000,91,1,"SVP Gaussian / both / c = 1.987",0.0169999999999959,4,0.0679999999999836,92
"vary_k",10000,91,1,"SVP Gaussian / right / c = 1.642",0.0162500000000136,4,0.0650000000000546,92
"vary_k",10000,91,2,"SVP Gaussian / none / c = 0.968",0.356999999999971,1,0.356999999999971,92
"vary_k",10000,91,2,"SVP Gaussian / both / c = 1.987",0.0167500000000018,4,0.0670000000000073,92
"vary_k",10000,91,2,"SVP Gaussian / right / c = 1.642",0.0162500000000136,4,0.0650000000000546,92
"vary_k",10000,91,3,"SVP Gaussian / none / c = 0.968",0.3599999999999,1,0.3599999999999,92
"vary_k",10000,91,3,"SVP Gaussian / both / c = 1.987",0.0165000000000077,4,0.0660000000000309,92
"vary_k",10000,91,3,"SVP Gaussian / right / c = 1.642",0.0160000000000196,4,0.0640000000000782,92
"vary_k",10000,91,4,"SVP Gaussian / right / c = 1.642",0.0160000000000196,4,0.0640000000000782,92
"vary_k",10000,91,4,"SVP Gaussian / both / c = 1.987",0.0165000000000077,4,0.0660000000000309,92
"vary_k",10000,91,4,"SVP Gaussian / none / c = 0.968",0.356999999999971,1,0.356999999999971,92
"vary_k",10000,91,5,"SVP Gaussian / right / c = 1.642",0.0162500000000136,4,0.0650000000000546,92
"vary_k",10000,91,5,"SVP Gaussian / both / c = 1.987",0.0167500000000018,4,0.0670000000000073,92
"vary_k",10000,91,5,"SVP Gaussian / none / c = 0.968",0.355999999999995,1,0.355999999999995,92
"vary_k",10000,91,6,"SVP Gaussian / right / c = 1.642",0.0162500000000136,4,0.0650000000000546,92
"vary_k",10000,91,6,"SVP Gaussian / none / c = 0.968",0.357999999999947,1,0.357999999999947,92
"vary_k",10000,91,6,"SVP Gaussian / both / c = 1.987",0.0167500000000018,4,0.0670000000000073,92
"vary_k",10000,91,7,"SVP Gaussian / both / c = 1.987",0.0162500000000136,4,0.0650000000000546,92
"vary_k",10000,91,7,"SVP Gaussian / none / c = 0.968",0.358999999999924,1,0.358999999999924,92
"vary_k",10000,91,7,"SVP Gaussian / right / c = 1.642",0.0159999999999627,4,0.0639999999998508,92
"vary_k",10000,91,8,"SVP Gaussian / both / c = 1.987",0.0167500000000018,4,0.0670000000000073,92
"vary_k",10000,91,8,"SVP Gaussian / right / c = 1.642",0.0160000000000196,4,0.0640000000000782,92
"vary_k",10000,91,8,"SVP Gaussian / none / c = 0.968",0.357999999999947,1,0.357999999999947,92
"vary_k",10000,91,9,"SVP Gaussian / both / c = 1.987",0.0167500000000018,4,0.0670000000000073,92
"vary_k",10000,91,9,"SVP Gaussian / right / c = 1.642",0.0160000000000196,4,0.0640000000000782,92
"vary_k",10000,91,9,"SVP Gaussian / none / c = 0.968",0.358999999999924,1,0.358999999999924,92
"vary_k",10000,91,10,"SVP Gaussian / right / c = 1.642",0.0157499999999686,4,0.0629999999998745,92
"vary_k",10000,91,10,"SVP Gaussian / both / c = 1.987",0.0167500000000018,4,0.0670000000000073,92
"vary_k",10000,91,10,"SVP Gaussian / none / c = 0.968",0.358999999999924,1,0.358999999999924,92
"vary_k",10000,91,11,"SVP Gaussian / both / c = 1.987",0.0165000000000077,4,0.0660000000000309,92
"vary_k",10000,91,11,"SVP Gaussian / right / c = 1.642",0.0160000000000196,4,0.0640000000000782,92
"vary_k",10000,91,11,"SVP Gaussian / none / c = 0.968",0.357999999999947,1,0.357999999999947,92
"vary_k",10000,91,12,"SVP Gaussian / both / c = 1.987",0.0167500000000018,4,0.0670000000000073,92
"vary_k",10000,91,12,"SVP Gaussian / none / c = 0.968",0.359000000000151,1,0.359000000000151,92
"vary_k",10000,91,12,"SVP Gaussian / right / c = 1.642",0.0159999999999627,4,0.0639999999998508,92
"vary_k",10000,92,1,"SVP Gaussian / right / c = 1.642",0.0157499999999686,4,0.0629999999998745,93
"vary_k",10000,92,1,"SVP Gaussian / both / c = 1.987",0.0165000000000077,4,0.0660000000000309,93
"vary_k",10000,92,1,"SVP Gaussian / none / c = 0.968",0.3599999999999,1,0.3599999999999,93
"vary_k",10000,92,2,"SVP Gaussian / right / c = 1.642",0.0157499999999686,4,0.0629999999998745,93
"vary_k",10000,92,2,"SVP Gaussian / both / c = 1.987",0.0162499999999568,4,0.0649999999998272,93
"vary_k",10000,92,2,"SVP Gaussian / none / c = 0.968",0.3599999999999,1,0.3599999999999,93
"vary_k",10000,92,3,"SVP Gaussian / right / c = 1.642",0.0160000000000196,4,0.0640000000000782,93
"vary_k",10000,92,3,"SVP Gaussian / none / c = 0.968",0.358999999999924,1,0.358999999999924,93
"vary_k",10000,92,3,"SVP Gaussian / both / c = 1.987",0.0162499999999568,4,0.0649999999998272,93
"vary_k",10000,92,4,"SVP Gaussian / both / c = 1.987",0.0162499999999568,4,0.0649999999998272,93
"vary_k",10000,92,4,"SVP Gaussian / right / c = 1.642",0.0160000000000196,4,0.0640000000000782,93
"vary_k",10000,92,4,"SVP Gaussian / none / c = 0.968",0.360000000000127,1,0.360000000000127,93
"vary_k",10000,92,5,"SVP Gaussian / right / c = 1.642",0.0157500000000255,4,0.0630000000001019,93
"vary_k",10000,92,5,"SVP Gaussian / both / c = 1.987",0.0165000000000077,4,0.0660000000000309,93
"vary_k",10000,92,5,"SVP Gaussian / none / c = 0.968",0.359000000000151,1,0.359000000000151,93
"vary_k",10000,92,6,"SVP Gaussian / right / c = 1.642",0.0157499999999686,4,0.0629999999998745,93
"vary_k",10000,92,6,"SVP Gaussian / both / c = 1.987",0.0162500000000136,4,0.0650000000000546,93
"vary_k",10000,92,6,"SVP Gaussian / none / c = 0.968",0.358999999999924,1,0.358999999999924,93
"vary_k",10000,92,7,"SVP Gaussian / none / c = 0.968",0.359000000000151,1,0.359000000000151,93
"vary_k",10000,92,7,"SVP Gaussian / right / c = 1.642",0.0154999999999745,4,0.0619999999998981,93
"vary_k",10000,92,7,"SVP Gaussian / both / c = 1.987",0.0162499999999568,4,0.0649999999998272,93
"vary_k",10000,92,8,"SVP Gaussian / both / c = 1.987",0.0165000000000077,4,0.0660000000000309,93
"vary_k",10000,92,8,"SVP Gaussian / none / c = 0.968",0.360000000000127,1,0.360000000000127,94
"vary_k",10000,92,8,"SVP Gaussian / right / c = 1.642",0.0157500000000255,4,0.0630000000001019,93
"vary_k",10000,92,9,"SVP Gaussian / right / c = 1.642",0.0160000000000196,4,0.0640000000000782,93
"vary_k",10000,92,9,"SVP Gaussian / none / c = 0.968",0.361000000000104,1,0.361000000000104,93
"vary_k",10000,92,9,"SVP Gaussian / both / c = 1.987",0.0169999999999959,4,0.0679999999999836,93
"vary_k",10000,92,10,"SVP Gaussian / right / c = 1.642",0.0155000000000314,4,0.0620000000001255,93
"vary_k",10000,92,10,"SVP Gaussian / both / c = 1.987",0.0162500000000136,4,0.0650000000000546,93
"vary_k",10000,92,10,"SVP Gaussian / none / c = 0.968",0.356999999999971,1,0.356999999999971,93
"vary_k",10000,92,11,"SVP Gaussian / none / c = 0.968",0.361000000000104,1,0.361000000000104,93
"vary_k",10000,92,11,"SVP Gaussian / right / c = 1.642",0.0157500000000255,4,0.0630000000001019,93
"vary_k",10000,92,11,"SVP Gaussian / both / c = 1.987",0.0162500000000136,4,0.0650000000000546,93
"vary_k",10000,92,12,"SVP Gaussian / right / c = 1.642",0.0157500000000255,4,0.0630000000001019,93
"vary_k",10000,92,12,"SVP Gaussian / none / c = 0.968",0.3599999999999,1,0.3599999999999,93
"vary_k",10000,92,12,"SVP Gaussian / both / c = 1.987",0.0162500000000136,4,0.0650000000000546,93
"vary_k",10000,93,1,"SVP Gaussian / right / c = 1.642",0.0157499999999686,4,0.0629999999998745,94
"vary_k",10000,93,1,"SVP Gaussian / both / c = 1.987",0.0165000000000077,4,0.0660000000000309,94
"vary_k",10000,93,1,"SVP Gaussian / none / c = 0.968",0.361999999999853,1,0.361999999999853,94
"vary_k",10000,93,2,"SVP Gaussian / right / c = 1.642",0.0157500000000255,4,0.0630000000001019,94
"vary_k",10000,93,2,"SVP Gaussian / none / c = 0.968",0.360999999999876,1,0.360999999999876,94
"vary_k",10000,93,2,"SVP Gaussian / both / c = 1.987",0.0162499999999568,4,0.0649999999998272,94
"vary_k",10000,93,3,"SVP Gaussian / both / c = 1.987",0.0164999999999509,4,0.0659999999998035,94
"vary_k",10000,93,3,"SVP Gaussian / right / c = 1.642",0.0157499999999686,4,0.0629999999998745,94
"vary_k",10000,93,3,"SVP Gaussian / none / c = 0.968",0.359000000000151,1,0.359000000000151,94
"vary_k",10000,93,4,"SVP Gaussian / none / c = 0.968",0.360000000000127,1,0.360000000000127,94
"vary_k",10000,93,4,"SVP Gaussian / both / c = 1.987",0.0165000000000077,4,0.0660000000000309,94
"vary_k",10000,93,4,"SVP Gaussian / right / c = 1.642",0.0154999999999745,4,0.0619999999998981,94
"vary_k",10000,93,5,"SVP Gaussian / right / c = 1.642",0.0155000000000314,4,0.0620000000001255,94
"vary_k",10000,93,5,"SVP Gaussian / none / c = 0.968",0.364000000000033,1,0.364000000000033,94
"vary_k",10000,93,5,"SVP Gaussian / both / c = 1.987",0.0162500000000136,4,0.0650000000000546,94
"vary_k",10000,93,6,"SVP Gaussian / right / c = 1.642",0.0157499999999686,4,0.0629999999998745,94
"vary_k",10000,93,6,"SVP Gaussian / both / c = 1.987",0.0162500000000136,4,0.0650000000000546,94
"vary_k",10000,93,6,"SVP Gaussian / none / c = 0.968",0.361000000000104,1,0.361000000000104,94
"vary_k",10000,93,7,"SVP Gaussian / none / c = 0.968",0.362999999999829,1,0.362999999999829,94
"vary_k",10000,93,7,"SVP Gaussian / both / c = 1.987",0.0165000000000077,4,0.0660000000000309,94
"vary_k",10000,93,7,"SVP Gaussian / right / c = 1.642",0.0160000000000196,4,0.0640000000000782,94
"vary_k",10000,93,8,"SVP Gaussian / right / c = 1.642",0.0157499999999686,4,0.0629999999998745,94
"vary_k",10000,93,8,"SVP Gaussian / none / c = 0.968",0.3599999999999,1,0.3599999999999,94
"vary_k",10000,93,8,"SVP Gaussian / both / c = 1.987",0.0162500000000136,4,0.0650000000000546,94
"vary_k",10000,93,9,"SVP Gaussian / both / c = 1.987",0.0162500000000136,4,0.0650000000000546,94
"vary_k",10000,93,9,"SVP Gaussian / none / c = 0.968",0.360000000000127,1,0.360000000000127,94
"vary_k",10000,93,9,"SVP Gaussian / right / c = 1.642",0.0157499999999686,4,0.0629999999998745,94
"vary_k",10000,93,10,"SVP Gaussian / both / c = 1.987",0.0162500000000136,4,0.0650000000000546,94
"vary_k",10000,93,10,"SVP Gaussian / none / c = 0.968",0.360999999999876,1,0.360999999999876,94
"vary_k",10000,93,10,"SVP Gaussian / right / c = 1.642",0.0155000000000314,4,0.0620000000001255,94
"vary_k",10000,93,11,"SVP Gaussian / none / c = 0.968",0.36200000000008,1,0.36200000000008,94
"vary_k",10000,93,11,"SVP Gaussian / both / c = 1.987",0.0162500000000136,4,0.0650000000000546,94
"vary_k",10000,93,11,"SVP Gaussian / right / c = 1.642",0.0155000000000314,4,0.0620000000001255,94
"vary_k",10000,93,12,"SVP Gaussian / none / c = 0.968",0.360000000000127,1,0.360000000000127,94
"vary_k",10000,93,12,"SVP Gaussian / both / c = 1.987",0.0160000000000196,4,0.0640000000000782,94
"vary_k",10000,93,12,"SVP Gaussian / right / c = 1.642",0.0154999999999745,4,0.0619999999998981,94
"vary_k",10000,94,1,"SVP Gaussian / both / c = 1.987",0.0162500000000136,4,0.0650000000000546,95
"vary_k",10000,94,1,"SVP Gaussian / right / c = 1.642",0.0157499999999686,4,0.0629999999998745,95
"vary_k",10000,94,1,"SVP Gaussian / none / c = 0.968",0.360999999999876,1,0.360999999999876,95
"vary_k",10000,94,2,"SVP Gaussian / both / c = 1.987",0.0159999999999627,4,0.0639999999998508,95
"vary_k",10000,94,2,"SVP Gaussian / right / c = 1.642",0.0155000000000314,4,0.0620000000001255,95
"vary_k",10000,94,2,"SVP Gaussian / none / c = 0.968",0.359000000000151,1,0.359000000000151,95
"vary_k",10000,94,3,"SVP Gaussian / right / c = 1.642",0.0154999999999745,4,0.0619999999998981,95
"vary_k",10000,94,3,"SVP Gaussian / none / c = 0.968",0.358000000000175,1,0.358000000000175,95
"vary_k",10000,94,3,"SVP Gaussian / both / c = 1.987",0.0160000000000196,4,0.0640000000000782,95
"vary_k",10000,94,4,"SVP Gaussian / both / c = 1.987",0.0160000000000196,4,0.0640000000000782,95
"vary_k",10000,94,4,"SVP Gaussian / right / c = 1.642",0.0152499999999804,4,0.0609999999999218,95
"vary_k",10000,94,4,"SVP Gaussian / none / c = 0.968",0.358999999999924,1,0.358999999999924,95
"vary_k",10000,94,5,"SVP Gaussian / none / c = 0.968",0.356999999999971,1,0.356999999999971,95
"vary_k",10000,94,5,"SVP Gaussian / right / c = 1.642",0.0157499999999686,4,0.0629999999998745,95
"vary_k",10000,94,5,"SVP Gaussian / both / c = 1.987",0.0162499999999568,4,0.0649999999998272,95
"vary_k",10000,94,6,"SVP Gaussian / both / c = 1.987",0.0160000000000196,4,0.0640000000000782,95
"vary_k",10000,94,6,"SVP Gaussian / none / c = 0.968",0.356999999999971,1,0.356999999999971,95
"vary_k",10000,94,6,"SVP Gaussian / right / c = 1.642",0.0154999999999745,4,0.0619999999998981,95
"vary_k",10000,94,7,"SVP Gaussian / both / c = 1.987",0.0162499999999568,4,0.0649999999998272,95
"vary_k",10000,94,7,"SVP Gaussian / none / c = 0.968",0.360999999999876,1,0.360999999999876,95
"vary_k",10000,94,7,"SVP Gaussian / right / c = 1.642",0.0154999999999745,4,0.0619999999998981,95
"vary_k",10000,94,8,"SVP Gaussian / both / c = 1.987",0.0160000000000196,4,0.0640000000000782,95
"vary_k",10000,94,8,"SVP Gaussian / right / c = 1.642",0.0154999999999745,4,0.0619999999998981,95
"vary_k",10000,94,8,"SVP Gaussian / none / c = 0.968",0.358999999999924,1,0.358999999999924,95
"vary_k",10000,94,9,"SVP Gaussian / right / c = 1.642",0.0152500000000373,4,0.0610000000001492,95
"vary_k",10000,94,9,"SVP Gaussian / none / c = 0.968",0.358999999999924,1,0.358999999999924,95
"vary_k",10000,94,9,"SVP Gaussian / both / c = 1.987",0.0159999999999627,4,0.0639999999998508,95
"vary_k",10000,94,10,"SVP Gaussian / both / c = 1.987",0.0162500000000136,4,0.0650000000000546,95
"vary_k",10000,94,10,"SVP Gaussian / right / c = 1.642",0.0157500000000255,4,0.0630000000001019,95
"vary_k",10000,94,10,"SVP Gaussian / none / c = 0.968",0.360999999999876,1,0.360999999999876,95
"vary_k",10000,94,11,"SVP Gaussian / right / c = 1.642",0.0154999999999745,4,0.0619999999998981,95
"vary_k",10000,94,11,"SVP Gaussian / both / c = 1.987",0.0160000000000196,4,0.0640000000000782,95
"vary_k",10000,94,11,"SVP Gaussian / none / c = 0.968",0.359000000000151,1,0.359000000000151,95
"vary_k",10000,94,12,"SVP Gaussian / right / c = 1.642",0.0155000000000314,4,0.0620000000001255,95
"vary_k",10000,94,12,"SVP Gaussian / both / c = 1.987",0.0165000000000077,4,0.0660000000000309,95
"vary_k",10000,94,12,"SVP Gaussian / none / c = 0.968",0.358000000000175,1,0.358000000000175,95
"vary_k",10000,95,1,"SVP Gaussian / none / c = 0.968",0.359000000000151,1,0.359000000000151,96
"vary_k",10000,95,1,"SVP Gaussian / both / c = 1.987",0.0162500000000136,4,0.0650000000000546,96
"vary_k",10000,95,1,"SVP Gaussian / right / c = 1.642",0.0154999999999745,4,0.0619999999998981,96
"vary_k",10000,95,2,"SVP Gaussian / right / c = 1.642",0.0155000000000314,4,0.0620000000001255,96
"vary_k",10000,95,2,"SVP Gaussian / both / c = 1.987",0.0157499999999686,4,0.0629999999998745,96
"vary_k",10000,95,2,"SVP Gaussian / none / c = 0.968",0.358999999999924,1,0.358999999999924,96
"vary_k",10000,95,3,"SVP Gaussian / none / c = 0.968",0.361999999999853,1,0.361999999999853,96
"vary_k",10000,95,3,"SVP Gaussian / both / c = 1.987",0.0157500000000255,4,0.0630000000001019,96
"vary_k",10000,95,3,"SVP Gaussian / right / c = 1.642",0.0152499999999804,4,0.0609999999999218,96
"vary_k",10000,95,4,"SVP Gaussian / both / c = 1.987",0.0157500000000255,4,0.0630000000001019,96
"vary_k",10000,95,4,"SVP Gaussian / right / c = 1.642",0.0152499999999804,4,0.0609999999999218,96
"vary_k",10000,95,4,"SVP Gaussian / none / c = 0.968",0.358999999999924,1,0.358999999999924,96
"vary_k",10000,95,5,"SVP Gaussian / none / c = 0.968",0.361000000000104,1,0.361000000000104,97
"vary_k",10000,95,5,"SVP Gaussian / both / c = 1.987",0.0157500000000255,4,0.0630000000001019,96
"vary_k",10000,95,5,"SVP Gaussian / right / c = 1.642",0.0152500000000373,4,0.0610000000001492,96
"vary_k",10000,95,6,"SVP Gaussian / both / c = 1.987",0.0159999999999627,4,0.0639999999998508,96
"vary_k",10000,95,6,"SVP Gaussian / right / c = 1.642",0.0152500000000373,4,0.0610000000001492,96
"vary_k",10000,95,6,"SVP Gaussian / none / c = 0.968",0.360000000000127,1,0.360000000000127,96
"vary_k",10000,95,7,"SVP Gaussian / right / c = 1.642",0.0152499999999804,4,0.0609999999999218,96
"vary_k",10000,95,7,"SVP Gaussian / none / c = 0.968",0.3599999999999,1,0.3599999999999,96
"vary_k",10000,95,7,"SVP Gaussian / both / c = 1.987",0.0157500000000255,4,0.0630000000001019,96
"vary_k",10000,95,8,"SVP Gaussian / right / c = 1.642",0.0152499999999804,4,0.0609999999999218,96
"vary_k",10000,95,8,"SVP Gaussian / none / c = 0.968",0.361000000000104,1,0.361000000000104,96
"vary_k",10000,95,8,"SVP Gaussian / both / c = 1.987",0.0157499999999686,4,0.0629999999998745,96
"vary_k",10000,95,9,"SVP Gaussian / right / c = 1.642",0.0154999999999745,4,0.0619999999998981,96
"vary_k",10000,95,9,"SVP Gaussian / both / c = 1.987",0.0157500000000255,4,0.0630000000001019,96
"vary_k",10000,95,9,"SVP Gaussian / none / c = 0.968",0.360000000000127,1,0.360000000000127,96
"vary_k",10000,95,10,"SVP Gaussian / right / c = 1.642",0.0152499999999804,4,0.0609999999999218,96
"vary_k",10000,95,10,"SVP Gaussian / both / c = 1.987",0.0160000000000196,4,0.0640000000000782,96
"vary_k",10000,95,10,"SVP Gaussian / none / c = 0.968",0.360000000000127,1,0.360000000000127,96
"vary_k",10000,95,11,"SVP Gaussian / right / c = 1.642",0.0154999999999745,4,0.0619999999998981,96
"vary_k",10000,95,11,"SVP Gaussian / both / c = 1.987",0.0157500000000255,4,0.0630000000001019,96
"vary_k",10000,95,11,"SVP Gaussian / none / c = 0.968",0.358999999999924,1,0.358999999999924,96
"vary_k",10000,95,12,"SVP Gaussian / right / c = 1.642",0.0152499999999804,4,0.0609999999999218,96
"vary_k",10000,95,12,"SVP Gaussian / both / c = 1.987",0.0157499999999686,4,0.0629999999998745,96
"vary_k",10000,95,12,"SVP Gaussian / none / c = 0.968",0.356999999999971,1,0.356999999999971,96
"vary_k",10000,96,1,"SVP Gaussian / none / c = 0.968",0.361000000000104,1,0.361000000000104,97
"vary_k",10000,96,1,"SVP Gaussian / right / c = 1.642",0.0152499999999804,4,0.0609999999999218,97
"vary_k",10000,96,1,"SVP Gaussian / both / c = 1.987",0.0167500000000018,4,0.0670000000000073,97
"vary_k",10000,96,2,"SVP Gaussian / both / c = 1.987",0.0165000000000077,4,0.0660000000000309,97
"vary_k",10000,96,2,"SVP Gaussian / none / c = 0.968",0.357999999999947,1,0.357999999999947,97
"vary_k",10000,96,2,"SVP Gaussian / right / c = 1.642",0.0152500000000373,4,0.0610000000001492,97
"vary_k",10000,96,3,"SVP Gaussian / none / c = 0.968",0.363000000000056,1,0.363000000000056,97
"vary_k",10000,96,3,"SVP Gaussian / both / c = 1.987",0.0154999999999745,4,0.0619999999998981,97
"vary_k",10000,96,3,"SVP Gaussian / right / c = 1.642",0.0152500000000373,4,0.0610000000001492,97
"vary_k",10000,96,4,"SVP Gaussian / right / c = 1.642",0.0149999999999864,4,0.0599999999999454,97
"vary_k",10000,96,4,"SVP Gaussian / both / c = 1.987",0.0154999999999745,4,0.0619999999998981,97
"vary_k",10000,96,4,"SVP Gaussian / none / c = 0.968",0.363000000000056,1,0.363000000000056,97
"vary_k",10000,96,5,"SVP Gaussian / right / c = 1.642",0.0149999999999864,4,0.0599999999999454,97
"vary_k",10000,96,5,"SVP Gaussian / both / c = 1.987",0.0160000000000196,4,0.0640000000000782,97
"vary_k",10000,96,5,"SVP Gaussian / none / c = 0.968",0.360999999999876,1,0.360999999999876,97
"vary_k",10000,96,6,"SVP Gaussian / none / c = 0.968",0.361999999999853,1,0.361999999999853,97
"vary_k",10000,96,6,"SVP Gaussian / right / c = 1.642",0.0152499999999804,4,0.0609999999999218,97
"vary_k",10000,96,6,"SVP Gaussian / both / c = 1.987",0.0157499999999686,4,0.0629999999998745,97
"vary_k",10000,96,7,"SVP Gaussian / right / c = 1.642",0.0149999999999864,4,0.0599999999999454,97
"vary_k",10000,96,7,"SVP Gaussian / none / c = 0.968",0.361000000000104,1,0.361000000000104,97
"vary_k",10000,96,7,"SVP Gaussian / both / c = 1.987",0.0160000000000196,4,0.0640000000000782,97
"vary_k",10000,96,8,"SVP Gaussian / none / c = 0.968",0.36200000000008,1,0.36200000000008,97
"vary_k",10000,96,8,"SVP Gaussian / both / c = 1.987",0.0160000000000196,4,0.0640000000000782,97
"vary_k",10000,96,8,"SVP Gaussian / right / c = 1.642",0.0152499999999804,4,0.0609999999999218,97
"vary_k",10000,96,9,"SVP Gaussian / right / c = 1.642",0.0152499999999804,4,0.0609999999999218,97
"vary_k",10000,96,9,"SVP Gaussian / both / c = 1.987",0.0157499999999686,4,0.0629999999998745,97
"vary_k",10000,96,9,"SVP Gaussian / none / c = 0.968",0.361999999999853,1,0.361999999999853,97
"vary_k",10000,96,10,"SVP Gaussian / both / c = 1.987",0.0157499999999686,4,0.0629999999998745,97
"vary_k",10000,96,10,"SVP Gaussian / none / c = 0.968",0.358999999999924,1,0.358999999999924,97
"vary_k",10000,96,10,"SVP Gaussian / right / c = 1.642",0.0152500000000373,4,0.0610000000001492,97
"vary_k",10000,96,11,"SVP Gaussian / none / c = 0.968",0.359000000000151,1,0.359000000000151,97
"vary_k",10000,96,11,"SVP Gaussian / both / c = 1.987",0.0157499999999686,4,0.0629999999998745,97
"vary_k",10000,96,11,"SVP Gaussian / right / c = 1.642",0.0152500000000373,4,0.0610000000001492,97
"vary_k",10000,96,12,"SVP Gaussian / none / c = 0.968",0.364000000000033,1,0.364000000000033,97
"vary_k",10000,96,12,"SVP Gaussian / both / c = 1.987",0.0157500000000255,4,0.0630000000001019,97
"vary_k",10000,96,12,"SVP Gaussian / right / c = 1.642",0.0149999999999864,4,0.0599999999999454,97
"vary_k",10000,97,1,"SVP Gaussian / both / c = 1.987",0.0154999999999745,4,0.0619999999998981,98
"vary_k",10000,97,1,"SVP Gaussian / none / c = 0.968",0.3599999999999,1,0.3599999999999,98
"vary_k",10000,97,1,"SVP Gaussian / right / c = 1.642",0.0147499999999923,4,0.0589999999999691,98
"vary_k",10000,97,2,"SVP Gaussian / none / c = 0.968",0.360000000000127,1,0.360000000000127,98
"vary_k",10000,97,2,"SVP Gaussian / both / c = 1.987",0.0154999999999745,4,0.0619999999998981,98
"vary_k",10000,97,2,"SVP Gaussian / right / c = 1.642",0.0150000000000432,4,0.0600000000001728,98
"vary_k",10000,97,3,"SVP Gaussian / none / c = 0.968",0.361999999999853,1,0.361999999999853,98
"vary_k",10000,97,3,"SVP Gaussian / right / c = 1.642",0.0149999999999864,4,0.0599999999999454,98
"vary_k",10000,97,3,"SVP Gaussian / both / c = 1.987",0.0154999999999745,4,0.0619999999998981,98
"vary_k",10000,97,4,"SVP Gaussian / right / c = 1.642",0.0152499999999804,4,0.0609999999999218,98
"vary_k",10000,97,4,"SVP Gaussian / none / c = 0.968",0.360999999999876,1,0.360999999999876,98
"vary_k",10000,97,4,"SVP Gaussian / both / c = 1.987",0.0157499999999686,4,0.0629999999998745,98
"vary_k",10000,97,5,"SVP Gaussian / none / c = 0.968",0.3599999999999,1,0.3599999999999,98
"vary_k",10000,97,5,"SVP Gaussian / right / c = 1.642",0.0149999999999864,4,0.0599999999999454,98
"vary_k",10000,97,5,"SVP Gaussian / both / c = 1.987",0.0169999999999959,4,0.0679999999999836,98
"vary_k",10000,97,6,"SVP Gaussian / none / c = 0.968",0.360000000000127,1,0.360000000000127,98
"vary_k",10000,97,6,"SVP Gaussian / right / c = 1.642",0.0149999999999864,4,0.0599999999999454,98
"vary_k",10000,97,6,"SVP Gaussian / both / c = 1.987",0.0155000000000314,4,0.0620000000001255,98
"vary_k",10000,97,7,"SVP Gaussian / none / c = 0.968",0.360000000000127,1,0.360000000000127,98
"vary_k",10000,97,7,"SVP Gaussian / right / c = 1.642",0.0147499999999923,4,0.0589999999999691,98
"vary_k",10000,97,7,"SVP Gaussian / both / c = 1.987",0.0155000000000314,4,0.0620000000001255,98
"vary_k",10000,97,8,"SVP Gaussian / both / c = 1.987",0.0154999999999745,4,0.0619999999998981,98
"vary_k",10000,97,8,"SVP Gaussian / right / c = 1.642",0.0149999999999864,4,0.0599999999999454,98
"vary_k",10000,97,8,"SVP Gaussian / none / c = 0.968",0.358999999999924,1,0.358999999999924,98
"vary_k",10000,97,9,"SVP Gaussian / right / c = 1.642",0.0150000000000432,4,0.0600000000001728,98
"vary_k",10000,97,9,"SVP Gaussian / both / c = 1.987",0.0159999999999627,4,0.0639999999998508,98
"vary_k",10000,97,9,"SVP Gaussian / none / c = 0.968",0.361999999999853,1,0.361999999999853,98
"vary_k",10000,97,10,"SVP Gaussian / right / c = 1.642",0.0152499999999804,4,0.0609999999999218,98
"vary_k",10000,97,10,"SVP Gaussian / none / c = 0.968",0.360000000000127,1,0.360000000000127,98
"vary_k",10000,97,10,"SVP Gaussian / both / c = 1.987",0.0155000000000314,4,0.0620000000001255,98
"vary_k",10000,97,11,"SVP Gaussian / both / c = 1.987",0.0154999999999745,4,0.0619999999998981,98
"vary_k",10000,97,11,"SVP Gaussian / right / c = 1.642",0.0150000000000432,4,0.0600000000001728,98
"vary_k",10000,97,11,"SVP Gaussian / none / c = 0.968",0.358999999999924,1,0.358999999999924,98
"vary_k",10000,97,12,"SVP Gaussian / both / c = 1.987",0.0157500000000255,4,0.0630000000001019,98
"vary_k",10000,97,12,"SVP Gaussian / none / c = 0.968",0.360999999999876,1,0.360999999999876,98
"vary_k",10000,97,12,"SVP Gaussian / right / c = 1.642",0.0152499999999804,4,0.0609999999999218,98
"vary_k",10000,98,1,"SVP Gaussian / both / c = 1.987",0.0154999999999745,4,0.0619999999998981,99
"vary_k",10000,98,1,"SVP Gaussian / right / c = 1.642",0.0147499999999923,4,0.0589999999999691,99
"vary_k",10000,98,1,"SVP Gaussian / none / c = 0.968",0.360000000000127,1,0.360000000000127,99
"vary_k",10000,98,2,"SVP Gaussian / right / c = 1.642",0.0149999999999864,4,0.0599999999999454,99
"vary_k",10000,98,2,"SVP Gaussian / both / c = 1.987",0.0157499999999686,4,0.0629999999998745,99
"vary_k",10000,98,2,"SVP Gaussian / none / c = 0.968",0.3599999999999,1,0.3599999999999,99
"vary_k",10000,98,3,"SVP Gaussian / none / c = 0.968",0.360999999999876,1,0.360999999999876,99
"vary_k",10000,98,3,"SVP Gaussian / both / c = 1.987",0.0155000000000314,4,0.0620000000001255,99
"vary_k",10000,98,3,"SVP Gaussian / right / c = 1.642",0.0149999999999864,4,0.0599999999999454,99
"vary_k",10000,98,4,"SVP Gaussian / both / c = 1.987",0.0149999999999864,4,0.0599999999999454,99
"vary_k",10000,98,4,"SVP Gaussian / none / c = 0.968",0.3599999999999,1,0.3599999999999,99
"vary_k",10000,98,4,"SVP Gaussian / right / c = 1.642",0.0147499999999923,4,0.0589999999999691,99
"vary_k",10000,98,5,"SVP Gaussian / both / c = 1.987",0.0155000000000314,4,0.0620000000001255,99
"vary_k",10000,98,5,"SVP Gaussian / none / c = 0.968",0.3599999999999,1,0.3599999999999,99
"vary_k",10000,98,5,"SVP Gaussian / right / c = 1.642",0.0152500000000373,4,0.0610000000001492,99
"vary_k",10000,98,6,"SVP Gaussian / both / c = 1.987",0.0154999999999745,4,0.0619999999998981,99
"vary_k",10000,98,6,"SVP Gaussian / none / c = 0.968",0.361999999999853,1,0.361999999999853,99
"vary_k",10000,98,6,"SVP Gaussian / right / c = 1.642",0.0150000000000432,4,0.0600000000001728,99
"vary_k",10000,98,7,"SVP Gaussian / none / c = 0.968",0.360000000000127,1,0.360000000000127,99
"vary_k",10000,98,7,"SVP Gaussian / right / c = 1.642",0.0149999999999864,4,0.0599999999999454,99
"vary_k",10000,98,7,"SVP Gaussian / both / c = 1.987",0.0152500000000373,4,0.0610000000001492,99
"vary_k",10000,98,8,"SVP Gaussian / right / c = 1.642",0.0147499999999923,4,0.0589999999999691,99
"vary_k",10000,98,8,"SVP Gaussian / none / c = 0.968",0.361000000000104,1,0.361000000000104,99
"vary_k",10000,98,8,"SVP Gaussian / both / c = 1.987",0.0152499999999804,4,0.0609999999999218,99
"vary_k",10000,98,9,"SVP Gaussian / right / c = 1.642",0.0147499999999923,4,0.0589999999999691,99
"vary_k",10000,98,9,"SVP Gaussian / both / c = 1.987",0.0152500000000373,4,0.0610000000001492,99
"vary_k",10000,98,9,"SVP Gaussian / none / c = 0.968",0.359000000000151,1,0.359000000000151,99
"vary_k",10000,98,10,"SVP Gaussian / none / c = 0.968",0.361000000000104,1,0.361000000000104,99
"vary_k",10000,98,10,"SVP Gaussian / right / c = 1.642",0.0147499999999923,4,0.0589999999999691,99
"vary_k",10000,98,10,"SVP Gaussian / both / c = 1.987",0.0152500000000373,4,0.0610000000001492,99
"vary_k",10000,98,11,"SVP Gaussian / right / c = 1.642",0.0147499999999923,4,0.0589999999999691,99
"vary_k",10000,98,11,"SVP Gaussian / both / c = 1.987",0.0152499999999804,4,0.0609999999999218,99
"vary_k",10000,98,11,"SVP Gaussian / none / c = 0.968",0.360999999999876,1,0.360999999999876,99
"vary_k",10000,98,12,"SVP Gaussian / both / c = 1.987",0.0157499999999686,4,0.0629999999998745,99
"vary_k",10000,98,12,"SVP Gaussian / none / c = 0.968",0.358999999999924,1,0.358999999999924,99
"vary_k",10000,98,12,"SVP Gaussian / right / c = 1.642",0.0149999999999864,4,0.0599999999999454,99
"vary_k",10000,99,1,"SVP Gaussian / none / c = 0.968",0.360999999999876,1,0.360999999999876,100
"vary_k",10000,99,1,"SVP Gaussian / both / c = 1.987",0.0152499999999804,4,0.0609999999999218,100
"vary_k",10000,99,1,"SVP Gaussian / right / c = 1.642",0.0149999999999864,4,0.0599999999999454,100
"vary_k",10000,99,2,"SVP Gaussian / right / c = 1.642",0.0147499999999923,4,0.0589999999999691,100
"vary_k",10000,99,2,"SVP Gaussian / both / c = 1.987",0.0152499999999804,4,0.0609999999999218,100
"vary_k",10000,99,2,"SVP Gaussian / none / c = 0.968",0.361000000000104,1,0.361000000000104,100
"vary_k",10000,99,3,"SVP Gaussian / both / c = 1.987",0.0149999999999864,4,0.0599999999999454,100
"vary_k",10000,99,3,"SVP Gaussian / none / c = 0.968",0.358999999999924,1,0.358999999999924,100
"vary_k",10000,99,3,"SVP Gaussian / right / c = 1.642",0.0147499999999923,4,0.0589999999999691,100
"vary_k",10000,99,4,"SVP Gaussian / right / c = 1.642",0.0147499999999923,4,0.0589999999999691,100
"vary_k",10000,99,4,"SVP Gaussian / none / c = 0.968",0.360999999999876,1,0.360999999999876,100
"vary_k",10000,99,4,"SVP Gaussian / both / c = 1.987",0.0152499999999804,4,0.0609999999999218,100
"vary_k",10000,99,5,"SVP Gaussian / both / c = 1.987",0.0152499999999804,4,0.0609999999999218,100
"vary_k",10000,99,5,"SVP Gaussian / none / c = 0.968",0.36200000000008,1,0.36200000000008,101
"vary_k",10000,99,5,"SVP Gaussian / right / c = 1.642",0.0147499999999923,4,0.0589999999999691,100
"vary_k",10000,99,6,"SVP Gaussian / right / c = 1.642",0.0147500000000491,4,0.0590000000001965,100
"vary_k",10000,99,6,"SVP Gaussian / both / c = 1.987",0.0152499999999804,4,0.0609999999999218,100
"vary_k",10000,99,6,"SVP Gaussian / none / c = 0.968",0.361000000000104,1,0.361000000000104,101
"vary_k",10000,99,7,"SVP Gaussian / none / c = 0.968",0.3599999999999,1,0.3599999999999,100
"vary_k",10000,99,7,"SVP Gaussian / right / c = 1.642",0.0144999999999982,4,0.0579999999999927,100
"vary_k",10000,99,7,"SVP Gaussian / both / c = 1.987",0.0149999999999864,4,0.0599999999999454,100
"vary_k",10000,99,8,"SVP Gaussian / both / c = 1.987",0.0152500000000373,4,0.0610000000001492,100
"vary_k",10000,99,8,"SVP Gaussian / none / c = 0.968",0.359000000000151,1,0.359000000000151,100
"vary_k",10000,99,8,"SVP Gaussian / right / c = 1.642",0.0147499999999923,4,0.0589999999999691,100
"vary_k",10000,99,9,"SVP Gaussian / right / c = 1.642",0.0147499999999923,4,0.0589999999999691,100
"vary_k",10000,99,9,"SVP Gaussian / both / c = 1.987",0.0155000000000314,4,0.0620000000001255,100
"vary_k",10000,99,9,"SVP Gaussian / none / c = 0.968",0.358999999999924,1,0.358999999999924,100
"vary_k",10000,99,10,"SVP Gaussian / none / c = 0.968",0.356999999999971,1,0.356999999999971,100
"vary_k",10000,99,10,"SVP Gaussian / right / c = 1.642",0.0144999999999982,4,0.0579999999999927,100
"vary_k",10000,99,10,"SVP Gaussian / both / c = 1.987",0.0154999999999745,4,0.0619999999998981,100
"vary_k",10000,99,11,"SVP Gaussian / none / c = 0.968",0.358999999999924,1,0.358999999999924,100
"vary_k",10000,99,11,"SVP Gaussian / right / c = 1.642",0.0147499999999923,4,0.0589999999999691,100
"vary_k",10000,99,11,"SVP Gaussian / both / c = 1.987",0.0152499999999804,4,0.0609999999999218,100
"vary_k",10000,99,12,"SVP Gaussian / none / c = 0.968",0.358999999999924,1,0.358999999999924,100
"vary_k",10000,99,12,"SVP Gaussian / right / c = 1.642",0.0147499999999923,4,0.0589999999999691,100
"vary_k",10000,99,12,"SVP Gaussian / both / c = 1.987",0.0152499999999804,4,0.0609999999999218,100
"vary_k",10000,100,1,"SVP Gaussian / none / c = 0.968",0.361999999999853,1,0.361999999999853,101
"vary_k",10000,100,1,"SVP Gaussian / both / c = 1.987",0.0154999999999745,4,0.0619999999998981,101
"vary_k",10000,100,1,"SVP Gaussian / right / c = 1.642",0.0144999999999982,4,0.0579999999999927,101
"vary_k",10000,100,2,"SVP Gaussian / both / c = 1.987",0.0150000000000432,4,0.0600000000001728,101
"vary_k",10000,100,2,"SVP Gaussian / right / c = 1.642",0.0147499999999923,4,0.0589999999999691,101
"vary_k",10000,100,2,"SVP Gaussian / none / c = 0.968",0.361999999999853,1,0.361999999999853,101
"vary_k",10000,100,3,"SVP Gaussian / both / c = 1.987",0.0152500000000373,4,0.0610000000001492,101
"vary_k",10000,100,3,"SVP Gaussian / right / c = 1.642",0.0144999999999982,4,0.0579999999999927,101
"vary_k",10000,100,3,"SVP Gaussian / none / c = 0.968",0.361000000000104,1,0.361000000000104,101
"vary_k",10000,100,4,"SVP Gaussian / right / c = 1.642",0.0144999999999982,4,0.0579999999999927,101
"vary_k",10000,100,4,"SVP Gaussian / none / c = 0.968",0.359000000000151,1,0.359000000000151,101
"vary_k",10000,100,4,"SVP Gaussian / both / c = 1.987",0.0149999999999864,4,0.0599999999999454,101
"vary_k",10000,100,5,"SVP Gaussian / both / c = 1.987",0.0150000000000432,4,0.0600000000001728,101
"vary_k",10000,100,5,"SVP Gaussian / right / c = 1.642",0.0144999999999982,4,0.0579999999999927,101
"vary_k",10000,100,5,"SVP Gaussian / none / c = 0.968",0.360000000000127,1,0.360000000000127,101
"vary_k",10000,100,6,"SVP Gaussian / both / c = 1.987",0.0152499999999804,4,0.0609999999999218,101
"vary_k",10000,100,6,"SVP Gaussian / right / c = 1.642",0.0147500000000491,4,0.0590000000001965,101
"vary_k",10000,100,6,"SVP Gaussian / none / c = 0.968",0.36200000000008,1,0.36200000000008,101
"vary_k",10000,100,7,"SVP Gaussian / both / c = 1.987",0.0150000000000432,4,0.0600000000001728,101
"vary_k",10000,100,7,"SVP Gaussian / right / c = 1.642",0.0144999999999982,4,0.0579999999999927,101
"vary_k",10000,100,7,"SVP Gaussian / none / c = 0.968",0.36200000000008,1,0.36200000000008,101
"vary_k",10000,100,8,"SVP Gaussian / none / c = 0.968",0.357000000000198,1,0.357000000000198,101
"vary_k",10000,100,8,"SVP Gaussian / right / c = 1.642",0.0144999999999982,4,0.0579999999999927,101
"vary_k",10000,100,8,"SVP Gaussian / both / c = 1.987",0.0152499999999804,4,0.0609999999999218,101
"vary_k",10000,100,9,"SVP Gaussian / none / c = 0.968",0.360999999999876,1,0.360999999999876,101
"vary_k",10000,100,9,"SVP Gaussian / both / c = 1.987",0.0150000000000432,4,0.0600000000001728,101
"vary_k",10000,100,9,"SVP Gaussian / right / c = 1.642",0.0144999999999982,4,0.0579999999999927,101
"vary_k",10000,100,10,"SVP Gaussian / right / c = 1.642",0.0142500000000041,4,0.0570000000000164,101
"vary_k",10000,100,10,"SVP Gaussian / both / c = 1.987",0.0149999999999864,4,0.0599999999999454,101
"vary_k",10000,100,10,"SVP Gaussian / none / c = 0.968",0.36200000000008,1,0.36200000000008,101
"vary_k",10000,100,11,"SVP Gaussian / none / c = 0.968",0.361999999999853,1,0.361999999999853,101
"vary_k",10000,100,11,"SVP Gaussian / both / c = 1.987",0.0152500000000373,4,0.0610000000001492,101
"vary_k",10000,100,11,"SVP Gaussian / right / c = 1.642",0.0144999999999982,4,0.0579999999999927,101
"vary_k",10000,100,12,"SVP Gaussian / both / c = 1.987",0.0152499999999804,4,0.0609999999999218,101
"vary_k",10000,100,12,"SVP Gaussian / none / c = 0.968",0.362999999999829,1,0.362999999999829,101
"vary_k",10000,100,12,"SVP Gaussian / right / c = 1.642",0.0147499999999923,4,0.0589999999999691,101
"vary_n",256,0,13,"SVP Gaussian / none / c = 0.968",8.03571428572728e-05,1120,0.0900000000001455,1
"vary_n",256,0,14,"SVP Gaussian / none / c = 0.968",0.000339285714285812,168,0.0570000000000164,1
"vary_n",256,0,15,"SVP Gaussian / none / c = 0.968",0.000181818181818016,330,0.0599999999999454,1
"vary_n",256,0,16,"SVP Gaussian / none / c = 0.968",6.67293233081886e-05,1064,0.0709999999999127,1
"vary_n",256,0,17,"SVP Gaussian / none / c = 0.968",6.39097744360748e-05,1064,0.0679999999999836,1
"vary_n",256,0,18,"SVP Gaussian / none / c = 0.968",0.000250000000000179,224,0.05600000000004,2
"vary_n",256,0,19,"SVP Gaussian / none / c = 0.968",0.000135714285714325,560,0.0760000000000218,1
"vary_n",256,0,20,"SVP Gaussian / none / c = 0.968",6.57894736841507e-05,1064,0.0699999999999363,1
"vary_n",256,0,21,"SVP Gaussian / none / c = 0.968",0.000133928571428247,560,0.0749999999998181,1
"vary_n",256,0,22,"SVP Gaussian / none / c = 0.968",0.000200000000000143,280,0.05600000000004,1
"vary_n",256,0,23,"SVP Gaussian / none / c = 0.968",0.000128571428571636,560,0.0720000000001164,1
"vary_n",256,0,24,"SVP Gaussian / none / c = 0.968",0.000254464285714359,224,0.0570000000000164,2
"vary_n",256,0,25,"SVP Gaussian / none / c = 0.968",0.000123214285714214,560,0.06899999999996,1
"vary_n",256,0,26,"SVP Gaussian / none / c = 0.968",6.62500000001387e-05,800,0.053000000000111,1
"vary_n",256,0,27,"SVP Gaussian / none / c = 0.968",0.000181547619048063,336,0.0610000000001492,1
"vary_n",256,0,28,"SVP Gaussian / none / c = 0.968",0.000217857142857676,280,0.0610000000001492,1
"vary_n",256,0,29,"SVP Gaussian / none / c = 0.968",6.78571428571623e-05,1120,0.0760000000000218,1
"vary_n",256,0,30,"SVP Gaussian / none / c = 0.968",6.60714285714903e-05,1120,0.0740000000000691,1
"vary_n",256,0,31,"SVP Gaussian / none / c = 0.968",6.78571428571623e-05,1120,0.0760000000000218,1
"vary_n",256,0,32,"SVP Gaussian / none / c = 0.968",0.000150000000000107,560,0.08400000000006,1
"vary_n",256,0,33,"SVP Gaussian / none / c = 0.968",0.000200000000000143,280,0.05600000000004,1
"vary_n",256,0,34,"SVP Gaussian / none / c = 0.968",6.75000000001091e-05,800,0.0540000000000873,1
"vary_n",256,0,35,"SVP Gaussian / none / c = 0.968",0.000145408163265348,392,0.0570000000000164,1
"vary_n",256,0,36,"SVP Gaussian / none / c = 0.968",6.60714285714903e-05,1120,0.0740000000000691,1
"vary_n",256,0,37,"SVP Gaussian / none / c = 0.968",0.000231578947368928,380,0.0880000000001928,1
"vary_n",256,0,38,"SVP Gaussian / none / c = 0.968",0.000422727272727612,220,0.0930000000000746,2
"vary_n",256,0,39,"SVP Gaussian / none / c = 0.968",0.000162500000000218,560,0.0910000000001219,1
"vary_n",256,0,40,"SVP Gaussian / none / c = 0.968",0.000146428571428763,560,0.0820000000001073,1
"vary_n",256,0,41,"SVP Gaussian / none / c = 0.968",6.60714285714903e-05,1120,0.0740000000000691,1
"vary_n",256,0,42,"SVP Gaussian / none / c = 0.968",0.000137755102040459,392,0.0539999999998599,1
"vary_n",256,0,43,"SVP Gaussian / none / c = 0.968",7.24999999999909e-05,800,0.0579999999999927,1
"vary_n",256,0,44,"SVP Gaussian / none / c = 0.968",6.57894736843644e-05,1064,0.0700000000001637,1
"vary_n",256,0,45,"SVP Gaussian / none / c = 0.968",0.000167857142857234,560,0.0940000000000509,1
"vary_n",256,0,46,"SVP Gaussian / none / c = 0.968",0.000330357142857451,224,0.0740000000000691,2
"vary_n",256,0,47,"SVP Gaussian / none / c = 0.968",0.000273684210525828,190,0.0519999999999072,2
"vary_n",256,0,48,"SVP Gaussian / none / c = 0.968",6.72727272727901e-05,1100,0.0740000000000691,1
"vary_n",307,0,13,"SVP Gaussian / none / c = 0.968",7.09090909092745e-05,1100,0.0780000000002019,1
"vary_n",307,0,14,"SVP Gaussian / none / c = 0.968",0.00028571428571362,224,0.0639999999998508,1
"vary_n",307,0,15,"SVP Gaussian / none / c = 0.968",0.000268421052632412,190,0.0510000000001583,1
"vary_n",307,0,16,"SVP Gaussian / none / c = 0.968",7.23214285715455e-05,1120,0.081000000000131,1
"vary_n",307,0,17,"SVP Gaussian / none / c = 0.968",7.05357142856704e-05,1120,0.0789999999999509,1
"vary_n",307,0,18,"SVP Gaussian / none / c = 0.968",6.96428571428344e-05,1120,0.0779999999999745,1
"vary_n",307,0,19,"SVP Gaussian / none / c = 0.968",6.86090225562645e-05,1064,0.0729999999998654,1
"vary_n",307,0,20,"SVP Gaussian / none / c = 0.968",6.96428571428344e-05,1120,0.0779999999999745,1
"vary_n",307,0,21,"SVP Gaussian / none / c = 0.968",0.000491071428569967,112,0.0549999999998363,2
"vary_n",307,0,22,"SVP Gaussian / none / c = 0.968",0.000265789473684507,380,0.101000000000113,1
"vary_n",307,0,23,"SVP Gaussian / none / c = 0.968",0.000325892857143271,224,0.0730000000000928,1
"vary_n",307,0,24,"SVP Gaussian / none / c = 0.968",0.000254464285714359,224,0.0570000000000164,1
"vary_n",307,0,25,"SVP Gaussian / none / c = 0.968",7.0488721804554e-05,1064,0.0750000000000455,1
"vary_n",307,0,26,"SVP Gaussian / none / c = 0.968",6.96428571428344e-05,1120,0.0779999999999745,1
"vary_n",307,0,27,"SVP Gaussian / none / c = 0.968",8.92857142858361e-05,1120,0.100000000000136,1
"vary_n",307,0,28,"SVP Gaussian / none / c = 0.968",0.000242857142857084,280,0.0679999999999836,1
"vary_n",307,0,29,"SVP Gaussian / none / c = 0.968",7.12500000000205e-05,800,0.0570000000000164,1
"vary_n",307,0,30,"SVP Gaussian / none / c = 0.968",6.96428571428344e-05,1120,0.0779999999999745,1
"vary_n",307,0,31,"SVP Gaussian / none / c = 0.968",0.000165816326530751,392,0.0650000000000546,1
"vary_n",307,0,32,"SVP Gaussian / none / c = 0.968",6.99999999999983e-05,1100,0.0769999999999982,1
"vary_n",307,0,33,"SVP Gaussian / none / c = 0.968",0.000257894736842589,380,0.0980000000001837,1
"vary_n",307,0,34,"SVP Gaussian / none / c = 0.968",0.000273684210527024,190,0.0520000000001346,1
"vary_n",307,0,35,"SVP Gaussian / none / c = 0.968",0.000157142857142795,560,0.0879999999999654,1
"vary_n",307,0,36,"SVP Gaussian / none / c = 0.968",0.000133928571428653,560,0.0750000000000455,1
"vary_n",307,0,37,"SVP Gaussian / none / c = 0.968",7.23214285713425e-05,1120,0.0809999999999036,1
"vary_n",307,0,38,"SVP Gaussian / none / c = 0.968",8.21428571429448e-05,1120,0.0920000000000982,1
"vary_n",307,0,39,"SVP Gaussian / none / c = 0.968",7.23214285715455e-05,1120,0.081000000000131,1
"vary_n",307,0,40,"SVP Gaussian / none / c = 0.968",0.000294736842105474,190,0.05600000000004,1
"vary_n",307,0,41,"SVP Gaussian / none / c = 0.968",0.000162499999999812,560,0.0909999999998945,1
"vary_n",307,0,42,"SVP Gaussian / none / c = 0.968",0.000129464285714269,448,0.0579999999999927,1
"vary_n",307,0,43,"SVP Gaussian / none / c = 0.968",0.000153571428571451,560,0.0860000000000127,1
"vary_n",307,0,44,"SVP Gaussian / none / c = 0.968",6.96428571428344e-05,1120,0.0779999999999745,1
"vary_n",307,0,45,"SVP Gaussian / none / c = 0.968",0.000249999999999773,280,0.0699999999999363,1
"vary_n",307,0,46,"SVP Gaussian / none / c = 0.968",0.000284210526316249,190,0.0540000000000873,1
"vary_n",307,0,47,"SVP Gaussian / none / c = 0.968",7.14285714287095e-05,1120,0.0800000000001546,1
"vary_n",307,0,48,"SVP Gaussian / none / c = 0.968",0.000214285714286331,280,0.0600000000001728,1
"vary_n",368,0,13,"SVP Gaussian / none / c = 0.968",0.000307142857142903,280,0.0860000000000127,1
"vary_n",368,0,14,"SVP Gaussian / none / c = 0.968",0.000102272727272524,616,0.0629999999998745,1
"vary_n",368,0,15,"SVP Gaussian / none / c = 0.968",0.000260526315789895,380,0.0990000000001601,1
"vary_n",368,0,16,"SVP Gaussian / none / c = 0.968",0.000696428571428344,112,0.0779999999999745,2
"vary_n",368,0,17,"SVP Gaussian / none / c = 0.968",0.000278947368421637,190,0.053000000000111,1
"vary_n",368,0,18,"SVP Gaussian / none / c = 0.968",7.90816326532213e-05,784,0.0620000000001255,1
"vary_n",368,0,19,"SVP Gaussian / none / c = 0.968",0.000130357142857309,560,0.0730000000000928,1
"vary_n",368,0,20,"SVP Gaussian / none / c = 0.968",7.66233766233365e-05,770,0.0589999999999691,1
"vary_n",368,0,21,"SVP Gaussian / none / c = 0.968",0.000176020408163163,392,0.06899999999996,1
"vary_n",368,0,22,"SVP Gaussian / none / c = 0.968",8.92857142858361e-05,1120,0.100000000000136,1
"vary_n",368,0,23,"SVP Gaussian / none / c = 0.968",8.36363636364529e-05,1100,0.0920000000000982,1
"vary_n",368,0,24,"SVP Gaussian / none / c = 0.968",7.58928571426866e-05,1120,0.084999999999809,1
"vary_n",368,0,25,"SVP Gaussian / none / c = 0.968",0.00027678571428526,224,0.0619999999998981,1
"vary_n",368,0,26,"SVP Gaussian / none / c = 0.968",7.49999999998506e-05,1120,0.0839999999998327,1
"vary_n",368,0,27,"SVP Gaussian / none / c = 0.968",0.000316964285713896,224,0.0709999999999127,1
"vary_n",368,0,28,"SVP Gaussian / none / c = 0.968",0.000232142857143052,280,0.0650000000000546,1
"vary_n",368,0,29,"SVP Gaussian / none / c = 0.968",0.000104464285714252,1120,0.116999999999962,1
"vary_n",368,0,30,"SVP Gaussian / none / c = 0.968",7.58928571428896e-05,1120,0.0850000000000364,1
"vary_n",368,0,31,"SVP Gaussian / none / c = 0.968",0.000345238095238052,168,0.0579999999999927,1
"vary_n",368,0,32,"SVP Gaussian / none / c = 0.968",7.58928571426866e-05,1120,0.084999999999809,1
"vary_n",368,0,33,"SVP Gaussian / none / c = 0.968",7.67857142857257e-05,1120,0.0860000000000127,1
"vary_n",368,0,34,"SVP Gaussian / none / c = 0.968",9.82142857143994e-05,560,0.0550000000000637,1
"vary_n",368,0,35,"SVP Gaussian / none / c = 0.968",0.000208333333333821,336,0.0700000000001637,1
"vary_n",368,0,36,"SVP Gaussian / none / c = 0.968",0.00010119047619079,672,0.068000000000211,1
"vary_n",368,0,37,"SVP Gaussian / none / c = 0.968",7.41071428572176e-05,1120,0.0830000000000837,1
"vary_n",368,0,38,"SVP Gaussian / none / c = 0.968",8.30357142857809e-05,1120,0.0930000000000746,1
"vary_n",368,0,39,"SVP Gaussian / none / c = 0.968",7.40259740259953e-05,770,0.0570000000000164,1
"vary_n",368,0,40,"SVP Gaussian / none / c = 0.968",0.00011071428571451,560,0.0620000000001255,1
"vary_n",368,0,41,"SVP Gaussian / none / c = 0.968",0.000128571428571636,560,0.0720000000001164,1
"vary_n",368,0,42,"SVP Gaussian / none / c = 0.968",7.42857142859066e-05,700,0.0520000000001346,1
"vary_n",368,0,43,"SVP Gaussian / none / c = 0.968",0.000374999999999253,168,0.0629999999998745,1
"vary_n",368,0,44,"SVP Gaussian / none / c = 0.968",0.000114285714285448,560,0.0639999999998508,1
"vary_n",368,0,45,"SVP Gaussian / none / c = 0.968",7.67857142857257e-05,1120,0.0860000000000127,1
"vary_n",368,0,46,"SVP Gaussian / none / c = 0.968",0.000357142857143344,280,0.100000000000136,1
"vary_n",368,0,47,"SVP Gaussian / none / c = 0.968",0.000290178571428815,224,0.0650000000000546,1
"vary_n",368,0,48,"SVP Gaussian / none / c = 0.968",0.000357142857142532,168,0.0599999999999454,1
"vary_n",440,0,13,"SVP Gaussian / none / c = 0.968",0.000321428571428279,280,0.0899999999999181,1
"vary_n",440,0,14,"SVP Gaussian / none / c = 0.968",0.000424242424242038,165,0.0699999999999363,1
"vary_n",440,0,15,"SVP Gaussian / none / c = 0.968",0.000300000000000141,220,0.0660000000000309,1
"vary_n",440,0,16,"SVP Gaussian / none / c = 0.968",8.29081632653757e-05,784,0.0650000000000546,1
"vary_n",440,0,17,"SVP Gaussian / none / c = 0.968",0.000241071428570803,224,0.0539999999998599,1
"vary_n",440,0,18,"SVP Gaussian / none / c = 0.968",8.21428571427418e-05,1120,0.0919999999998709,1
"vary_n",440,0,19,"SVP Gaussian / none / c = 0.968",0.000369047619047013,168,0.0619999999998981,1
"vary_n",440,0,20,"SVP Gaussian / none / c = 0.968",8.16326530613243e-05,784,0.0640000000000782,1
"vary_n",440,0,21,"SVP Gaussian / none / c = 0.968",8.21428571429448e-05,1120,0.0920000000000982,1
"vary_n",440,0,22,"SVP Gaussian / none / c = 0.968",8.12499999999058e-05,1120,0.0909999999998945,1
"vary_n",440,0,23,"SVP Gaussian / none / c = 0.968",9.22619047620915e-05,672,0.0620000000001255,1
"vary_n",440,0,24,"SVP Gaussian / none / c = 0.968",8.21428571429448e-05,1120,0.0920000000000982,1
"vary_n",440,0,25,"SVP Gaussian / none / c = 0.968",0.00016071428571414,560,0.0899999999999181,1
"vary_n",440,0,26,"SVP Gaussian / none / c = 0.968",0.000258928571428539,224,0.0579999999999927,1
"vary_n",440,0,27,"SVP Gaussian / none / c = 0.968",0.000375000000000606,168,0.0630000000001019,1
"vary_n",440,0,28,"SVP Gaussian / none / c = 0.968",0.000434523809523008,168,0.0729999999998654,1
"vary_n",440,0,29,"SVP Gaussian / none / c = 0.968",9.99999999996654e-05,560,0.0559999999998126,1
"vary_n",440,0,30,"SVP Gaussian / none / c = 0.968",8.03571428572728e-05,1120,0.0900000000001455,1
"vary_n",440,0,31,"SVP Gaussian / none / c = 0.968",8.12500000001088e-05,1120,0.0910000000001219,1
"vary_n",440,0,32,"SVP Gaussian / none / c = 0.968",9.28571428573832e-05,560,0.0520000000001346,1
"vary_n",440,0,33,"SVP Gaussian / none / c = 0.968",0.000529999999998836,100,0.0529999999998836,1
"vary_n",440,0,34,"SVP Gaussian / none / c = 0.968",0.000255263157894684,380,0.09699999999998,1
"vary_n",440,0,35,"SVP Gaussian / none / c = 0.968",0.000121428571428542,560,0.0679999999999836,1
"vary_n",440,0,36,"SVP Gaussian / none / c = 0.968",0.00018214285714261,280,0.0509999999999309,1
"vary_n",440,0,37,"SVP Gaussian / none / c = 0.968",0.0003464285714285,280,0.09699999999998,1
"vary_n",440,0,38,"SVP Gaussian / none / c = 0.968",0.000300000000000141,220,0.0660000000000309,1
"vary_n",440,0,39,"SVP Gaussian / none / c = 0.968",8.27272727273835e-05,1100,0.0910000000001219,1
"vary_n",440,0,40,"SVP Gaussian / none / c = 0.968",0.000476190476190043,168,0.0799999999999272,1
"vary_n",440,0,41,"SVP Gaussian / none / c = 0.968",0.000371428571429533,140,0.0520000000001346,1
"vary_n",440,0,42,"SVP Gaussian / none / c = 0.968",0.000332142857143124,280,0.0930000000000746,1
"vary_n",440,0,43,"SVP Gaussian / none / c = 0.968",8.12500000001088e-05,1120,0.0910000000001219,1
"vary_n",440,0,44,"SVP Gaussian / none / c = 0.968",0.000392857142857327,168,0.0660000000000309,1
"vary_n",440,0,45,"SVP Gaussian / none / c = 0.968",0.000526785714285438,112,0.0589999999999691,1
"vary_n",440,0,46,"SVP Gaussian / none / c = 0.968",0.000242105263158153,380,0.0920000000000982,1
"vary_n",440,0,47,"SVP Gaussian / none / c = 0.968",0.000171428571428578,560,0.0960000000000036,1
"vary_n",440,0,48,"SVP Gaussian / none / c = 0.968",8.6607142857125e-05,1120,0.09699999999998,1
"vary_n",528,0,13,"SVP Gaussian / none / c = 0.968",0.00137499999999997,56,0.0769999999999982,2
"vary_n",528,0,14,"SVP Gaussian / none / c = 0.968",0.00014062499999972,448,0.0629999999998745,1
"vary_n",528,0,15,"SVP Gaussian / none / c = 0.968",0.000696428571428344,112,0.0779999999999745,1
"vary_n",528,0,16,"SVP Gaussian / none / c = 0.968",8.6607142857328e-05,1120,0.0970000000002074,1
"vary_n",528,0,17,"SVP Gaussian / none / c = 0.968",8.83928571430001e-05,1120,0.0990000000001601,1
"vary_n",528,0,18,"SVP Gaussian / none / c = 0.968",0.000263392857142719,224,0.0589999999999691,1
"vary_n",528,0,19,"SVP Gaussian / none / c = 0.968",0.000727272727272066,110,0.0799999999999272,1
"vary_n",528,0,20,"SVP Gaussian / none / c = 0.968",0.000108928571428838,560,0.0610000000001492,1
"vary_n",528,0,21,"SVP Gaussian / none / c = 0.968",8.92857142854485e-05,616,0.0549999999998363,1
"vary_n",528,0,22,"SVP Gaussian / none / c = 0.968",9.10714285713051e-05,1120,0.101999999999862,1
"vary_n",528,0,23,"SVP Gaussian / none / c = 0.968",0.000258928571428539,224,0.0579999999999927,1
"vary_n",528,0,24,"SVP Gaussian / none / c = 0.968",0.000289473684209665,190,0.0549999999998363,1
"vary_n",528,0,25,"SVP Gaussian / none / c = 0.968",0.000217857142856864,280,0.0609999999999218,1
"vary_n",528,0,26,"SVP Gaussian / none / c = 0.968",0.000208333333333144,336,0.0699999999999363,1
"vary_n",528,0,27,"SVP Gaussian / none / c = 0.968",0.000234210526316235,380,0.0890000000001692,1
"vary_n",528,0,28,"SVP Gaussian / none / c = 0.968",8.92857142858361e-05,1120,0.100000000000136,1
"vary_n",528,0,29,"SVP Gaussian / none / c = 0.968",0.00057142857142724,112,0.0639999999998508,1
"vary_n",528,0,30,"SVP Gaussian / none / c = 0.968",0.000491071428569967,112,0.0549999999998363,1
"vary_n",528,0,31,"SVP Gaussian / none / c = 0.968",8.8392857142797e-05,1120,0.0989999999999327,1
"vary_n",528,0,32,"SVP Gaussian / none / c = 0.968",0.00123214285714214,56,0.06899999999996,1
"vary_n",528,0,33,"SVP Gaussian / none / c = 0.968",8.90909090908694e-05,1100,0.0979999999999563,1
"vary_n",528,0,34,"SVP Gaussian / none / c = 0.968",8.7499999999961e-05,1120,0.0979999999999563,1
"vary_n",528,0,35,"SVP Gaussian / none / c = 0.968",0.000330357142857451,224,0.0740000000000691,1
"vary_n",528,0,36,"SVP Gaussian / none / c = 0.968",0.000690909090907222,110,0.0759999999997945,1
"vary_n",528,0,37,"SVP Gaussian / none / c = 0.968",8.8392857142797e-05,1120,0.0989999999999327,1
"vary_n",528,0,38,"SVP Gaussian / none / c = 0.968",0.000476190476190043,168,0.0799999999999272,1
"vary_n",528,0,39,"SVP Gaussian / none / c = 0.968",8.83928571430001e-05,1120,0.0990000000001601,1
"vary_n",528,0,40,"SVP Gaussian / none / c = 0.968",0.000284210526315052,190,0.0539999999998599,1
"vary_n",528,0,41,"SVP Gaussian / none / c = 0.968",0.000381818181817421,165,0.0629999999998745,1
"vary_n",528,0,42,"SVP Gaussian / none / c = 0.968",0.00011964285714287,560,0.0670000000000073,1
"vary_n",528,0,43,"SVP Gaussian / none / c = 0.968",0.000241071428571818,224,0.0540000000000873,1
"vary_n",528,0,44,"SVP Gaussian / none / c = 0.968",0.000624999999999432,112,0.0699999999999363,1
"vary_n",528,0,45,"SVP Gaussian / none / c = 0.968",0.000326315789473148,190,0.0619999999998981,1
"vary_n",528,0,46,"SVP Gaussian / none / c = 0.968",9.82142857139934e-05,560,0.0549999999998363,1
"vary_n",528,0,47,"SVP Gaussian / none / c = 0.968",0.000422619047619881,168,0.0710000000001401,1
"vary_n",528,0,48,"SVP Gaussian / none / c = 0.968",8.7500000000164e-05,1120,0.0980000000001837,1
"vary_n",632,0,13,"SVP Gaussian / none / c = 0.968",9.9025974025847e-05,616,0.0609999999999218,1
"vary_n",632,0,14,"SVP Gaussian / none / c = 0.968",0.000633928571427792,112,0.0709999999999127,1
"vary_n",632,0,15,"SVP Gaussian / none / c = 0.968",9.64285714287273e-05,560,0.0540000000000873,1
"vary_n",632,0,16,"SVP Gaussian / none / c = 0.968",0.000114545454545226,550,0.0629999999998745,1
"vary_n",632,0,17,"SVP Gaussian / none / c = 0.968",9.81818181815635e-05,550,0.0539999999998599,1
"vary_n",632,0,18,"SVP Gaussian / none / c = 0.968",0.000150000000000107,560,0.08400000000006,1
"vary_n",632,0,19,"SVP Gaussian / none / c = 0.968",9.57792207791706e-05,616,0.0589999999999691,1
"vary_n",632,0,20,"SVP Gaussian / none / c = 0.968",0.000681818181816528,110,0.0749999999998181,1
"vary_n",632,0,21,"SVP Gaussian / none / c = 0.968",0.000265789473684507,380,0.101000000000113,1
"vary_n",632,0,22,"SVP Gaussian / none / c = 0.968",9.74025974025088e-05,616,0.0599999999999454,1
"vary_n",632,0,23,"SVP Gaussian / none / c = 0.968",0.00010909090909081,550,0.0599999999999454,1
"vary_n",632,0,24,"SVP Gaussian / none / c = 0.968",0.000416666666667641,168,0.0700000000001637,1
"vary_n",632,0,25,"SVP Gaussian / none / c = 0.968",0.000339285714285812,168,0.0570000000000164,1
"vary_n",632,0,26,"SVP Gaussian / none / c = 0.968",0.000488095238095877,168,0.0820000000001073,1
"vary_n",632,0,27,"SVP Gaussian / none / c = 0.968",9.82142857143994e-05,560,0.0550000000000637,1
"vary_n",632,0,28,"SVP Gaussian / none / c = 0.968",9.81818181815635e-05,550,0.0539999999998599,1
"vary_n",632,0,29,"SVP Gaussian / none / c = 0.968",0.000776785714285617,112,0.0869999999999891,1
"vary_n",632,0,30,"SVP Gaussian / none / c = 0.968",0.000217857142856864,280,0.0609999999999218,1
"vary_n",632,0,31,"SVP Gaussian / none / c = 0.968",0.000892857142856331,112,0.099999999999909,1
"vary_n",632,0,32,"SVP Gaussian / none / c = 0.968",0.000200000000000143,280,0.05600000000004,1
"vary_n",632,0,33,"SVP Gaussian / none / c = 0.968",0.000228571428571708,280,0.0640000000000782,1
"vary_n",632,0,34,"SVP Gaussian / none / c = 0.968",9.63636363634247e-05,550,0.0529999999998836,1
"vary_n",632,0,35,"SVP Gaussian / none / c = 0.968",0.000207142857142831,280,0.0579999999999927,1
"vary_n",632,0,36,"SVP Gaussian / none / c = 0.968",9.82142857143994e-05,560,0.0550000000000637,1
"vary_n",632,0,37,"SVP Gaussian / none / c = 0.968",0.00017321428571425,560,0.09699999999998,1
"vary_n",632,0,38,"SVP Gaussian / none / c = 0.968",0.000687499999999984,112,0.0769999999999982,1
"vary_n",632,0,39,"SVP Gaussian / none / c = 0.968",0.000100000000000071,840,0.08400000000006,1
"vary_n",632,0,40,"SVP Gaussian / none / c = 0.968",0.000303571428571558,280,0.0850000000000364,1
"vary_n",632,0,41,"SVP Gaussian / none / c = 0.968",0.000158928571428467,560,0.0889999999999418,1
"vary_n",632,0,42,"SVP Gaussian / none / c = 0.968",0.000166071428571562,560,0.0930000000000746,1
"vary_n",632,0,43,"SVP Gaussian / none / c = 0.968",0.000910714285713051,56,0.0509999999999309,1
"vary_n",632,0,44,"SVP Gaussian / none / c = 0.968",0.000268421052632412,190,0.0510000000001583,1
"vary_n",632,0,45,"SVP Gaussian / none / c = 0.968",0.000103571428571416,560,0.0579999999999927,1
"vary_n",632,0,46,"SVP Gaussian / none / c = 0.968",0.000300000000000141,220,0.0660000000000309,1
"vary_n",632,0,47,"SVP Gaussian / none / c = 0.968",9.81818181815635e-05,550,0.0539999999998599,1
"vary_n",632,0,48,"SVP Gaussian / none / c = 0.968",0.000133928571428247,560,0.0749999999998181,1
"vary_n",758,0,13,"SVP Gaussian / none / c = 0.968",0.000207894736841976,380,0.0789999999999509,1
"vary_n",758,0,14,"SVP Gaussian / none / c = 0.968",0.000869047619048723,84,0.0730000000000928,1
"vary_n",758,0,15,"SVP Gaussian / none / c = 0.968",0.00027894736842044,190,0.0529999999998836,1
"vary_n",758,0,16,"SVP Gaussian / none / c = 0.968",0.00135714285714325,56,0.0760000000000218,1
"vary_n",758,0,17,"SVP Gaussian / none / c = 0.968",0.000114285714285854,560,0.0640000000000782,1
"vary_n",758,0,18,"SVP Gaussian / none / c = 0.968",0.000105357142857088,560,0.0589999999999691,1
"vary_n",758,0,19,"SVP Gaussian / none / c = 0.968",0.000110714285714104,560,0.0619999999998981,1
"vary_n",758,0,20,"SVP Gaussian / none / c = 0.968",0.00110714285714104,56,0.0619999999998981,1
"vary_n",758,0,21,"SVP Gaussian / none / c = 0.968",0.000714285714285065,112,0.0799999999999272,1
"vary_n",758,0,22,"SVP Gaussian / none / c = 0.968",0.000110714285714104,560,0.0619999999998981,1
"vary_n",758,0,23,"SVP Gaussian / none / c = 0.968",0.00018214285714261,280,0.0509999999999309,1
"vary_n",758,0,24,"SVP Gaussian / none / c = 0.968",0.00139285714285669,56,0.0779999999999745,1
"vary_n",758,0,25,"SVP Gaussian / none / c = 0.968",0.000108928571428838,560,0.0610000000001492,1
"vary_n",758,0,26,"SVP Gaussian / none / c = 0.968",0.000108928571428838,560,0.0610000000001492,1
"vary_n",758,0,27,"SVP Gaussian / none / c = 0.968",0.00137499999999997,56,0.0769999999999982,1
"vary_n",758,0,28,"SVP Gaussian / none / c = 0.968",0.000122767857142492,448,0.0549999999998363,1
"vary_n",758,0,29,"SVP Gaussian / none / c = 0.968",0.000821428571427418,112,0.0919999999998709,1
"vary_n",758,0,30,"SVP Gaussian / none / c = 0.968",0.000108928571428432,560,0.0609999999999218,1
"vary_n",758,0,31,"SVP Gaussian / none / c = 0.968",0.000928571428571125,84,0.0779999999999745,1
"vary_n",758,0,32,"SVP Gaussian / none / c = 0.968",0.000108928571428432,560,0.0609999999999218,1
"vary_n",758,0,33,"SVP Gaussian / none / c = 0.968",0.000117857142857198,560,0.0660000000000309,1
"vary_n",758,0,34,"SVP Gaussian / none / c = 0.968",0.000570000000000164,100,0.0570000000000164,1
"vary_n",758,0,35,"SVP Gaussian / none / c = 0.968",0.000108928571428838,560,0.0610000000001492,1
"vary_n",758,0,36,"SVP Gaussian / none / c = 0.968",0.000108928571428838,560,0.0610000000001492,1
"vary_n",758,0,37,"SVP Gaussian / none / c = 0.968",0.000705357142856704,112,0.0789999999999509,1
"vary_n",758,0,38,"SVP Gaussian / none / c = 0.968",0.00141071428571341,56,0.0789999999999509,1
"vary_n",758,0,39,"SVP Gaussian / none / c = 0.968",0.000108928571428432,560,0.0609999999999218,1
"vary_n",758,0,40,"SVP Gaussian / none / c = 0.968",0.000307142857142903,280,0.0860000000000127,1
"vary_n",758,0,41,"SVP Gaussian / none / c = 0.968",0.000660714285714903,112,0.0740000000000691,1
"vary_n",758,0,42,"SVP Gaussian / none / c = 0.968",0.000446428571428842,168,0.0750000000000455,1
"vary_n",758,0,43,"SVP Gaussian / none / c = 0.968",0.00058035714285763,112,0.0650000000000546,1
"vary_n",758,0,44,"SVP Gaussian / none / c = 0.968",0.00011071428571451,560,0.0620000000001255,1
"vary_n",758,0,45,"SVP Gaussian / none / c = 0.968",0.000445454545454347,220,0.0979999999999563,1
"vary_n",758,0,46,"SVP Gaussian / none / c = 0.968",0.000166071428571562,560,0.0930000000000746,1
"vary_n",758,0,47,"SVP Gaussian / none / c = 0.968",0.000581818181818893,110,0.0640000000000782,1
"vary_n",758,0,48,"SVP Gaussian / none / c = 0.968",0.000785714285713977,112,0.0879999999999654,1
"vary_n",908,0,13,"SVP Gaussian / none / c = 0.968",0.000128571428571636,560,0.0720000000001164,1
"vary_n",908,0,14,"SVP Gaussian / none / c = 0.968",0.00116071428571526,56,0.0650000000000546,1
"vary_n",908,0,15,"SVP Gaussian / none / c = 0.968",0.00135714285714325,56,0.0760000000000218,1
"vary_n",908,0,16,"SVP Gaussian / none / c = 0.968",0.00285714285714838,28,0.0800000000001546,2
"vary_n",908,0,17,"SVP Gaussian / none / c = 0.968",0.000132142857142575,560,0.0739999999998417,1
"vary_n",908,0,18,"SVP Gaussian / none / c = 0.968",0.00139285714285669,56,0.0779999999999745,1
"vary_n",908,0,19,"SVP Gaussian / none / c = 0.968",0.000416666666667235,240,0.100000000000136,1
"vary_n",908,0,20,"SVP Gaussian / none / c = 0.968",0.000123214285714214,560,0.06899999999996,1
"vary_n",908,0,21,"SVP Gaussian / none / c = 0.968",0.00012857142857123,560,0.071999999999889,1
"vary_n",908,0,22,"SVP Gaussian / none / c = 0.968",0.000928571428569772,56,0.0519999999999072,1
"vary_n",908,0,23,"SVP Gaussian / none / c = 0.968",0.000123214285714214,560,0.06899999999996,1
"vary_n",908,0,24,"SVP Gaussian / none / c = 0.968",0.000125000000000089,448,0.05600000000004,1
"vary_n",908,0,25,"SVP Gaussian / none / c = 0.968",0.000124999999999886,560,0.0699999999999363,1
"vary_n",908,0,26,"SVP Gaussian / none / c = 0.968",0.000899999999999388,110,0.0989999999999327,1
"vary_n",908,0,27,"SVP Gaussian / none / c = 0.968",0.000535714285713799,112,0.0599999999999454,1
"vary_n",908,0,28,"SVP Gaussian / none / c = 0.968",0.00144642857142685,56,0.0809999999999036,1
"vary_n",908,0,29,"SVP Gaussian / none / c = 0.968",0.000127272727272612,550,0.0699999999999363,1
"vary_n",908,0,30,"SVP Gaussian / none / c = 0.968",0.000300000000000086,190,0.0570000000000164,1
"vary_n",908,0,31,"SVP Gaussian / none / c = 0.968",0.000758928571426866,112,0.084999999999809,1
"vary_n",908,0,32,"SVP Gaussian / none / c = 0.968",0.00112499999999776,56,0.0629999999998745,1
"vary_n",908,0,33,"SVP Gaussian / none / c = 0.968",0.000125000000000292,560,0.0700000000001637,1
"vary_n",908,0,34,"SVP Gaussian / none / c = 0.968",0.000121428571428542,560,0.0679999999999836,1
"vary_n",908,0,35,"SVP Gaussian / none / c = 0.968",0.0017321428571425,56,0.09699999999998,1
"vary_n",908,0,36,"SVP Gaussian / none / c = 0.968",0.00012857142857123,560,0.071999999999889,1
"vary_n",908,0,37,"SVP Gaussian / none / c = 0.968",0.000124999999999886,560,0.0699999999999363,1
"vary_n",908,0,38,"SVP Gaussian / none / c = 0.968",0.000872727272727306,110,0.0960000000000036,1
"vary_n",908,0,39,"SVP Gaussian / none / c = 0.968",0.000499999999998512,110,0.0549999999998363,1
"vary_n",908,0,40,"SVP Gaussian / none / c = 0.968",0.000122767857142999,448,0.0550000000000637,1
"vary_n",908,0,41,"SVP Gaussian / none / c = 0.968",0.00371428571427909,14,0.0519999999999072,2
"vary_n",908,0,42,"SVP Gaussian / none / c = 0.968",0.0018214285714261,28,0.0509999999999309,1
"vary_n",908,0,43,"SVP Gaussian / none / c = 0.968",0.0010909090909081,55,0.0599999999999454,1
"vary_n",908,0,44,"SVP Gaussian / none / c = 0.968",0.00197368421052751,38,0.0750000000000455,1
"vary_n",908,0,45,"SVP Gaussian / none / c = 0.968",0.000812500000001088,112,0.0910000000001219,1
"vary_n",908,0,46,"SVP Gaussian / none / c = 0.968",0.000982142857143994,56,0.0550000000000637,1
"vary_n",908,0,47,"SVP Gaussian / none / c = 0.968",0.000125000000000089,448,0.05600000000004,1
"vary_n",908,0,48,"SVP Gaussian / none / c = 0.968",0.000130357142857309,560,0.0730000000000928,1
"vary_n",1088,0,13,"SVP Gaussian / none / c = 0.968",0.000149999999999701,560,0.0839999999998327,1
"vary_n",1088,0,14,"SVP Gaussian / none / c = 0.968",0.0011964285714287,56,0.0670000000000073,1
"vary_n",1088,0,15,"SVP Gaussian / none / c = 0.968",0.000669642857143263,112,0.0750000000000455,1
"vary_n",1088,0,16,"SVP Gaussian / none / c = 0.968",0.00250000000000072,38,0.0950000000000273,1
"vary_n",1088,0,17,"SVP Gaussian / none / c = 0.968",0.000705357142856704,112,0.0789999999999509,1
"vary_n",1088,0,18,"SVP Gaussian / none / c = 0.968",0.000150000000000107,560,0.08400000000006,1
"vary_n",1088,0,19,"SVP Gaussian / none / c = 0.968",0.0017321428571425,56,0.09699999999998,1
"vary_n",1088,0,20,"SVP Gaussian / none / c = 0.968",0.00242105263158153,38,0.0920000000000982,1
"vary_n",1088,0,21,"SVP Gaussian / none / c = 0.968",0.000150000000000107,560,0.08400000000006,1
"vary_n",1088,0,22,"SVP Gaussian / none / c = 0.968",0.00378571428572221,14,0.053000000000111,1
"vary_n",1088,0,23,"SVP Gaussian / none / c = 0.968",0.00235714285714396,28,0.0660000000000309,1
"vary_n",1088,0,24,"SVP Gaussian / none / c = 0.968",0.000581818181818893,110,0.0640000000000782,1
"vary_n",1088,0,25,"SVP Gaussian / none / c = 0.968",0.000144642857143091,560,0.081000000000131,1
"vary_n",1088,0,26,"SVP Gaussian / none / c = 0.968",0.00121428571428542,56,0.0679999999999836,1
"vary_n",1088,0,27,"SVP Gaussian / none / c = 0.968",0.00268421052631215,19,0.0509999999999309,1
"vary_n",1088,0,28,"SVP Gaussian / none / c = 0.968",0.000254464285714359,224,0.0570000000000164,1
"vary_n",1088,0,29,"SVP Gaussian / none / c = 0.968",0.000351190476190292,168,0.0589999999999691,1
"vary_n",1088,0,30,"SVP Gaussian / none / c = 0.968",0.000476190476190043,168,0.0799999999999272,1
"vary_n",1088,0,31,"SVP Gaussian / none / c = 0.968",0.00217857142856864,28,0.0609999999999218,1
"vary_n",1088,0,32,"SVP Gaussian / none / c = 0.968",0.000550000000000637,100,0.0550000000000637,1
"vary_n",1088,0,33,"SVP Gaussian / none / c = 0.968",0.000141071428571341,560,0.0789999999999509,1
"vary_n",1088,0,34,"SVP Gaussian / none / c = 0.968",0.000142857142857013,560,0.0799999999999272,1
"vary_n",1088,0,35,"SVP Gaussian / none / c = 0.968",0.00194736842105445,38,0.0740000000000691,1
"vary_n",1088,0,36,"SVP Gaussian / none / c = 0.968",0.000142857142857245,392,0.05600000000004,1
"vary_n",1088,0,37,"SVP Gaussian / none / c = 0.968",0.000142857142857419,560,0.0800000000001546,1
"vary_n",1088,0,38,"SVP Gaussian / none / c = 0.968",0.000244736842105459,380,0.0930000000000746,1
"vary_n",1088,0,39,"SVP Gaussian / none / c = 0.968",0.00023214285714224,280,0.0649999999998272,1
"vary_n",1088,0,40,"SVP Gaussian / none / c = 0.968",0.00196428571428799,28,0.0550000000000637,1
"vary_n",1088,0,41,"SVP Gaussian / none / c = 0.968",0.00305263157894699,19,0.0579999999999927,1
"vary_n",1088,0,42,"SVP Gaussian / none / c = 0.968",0.00200000000000143,28,0.05600000000004,1
"vary_n",1088,0,43,"SVP Gaussian / none / c = 0.968",0.000821428571427418,112,0.0919999999998709,1
"vary_n",1088,0,44,"SVP Gaussian / none / c = 0.968",0.000255263157894684,380,0.09699999999998,1
"vary_n",1088,0,45,"SVP Gaussian / none / c = 0.968",0.00166071428571156,56,0.0929999999998472,1
"vary_n",1088,0,46,"SVP Gaussian / none / c = 0.968",0.00310714285714247,28,0.0869999999999891,1
"vary_n",1088,0,47,"SVP Gaussian / none / c = 0.968",0.00200000000000057,38,0.0760000000000218,1
"vary_n",1088,0,48,"SVP Gaussian / none / c = 0.968",0.00244736842105459,38,0.0930000000000746,1
"vary_n",1303,0,13,"SVP Gaussian / none / c = 0.968",0.000165816326530751,392,0.0650000000000546,1
"vary_n",1303,0,14,"SVP Gaussian / none / c = 0.968",0.000430303030302501,165,0.0709999999999127,1
"vary_n",1303,0,15,"SVP Gaussian / none / c = 0.968",0.000299107142857175,224,0.0670000000000073,1
"vary_n",1303,0,16,"SVP Gaussian / none / c = 0.968",0.0010714285714276,56,0.0599999999999454,1
"vary_n",1303,0,17,"SVP Gaussian / none / c = 0.968",0.000166071428571562,560,0.0930000000000746,1
"vary_n",1303,0,18,"SVP Gaussian / none / c = 0.968",0.00317857142856935,28,0.0889999999999418,1
"vary_n",1303,0,19,"SVP Gaussian / none / c = 0.968",0.000982142857143994,56,0.0550000000000637,1
"vary_n",1303,0,20,"SVP Gaussian / none / c = 0.968",0.00342857142857156,28,0.0960000000000036,1
"vary_n",1303,0,21,"SVP Gaussian / none / c = 0.968",0.00214285714286331,28,0.0600000000001728,1
"vary_n",1303,0,22,"SVP Gaussian / none / c = 0.968",0.000422619047619881,168,0.0710000000001401,1
"vary_n",1303,0,23,"SVP Gaussian / none / c = 0.968",0.000316964285713896,224,0.0709999999999127,1
"vary_n",1303,0,24,"SVP Gaussian / none / c = 0.968",0.0012321428571462,56,0.0690000000001874,1
"vary_n",1303,0,25,"SVP Gaussian / none / c = 0.968",0.000164285714285484,560,0.0919999999998709,1
"vary_n",1303,0,26,"SVP Gaussian / none / c = 0.968",0.000157142857142795,560,0.0879999999999654,1
"vary_n",1303,0,27,"SVP Gaussian / none / c = 0.968",0.000183928571428688,560,0.103000000000065,1
"vary_n",1303,0,28,"SVP Gaussian / none / c = 0.968",0.000160714285714546,392,0.0630000000001019,1
"vary_n",1303,0,29,"SVP Gaussian / none / c = 0.968",0.00400000000000286,14,0.05600000000004,1
"vary_n",1303,0,30,"SVP Gaussian / none / c = 0.968",0.000162499999999812,560,0.0909999999998945,1
"vary_n",1303,0,31,"SVP Gaussian / none / c = 0.968",0.00207894736841976,38,0.0789999999999509,1
"vary_n",1303,0,32,"SVP Gaussian / none / c = 0.968",0.00360714285714688,28,0.101000000000113,1
"vary_n",1303,0,33,"SVP Gaussian / none / c = 0.968",0.00260526315789895,38,0.0990000000001601,1
"vary_n",1303,0,34,"SVP Gaussian / none / c = 0.968",0.000244736842105459,380,0.0930000000000746,1
"vary_n",1303,0,35,"SVP Gaussian / none / c = 0.968",0.000163265306122649,392,0.0640000000000782,1
"vary_n",1303,0,36,"SVP Gaussian / none / c = 0.968",0.000745454545453454,110,0.08199999999988,1
"vary_n",1303,0,37,"SVP Gaussian / none / c = 0.968",0.00181578947368316,38,0.06899999999996,1
"vary_n",1303,0,38,"SVP Gaussian / none / c = 0.968",0.000162499999999812,560,0.0909999999998945,1
"vary_n",1303,0,39,"SVP Gaussian / none / c = 0.968",0.000535714285713799,112,0.0599999999999454,1
"vary_n",1303,0,40,"SVP Gaussian / none / c = 0.968",0.000171428571428578,560,0.0960000000000036,1
"vary_n",1303,0,41,"SVP Gaussian / none / c = 0.968",0.000169642857142906,560,0.0950000000000273,1
"vary_n",1303,0,42,"SVP Gaussian / none / c = 0.968",0.0023214285714224,28,0.0649999999998272,1
"vary_n",1303,0,43,"SVP Gaussian / none / c = 0.968",0.00203571428571487,28,0.0570000000000164,1
"vary_n",1303,0,44,"SVP Gaussian / none / c = 0.968",0.00378571428570597,14,0.0529999999998836,1
"vary_n",1303,0,45,"SVP Gaussian / none / c = 0.968",0.000160714285714546,392,0.0630000000001019,1
"vary_n",1303,0,46,"SVP Gaussian / none / c = 0.968",0.000166071428571562,560,0.0930000000000746,1
"vary_n",1303,0,47,"SVP Gaussian / none / c = 0.968",0.000392857142857327,168,0.0660000000000309,1
"vary_n",1303,0,48,"SVP Gaussian / none / c = 0.968",0.000166071428571562,560,0.0930000000000746,1
"vary_n",1561,0,13,"SVP Gaussian / none / c = 0.968",0.00284210526315052,19,0.0539999999998599,1
"vary_n",1561,0,14,"SVP Gaussian / none / c = 0.968",0.000299107142857175,224,0.0670000000000073,1
"vary_n",1561,0,15,"SVP Gaussian / none / c = 0.968",0.0011964285714287,56,0.0670000000000073,1
"vary_n",1561,0,16,"SVP Gaussian / none / c = 0.968",0.00400000000000286,14,0.05600000000004,1
"vary_n",1561,0,17,"SVP Gaussian / none / c = 0.968",0.000189285714286111,280,0.053000000000111,1
"vary_n",1561,0,18,"SVP Gaussian / none / c = 0.968",0.00273684210527024,19,0.0520000000001346,1
"vary_n",1561,0,19,"SVP Gaussian / none / c = 0.968",0.00527272727272661,11,0.0579999999999927,1
"vary_n",1561,0,20,"SVP Gaussian / none / c = 0.968",0.000187500000000303,336,0.0630000000001019,1
"vary_n",1561,0,21,"SVP Gaussian / none / c = 0.968",0.000185714285713954,280,0.0519999999999072,1
"vary_n",1561,0,22,"SVP Gaussian / none / c = 0.968",0.000185714285714766,280,0.0520000000001346,1
"vary_n",1561,0,23,"SVP Gaussian / none / c = 0.968",0.000185714285714766,280,0.0520000000001346,1
"vary_n",1561,0,24,"SVP Gaussian / none / c = 0.968",0.0011071428571451,56,0.0620000000001255,1
"vary_n",1561,0,25,"SVP Gaussian / none / c = 0.968",0.00114285714285854,56,0.0640000000000782,1
"vary_n",1561,0,26,"SVP Gaussian / none / c = 0.968",0.000189285714286111,280,0.053000000000111,1
"vary_n",1561,0,27,"SVP Gaussian / none / c = 0.968",0.000192857142857455,280,0.0540000000000873,1
"vary_n",1561,0,28,"SVP Gaussian / none / c = 0.968",0.000189285714285299,280,0.0529999999998836,1
"vary_n",1561,0,29,"SVP Gaussian / none / c = 0.968",0.000228947368421024,380,0.0869999999999891,1
"vary_n",1561,0,30,"SVP Gaussian / none / c = 0.968",0.000189285714285299,280,0.0529999999998836,1
"vary_n",1561,0,31,"SVP Gaussian / none / c = 0.968",0.00018214285714261,280,0.0509999999999309,1
"vary_n",1561,0,32,"SVP Gaussian / none / c = 0.968",0.00215789473684493,38,0.0820000000001073,1
"vary_n",1561,0,33,"SVP Gaussian / none / c = 0.968",0.00463636363635735,11,0.0509999999999309,1
"vary_n",1561,0,34,"SVP Gaussian / none / c = 0.968",0.00022142857142902,280,0.0620000000001255,1
"vary_n",1561,0,35,"SVP Gaussian / none / c = 0.968",0.00121428571428542,56,0.0679999999999836,1
"vary_n",1561,0,36,"SVP Gaussian / none / c = 0.968",0.000187500000000303,336,0.0630000000001019,1
"vary_n",1561,0,37,"SVP Gaussian / none / c = 0.968",0.000193452380952543,336,0.0650000000000546,1
"vary_n",1561,0,38,"SVP Gaussian / none / c = 0.968",0.000184848484848248,330,0.0609999999999218,1
"vary_n",1561,0,39,"SVP Gaussian / none / c = 0.968",0.000189285714286111,280,0.053000000000111,1
"vary_n",1561,0,40,"SVP Gaussian / none / c = 0.968",0.00459090909091422,22,0.101000000000113,1
"vary_n",1561,0,41,"SVP Gaussian / none / c = 0.968",0.00466666666667,12,0.05600000000004,1
"vary_n",1561,0,42,"SVP Gaussian / none / c = 0.968",0.00550000000000258,12,0.0660000000000309,1
"vary_n",1561,0,43,"SVP Gaussian / none / c = 0.968",0.00085714285714289,112,0.0960000000000036,1
"vary_n",1561,0,44,"SVP Gaussian / none / c = 0.968",0.000803571428570698,112,0.0899999999999181,1
"vary_n",1561,0,45,"SVP Gaussian / none / c = 0.968",0.000189285714286111,280,0.053000000000111,1
"vary_n",1561,0,46,"SVP Gaussian / none / c = 0.968",0.000185714285714766,280,0.0520000000001346,1
"vary_n",1561,0,47,"SVP Gaussian / none / c = 0.968",0.00137499999999997,56,0.0769999999999982,1
"vary_n",1561,0,48,"SVP Gaussian / none / c = 0.968",0.000185714285713954,280,0.0519999999999072,1
"vary_n",1871,0,13,"SVP Gaussian / none / c = 0.968",0.000475000000000136,120,0.0570000000000164,1
"vary_n",1871,0,14,"SVP Gaussian / none / c = 0.968",0.000226315789473718,380,0.0860000000000127,1
"vary_n",1871,0,15,"SVP Gaussian / none / c = 0.968",0.00814285714285948,7,0.0570000000000164,1
"vary_n",1871,0,16,"SVP Gaussian / none / c = 0.968",0.00458333333333864,12,0.0550000000000637,1
"vary_n",1871,0,17,"SVP Gaussian / none / c = 0.968",0.00371428571427909,14,0.0519999999999072,1
"vary_n",1871,0,18,"SVP Gaussian / none / c = 0.968",0.00540000000000873,10,0.0540000000000873,1
"vary_n",1871,0,19,"SVP Gaussian / none / c = 0.968",0.00364285714286845,14,0.0510000000001583,1
"vary_n",1871,0,20,"SVP Gaussian / none / c = 0.968",0.00757142857141194,7,0.0529999999998836,1
"vary_n",1871,0,21,"SVP Gaussian / none / c = 0.968",0.00800000000000572,7,0.05600000000004,1
"vary_n",1871,0,22,"SVP Gaussian / none / c = 0.968",0.00282142857142682,28,0.0789999999999509,1
"vary_n",1871,0,23,"SVP Gaussian / none / c = 0.968",0.00785714285715195,7,0.0550000000000637,1
"vary_n",1871,0,24,"SVP Gaussian / none / c = 0.968",0.0005600000000004,100,0.05600000000004,1
"vary_n",1871,0,25,"SVP Gaussian / none / c = 0.968",0.000221052631579105,380,0.08400000000006,1
"vary_n",1871,0,26,"SVP Gaussian / none / c = 0.968",0.000225000000000364,280,0.0630000000001019,1
"vary_n",1871,0,27,"SVP Gaussian / none / c = 0.968",0.00268421052631215,19,0.0509999999999309,1
"vary_n",1871,0,28,"SVP Gaussian / none / c = 0.968",0.00022142857142902,280,0.0620000000001255,1
"vary_n",1871,0,29,"SVP Gaussian / none / c = 0.968",0.000242105263158153,380,0.0920000000000982,1
"vary_n",1871,0,30,"SVP Gaussian / none / c = 0.968",0.000982142857139934,56,0.0549999999998363,1
"vary_n",1871,0,31,"SVP Gaussian / none / c = 0.968",0.0135000000000218,4,0.0540000000000873,1
"vary_n",1871,0,32,"SVP Gaussian / none / c = 0.968",0.000761904761905693,84,0.0640000000000782,1
"vary_n",1871,0,33,"SVP Gaussian / none / c = 0.968",0.00407142857142974,14,0.0570000000000164,1
"vary_n",1871,0,34,"SVP Gaussian / none / c = 0.968",0.00490909090907818,11,0.0539999999998599,1
"vary_n",1871,0,35,"SVP Gaussian / none / c = 0.968",0.00404166666666583,24,0.09699999999998,1
"vary_n",1871,0,36,"SVP Gaussian / none / c = 0.968",0.00675000000001091,8,0.0540000000000873,1
"vary_n",1871,0,37,"SVP Gaussian / none / c = 0.968",0.000224999999999552,280,0.0629999999998745,1
"vary_n",1871,0,38,"SVP Gaussian / none / c = 0.968",0.00637500000001978,8,0.0510000000001583,1
"vary_n",1871,0,39,"SVP Gaussian / none / c = 0.968",0.00529999999998836,10,0.0529999999998836,1
"vary_n",1871,0,40,"SVP Gaussian / none / c = 0.968",0.00814285714285948,7,0.0570000000000164,1
"vary_n",1871,0,41,"SVP Gaussian / none / c = 0.968",0.00609999999999218,10,0.0609999999999218,1
"vary_n",1871,0,42,"SVP Gaussian / none / c = 0.968",0.00234210526315636,38,0.0889999999999418,1
"vary_n",1871,0,43,"SVP Gaussian / none / c = 0.968",0.00022142857142902,280,0.0620000000001255,1
"vary_n",1871,0,44,"SVP Gaussian / none / c = 0.968",0.000221052631579105,380,0.08400000000006,1
"vary_n",1871,0,45,"SVP Gaussian / none / c = 0.968",0.000500000000000357,112,0.05600000000004,1
"vary_n",1871,0,46,"SVP Gaussian / none / c = 0.968",0.00458333333333864,12,0.0550000000000637,1
"vary_n",1871,0,47,"SVP Gaussian / none / c = 0.968",0.00278947368421637,19,0.053000000000111,1
"vary_n",1871,0,48,"SVP Gaussian / none / c = 0.968",0.00409090909090537,22,0.0899999999999181,1
"vary_n",2242,0,13,"SVP Gaussian / none / c = 0.968",0.000260526315789297,380,0.0989999999999327,1
"vary_n",2242,0,14,"SVP Gaussian / none / c = 0.968",0.000254545454545636,220,0.05600000000004,1
"vary_n",2242,0,15,"SVP Gaussian / none / c = 0.968",0.000252631578947378,380,0.0960000000000036,1
"vary_n",2242,0,16,"SVP Gaussian / none / c = 0.968",0.00650000000000546,10,0.0650000000000546,1
"vary_n",2242,0,17,"SVP Gaussian / none / c = 0.968",0.000254545454545636,220,0.05600000000004,1
"vary_n",2242,0,18,"SVP Gaussian / none / c = 0.968",0.00539999999998599,10,0.0539999999998599,1
"vary_n",2242,0,19,"SVP Gaussian / none / c = 0.968",0.00575000000000614,16,0.0920000000000982,1
"vary_n",2242,0,20,"SVP Gaussian / none / c = 0.968",0.000254464285714359,224,0.0570000000000164,1
"vary_n",2242,0,21,"SVP Gaussian / none / c = 0.968",0.00550000000000637,10,0.0550000000000637,1
"vary_n",2242,0,22,"SVP Gaussian / none / c = 0.968",0.0103333333333164,6,0.0619999999998981,1
"vary_n",2242,0,23,"SVP Gaussian / none / c = 0.968",0.000263157894736603,380,0.099999999999909,1
"vary_n",2242,0,24,"SVP Gaussian / none / c = 0.968",0.000255263157894684,380,0.09699999999998,1
"vary_n",2242,0,25,"SVP Gaussian / none / c = 0.968",0.00606249999999875,16,0.09699999999998,1
"vary_n",2242,0,26,"SVP Gaussian / none / c = 0.968",0.0115999999999985,5,0.0579999999999927,1
"vary_n",2242,0,27,"SVP Gaussian / none / c = 0.968",0.000490909090909885,165,0.081000000000131,1
"vary_n",2242,0,28,"SVP Gaussian / none / c = 0.968",0.00662499999998545,8,0.0529999999998836,1
"vary_n",2242,0,29,"SVP Gaussian / none / c = 0.968",0.000254464285714359,224,0.0570000000000164,1
"vary_n",2242,0,30,"SVP Gaussian / none / c = 0.968",0.0106666666666418,6,0.0639999999998508,1
"vary_n",2242,0,31,"SVP Gaussian / none / c = 0.968",0.000255263157894684,380,0.09699999999998,1
"vary_n",2242,0,32,"SVP Gaussian / none / c = 0.968",0.00662500000001387,8,0.053000000000111,1
"vary_n",2242,0,33,"SVP Gaussian / none / c = 0.968",0.0114999999999933,6,0.06899999999996,1
"vary_n",2242,0,34,"SVP Gaussian / none / c = 0.968",0.000255263157894684,380,0.09699999999998,1
"vary_n",2242,0,35,"SVP Gaussian / none / c = 0.968",0.00499999999999545,12,0.0599999999999454,1
"vary_n",2242,0,36,"SVP Gaussian / none / c = 0.968",0.000848214285714529,112,0.0950000000000273,1
"vary_n",2242,0,37,"SVP Gaussian / none / c = 0.968",0.0101666666666536,6,0.0609999999999218,1
"vary_n",2242,0,38,"SVP Gaussian / none / c = 0.968",0.005600000000004,10,0.05600000000004,1
"vary_n",2242,0,39,"SVP Gaussian / none / c = 0.968",0.000260526315789297,380,0.0989999999999327,1
"vary_n",2242,0,40,"SVP Gaussian / none / c = 0.968",0.000250000000000179,224,0.05600000000004,1
"vary_n",2242,0,41,"SVP Gaussian / none / c = 0.968",0.00126785714285964,56,0.0710000000001401,1
"vary_n",2242,0,42,"SVP Gaussian / none / c = 0.968",0.007000000000005,8,0.05600000000004,1
"vary_n",2242,0,43,"SVP Gaussian / none / c = 0.968",0.000258928571428539,224,0.0579999999999927,1
"vary_n",2242,0,44,"SVP Gaussian / none / c = 0.968",0.0103333333333543,6,0.0620000000001255,1
"vary_n",2242,0,45,"SVP Gaussian / none / c = 0.968",0.000255263157894684,380,0.09699999999998,1
"vary_n",2242,0,46,"SVP Gaussian / none / c = 0.968",0.00278947368421637,19,0.053000000000111,1
"vary_n",2242,0,47,"SVP Gaussian / none / c = 0.968",0.000427272727271925,220,0.0939999999998236,1
"vary_n",2242,0,48,"SVP Gaussian / none / c = 0.968",0.00785714285711947,7,0.0549999999998363,1
"vary_n",2686,0,13,"SVP Gaussian / none / c = 0.968",0.00235714285714396,28,0.0660000000000309,1
"vary_n",2686,0,14,"SVP Gaussian / none / c = 0.968",0.00814285714285948,7,0.0570000000000164,1
"vary_n",2686,0,15,"SVP Gaussian / none / c = 0.968",0.0125999999999749,5,0.0629999999998745,1
"vary_n",2686,0,16,"SVP Gaussian / none / c = 0.968",0.0119999999999891,5,0.0599999999999454,1
"vary_n",2686,0,17,"SVP Gaussian / none / c = 0.968",0.000322727272727909,220,0.0710000000001401,1
"vary_n",2686,0,18,"SVP Gaussian / none / c = 0.968",0.0159999999999627,4,0.0639999999998508,1
"vary_n",2686,0,19,"SVP Gaussian / none / c = 0.968",0.00317857142856935,28,0.0889999999999418,1
"vary_n",2686,0,20,"SVP Gaussian / none / c = 0.968",0.000964285714287273,56,0.0540000000000873,1
"vary_n",2686,0,21,"SVP Gaussian / none / c = 0.968",0.0162500000000136,4,0.0650000000000546,1
"vary_n",2686,0,22,"SVP Gaussian / none / c = 0.968",0.0139999999999532,4,0.0559999999998126,1
"vary_n",2686,0,23,"SVP Gaussian / none / c = 0.968",0.0119999999999891,5,0.0599999999999454,1
"vary_n",2686,0,24,"SVP Gaussian / none / c = 0.968",0.00292857142857526,28,0.0820000000001073,1
"vary_n",2686,0,25,"SVP Gaussian / none / c = 0.968",0.00213157894736588,38,0.0809999999999036,1
"vary_n",2686,0,26,"SVP Gaussian / none / c = 0.968",0.000316964285713896,224,0.0709999999999127,1
"vary_n",2686,0,27,"SVP Gaussian / none / c = 0.968",0.00489999999999782,20,0.0979999999999563,1
"vary_n",2686,0,28,"SVP Gaussian / none / c = 0.968",0.000892857142856331,112,0.099999999999909,1
"vary_n",2686,0,29,"SVP Gaussian / none / c = 0.968",0.00966666666666545,6,0.0579999999999927,1
"vary_n",2686,0,30,"SVP Gaussian / none / c = 0.968",0.0144999999999982,4,0.0579999999999927,1
"vary_n",2686,0,31,"SVP Gaussian / none / c = 0.968",0.0137500000000159,4,0.0550000000000637,1
"vary_n",2686,0,32,"SVP Gaussian / none / c = 0.968",0.000325892857143271,224,0.0730000000000928,1
"vary_n",2686,0,33,"SVP Gaussian / none / c = 0.968",0.000326315789474345,190,0.0620000000001255,1
"vary_n",2686,0,34,"SVP Gaussian / none / c = 0.968",0.00182142857143422,28,0.0510000000001583,1
"vary_n",2686,0,35,"SVP Gaussian / none / c = 0.968",0.000325892857143271,224,0.0730000000000928,1
"vary_n",2686,0,36,"SVP Gaussian / none / c = 0.968",0.0122000000000298,5,0.0610000000001492,1
"vary_n",2686,0,37,"SVP Gaussian / none / c = 0.968",0.0154999999999745,4,0.0619999999998981,1
"vary_n",2686,0,38,"SVP Gaussian / none / c = 0.968",0.0167500000000018,4,0.0670000000000073,1
"vary_n",2686,0,39,"SVP Gaussian / none / c = 0.968",0.0137499999999591,4,0.0549999999998363,1
"vary_n",2686,0,40,"SVP Gaussian / none / c = 0.968",0.0110000000000052,6,0.0660000000000309,1
"vary_n",2686,0,41,"SVP Gaussian / none / c = 0.968",0.000328571428571779,280,0.0920000000000982,1
"vary_n",2686,0,42,"SVP Gaussian / none / c = 0.968",0.000326315789473148,190,0.0619999999998981,1
"vary_n",2686,0,43,"SVP Gaussian / none / c = 0.968",0.000321428571429091,280,0.0900000000001455,1
"vary_n",2686,0,44,"SVP Gaussian / none / c = 0.968",0.00268421052631215,19,0.0509999999999309,1
"vary_n",2686,0,45,"SVP Gaussian / none / c = 0.968",0.000321428571429091,280,0.0900000000001455,1
"vary_n",2686,0,46,"SVP Gaussian / none / c = 0.968",0.00182142857143422,28,0.0510000000001583,1
"vary_n",2686,0,47,"SVP Gaussian / none / c = 0.968",0.0157499999999686,4,0.0629999999998745,1
"vary_n",2686,0,48,"SVP Gaussian / none / c = 0.968",0.00800000000000572,7,0.05600000000004,1
"vary_n",3219,0,13,"SVP Gaussian / none / c = 0.968",0.0144999999999982,4,0.0579999999999927,1
"vary_n",3219,0,14,"SVP Gaussian / none / c = 0.968",0.00687500000000796,8,0.0550000000000637,1
"vary_n",3219,0,15,"SVP Gaussian / none / c = 0.968",0.00442857142856415,14,0.0619999999998981,1
"vary_n",3219,0,16,"SVP Gaussian / none / c = 0.968",0.010500000000017,6,0.0630000000001019,1
"vary_n",3219,0,17,"SVP Gaussian / none / c = 0.968",0.00436363636363653,22,0.0960000000000036,1
"vary_n",3219,0,18,"SVP Gaussian / none / c = 0.968",0.00579999999999927,10,0.0579999999999927,1
"vary_n",3219,0,19,"SVP Gaussian / none / c = 0.968",0.00268421052632412,19,0.0510000000001583,1
"vary_n",3219,0,20,"SVP Gaussian / none / c = 0.968",0.00207142857142831,28,0.0579999999999927,1
"vary_n",3219,0,21,"SVP Gaussian / none / c = 0.968",0.0150000000000432,4,0.0600000000001728,1
"vary_n",3219,0,22,"SVP Gaussian / none / c = 0.968",0.00135714285714325,56,0.0760000000000218,1
"vary_n",3219,0,23,"SVP Gaussian / none / c = 0.968",0.0196666666667322,3,0.0590000000001965,1
"vary_n",3219,0,24,"SVP Gaussian / none / c = 0.968",0.01400000000001,4,0.05600000000004,1
"vary_n",3219,0,25,"SVP Gaussian / none / c = 0.968",0.00950000000000273,6,0.0570000000000164,1
"vary_n",3219,0,26,"SVP Gaussian / none / c = 0.968",0.0226666666666612,3,0.0679999999999836,1
"vary_n",3219,0,27,"SVP Gaussian / none / c = 0.968",0.00108928571428432,56,0.0609999999999218,1
"vary_n",3219,0,28,"SVP Gaussian / none / c = 0.968",0.0165000000000077,4,0.0660000000000309,1
"vary_n",3219,0,29,"SVP Gaussian / none / c = 0.968",0.000363636363636033,165,0.0599999999999454,1
"vary_n",3219,0,30,"SVP Gaussian / none / c = 0.968",0.0199999999999818,3,0.0599999999999454,1
"vary_n",3219,0,31,"SVP Gaussian / none / c = 0.968",0.0213333333333594,3,0.0640000000000782,1
"vary_n",3219,0,32,"SVP Gaussian / none / c = 0.968",0.000360714285714688,280,0.101000000000113,1
"vary_n",3219,0,33,"SVP Gaussian / none / c = 0.968",0.0105999999999767,5,0.0529999999998836,1
"vary_n",3219,0,34,"SVP Gaussian / none / c = 0.968",0.007000000000005,8,0.05600000000004,1
"vary_n",3219,0,35,"SVP Gaussian / none / c = 0.968",0.0027894736842044,19,0.0529999999998836,1
"vary_n",3219,0,36,"SVP Gaussian / none / c = 0.968",0.000767857142857257,112,0.0860000000000127,1
"vary_n",3219,0,37,"SVP Gaussian / none / c = 0.968",0.0220000000000103,3,0.0660000000000309,1
"vary_n",3219,0,38,"SVP Gaussian / none / c = 0.968",0.000353571428572,280,0.0990000000001601,1
"vary_n",3219,0,39,"SVP Gaussian / none / c = 0.968",0.0190000000000055,3,0.0570000000000164,1
"vary_n",3219,0,40,"SVP Gaussian / none / c = 0.968",0.0216666666666849,3,0.0650000000000546,1
"vary_n",3219,0,41,"SVP Gaussian / none / c = 0.968",0.00436363636363653,22,0.0960000000000036,1
"vary_n",3219,0,42,"SVP Gaussian / none / c = 0.968",0.0229999999999867,3,0.06899999999996,1
"vary_n",3219,0,43,"SVP Gaussian / none / c = 0.968",0.000458333333333322,168,0.0769999999999982,1
"vary_n",3219,0,44,"SVP Gaussian / none / c = 0.968",0.000363095238094773,168,0.0609999999999218,1
"vary_n",3219,0,45,"SVP Gaussian / none / c = 0.968",0.0226666666666612,3,0.0679999999999836,1
"vary_n",3219,0,46,"SVP Gaussian / none / c = 0.968",0.00314285714285591,28,0.0879999999999654,1
"vary_n",3219,0,47,"SVP Gaussian / none / c = 0.968",0.0196666666666564,3,0.0589999999999691,1
"vary_n",3219,0,48,"SVP Gaussian / none / c = 0.968",0.000946428571426493,56,0.0529999999998836,1
"vary_n",3856,0,13,"SVP Gaussian / none / c = 0.968",0.00540000000000873,10,0.0540000000000873,1
"vary_n",3856,0,14,"SVP Gaussian / none / c = 0.968",0.0139999999999532,4,0.0559999999998126,1
"vary_n",3856,0,15,"SVP Gaussian / none / c = 0.968",0.000441666666667591,120,0.053000000000111,1
"vary_n",3856,0,16,"SVP Gaussian / none / c = 0.968",0.0250000000000152,3,0.0750000000000455,1
"vary_n",3856,0,17,"SVP Gaussian / none / c = 0.968",0.00141071428571747,56,0.0790000000001783,1
"vary_n",3856,0,18,"SVP Gaussian / none / c = 0.968",0.000440909090909,220,0.09699999999998,1
"vary_n",3856,0,19,"SVP Gaussian / none / c = 0.968",0.02800000000002,2,0.05600000000004,1
"vary_n",3856,0,20,"SVP Gaussian / none / c = 0.968",0.000440476190475249,168,0.0739999999998417,1
"vary_n",3856,0,21,"SVP Gaussian / none / c = 0.968",0.0206666666667085,3,0.0620000000001255,1
"vary_n",3856,0,22,"SVP Gaussian / none / c = 0.968",0.0193333333333309,3,0.0579999999999927,1
"vary_n",3856,0,23,"SVP Gaussian / none / c = 0.968",0.00662499999998545,8,0.0529999999998836,1
"vary_n",3856,0,24,"SVP Gaussian / none / c = 0.968",0.0077142857142657,7,0.0539999999998599,1
"vary_n",3856,0,25,"SVP Gaussian / none / c = 0.968",0.0196666666666564,3,0.0589999999999691,1
"vary_n",3856,0,26,"SVP Gaussian / none / c = 0.968",0.000428571428570768,168,0.071999999999889,1
"vary_n",3856,0,27,"SVP Gaussian / none / c = 0.968",0.0223333333333358,3,0.0670000000000073,1
"vary_n",3856,0,28,"SVP Gaussian / none / c = 0.968",0.0233333333333121,3,0.0699999999999363,1
"vary_n",3856,0,29,"SVP Gaussian / none / c = 0.968",0.0314999999999372,2,0.0629999999998745,1
"vary_n",3856,0,30,"SVP Gaussian / none / c = 0.968",0.000436363636364342,165,0.0720000000001164,1
"vary_n",3856,0,31,"SVP Gaussian / none / c = 0.968",0.0101666666666536,6,0.0609999999999218,1
"vary_n",3856,0,32,"SVP Gaussian / none / c = 0.968",0.00508333333334576,12,0.0610000000001492,1
"vary_n",3856,0,33,"SVP Gaussian / none / c = 0.968",0.000433333333334455,120,0.0520000000001346,1
"vary_n",3856,0,34,"SVP Gaussian / none / c = 0.968",0.0111666666666679,6,0.0670000000000073,1
"vary_n",3856,0,35,"SVP Gaussian / none / c = 0.968",0.00180357142857344,56,0.101000000000113,1
"vary_n",3856,0,36,"SVP Gaussian / none / c = 0.968",0.0230000000000625,3,0.0690000000001874,1
"vary_n",3856,0,37,"SVP Gaussian / none / c = 0.968",0.0159999999999627,4,0.0639999999998508,1
"vary_n",3856,0,38,"SVP Gaussian / none / c = 0.968",0.0289999999999964,2,0.0579999999999927,1
"vary_n",3856,0,39,"SVP Gaussian / none / c = 0.968",0.0250000000000152,3,0.0750000000000455,1
"vary_n",3856,0,40,"SVP Gaussian / none / c = 0.968",0.0325000000000273,2,0.0650000000000546,1
"vary_n",3856,0,41,"SVP Gaussian / none / c = 0.968",0.000425000000001319,120,0.0510000000001583,1
"vary_n",3856,0,42,"SVP Gaussian / none / c = 0.968",0.000440476190475249,168,0.0739999999998417,1
"vary_n",3856,0,43,"SVP Gaussian / none / c = 0.968",0.00221428571428208,28,0.0619999999998981,1
"vary_n",3856,0,44,"SVP Gaussian / none / c = 0.968",0.000696428571428344,112,0.0779999999999745,1
"vary_n",3856,0,45,"SVP Gaussian / none / c = 0.968",0.000544642857142159,112,0.0609999999999218,1
"vary_n",3856,0,46,"SVP Gaussian / none / c = 0.968",0.00305263157894699,19,0.0579999999999927,1
"vary_n",3856,0,47,"SVP Gaussian / none / c = 0.968",0.00273684210527024,19,0.0520000000001346,1
"vary_n",3856,0,48,"SVP Gaussian / none / c = 0.968",0.0253333333333406,3,0.0760000000000218,1
"vary_n",4621,0,13,"SVP Gaussian / none / c = 0.968",0.0275000000000318,2,0.0550000000000637,1
"vary_n",4621,0,14,"SVP Gaussian / none / c = 0.968",0.04200000000003,2,0.08400000000006,1
"vary_n",4621,0,15,"SVP Gaussian / none / c = 0.968",0.01400000000001,4,0.05600000000004,1
"vary_n",4621,0,16,"SVP Gaussian / none / c = 0.968",0.00180357142857344,56,0.101000000000113,1
"vary_n",4621,0,17,"SVP Gaussian / none / c = 0.968",0.00527272727272661,11,0.0579999999999927,1
"vary_n",4621,0,18,"SVP Gaussian / none / c = 0.968",0.000520000000000209,200,0.104000000000042,1
"vary_n",4621,0,19,"SVP Gaussian / none / c = 0.968",0.0349999999999682,2,0.0699999999999363,1
"vary_n",4621,0,20,"SVP Gaussian / none / c = 0.968",0.00799999999997324,7,0.0559999999998126,1
"vary_n",4621,0,21,"SVP Gaussian / none / c = 0.968",0.0279999999999063,2,0.0559999999998126,1
"vary_n",4621,0,22,"SVP Gaussian / none / c = 0.968",0.000508928571428718,112,0.0570000000000164,1
"vary_n",4621,0,23,"SVP Gaussian / none / c = 0.968",0.000517857142857078,112,0.0579999999999927,1
"vary_n",4621,0,24,"SVP Gaussian / none / c = 0.968",0.000526785714285438,112,0.0589999999999691,1
"vary_n",4621,0,25,"SVP Gaussian / none / c = 0.968",0.0285000000000082,2,0.0570000000000164,1
"vary_n",4621,0,26,"SVP Gaussian / none / c = 0.968",0.026333333333317,3,0.0789999999999509,1
"vary_n",4621,0,27,"SVP Gaussian / none / c = 0.968",0.0315000000000509,2,0.0630000000001019,1
"vary_n",4621,0,28,"SVP Gaussian / none / c = 0.968",0.000529999999998836,100,0.0529999999998836,1
"vary_n",4621,0,29,"SVP Gaussian / none / c = 0.968",0.000520000000001346,100,0.0520000000001346,1
"vary_n",4621,0,30,"SVP Gaussian / none / c = 0.968",0.0203333333333073,3,0.0609999999999218,1
"vary_n",4621,0,31,"SVP Gaussian / none / c = 0.968",0.000500000000000357,112,0.05600000000004,1
"vary_n",4621,0,32,"SVP Gaussian / none / c = 0.968",0.0119999999999891,5,0.0599999999999454,1
"vary_n",4621,0,33,"SVP Gaussian / none / c = 0.968",0.0193333333333309,3,0.0579999999999927,1
"vary_n",4621,0,34,"SVP Gaussian / none / c = 0.968",0.0414999999999281,2,0.0829999999998563,1
"vary_n",4621,0,35,"SVP Gaussian / none / c = 0.968",0.000517857142857078,112,0.0579999999999927,1
"vary_n",4621,0,36,"SVP Gaussian / none / c = 0.968",0.0399999999999636,2,0.0799999999999272,1
"vary_n",4621,0,37,"SVP Gaussian / none / c = 0.968",0.000535714285715829,112,0.0600000000001728,1
"vary_n",4621,0,38,"SVP Gaussian / none / c = 0.968",0.000509999999999309,100,0.0509999999999309,1
"vary_n",4621,0,39,"SVP Gaussian / none / c = 0.968",0.0414999999999281,2,0.0829999999998563,1
"vary_n",4621,0,40,"SVP Gaussian / none / c = 0.968",0.000517857142857078,112,0.0579999999999927,1
"vary_n",4621,0,41,"SVP Gaussian / none / c = 0.968",0.0434999999999945,2,0.0869999999999891,1
"vary_n",4621,0,42,"SVP Gaussian / none / c = 0.968",0.00559999999998126,10,0.0559999999998126,1
"vary_n",4621,0,43,"SVP Gaussian / none / c = 0.968",0.000517857142857078,112,0.0579999999999927,1
"vary_n",4621,0,44,"SVP Gaussian / none / c = 0.968",0.000509090909091273,110,0.05600000000004,1
"vary_n",4621,0,45,"SVP Gaussian / none / c = 0.968",0.0430000000000064,2,0.0860000000000127,1
"vary_n",4621,0,46,"SVP Gaussian / none / c = 0.968",0.000500000000000357,112,0.05600000000004,1
"vary_n",4621,0,47,"SVP Gaussian / none / c = 0.968",0.0389999999999873,2,0.0779999999999745,1
"vary_n",4621,0,48,"SVP Gaussian / none / c = 0.968",0.00150000000000107,56,0.08400000000006,1
"vary_n",5537,0,13,"SVP Gaussian / none / c = 0.968",0.0579999999999927,1,0.0579999999999927,1
"vary_n",5537,0,14,"SVP Gaussian / none / c = 0.968",0.0233333333333121,3,0.0699999999999363,1
"vary_n",5537,0,15,"SVP Gaussian / none / c = 0.968",0.0599999999999454,1,0.0599999999999454,1
"vary_n",5537,0,16,"SVP Gaussian / none / c = 0.968",0.0610000000001492,1,0.0610000000001492,1
"vary_n",5537,0,17,"SVP Gaussian / none / c = 0.968",0.0364999999999327,2,0.0729999999998654,1
"vary_n",5537,0,18,"SVP Gaussian / none / c = 0.968",0.00724999999999909,8,0.0579999999999927,1
"vary_n",5537,0,19,"SVP Gaussian / none / c = 0.968",0.000616071428573101,112,0.0690000000001874,1
"vary_n",5537,0,20,"SVP Gaussian / none / c = 0.968",0.00529999999998836,10,0.0529999999998836,1
"vary_n",5537,0,21,"SVP Gaussian / none / c = 0.968",0.03550000000007,2,0.0710000000001401,1
"vary_n",5537,0,22,"SVP Gaussian / none / c = 0.968",0.0489999999999782,2,0.0979999999999563,1
"vary_n",5537,0,23,"SVP Gaussian / none / c = 0.968",0.0455000000000609,2,0.0910000000001219,1
"vary_n",5537,0,24,"SVP Gaussian / none / c = 0.968",0.0305000000000746,2,0.0610000000001492,1
"vary_n",5537,0,25,"SVP Gaussian / none / c = 0.968",0.0206666666667085,3,0.0620000000001255,1
"vary_n",5537,0,26,"SVP Gaussian / none / c = 0.968",0.00252631578947378,38,0.0960000000000036,1
"vary_n",5537,0,27,"SVP Gaussian / none / c = 0.968",0.00785714285715195,7,0.0550000000000637,1
"vary_n",5537,0,28,"SVP Gaussian / none / c = 0.968",0.03550000000007,2,0.0710000000001401,1
"vary_n",5537,0,29,"SVP Gaussian / none / c = 0.968",0.00483333333333273,12,0.0579999999999927,1
"vary_n",5537,0,30,"SVP Gaussian / none / c = 0.968",0.0640000000000782,1,0.0640000000000782,1
"vary_n",5537,0,31,"SVP Gaussian / none / c = 0.968",0.00650000000000546,10,0.0650000000000546,1
"vary_n",5537,0,32,"SVP Gaussian / none / c = 0.968",0.0243333333333643,3,0.0730000000000928,1
"vary_n",5537,0,33,"SVP Gaussian / none / c = 0.968",0.0540000000000873,1,0.0540000000000873,1
"vary_n",5537,0,34,"SVP Gaussian / none / c = 0.968",0.0108000000000175,5,0.0540000000000873,1
"vary_n",5537,0,35,"SVP Gaussian / none / c = 0.968",0.0679999999999836,1,0.0679999999999836,1
"vary_n",5537,0,36,"SVP Gaussian / none / c = 0.968",0.000803571428572728,112,0.0900000000001455,1
"vary_n",5537,0,37,"SVP Gaussian / none / c = 0.968",0.000616071428571071,112,0.06899999999996,1
"vary_n",5537,0,38,"SVP Gaussian / none / c = 0.968",0.0460000000000491,2,0.0920000000000982,1
"vary_n",5537,0,39,"SVP Gaussian / none / c = 0.968",0.000612499999999727,160,0.0979999999999563,1
"vary_n",5537,0,40,"SVP Gaussian / none / c = 0.968",0.000627272727272363,110,0.06899999999996,1
"vary_n",5537,0,41,"SVP Gaussian / none / c = 0.968",0.0190000000000055,3,0.0570000000000164,1
"vary_n",5537,0,42,"SVP Gaussian / none / c = 0.968",0.0609999999999218,1,0.0609999999999218,1
"vary_n",5537,0,43,"SVP Gaussian / none / c = 0.968",0.005600000000004,10,0.05600000000004,1
"vary_n",5537,0,44,"SVP Gaussian / none / c = 0.968",0.000618749999999579,160,0.0989999999999327,1
"vary_n",5537,0,45,"SVP Gaussian / none / c = 0.968",0.0499999999999545,2,0.099999999999909,1
"vary_n",5537,0,46,"SVP Gaussian / none / c = 0.968",0.000625000000001462,112,0.0700000000001637,1
"vary_n",5537,0,47,"SVP Gaussian / none / c = 0.968",0.0304999999999609,2,0.0609999999999218,1
"vary_n",5537,0,48,"SVP Gaussian / none / c = 0.968",0.00525000000000849,12,0.0630000000001019,1
"vary_n",6634,0,13,"SVP Gaussian / none / c = 0.968",0.0900000000001455,1,0.0900000000001455,1
"vary_n",6634,0,14,"SVP Gaussian / none / c = 0.968",0.0108333333333424,6,0.0650000000000546,1
"vary_n",6634,0,15,"SVP Gaussian / none / c = 0.968",0.0879999999999654,1,0.0879999999999654,1
"vary_n",6634,0,16,"SVP Gaussian / none / c = 0.968",0.0909999999998945,1,0.0909999999998945,1
"vary_n",6634,0,17,"SVP Gaussian / none / c = 0.968",0.0740000000000691,1,0.0740000000000691,1
"vary_n",6634,0,18,"SVP Gaussian / none / c = 0.968",0.053000000000111,1,0.053000000000111,1
"vary_n",6634,0,19,"SVP Gaussian / none / c = 0.968",0.0910000000001219,1,0.0910000000001219,1
"vary_n",6634,0,20,"SVP Gaussian / none / c = 0.968",0.0850000000000364,1,0.0850000000000364,1
"vary_n",6634,0,21,"SVP Gaussian / none / c = 0.968",0.06899999999996,1,0.06899999999996,1
"vary_n",6634,0,22,"SVP Gaussian / none / c = 0.968",0.026333333333317,3,0.0789999999999509,1
"vary_n",6634,0,23,"SVP Gaussian / none / c = 0.968",0.000749999999998506,112,0.0839999999998327,1
"vary_n",6634,0,24,"SVP Gaussian / none / c = 0.968",0.0315000000000509,2,0.0630000000001019,1
"vary_n",6634,0,25,"SVP Gaussian / none / c = 0.968",0.0640000000000782,1,0.0640000000000782,1
"vary_n",6634,0,26,"SVP Gaussian / none / c = 0.968",0.0599999999999454,1,0.0599999999999454,1
"vary_n",6634,0,27,"SVP Gaussian / none / c = 0.968",0.0650000000000546,1,0.0650000000000546,1
"vary_n",6634,0,28,"SVP Gaussian / none / c = 0.968",0.0220000000000103,3,0.0660000000000309,2
"vary_n",6634,0,29,"SVP Gaussian / none / c = 0.968",0.000749999999998506,112,0.0839999999998327,1
"vary_n",6634,0,30,"SVP Gaussian / none / c = 0.968",0.0309999999999491,2,0.0619999999998981,1
"vary_n",6634,0,31,"SVP Gaussian / none / c = 0.968",0.05600000000004,1,0.05600000000004,1
"vary_n",6634,0,32,"SVP Gaussian / none / c = 0.968",0.000732142857143815,112,0.0820000000001073,1
"vary_n",6634,0,33,"SVP Gaussian / none / c = 0.968",0.000794642857142337,112,0.0889999999999418,1
"vary_n",6634,0,34,"SVP Gaussian / none / c = 0.968",0.0304999999999609,2,0.0609999999999218,1
"vary_n",6634,0,35,"SVP Gaussian / none / c = 0.968",0.00252631578947378,38,0.0960000000000036,1
"vary_n",6634,0,36,"SVP Gaussian / none / c = 0.968",0.000723214285713425,112,0.0809999999999036,1
"vary_n",6634,0,37,"SVP Gaussian / none / c = 0.968",0.0910000000001219,1,0.0910000000001219,1
"vary_n",6634,0,38,"SVP Gaussian / none / c = 0.968",0.000767857142857257,112,0.0860000000000127,1
"vary_n",6634,0,39,"SVP Gaussian / none / c = 0.968",0.000738095238096732,84,0.0620000000001255,1
"vary_n",6634,0,40,"SVP Gaussian / none / c = 0.968",0.0213333333333594,3,0.0640000000000782,1
"vary_n",6634,0,41,"SVP Gaussian / none / c = 0.968",0.0190000000000055,3,0.0570000000000164,1
"vary_n",6634,0,42,"SVP Gaussian / none / c = 0.968",0.0434999999999945,2,0.0869999999999891,1
"vary_n",6634,0,43,"SVP Gaussian / none / c = 0.968",0.0889999999999418,1,0.0889999999999418,1
"vary_n",6634,0,44,"SVP Gaussian / none / c = 0.968",0.0470000000000255,2,0.0940000000000509,1
"vary_n",6634,0,45,"SVP Gaussian / none / c = 0.968",0.053000000000111,1,0.053000000000111,1
"vary_n",6634,0,46,"SVP Gaussian / none / c = 0.968",0.08400000000006,1,0.08400000000006,1
"vary_n",6634,0,47,"SVP Gaussian / none / c = 0.968",0.000741071428572176,112,0.0830000000000837,1
"vary_n",6634,0,48,"SVP Gaussian / none / c = 0.968",0.0620000000001255,1,0.0620000000001255,1
"vary_n",7949,0,13,"SVP Gaussian / none / c = 0.968",0.114000000000033,1,0.114000000000033,1
"vary_n",7949,0,14,"SVP Gaussian / none / c = 0.968",0.0127999999999702,5,0.0639999999998508,1
"vary_n",7949,0,15,"SVP Gaussian / none / c = 0.968",0.0640000000000782,1,0.0640000000000782,1
"vary_n",7949,0,16,"SVP Gaussian / none / c = 0.968",0.0919999999998709,1,0.0919999999998709,1
"vary_n",7949,0,17,"SVP Gaussian / none / c = 0.968",0.0960000000000036,1,0.0960000000000036,1
"vary_n",7949,0,18,"SVP Gaussian / none / c = 0.968",0.0589999999999691,1,0.0589999999999691,1
"vary_n",7949,0,19,"SVP Gaussian / none / c = 0.968",0.000892857142856331,112,0.099999999999909,1
"vary_n",7949,0,20,"SVP Gaussian / none / c = 0.968",0.000892857142857684,84,0.0750000000000455,1
"vary_n",7949,0,21,"SVP Gaussian / none / c = 0.968",0.0620000000001255,1,0.0620000000001255,1
"vary_n",7949,0,22,"SVP Gaussian / none / c = 0.968",0.0470000000000255,2,0.0940000000000509,1
"vary_n",7949,0,23,"SVP Gaussian / none / c = 0.968",0.0800000000001546,1,0.0800000000001546,1
"vary_n",7949,0,24,"SVP Gaussian / none / c = 0.968",0.0519999999999072,1,0.0519999999999072,1
"vary_n",7949,0,25,"SVP Gaussian / none / c = 0.968",0.108999999999924,1,0.108999999999924,1
"vary_n",7949,0,26,"SVP Gaussian / none / c = 0.968",0.0330000000000155,2,0.0660000000000309,1
"vary_n",7949,0,27,"SVP Gaussian / none / c = 0.968",0.0679999999999836,1,0.0679999999999836,1
"vary_n",7949,0,28,"SVP Gaussian / none / c = 0.968",0.118000000000166,1,0.118000000000166,1
"vary_n",7949,0,29,"SVP Gaussian / none / c = 0.968",0.0243333333332885,3,0.0729999999998654,1
"vary_n",7949,0,30,"SVP Gaussian / none / c = 0.968",0.0820000000001073,1,0.0820000000001073,1
"vary_n",7949,0,31,"SVP Gaussian / none / c = 0.968",0.00728571428570441,7,0.0509999999999309,1
"vary_n",7949,0,32,"SVP Gaussian / none / c = 0.968",0.0769999999999982,1,0.0769999999999982,1
"vary_n",7949,0,33,"SVP Gaussian / none / c = 0.968",0.000863636363636612,110,0.0950000000000273,1
"vary_n",7949,0,34,"SVP Gaussian / none / c = 0.968",0.0389999999999873,2,0.0779999999999745,1
"vary_n",7949,0,35,"SVP Gaussian / none / c = 0.968",0.138999999999896,1,0.138999999999896,1
"vary_n",7949,0,36,"SVP Gaussian / none / c = 0.968",0.000890909090908694,110,0.0979999999999563,1
"vary_n",7949,0,37,"SVP Gaussian / none / c = 0.968",0.000883928571430001,112,0.0990000000001601,1
"vary_n",7949,0,38,"SVP Gaussian / none / c = 0.968",0.0016071428571414,56,0.0899999999999181,1
"vary_n",7949,0,39,"SVP Gaussian / none / c = 0.968",0.0779999999999745,1,0.0779999999999745,1
"vary_n",7949,0,40,"SVP Gaussian / none / c = 0.968",0.134000000000015,1,0.134000000000015,1
"vary_n",7949,0,41,"SVP Gaussian / none / c = 0.968",0.0579999999999927,1,0.0579999999999927,1
"vary_n",7949,0,42,"SVP Gaussian / none / c = 0.968",0.116999999999962,1,0.116999999999962,1
"vary_n",7949,0,43,"SVP Gaussian / none / c = 0.968",0.138000000000147,1,0.138000000000147,1
"vary_n",7949,0,44,"SVP Gaussian / none / c = 0.968",0.00086607142857125,112,0.09699999999998,1
"vary_n",7949,0,45,"SVP Gaussian / none / c = 0.968",0.0193333333333309,3,0.0579999999999927,1
"vary_n",7949,0,46,"SVP Gaussian / none / c = 0.968",0.00335714285714468,28,0.0940000000000509,1
"vary_n",7949,0,47,"SVP Gaussian / none / c = 0.968",0.114000000000033,1,0.114000000000033,1
"vary_n",7949,0,48,"SVP Gaussian / none / c = 0.968",0.0779999999999745,1,0.0779999999999745,1
"vary_n",9524,0,13,"SVP Gaussian / none / c = 0.968",0.00105357142857088,56,0.0589999999999691,1
"vary_n",9524,0,14,"SVP Gaussian / none / c = 0.968",0.0010714285714276,56,0.0599999999999454,1
"vary_n",9524,0,15,"SVP Gaussian / none / c = 0.968",0.0899999999999181,1,0.0899999999999181,1
"vary_n",9524,0,16,"SVP Gaussian / none / c = 0.968",0.023999999999963,3,0.071999999999889,1
"vary_n",9524,0,17,"SVP Gaussian / none / c = 0.968",0.0679999999999836,1,0.0679999999999836,1
"vary_n",9524,0,18,"SVP Gaussian / none / c = 0.968",0.00105357142857088,56,0.0589999999999691,1
"vary_n",9524,0,19,"SVP Gaussian / none / c = 0.968",0.0799999999999272,1,0.0799999999999272,1
"vary_n",9524,0,20,"SVP Gaussian / none / c = 0.968",0.0033157894736776,19,0.0629999999998745,1
"vary_n",9524,0,21,"SVP Gaussian / none / c = 0.968",0.0434999999999945,2,0.0869999999999891,1
"vary_n",9524,0,22,"SVP Gaussian / none / c = 0.968",0.00246428571428429,28,0.06899999999996,1
"vary_n",9524,0,23,"SVP Gaussian / none / c = 0.968",0.0415000000000418,2,0.0830000000000837,1
"vary_n",9524,0,24,"SVP Gaussian / none / c = 0.968",0.182999999999993,1,0.182999999999993,1
"vary_n",9524,0,25,"SVP Gaussian / none / c = 0.968",0.0779999999999745,1,0.0779999999999745,1
"vary_n",9524,0,26,"SVP Gaussian / none / c = 0.968",0.00101785714285744,56,0.0570000000000164,1
"vary_n",9524,0,27,"SVP Gaussian / none / c = 0.968",0.00263157894736603,38,0.099999999999909,1
"vary_n",9524,0,28,"SVP Gaussian / none / c = 0.968",0.165000000000191,1,0.165000000000191,1
"vary_n",9524,0,29,"SVP Gaussian / none / c = 0.968",0.0117999999999938,5,0.0589999999999691,1
"vary_n",9524,0,30,"SVP Gaussian / none / c = 0.968",0.00105357142857088,56,0.0589999999999691,1
"vary_n",9524,0,31,"SVP Gaussian / none / c = 0.968",0.0360000000000582,2,0.0720000000001164,1
"vary_n",9524,0,32,"SVP Gaussian / none / c = 0.968",0.0860000000000127,1,0.0860000000000127,1
"vary_n",9524,0,33,"SVP Gaussian / none / c = 0.968",0.00101785714285744,56,0.0570000000000164,1
"vary_n",9524,0,34,"SVP Gaussian / none / c = 0.968",0.00103571428571416,56,0.0579999999999927,1
"vary_n",9524,0,35,"SVP Gaussian / none / c = 0.968",0.0830000000000837,1,0.0830000000000837,1
"vary_n",9524,0,36,"SVP Gaussian / none / c = 0.968",0.0384999999999991,2,0.0769999999999982,1
"vary_n",9524,0,37,"SVP Gaussian / none / c = 0.968",0.0519999999999072,1,0.0519999999999072,1
"vary_n",9524,0,38,"SVP Gaussian / none / c = 0.968",0.104000000000042,1,0.104000000000042,1
"vary_n",9524,0,39,"SVP Gaussian / none / c = 0.968",0.00103571428571416,56,0.0579999999999927,1
"vary_n",9524,0,40,"SVP Gaussian / none / c = 0.968",0.0769999999999982,1,0.0769999999999982,1
"vary_n",9524,0,41,"SVP Gaussian / none / c = 0.968",0.0243333333333643,3,0.0730000000000928,1
"vary_n",9524,0,42,"SVP Gaussian / none / c = 0.968",0.00103571428571416,56,0.0579999999999927,1
"vary_n",9524,0,43,"SVP Gaussian / none / c = 0.968",0.123999999999796,1,0.123999999999796,1
"vary_n",9524,0,44,"SVP Gaussian / none / c = 0.968",0.125,1,0.125,1
"vary_n",9524,0,45,"SVP Gaussian / none / c = 0.968",0.00260526315789895,38,0.0990000000001601,1
"vary_n",9524,0,46,"SVP Gaussian / none / c = 0.968",0.0165000000000077,4,0.0660000000000309,1
"vary_n",9524,0,47,"SVP Gaussian / none / c = 0.968",0.0223333333333358,3,0.0670000000000073,1
"vary_n",9524,0,48,"SVP Gaussian / none / c = 0.968",0.147999999999911,1,0.147999999999911,1
"vary_n",11412,0,13,"SVP Gaussian / none / c = 0.968",0.267000000000053,1,0.267000000000053,1
"vary_n",11412,0,14,"SVP Gaussian / none / c = 0.968",0.0549999999998363,1,0.0549999999998363,1
"vary_n",11412,0,15,"SVP Gaussian / none / c = 0.968",0.0294999999999845,2,0.0589999999999691,1
"vary_n",11412,0,16,"SVP Gaussian / none / c = 0.968",0.0660000000000309,1,0.0660000000000309,1
"vary_n",11412,0,17,"SVP Gaussian / none / c = 0.968",0.212000000000216,1,0.212000000000216,1
"vary_n",11412,0,18,"SVP Gaussian / none / c = 0.968",0.162000000000035,1,0.162000000000035,1
"vary_n",11412,0,19,"SVP Gaussian / none / c = 0.968",0.00128571428571636,56,0.0720000000001164,1
"vary_n",11412,0,20,"SVP Gaussian / none / c = 0.968",0.119999999999891,1,0.119999999999891,1
"vary_n",11412,0,21,"SVP Gaussian / none / c = 0.968",0.186999999999898,1,0.186999999999898,1
"vary_n",11412,0,22,"SVP Gaussian / none / c = 0.968",0.00146428571428763,56,0.0820000000001073,1
"vary_n",11412,0,23,"SVP Gaussian / none / c = 0.968",0.231999999999971,1,0.231999999999971,1
"vary_n",11412,0,24,"SVP Gaussian / none / c = 0.968",0.153999999999996,1,0.153999999999996,1
"vary_n",11412,0,25,"SVP Gaussian / none / c = 0.968",0.0799999999999272,1,0.0799999999999272,1
"vary_n",11412,0,26,"SVP Gaussian / none / c = 0.968",0.239000000000033,1,0.239000000000033,1
"vary_n",11412,0,27,"SVP Gaussian / none / c = 0.968",0.145999999999958,1,0.145999999999958,1
"vary_n",11412,0,28,"SVP Gaussian / none / c = 0.968",0.278999999999996,1,0.278999999999996,1
"vary_n",11412,0,29,"SVP Gaussian / none / c = 0.968",0.00130357142856902,56,0.0729999999998654,1
"vary_n",11412,0,30,"SVP Gaussian / none / c = 0.968",0.00130357142856902,56,0.0729999999998654,1
"vary_n",11412,0,31,"SVP Gaussian / none / c = 0.968",0.0799999999999272,1,0.0799999999999272,1
"vary_n",11412,0,32,"SVP Gaussian / none / c = 0.968",0.00123214285714214,56,0.06899999999996,1
"vary_n",11412,0,33,"SVP Gaussian / none / c = 0.968",0.00124999999999886,56,0.0699999999999363,1
"vary_n",11412,0,34,"SVP Gaussian / none / c = 0.968",0.00771428571429819,7,0.0540000000000873,1
"vary_n",11412,0,35,"SVP Gaussian / none / c = 0.968",0.0570000000000164,1,0.0570000000000164,1
"vary_n",11412,0,36,"SVP Gaussian / none / c = 0.968",0.00130357142857309,56,0.0730000000000928,1
"vary_n",11412,0,37,"SVP Gaussian / none / c = 0.968",0.00130357142857309,56,0.0730000000000928,1
"vary_n",11412,0,38,"SVP Gaussian / none / c = 0.968",0.192999999999984,1,0.192999999999984,1
"vary_n",11412,0,39,"SVP Gaussian / none / c = 0.968",0.158999999999878,1,0.158999999999878,1
"vary_n",11412,0,40,"SVP Gaussian / none / c = 0.968",0.0960000000000036,1,0.0960000000000036,1
"vary_n",11412,0,41,"SVP Gaussian / none / c = 0.968",0.00130357142857309,56,0.0730000000000928,1
"vary_n",11412,0,42,"SVP Gaussian / none / c = 0.968",0.0129999999999768,4,0.0519999999999072,1
"vary_n",11412,0,43,"SVP Gaussian / none / c = 0.968",0.00207894736841976,38,0.0789999999999509,1
"vary_n",11412,0,44,"SVP Gaussian / none / c = 0.968",0.00132142857142981,56,0.0740000000000691,1
"vary_n",11412,0,45,"SVP Gaussian / none / c = 0.968",0.00130357142857309,56,0.0730000000000928,1
"vary_n",11412,0,46,"SVP Gaussian / none / c = 0.968",0.0930000000000746,1,0.0930000000000746,1
"vary_n",11412,0,47,"SVP Gaussian / none / c = 0.968",0.110000000000127,1,0.110000000000127,1
"vary_n",11412,0,48,"SVP Gaussian / none / c = 0.968",0.00130357142857309,56,0.0730000000000928,1
"vary_n",13674,0,13,"SVP Gaussian / none / c = 0.968",0.322000000000116,1,0.322000000000116,1
"vary_n",13674,0,14,"SVP Gaussian / none / c = 0.968",0.00771428571429819,7,0.0540000000000873,1
"vary_n",13674,0,15,"SVP Gaussian / none / c = 0.968",0.228000000000065,1,0.228000000000065,1
"vary_n",13674,0,16,"SVP Gaussian / none / c = 0.968",0.34699999999998,1,0.34699999999998,1
"vary_n",13674,0,17,"SVP Gaussian / none / c = 0.968",0.388999999999896,1,0.388999999999896,1
"vary_n",13674,0,18,"SVP Gaussian / none / c = 0.968",0.141999999999825,1,0.141999999999825,1
"vary_n",13674,0,19,"SVP Gaussian / none / c = 0.968",0.00153571428571451,56,0.0860000000000127,1
"vary_n",13674,0,20,"SVP Gaussian / none / c = 0.968",0.127999999999929,1,0.127999999999929,1
"vary_n",13674,0,21,"SVP Gaussian / none / c = 0.968",0.0700000000001637,1,0.0700000000001637,1
"vary_n",13674,0,22,"SVP Gaussian / none / c = 0.968",0.129000000000133,1,0.129000000000133,1
"vary_n",13674,0,23,"SVP Gaussian / none / c = 0.968",0.0335000000000036,2,0.0670000000000073,1
"vary_n",13674,0,24,"SVP Gaussian / none / c = 0.968",0.114000000000033,1,0.114000000000033,1
"vary_n",13674,0,25,"SVP Gaussian / none / c = 0.968",0.0123999999999796,5,0.0619999999998981,1
"vary_n",13674,0,26,"SVP Gaussian / none / c = 0.968",0.00150000000000107,56,0.08400000000006,1
"vary_n",13674,0,27,"SVP Gaussian / none / c = 0.968",0.0294999999999845,2,0.0589999999999691,1
"vary_n",13674,0,28,"SVP Gaussian / none / c = 0.968",0.00153571428571045,56,0.0859999999997854,1
"vary_n",13674,0,29,"SVP Gaussian / none / c = 0.968",0.0619999999998981,1,0.0619999999998981,1
"vary_n",13674,0,30,"SVP Gaussian / none / c = 0.968",0.00151785714285779,56,0.0850000000000364,1
"vary_n",13674,0,31,"SVP Gaussian / none / c = 0.968",0.173000000000002,1,0.173000000000002,1
"vary_n",13674,0,32,"SVP Gaussian / none / c = 0.968",0.247000000000071,1,0.247000000000071,1
"vary_n",13674,0,33,"SVP Gaussian / none / c = 0.968",0.135999999999967,1,0.135999999999967,1
"vary_n",13674,0,34,"SVP Gaussian / none / c = 0.968",0.226999999999862,1,0.226999999999862,1
"vary_n",13674,0,35,"SVP Gaussian / none / c = 0.968",0.00158928571428874,56,0.0890000000001692,1
"vary_n",13674,0,36,"SVP Gaussian / none / c = 0.968",0.0233333333333121,3,0.0699999999999363,1
"vary_n",13674,0,37,"SVP Gaussian / none / c = 0.968",0.00155357142857123,56,0.0869999999999891,1
"vary_n",13674,0,38,"SVP Gaussian / none / c = 0.968",0.06899999999996,1,0.06899999999996,1
"vary_n",13674,0,39,"SVP Gaussian / none / c = 0.968",0.0380000000000109,2,0.0760000000000218,1
"vary_n",13674,0,40,"SVP Gaussian / none / c = 0.968",0.00153571428571451,56,0.0860000000000127,1
"vary_n",13674,0,41,"SVP Gaussian / none / c = 0.968",0.345000000000027,1,0.345000000000027,1
"vary_n",13674,0,42,"SVP Gaussian / none / c = 0.968",0.278999999999996,1,0.278999999999996,1
"vary_n",13674,0,43,"SVP Gaussian / none / c = 0.968",0.00150000000000107,56,0.08400000000006,1
"vary_n",13674,0,44,"SVP Gaussian / none / c = 0.968",0.342000000000098,1,0.342000000000098,1
"vary_n",13674,0,45,"SVP Gaussian / none / c = 0.968",0.134000000000015,1,0.134000000000015,1
"vary_n",13674,0,46,"SVP Gaussian / none / c = 0.968",0.291999999999916,1,0.291999999999916,1
"vary_n",13674,0,47,"SVP Gaussian / none / c = 0.968",0.188000000000102,1,0.188000000000102,1
"vary_n",13674,0,48,"SVP Gaussian / none / c = 0.968",0.154999999999973,1,0.154999999999973,1
"vary_n",16384,0,13,"SVP Gaussian / none / c = 0.968",0.0159999999999627,4,0.0639999999998508,1
"vary_n",16384,0,14,"SVP Gaussian / none / c = 0.968",0.0167500000000018,4,0.0670000000000073,1
"vary_n",16384,0,15,"SVP Gaussian / none / c = 0.968",0.0979999999999563,1,0.0979999999999563,1
"vary_n",16384,0,16,"SVP Gaussian / none / c = 0.968",0.178000000000111,1,0.178000000000111,1
"vary_n",16384,0,17,"SVP Gaussian / none / c = 0.968",0.273000000000138,1,0.273000000000138,1
"vary_n",16384,0,18,"SVP Gaussian / none / c = 0.968",0.104000000000042,1,0.104000000000042,1
"vary_n",16384,0,19,"SVP Gaussian / none / c = 0.968",0.342000000000098,1,0.342000000000098,1
"vary_n",16384,0,20,"SVP Gaussian / none / c = 0.968",0.00189285714286111,28,0.053000000000111,1
"vary_n",16384,0,21,"SVP Gaussian / none / c = 0.968",0.260999999999967,1,0.260999999999967,1
"vary_n",16384,0,22,"SVP Gaussian / none / c = 0.968",0.49799999999982,1,0.49799999999982,1
"vary_n",16384,0,23,"SVP Gaussian / none / c = 0.968",0.166999999999916,1,0.166999999999916,1
"vary_n",16384,0,24,"SVP Gaussian / none / c = 0.968",0.423999999999978,1,0.423999999999978,1
"vary_n",16384,0,25,"SVP Gaussian / none / c = 0.968",0.535000000000082,1,0.535000000000082,1
"vary_n",16384,0,26,"SVP Gaussian / none / c = 0.968",0.00192857142856643,28,0.0539999999998599,1
"vary_n",16384,0,27,"SVP Gaussian / none / c = 0.968",0.894000000000005,1,0.894000000000005,1
"vary_n",16384,0,28,"SVP Gaussian / none / c = 0.968",0.00539999999998599,10,0.0539999999998599,1
"vary_n",16384,0,29,"SVP Gaussian / none / c = 0.968",0.00192857142856643,28,0.0539999999998599,1
"vary_n",16384,0,30,"SVP Gaussian / none / c = 0.968",0.0475000000000136,2,0.0950000000000273,1
"vary_n",16384,0,31,"SVP Gaussian / none / c = 0.968",0.442000000000007,1,0.442000000000007,1
"vary_n",16384,0,32,"SVP Gaussian / none / c = 0.968",0.51299999999992,1,0.51299999999992,1
"vary_n",16384,0,33,"SVP Gaussian / none / c = 0.968",0.481000000000222,1,0.481000000000222,1
"vary_n",16384,0,34,"SVP Gaussian / none / c = 0.968",0.488000000000056,1,0.488000000000056,1
"vary_n",16384,0,35,"SVP Gaussian / none / c = 0.968",0.0980000000001837,1,0.0980000000001837,1
"vary_n",16384,0,36,"SVP Gaussian / none / c = 0.968",0.00182142857143422,28,0.0510000000001583,1
"vary_n",16384,0,37,"SVP Gaussian / none / c = 0.968",0.261999999999944,1,0.261999999999944,1
"vary_n",16384,0,38,"SVP Gaussian / none / c = 0.968",0.01866666666668,3,0.05600000000004,1
"vary_n",16384,0,39,"SVP Gaussian / none / c = 0.968",0.394000000000005,1,0.394000000000005,1
"vary_n",16384,0,40,"SVP Gaussian / none / c = 0.968",0.00842857142856701,7,0.0589999999999691,1
"vary_n",16384,0,41,"SVP Gaussian / none / c = 0.968",0.127999999999929,1,0.127999999999929,1
"vary_n",16384,0,42,"SVP Gaussian / none / c = 0.968",0.00186842105262928,38,0.0709999999999127,1
"vary_n",16384,0,43,"SVP Gaussian / none / c = 0.968",0.121000000000095,1,0.121000000000095,1
"vary_n",16384,0,44,"SVP Gaussian / none / c = 0.968",0.00186842105262928,38,0.0709999999999127,1
"vary_n",16384,0,45,"SVP Gaussian / none / c = 0.968",0.118999999999915,1,0.118999999999915,1
"vary_n",16384,0,46,"SVP Gaussian / none / c = 0.968",0.00185714285713954,28,0.0519999999999072,1
"vary_n",16384,0,47,"SVP Gaussian / none / c = 0.968",0.0023214285714224,28,0.0649999999998272,1
"vary_n",16384,0,48,"SVP Gaussian / none / c = 0.968",0.0394999999999754,2,0.0789999999999509,1
"vary_k",10000,0,13,"SVP Gaussian / none / c = 0.968",0.105999999999995,1,0.105999999999995,1
"vary_k",10000,0,14,"SVP Gaussian / none / c = 0.968",0.00108928571428838,56,0.0610000000001492,1
"vary_k",10000,0,15,"SVP Gaussian / none / c = 0.968",0.19600000000014,1,0.19600000000014,1
"vary_k",10000,0,16,"SVP Gaussian / none / c = 0.968",0.00110714285714104,56,0.0619999999998981,1
"vary_k",10000,0,17,"SVP Gaussian / none / c = 0.968",0.214999999999918,1,0.214999999999918,1
"vary_k",10000,0,18,"SVP Gaussian / none / c = 0.968",0.107999999999947,1,0.107999999999947,1
"vary_k",10000,0,19,"SVP Gaussian / none / c = 0.968",0.13799999999992,1,0.13799999999992,1
"vary_k",10000,0,20,"SVP Gaussian / none / c = 0.968",0.155999999999949,1,0.155999999999949,1
"vary_k",10000,0,21,"SVP Gaussian / none / c = 0.968",0.138000000000147,1,0.138000000000147,1
"vary_k",10000,0,22,"SVP Gaussian / none / c = 0.968",0.185999999999922,1,0.185999999999922,1
"vary_k",10000,0,23,"SVP Gaussian / none / c = 0.968",0.173999999999978,1,0.173999999999978,1
"vary_k",10000,0,24,"SVP Gaussian / none / c = 0.968",0.0011964285714287,56,0.0670000000000073,1
"vary_k",10000,0,25,"SVP Gaussian / none / c = 0.968",0.212999999999965,1,0.212999999999965,1
"vary_k",10000,0,26,"SVP Gaussian / none / c = 0.968",0.0011071428571451,56,0.0620000000001255,1
"vary_k",10000,0,27,"SVP Gaussian / none / c = 0.968",0.165000000000191,1,0.165000000000191,1
"vary_k",10000,0,28,"SVP Gaussian / none / c = 0.968",0.00108928571428838,56,0.0610000000001492,1
"vary_k",10000,0,29,"SVP Gaussian / none / c = 0.968",0.171000000000049,1,0.171000000000049,1
"vary_k",10000,0,30,"SVP Gaussian / none / c = 0.968",0.206000000000131,1,0.206000000000131,1
"vary_k",10000,0,31,"SVP Gaussian / none / c = 0.968",0.05600000000004,1,0.05600000000004,1
"vary_k",10000,0,32,"SVP Gaussian / none / c = 0.968",0.00110714285714104,56,0.0619999999998981,1
"vary_k",10000,0,33,"SVP Gaussian / none / c = 0.968",0.00110714285714104,56,0.0619999999998981,1
"vary_k",10000,0,34,"SVP Gaussian / none / c = 0.968",0.0285000000000082,2,0.0570000000000164,1
"vary_k",10000,0,35,"SVP Gaussian / none / c = 0.968",0.0345000000000937,2,0.0690000000001874,1
"vary_k",10000,0,36,"SVP Gaussian / none / c = 0.968",0.122000000000071,1,0.122000000000071,1
"vary_k",10000,0,37,"SVP Gaussian / none / c = 0.968",0.0609999999999218,1,0.0609999999999218,1
"vary_k",10000,0,38,"SVP Gaussian / none / c = 0.968",0.188999999999851,1,0.188999999999851,1
"vary_k",10000,0,39,"SVP Gaussian / none / c = 0.968",0.0570000000000164,1,0.0570000000000164,1
"vary_k",10000,0,40,"SVP Gaussian / none / c = 0.968",0.145999999999958,1,0.145999999999958,1
"vary_k",10000,0,41,"SVP Gaussian / none / c = 0.968",0.0829999999998563,1,0.0829999999998563,1
"vary_k",10000,0,42,"SVP Gaussian / none / c = 0.968",0.0729999999998654,1,0.0729999999998654,1
"vary_k",10000,0,43,"SVP Gaussian / none / c = 0.968",0.144000000000005,1,0.144000000000005,1
"vary_k",10000,0,44,"SVP Gaussian / none / c = 0.968",0.0144999999999982,4,0.0579999999999927,1
"vary_k",10000,0,45,"SVP Gaussian / none / c = 0.968",0.0879999999999654,1,0.0879999999999654,1
"vary_k",10000,0,46,"SVP Gaussian / none / c = 0.968",0.0011071428571451,56,0.0620000000001255,1
"vary_k",10000,0,47,"SVP Gaussian / none / c = 0.968",0.0324999999999136,2,0.0649999999998272,1
"vary_k",10000,0,48,"SVP Gaussian / none / c = 0.968",0.0186666666666042,3,0.0559999999998126,1
"vary_k",10000,1,13,"SVP Gaussian / none / c = 0.968",0.29099999999994,1,0.29099999999994,2
"vary_k",10000,1,14,"SVP Gaussian / none / c = 0.968",0.297000000000025,1,0.297000000000025,2
"vary_k",10000,1,15,"SVP Gaussian / none / c = 0.968",0.241999999999962,1,0.241999999999962,2
"vary_k",10000,1,16,"SVP Gaussian / none / c = 0.968",0.240000000000009,1,0.240000000000009,2
"vary_k",10000,1,17,"SVP Gaussian / none / c = 0.968",0.283999999999878,1,0.283999999999878,2
"vary_k",10000,1,18,"SVP Gaussian / none / c = 0.968",0.244999999999891,1,0.244999999999891,2
"vary_k",10000,1,19,"SVP Gaussian / none / c = 0.968",0.274999999999864,1,0.274999999999864,2
"vary_k",10000,1,20,"SVP Gaussian / none / c = 0.968",0.258000000000038,1,0.258000000000038,2
"vary_k",10000,1,21,"SVP Gaussian / none / c = 0.968",0.241999999999962,1,0.241999999999962,2
"vary_k",10000,1,22,"SVP Gaussian / none / c = 0.968",0.259999999999991,1,0.259999999999991,2
"vary_k",10000,1,23,"SVP Gaussian / none / c = 0.968",0.240000000000009,1,0.240000000000009,2
"vary_k",10000,1,24,"SVP Gaussian / none / c = 0.968",0.240000000000009,1,0.240000000000009,2
"vary_k",10000,1,25,"SVP Gaussian / none / c = 0.968",0.283000000000129,1,0.283000000000129,2
"vary_k",10000,1,26,"SVP Gaussian / none / c = 0.968",0.241999999999962,1,0.241999999999962,2
"vary_k",10000,1,27,"SVP Gaussian / none / c = 0.968",0.253999999999905,1,0.253999999999905,2
"vary_k",10000,1,28,"SVP Gaussian / none / c = 0.968",0.241999999999962,1,0.241999999999962,2
"vary_k",10000,1,29,"SVP Gaussian / none / c = 0.968",0.242999999999938,1,0.242999999999938,2
"vary_k",10000,1,30,"SVP Gaussian / none / c = 0.968",0.241999999999962,1,0.241999999999962,2
"vary_k",10000,1,31,"SVP Gaussian / none / c = 0.968",0.239000000000033,1,0.239000000000033,2
"vary_k",10000,1,32,"SVP Gaussian / none / c = 0.968",0.25,1,0.25,2
"vary_k",10000,1,33,"SVP Gaussian / none / c = 0.968",0.243999999999915,1,0.243999999999915,2
"vary_k",10000,1,34,"SVP Gaussian / none / c = 0.968",0.258000000000038,1,0.258000000000038,2
"vary_k",10000,1,35,"SVP Gaussian / none / c = 0.968",0.240999999999985,1,0.240999999999985,2
"vary_k",10000,1,36,"SVP Gaussian / none / c = 0.968",0.244000000000142,1,0.244000000000142,2
"vary_k",10000,1,37,"SVP Gaussian / none / c = 0.968",0.239000000000033,1,0.239000000000033,2
"vary_k",10000,1,38,"SVP Gaussian / none / c = 0.968",0.241999999999962,1,0.241999999999962,2
"vary_k",10000,1,39,"SVP Gaussian / none / c = 0.968",0.263000000000147,1,0.263000000000147,2
"vary_k",10000,1,40,"SVP Gaussian / none / c = 0.968",0.240999999999985,1,0.240999999999985,2
"vary_k",10000,1,41,"SVP Gaussian / none / c = 0.968",0.288999999999987,1,0.288999999999987,2
"vary_k",10000,1,42,"SVP Gaussian / none / c = 0.968",0.278999999999996,1,0.278999999999996,2
"vary_k",10000,1,43,"SVP Gaussian / none / c = 0.968",0.240999999999985,1,0.240999999999985,2
"vary_k",10000,1,44,"SVP Gaussian / none / c = 0.968",0.268000000000029,1,0.268000000000029,2
"vary_k",10000,1,45,"SVP Gaussian / none / c = 0.968",0.243999999999915,1,0.243999999999915,2
"vary_k",10000,1,46,"SVP Gaussian / none / c = 0.968",0.243000000000166,1,0.243000000000166,2
"vary_k",10000,1,47,"SVP Gaussian / none / c = 0.968",0.278999999999996,1,0.278999999999996,2
"vary_k",10000,1,48,"SVP Gaussian / none / c = 0.968",0.239999999999782,1,0.239999999999782,2
"vary_k",10000,2,13,"SVP Gaussian / none / c = 0.968",0.309999999999945,1,0.309999999999945,3
"vary_k",10000,2,14,"SVP Gaussian / none / c = 0.968",0.30600000000004,1,0.30600000000004,3
"vary_k",10000,2,15,"SVP Gaussian / none / c = 0.968",0.30600000000004,1,0.30600000000004,3
"vary_k",10000,2,16,"SVP Gaussian / none / c = 0.968",0.308999999999969,1,0.308999999999969,3
"vary_k",10000,2,17,"SVP Gaussian / none / c = 0.968",0.315999999999804,1,0.315999999999804,3
"vary_k",10000,2,18,"SVP Gaussian / none / c = 0.968",0.301999999999907,1,0.301999999999907,3
"vary_k",10000,2,19,"SVP Gaussian / none / c = 0.968",0.302999999999884,1,0.302999999999884,3
"vary_k",10000,2,20,"SVP Gaussian / none / c = 0.968",0.324999999999818,1,0.324999999999818,3
"vary_k",10000,2,21,"SVP Gaussian / none / c = 0.968",0.305999999999813,1,0.305999999999813,3
"vary_k",10000,2,22,"SVP Gaussian / none / c = 0.968",0.30399999999986,1,0.30399999999986,3
"vary_k",10000,2,23,"SVP Gaussian / none / c = 0.968",0.320999999999913,1,0.320999999999913,3
"vary_k",10000,2,24,"SVP Gaussian / none / c = 0.968",0.305999999999813,1,0.305999999999813,3
"vary_k",10000,2,25,"SVP Gaussian / none / c = 0.968",0.301999999999907,1,0.301999999999907,3
"vary_k",10000,2,26,"SVP Gaussian / none / c = 0.968",0.302999999999884,1,0.302999999999884,3
"vary_k",10000,2,27,"SVP Gaussian / none / c = 0.968",0.308999999999969,1,0.308999999999969,3
"vary_k",10000,2,28,"SVP Gaussian / none / c = 0.968",0.316000000000031,1,0.316000000000031,3
"vary_k",10000,2,29,"SVP Gaussian / none / c = 0.968",0.308999999999969,1,0.308999999999969,3
"vary_k",10000,2,30,"SVP Gaussian / none / c = 0.968",0.302999999999884,1,0.302999999999884,3
"vary_k",10000,2,31,"SVP Gaussian / none / c = 0.968",0.305000000000064,1,0.305000000000064,3
"vary_k",10000,2,32,"SVP Gaussian / none / c = 0.968",0.305000000000064,1,0.305000000000064,3
"vary_k",10000,2,33,"SVP Gaussian / none / c = 0.968",0.302999999999884,1,0.302999999999884,3
"vary_k",10000,2,34,"SVP Gaussian / none / c = 0.968",0.30600000000004,1,0.30600000000004,3
"vary_k",10000,2,35,"SVP Gaussian / none / c = 0.968",0.304000000000087,1,0.304000000000087,3
"vary_k",10000,2,36,"SVP Gaussian / none / c = 0.968",0.309999999999945,1,0.309999999999945,3
"vary_k",10000,2,37,"SVP Gaussian / none / c = 0.968",0.304999999999836,1,0.304999999999836,3
"vary_k",10000,2,38,"SVP Gaussian / none / c = 0.968",0.30399999999986,1,0.30399999999986,3
"vary_k",10000,2,39,"SVP Gaussian / none / c = 0.968",0.301999999999907,1,0.301999999999907,3
"vary_k",10000,2,40,"SVP Gaussian / none / c = 0.968",0.307999999999993,1,0.307999999999993,3
"vary_k",10000,2,41,"SVP Gaussian / none / c = 0.968",0.304000000000087,1,0.304000000000087,3
"vary_k",10000,2,42,"SVP Gaussian / none / c = 0.968",0.304000000000087,1,0.304000000000087,3
"vary_k",10000,2,43,"SVP Gaussian / none / c = 0.968",0.311999999999898,1,0.311999999999898,3
"vary_k",10000,2,44,"SVP Gaussian / none / c = 0.968",0.30399999999986,1,0.30399999999986,3
"vary_k",10000,2,45,"SVP Gaussian / none / c = 0.968",0.302999999999884,1,0.302999999999884,3
"vary_k",10000,2,46,"SVP Gaussian / none / c = 0.968",0.314999999999827,1,0.314999999999827,3
"vary_k",10000,2,47,"SVP Gaussian / none / c = 0.968",0.319999999999936,1,0.319999999999936,3
"vary_k",10000,2,48,"SVP Gaussian / none / c = 0.968",0.30600000000004,1,0.30600000000004,3
"vary_k",10000,3,13,"SVP Gaussian / none / c = 0.968",0.323999999999842,1,0.323999999999842,4
"vary_k",10000,3,14,"SVP Gaussian / none / c = 0.968",0.319999999999936,1,0.319999999999936,4
"vary_k",10000,3,15,"SVP Gaussian / none / c = 0.968",0.316000000000031,1,0.316000000000031,4
"vary_k",10000,3,16,"SVP Gaussian / none / c = 0.968",0.316000000000031,1,0.316000000000031,4
"vary_k",10000,3,17,"SVP Gaussian / none / c = 0.968",0.317999999999984,1,0.317999999999984,4
"vary_k",10000,3,18,"SVP Gaussian / none / c = 0.968",0.317999999999984,1,0.317999999999984,4
"vary_k",10000,3,19,"SVP Gaussian / none / c = 0.968",0.326000000000022,1,0.326000000000022,4
"vary_k",10000,3,20,"SVP Gaussian / none / c = 0.968",0.317000000000007,1,0.317000000000007,4
"vary_k",10000,3,21,"SVP Gaussian / none / c = 0.968",0.317000000000007,1,0.317000000000007,4
"vary_k",10000,3,22,"SVP Gaussian / none / c = 0.968",0.316000000000031,1,0.316000000000031,4
"vary_k",10000,3,23,"SVP Gaussian / none / c = 0.968",0.317000000000007,1,0.317000000000007,4
"vary_k",10000,3,24,"SVP Gaussian / none / c = 0.968",0.317000000000007,1,0.317000000000007,4
"vary_k",10000,3,25,"SVP Gaussian / none / c = 0.968",0.317999999999984,1,0.317999999999984,4
"vary_k",10000,3,26,"SVP Gaussian / none / c = 0.968",0.317999999999984,1,0.317999999999984,4
"vary_k",10000,3,27,"SVP Gaussian / none / c = 0.968",0.317999999999984,1,0.317999999999984,4
"vary_k",10000,3,28,"SVP Gaussian / none / c = 0.968",0.317000000000007,1,0.317000000000007,4
"vary_k",10000,3,29,"SVP Gaussian / none / c = 0.968",0.322000000000116,1,0.322000000000116,4
"vary_k",10000,3,30,"SVP Gaussian / none / c = 0.968",0.32100000000014,1,0.32100000000014,4
"vary_k",10000,3,31,"SVP Gaussian / none / c = 0.968",0.317000000000007,1,0.317000000000007,4
"vary_k",10000,3,32,"SVP Gaussian / none / c = 0.968",0.329000000000178,1,0.329000000000178,4
"vary_k",10000,3,33,"SVP Gaussian / none / c = 0.968",0.325000000000045,1,0.325000000000045,4
"vary_k",10000,3,34,"SVP Gaussian / none / c = 0.968",0.317999999999984,1,0.317999999999984,4
"vary_k",10000,3,35,"SVP Gaussian / none / c = 0.968",0.328999999999951,1,0.328999999999951,4
"vary_k",10000,3,36,"SVP Gaussian / none / c = 0.968",0.317999999999984,1,0.317999999999984,4
"vary_k",10000,3,37,"SVP Gaussian / none / c = 0.968",0.330999999999904,1,0.330999999999904,4
"vary_k",10000,3,38,"SVP Gaussian / none / c = 0.968",0.321999999999889,1,0.321999999999889,4
"vary_k",10000,3,39,"SVP Gaussian / none / c = 0.968",0.319000000000187,1,0.319000000000187,4
"vary_k",10000,3,40,"SVP Gaussian / none / c = 0.968",0.327999999999975,1,0.327999999999975,4
"vary_k",10000,3,41,"SVP Gaussian / none / c = 0.968",0.319999999999936,1,0.319999999999936,4
"vary_k",10000,3,42,"SVP Gaussian / none / c = 0.968",0.317000000000007,1,0.317000000000007,4
"vary_k",10000,3,43,"SVP Gaussian / none / c = 0.968",0.319999999999936,1,0.319999999999936,4
"vary_k",10000,3,44,"SVP Gaussian / none / c = 0.968",0.317000000000007,1,0.317000000000007,4
"vary_k",10000,3,45,"SVP Gaussian / none / c = 0.968",0.317999999999984,1,0.317999999999984,4
"vary_k",10000,3,46,"SVP Gaussian / none / c = 0.968",0.319999999999936,1,0.319999999999936,4
"vary_k",10000,3,47,"SVP Gaussian / none / c = 0.968",0.317999999999984,1,0.317999999999984,4
"vary_k",10000,3,48,"SVP Gaussian / none / c = 0.968",0.316000000000031,1,0.316000000000031,4
"vary_k",10000,4,13,"SVP Gaussian / none / c = 0.968",0.333999999999833,1,0.333999999999833,5
"vary_k",10000,4,14,"SVP Gaussian / none / c = 0.968",0.327999999999975,1,0.327999999999975,5
"vary_k",10000,4,15,"SVP Gaussian / none / c = 0.968",0.330000000000155,1,0.330000000000155,5
"vary_k",10000,4,16,"SVP Gaussian / none / c = 0.968",0.336000000000013,1,0.336000000000013,5
"vary_k",10000,4,17,"SVP Gaussian / none / c = 0.968",0.329000000000178,1,0.329000000000178,5
"vary_k",10000,4,18,"SVP Gaussian / none / c = 0.968",0.327999999999975,1,0.327999999999975,5
"vary_k",10000,4,19,"SVP Gaussian / none / c = 0.968",0.33400000000006,1,0.33400000000006,5
"vary_k",10000,4,20,"SVP Gaussian / none / c = 0.968",0.333000000000084,1,0.333000000000084,5
"vary_k",10000,4,21,"SVP Gaussian / none / c = 0.968",0.329000000000178,1,0.329000000000178,5
"vary_k",10000,4,22,"SVP Gaussian / none / c = 0.968",0.329999999999927,1,0.329999999999927,5
"vary_k",10000,4,23,"SVP Gaussian / none / c = 0.968",0.33199999999988,1,0.33199999999988,5
"vary_k",10000,4,24,"SVP Gaussian / none / c = 0.968",0.33199999999988,1,0.33199999999988,5
"vary_k",10000,4,25,"SVP Gaussian / none / c = 0.968",0.329999999999927,1,0.329999999999927,5
"vary_k",10000,4,26,"SVP Gaussian / none / c = 0.968",0.329000000000178,1,0.329000000000178,5
"vary_k",10000,4,27,"SVP Gaussian / none / c = 0.968",0.328999999999951,1,0.328999999999951,5
"vary_k",10000,4,28,"SVP Gaussian / none / c = 0.968",0.335000000000036,1,0.335000000000036,5
"vary_k",10000,4,29,"SVP Gaussian / none / c = 0.968",0.333999999999833,1,0.333999999999833,5
"vary_k",10000,4,30,"SVP Gaussian / none / c = 0.968",0.330999999999904,1,0.330999999999904,5
"vary_k",10000,4,31,"SVP Gaussian / none / c = 0.968",0.328999999999951,1,0.328999999999951,5
"vary_k",10000,4,32,"SVP Gaussian / none / c = 0.968",0.338999999999942,1,0.338999999999942,5
"vary_k",10000,4,33,"SVP Gaussian / none / c = 0.968",0.328999999999951,1,0.328999999999951,5
"vary_k",10000,4,34,"SVP Gaussian / none / c = 0.968",0.328999999999951,1,0.328999999999951,5
"vary_k",10000,4,35,"SVP Gaussian / none / c = 0.968",0.338999999999942,1,0.338999999999942,5
"vary_k",10000,4,36,"SVP Gaussian / none / c = 0.968",0.326999999999998,1,0.326999999999998,5
"vary_k",10000,4,37,"SVP Gaussian / none / c = 0.968",0.330000000000155,1,0.330000000000155,5
"vary_k",10000,4,38,"SVP Gaussian / none / c = 0.968",0.329999999999927,1,0.329999999999927,5
"vary_k",10000,4,39,"SVP Gaussian / none / c = 0.968",0.328999999999951,1,0.328999999999951,5
"vary_k",10000,4,40,"SVP Gaussian / none / c = 0.968",0.329000000000178,1,0.329000000000178,5
"vary_k",10000,4,41,"SVP Gaussian / none / c = 0.968",0.329999999999927,1,0.329999999999927,5
"vary_k",10000,4,42,"SVP Gaussian / none / c = 0.968",0.329999999999927,1,0.329999999999927,5
"vary_k",10000,4,43,"SVP Gaussian / none / c = 0.968",0.330000000000155,1,0.330000000000155,5
"vary_k",10000,4,44,"SVP Gaussian / none / c = 0.968",0.329999999999927,1,0.329999999999927,5
"vary_k",10000,4,45,"SVP Gaussian / none / c = 0.968",0.329999999999927,1,0.329999999999927,5
"vary_k",10000,4,46,"SVP Gaussian / none / c = 0.968",0.332000000000107,1,0.332000000000107,5
"vary_k",10000,4,47,"SVP Gaussian / none / c = 0.968",0.330000000000155,1,0.330000000000155,5
"vary_k",10000,4,48,"SVP Gaussian / none / c = 0.968",0.331000000000131,1,0.331000000000131,5
"vary_k",10000,5,13,"SVP Gaussian / none / c = 0.968",0.332999999999856,1,0.332999999999856,6
"vary_k",10000,5,14,"SVP Gaussian / none / c = 0.968",0.335000000000036,1,0.335000000000036,6
"vary_k",10000,5,15,"SVP Gaussian / none / c = 0.968",0.336999999999989,1,0.336999999999989,6
"vary_k",10000,5,16,"SVP Gaussian / none / c = 0.968",0.330999999999904,1,0.330999999999904,6
"vary_k",10000,5,17,"SVP Gaussian / none / c = 0.968",0.33199999999988,1,0.33199999999988,6
"vary_k",10000,5,18,"SVP Gaussian / none / c = 0.968",0.333000000000084,1,0.333000000000084,6
"vary_k",10000,5,19,"SVP Gaussian / none / c = 0.968",0.333000000000084,1,0.333000000000084,6
"vary_k",10000,5,20,"SVP Gaussian / none / c = 0.968",0.333000000000084,1,0.333000000000084,6
"vary_k",10000,5,21,"SVP Gaussian / none / c = 0.968",0.333000000000084,1,0.333000000000084,6
"vary_k",10000,5,22,"SVP Gaussian / none / c = 0.968",0.336999999999989,1,0.336999999999989,6
"vary_k",10000,5,23,"SVP Gaussian / none / c = 0.968",0.332999999999856,1,0.332999999999856,6
"vary_k",10000,5,24,"SVP Gaussian / none / c = 0.968",0.332999999999856,1,0.332999999999856,6
"vary_k",10000,5,25,"SVP Gaussian / none / c = 0.968",0.334999999999809,1,0.334999999999809,6
"vary_k",10000,5,26,"SVP Gaussian / none / c = 0.968",0.330999999999904,1,0.330999999999904,6
"vary_k",10000,5,27,"SVP Gaussian / none / c = 0.968",0.340999999999894,1,0.340999999999894,6
"vary_k",10000,5,28,"SVP Gaussian / none / c = 0.968",0.33199999999988,1,0.33199999999988,6
"vary_k",10000,5,29,"SVP Gaussian / none / c = 0.968",0.331000000000131,1,0.331000000000131,6
"vary_k",10000,5,30,"SVP Gaussian / none / c = 0.968",0.331000000000131,1,0.331000000000131,6
"vary_k",10000,5,31,"SVP Gaussian / none / c = 0.968",0.336000000000013,1,0.336000000000013,6
"vary_k",10000,5,32,"SVP Gaussian / none / c = 0.968",0.333000000000084,1,0.333000000000084,6
"vary_k",10000,5,33,"SVP Gaussian / none / c = 0.968",0.349999999999909,1,0.349999999999909,7
"vary_k",10000,5,34,"SVP Gaussian / none / c = 0.968",0.336000000000013,1,0.336000000000013,6
"vary_k",10000,5,35,"SVP Gaussian / none / c = 0.968",0.339999999999918,1,0.339999999999918,6
"vary_k",10000,5,36,"SVP Gaussian / none / c = 0.968",0.332000000000107,1,0.332000000000107,6
"vary_k",10000,5,37,"SVP Gaussian / none / c = 0.968",0.333000000000084,1,0.333000000000084,6
"vary_k",10000,5,38,"SVP Gaussian / none / c = 0.968",0.333000000000084,1,0.333000000000084,6
"vary_k",10000,5,39,"SVP Gaussian / none / c = 0.968",0.333000000000084,1,0.333000000000084,6
"vary_k",10000,5,40,"SVP Gaussian / none / c = 0.968",0.333000000000084,1,0.333000000000084,6
"vary_k",10000,5,41,"SVP Gaussian / none / c = 0.968",0.341000000000122,1,0.341000000000122,6
"vary_k",10000,5,42,"SVP Gaussian / none / c = 0.968",0.335000000000036,1,0.335000000000036,6
"vary_k",10000,5,43,"SVP Gaussian / none / c = 0.968",0.332999999999856,1,0.332999999999856,6
"vary_k",10000,5,44,"SVP Gaussian / none / c = 0.968",0.333999999999833,1,0.333999999999833,6
"vary_k",10000,5,45,"SVP Gaussian / none / c = 0.968",0.333999999999833,1,0.333999999999833,6
"vary_k",10000,5,46,"SVP Gaussian / none / c = 0.968",0.332999999999856,1,0.332999999999856,6
"vary_k",10000,5,47,"SVP Gaussian / none / c = 0.968",0.335000000000036,1,0.335000000000036,6
"vary_k",10000,5,48,"SVP Gaussian / none / c = 0.968",0.332000000000107,1,0.332000000000107,6
"vary_k",10000,6,13,"SVP Gaussian / none / c = 0.968",0.336000000000013,1,0.336000000000013,7
"vary_k",10000,6,14,"SVP Gaussian / none / c = 0.968",0.338000000000193,1,0.338000000000193,7
"vary_k",10000,6,15,"SVP Gaussian / none / c = 0.968",0.337999999999965,1,0.337999999999965,7
"vary_k",10000,6,16,"SVP Gaussian / none / c = 0.968",0.341000000000122,1,0.341000000000122,7
"vary_k",10000,6,17,"SVP Gaussian / none / c = 0.968",0.336999999999989,1,0.336999999999989,7
"vary_k",10000,6,18,"SVP Gaussian / none / c = 0.968",0.339999999999918,1,0.339999999999918,7
"vary_k",10000,6,19,"SVP Gaussian / none / c = 0.968",0.336000000000013,1,0.336000000000013,7
"vary_k",10000,6,20,"SVP Gaussian / none / c = 0.968",0.339999999999918,1,0.339999999999918,7
"vary_k",10000,6,21,"SVP Gaussian / none / c = 0.968",0.336999999999989,1,0.336999999999989,7
"vary_k",10000,6,22,"SVP Gaussian / none / c = 0.968",0.336999999999989,1,0.336999999999989,7
"vary_k",10000,6,23,"SVP Gaussian / none / c = 0.968",0.336999999999989,1,0.336999999999989,7
"vary_k",10000,6,24,"SVP Gaussian / none / c = 0.968",0.336999999999989,1,0.336999999999989,7
"vary_k",10000,6,25,"SVP Gaussian / none / c = 0.968",0.339999999999918,1,0.339999999999918,7
"vary_k",10000,6,26,"SVP Gaussian / none / c = 0.968",0.336000000000013,1,0.336000000000013,7
"vary_k",10000,6,27,"SVP Gaussian / none / c = 0.968",0.336000000000013,1,0.336000000000013,7
"vary_k",10000,6,28,"SVP Gaussian / none / c = 0.968",0.336999999999989,1,0.336999999999989,7
"vary_k",10000,6,29,"SVP Gaussian / none / c = 0.968",0.335000000000036,1,0.335000000000036,7
"vary_k",10000,6,30,"SVP Gaussian / none / c = 0.968",0.336999999999989,1,0.336999999999989,7
"vary_k",10000,6,31,"SVP Gaussian / none / c = 0.968",0.336999999999989,1,0.336999999999989,7
"vary_k",10000,6,32,"SVP Gaussian / none / c = 0.968",0.337999999999965,1,0.337999999999965,7
"vary_k",10000,6,33,"SVP Gaussian / none / c = 0.968",0.337999999999965,1,0.337999999999965,7
"vary_k",10000,6,34,"SVP Gaussian / none / c = 0.968",0.337999999999965,1,0.337999999999965,7
"vary_k",10000,6,35,"SVP Gaussian / none / c = 0.968",0.336999999999989,1,0.336999999999989,7
"vary_k",10000,6,36,"SVP Gaussian / none / c = 0.968",0.336000000000013,1,0.336000000000013,7
"vary_k",10000,6,37,"SVP Gaussian / none / c = 0.968",0.338000000000193,1,0.338000000000193,7
"vary_k",10000,6,38,"SVP Gaussian / none / c = 0.968",0.336000000000013,1,0.336000000000013,7
"vary_k",10000,6,39,"SVP Gaussian / none / c = 0.968",0.337000000000216,1,0.337000000000216,7
"vary_k",10000,6,40,"SVP Gaussian / none / c = 0.968",0.336999999999989,1,0.336999999999989,7
"vary_k",10000,6,41,"SVP Gaussian / none / c = 0.968",0.336000000000013,1,0.336000000000013,7
"vary_k",10000,6,42,"SVP Gaussian / none / c = 0.968",0.337999999999965,1,0.337999999999965,7
"vary_k",10000,6,43,"SVP Gaussian / none / c = 0.968",0.336000000000013,1,0.336000000000013,7
"vary_k",10000,6,44,"SVP Gaussian / none / c = 0.968",0.338999999999942,1,0.338999999999942,7
"vary_k",10000,6,45,"SVP Gaussian / none / c = 0.968",0.336999999999989,1,0.336999999999989,7
"vary_k",10000,6,46,"SVP Gaussian / none / c = 0.968",0.336999999999989,1,0.336999999999989,7
"vary_k",10000,6,47,"SVP Gaussian / none / c = 0.968",0.336999999999989,1,0.336999999999989,7
"vary_k",10000,6,48,"SVP Gaussian / none / c = 0.968",0.337999999999965,1,0.337999999999965,7
"vary_k",10000,7,13,"SVP Gaussian / none / c = 0.968",0.338999999999942,1,0.338999999999942,8
"vary_k",10000,7,14,"SVP Gaussian / none / c = 0.968",0.338999999999942,1,0.338999999999942,8
"vary_k",10000,7,15,"SVP Gaussian / none / c = 0.968",0.340000000000146,1,0.340000000000146,8
"vary_k",10000,7,16,"SVP Gaussian / none / c = 0.968",0.337999999999965,1,0.337999999999965,8
"vary_k",10000,7,17,"SVP Gaussian / none / c = 0.968",0.338999999999942,1,0.338999999999942,8
"vary_k",10000,7,18,"SVP Gaussian / none / c = 0.968",0.339000000000169,1,0.339000000000169,8
"vary_k",10000,7,19,"SVP Gaussian / none / c = 0.968",0.337999999999965,1,0.337999999999965,8
"vary_k",10000,7,20,"SVP Gaussian / none / c = 0.968",0.337999999999965,1,0.337999999999965,8
"vary_k",10000,7,21,"SVP Gaussian / none / c = 0.968",0.339999999999918,1,0.339999999999918,8
"vary_k",10000,7,22,"SVP Gaussian / none / c = 0.968",0.338999999999942,1,0.338999999999942,8
"vary_k",10000,7,23,"SVP Gaussian / none / c = 0.968",0.341000000000122,1,0.341000000000122,8
"vary_k",10000,7,24,"SVP Gaussian / none / c = 0.968",0.339000000000169,1,0.339000000000169,8
"vary_k",10000,7,25,"SVP Gaussian / none / c = 0.968",0.340999999999894,1,0.340999999999894,8
"vary_k",10000,7,26,"SVP Gaussian / none / c = 0.968",0.338999999999942,1,0.338999999999942,8
"vary_k",10000,7,27,"SVP Gaussian / none / c = 0.968",0.337999999999965,1,0.337999999999965,8
"vary_k",10000,7,28,"SVP Gaussian / none / c = 0.968",0.339999999999918,1,0.339999999999918,8
"vary_k",10000,7,29,"SVP Gaussian / none / c = 0.968",0.337999999999965,1,0.337999999999965,8
"vary_k",10000,7,30,"SVP Gaussian / none / c = 0.968",0.338999999999942,1,0.338999999999942,8
"vary_k",10000,7,31,"SVP Gaussian / none / c = 0.968",0.337999999999965,1,0.337999999999965,8
"vary_k",10000,7,32,"SVP Gaussian / none / c = 0.968",0.338000000000193,1,0.338000000000193,8
"vary_k",10000,7,33,"SVP Gaussian / none / c = 0.968",0.338999999999942,1,0.338999999999942,8
"vary_k",10000,7,34,"SVP Gaussian / none / c = 0.968",0.338999999999942,1,0.338999999999942,8
"vary_k",10000,7,35,"SVP Gaussian / none / c = 0.968",0.340000000000146,1,0.340000000000146,8
"vary_k",10000,7,36,"SVP Gaussian / none / c = 0.968",0.338999999999942,1,0.338999999999942,8
"vary_k",10000,7,37,"SVP Gaussian / none / c = 0.968",0.338999999999942,1,0.338999999999942,8
"vary_k",10000,7,38,"SVP Gaussian / none / c = 0.968",0.339000000000169,1,0.339000000000169,8
"vary_k",10000,7,39,"SVP Gaussian / none / c = 0.968",0.342000000000098,1,0.342000000000098,8
"vary_k",10000,7,40,"SVP Gaussian / none / c = 0.968",0.336999999999989,1,0.336999999999989,8
"vary_k",10000,7,41,"SVP Gaussian / none / c = 0.968",0.338000000000193,1,0.338000000000193,8
"vary_k",10000,7,42,"SVP Gaussian / none / c = 0.968",0.336999999999989,1,0.336999999999989,8
"vary_k",10000,7,43,"SVP Gaussian / none / c = 0.968",0.338000000000193,1,0.338000000000193,8
"vary_k",10000,7,44,"SVP Gaussian / none / c = 0.968",0.336000000000013,1,0.336000000000013,8
"vary_k",10000,7,45,"SVP Gaussian / none / c = 0.968",0.340999999999894,1,0.340999999999894,8
"vary_k",10000,7,46,"SVP Gaussian / none / c = 0.968",0.336999999999989,1,0.336999999999989,8
"vary_k",10000,7,47,"SVP Gaussian / none / c = 0.968",0.338999999999942,1,0.338999999999942,8
"vary_k",10000,7,48,"SVP Gaussian / none / c = 0.968",0.337999999999965,1,0.337999999999965,8
"vary_k",10000,8,13,"SVP Gaussian / none / c = 0.968",0.337999999999965,1,0.337999999999965,9
"vary_k",10000,8,14,"SVP Gaussian / none / c = 0.968",0.339999999999918,1,0.339999999999918,9
"vary_k",10000,8,15,"SVP Gaussian / none / c = 0.968",0.338999999999942,1,0.338999999999942,9
"vary_k",10000,8,16,"SVP Gaussian / none / c = 0.968",0.342000000000098,1,0.342000000000098,9
"vary_k",10000,8,17,"SVP Gaussian / none / c = 0.968",0.339999999999918,1,0.339999999999918,9
"vary_k",10000,8,18,"SVP Gaussian / none / c = 0.968",0.338999999999942,1,0.338999999999942,9
"vary_k",10000,8,19,"SVP Gaussian / none / c = 0.968",0.340999999999894,1,0.340999999999894,9
"vary_k",10000,8,20,"SVP Gaussian / none / c = 0.968",0.337999999999965,1,0.337999999999965,9
"vary_k",10000,8,21,"SVP Gaussian / none / c = 0.968",0.339999999999918,1,0.339999999999918,9
"vary_k",10000,8,22,"SVP Gaussian / none / c = 0.968",0.338999999999942,1,0.338999999999942,9
"vary_k",10000,8,23,"SVP Gaussian / none / c = 0.968",0.340000000000146,1,0.340000000000146,9
"vary_k",10000,8,24,"SVP Gaussian / none / c = 0.968",0.339000000000169,1,0.339000000000169,9
"vary_k",10000,8,25,"SVP Gaussian / none / c = 0.968",0.339999999999918,1,0.339999999999918,9
"vary_k",10000,8,26,"SVP Gaussian / none / c = 0.968",0.340999999999894,1,0.340999999999894,9
"vary_k",10000,8,27,"SVP Gaussian / none / c = 0.968",0.338999999999942,1,0.338999999999942,9
"vary_k",10000,8,28,"SVP Gaussian / none / c = 0.968",0.340000000000146,1,0.340000000000146,9
"vary_k",10000,8,29,"SVP Gaussian / none / c = 0.968",0.341000000000122,1,0.341000000000122,9
"vary_k",10000,8,30,"SVP Gaussian / none / c = 0.968",0.338999999999942,1,0.338999999999942,9
"vary_k",10000,8,31,"SVP Gaussian / none / c = 0.968",0.339999999999918,1,0.339999999999918,9
"vary_k",10000,8,32,"SVP Gaussian / none / c = 0.968",0.341000000000122,1,0.341000000000122,9
"vary_k",10000,8,33,"SVP Gaussian / none / c = 0.968",0.340000000000146,1,0.340000000000146,9
"vary_k",10000,8,34,"SVP Gaussian / none / c = 0.968",0.340000000000146,1,0.340000000000146,9
"vary_k",10000,8,35,"SVP Gaussian / none / c = 0.968",0.337999999999965,1,0.337999999999965,9
"vary_k",10000,8,36,"SVP Gaussian / none / c = 0.968",0.337999999999965,1,0.337999999999965,9
"vary_k",10000,8,37,"SVP Gaussian / none / c = 0.968",0.339999999999918,1,0.339999999999918,9
"vary_k",10000,8,38,"SVP Gaussian / none / c = 0.968",0.338999999999942,1,0.338999999999942,9
"vary_k",10000,8,39,"SVP Gaussian / none / c = 0.968",0.339999999999918,1,0.339999999999918,9
"vary_k",10000,8,40,"SVP Gaussian / none / c = 0.968",0.341999999999871,1,0.341999999999871,9
"vary_k",10000,8,41,"SVP Gaussian / none / c = 0.968",0.338999999999942,1,0.338999999999942,9
"vary_k",10000,8,42,"SVP Gaussian / none / c = 0.968",0.338999999999942,1,0.338999999999942,9
"vary_k",10000,8,43,"SVP Gaussian / none / c = 0.968",0.339999999999918,1,0.339999999999918,9
"vary_k",10000,8,44,"SVP Gaussian / none / c = 0.968",0.338999999999942,1,0.338999999999942,9
"vary_k",10000,8,45,"SVP Gaussian / none / c = 0.968",0.342000000000098,1,0.342000000000098,9
"vary_k",10000,8,46,"SVP Gaussian / none / c = 0.968",0.341000000000122,1,0.341000000000122,9
"vary_k",10000,8,47,"SVP Gaussian / none / c = 0.968",0.340000000000146,1,0.340000000000146,9
"vary_k",10000,8,48,"SVP Gaussian / none / c = 0.968",0.339999999999918,1,0.339999999999918,9
"vary_k",10000,9,13,"SVP Gaussian / none / c = 0.968",0.340999999999894,1,0.340999999999894,10
"vary_k",10000,9,14,"SVP Gaussian / none / c = 0.968",0.341999999999871,1,0.341999999999871,10
"vary_k",10000,9,15,"SVP Gaussian / none / c = 0.968",0.341999999999871,1,0.341999999999871,10
"vary_k",10000,9,16,"SVP Gaussian / none / c = 0.968",0.343999999999824,1,0.343999999999824,10
"vary_k",10000,9,17,"SVP Gaussian / none / c = 0.968",0.341999999999871,1,0.341999999999871,10
"vary_k",10000,9,18,"SVP Gaussian / none / c = 0.968",0.344000000000051,1,0.344000000000051,10
"vary_k",10000,9,19,"SVP Gaussian / none / c = 0.968",0.342000000000098,1,0.342000000000098,10
"vary_k",10000,9,20,"SVP Gaussian / none / c = 0.968",0.342000000000098,1,0.342000000000098,10
"vary_k",10000,9,21,"SVP Gaussian / none / c = 0.968",0.345000000000027,1,0.345000000000027,10
"vary_k",10000,9,22,"SVP Gaussian / none / c = 0.968",0.341000000000122,1,0.341000000000122,10
"vary_k",10000,9,23,"SVP Gaussian / none / c = 0.968",0.343000000000075,1,0.343000000000075,10
"vary_k",10000,9,24,"SVP Gaussian / none / c = 0.968",0.341000000000122,1,0.341000000000122,10
"vary_k",10000,9,25,"SVP Gaussian / none / c = 0.968",0.341000000000122,1,0.341000000000122,10
"vary_k",10000,9,26,"SVP Gaussian / none / c = 0.968",0.340999999999894,1,0.340999999999894,10
"vary_k",10000,9,27,"SVP Gaussian / none / c = 0.968",0.342999999999847,1,0.342999999999847,10
"vary_k",10000,9,28,"SVP Gaussian / none / c = 0.968",0.346000000000004,1,0.346000000000004,10
"vary_k",10000,9,29,"SVP Gaussian / none / c = 0.968",0.342000000000098,1,0.342000000000098,10
"vary_k",10000,9,30,"SVP Gaussian / none / c = 0.968",0.343000000000075,1,0.343000000000075,10
"vary_k",10000,9,31,"SVP Gaussian / none / c = 0.968",0.343000000000075,1,0.343000000000075,10
"vary_k",10000,9,32,"SVP Gaussian / none / c = 0.968",0.342000000000098,1,0.342000000000098,10
"vary_k",10000,9,33,"SVP Gaussian / none / c = 0.968",0.343000000000075,1,0.343000000000075,10
"vary_k",10000,9,34,"SVP Gaussian / none / c = 0.968",0.345000000000027,1,0.345000000000027,10
"vary_k",10000,9,35,"SVP Gaussian / none / c = 0.968",0.342000000000098,1,0.342000000000098,10
"vary_k",10000,9,36,"SVP Gaussian / none / c = 0.968",0.345000000000027,1,0.345000000000027,10
"vary_k",10000,9,37,"SVP Gaussian / none / c = 0.968",0.342999999999847,1,0.342999999999847,10
"vary_k",10000,9,38,"SVP Gaussian / none / c = 0.968",0.341999999999871,1,0.341999999999871,10
"vary_k",10000,9,39,"SVP Gaussian / none / c = 0.968",0.340999999999894,1,0.340999999999894,10
"vary_k",10000,9,40,"SVP Gaussian / none / c = 0.968",0.341000000000122,1,0.341000000000122,10
"vary_k",10000,9,41,"SVP Gaussian / none / c = 0.968",0.343000000000075,1,0.343000000000075,10
"vary_k",10000,9,42,"SVP Gaussian / none / c = 0.968",0.342000000000098,1,0.342000000000098,10
"vary_k",10000,9,43,"SVP Gaussian / none / c = 0.968",0.343000000000075,1,0.343000000000075,10
"vary_k",10000,9,44,"SVP Gaussian / none / c = 0.968",0.342000000000098,1,0.342000000000098,10
"vary_k",10000,9,45,"SVP Gaussian / none / c = 0.968",0.342000000000098,1,0.342000000000098,10
"vary_k",10000,9,46,"SVP Gaussian / none / c = 0.968",0.350000000000136,1,0.350000000000136,11
"vary_k",10000,9,47,"SVP Gaussian / none / c = 0.968",0.345000000000027,1,0.345000000000027,10
"vary_k",10000,9,48,"SVP Gaussian / none / c = 0.968",0.342000000000098,1,0.342000000000098,10
"vary_k",10000,10,13,"SVP Gaussian / none / c = 0.968",0.344000000000051,1,0.344000000000051,11
"vary_k",10000,10,14,"SVP Gaussian / none / c = 0.968",0.342999999999847,1,0.342999999999847,11
"vary_k",10000,10,15,"SVP Gaussian / none / c = 0.968",0.342999999999847,1,0.342999999999847,11
"vary_k",10000,10,16,"SVP Gaussian / none / c = 0.968",0.341999999999871,1,0.341999999999871,11
"vary_k",10000,10,17,"SVP Gaussian / none / c = 0.968",0.343000000000075,1,0.343000000000075,11
"vary_k",10000,10,18,"SVP Gaussian / none / c = 0.968",0.344000000000051,1,0.344000000000051,11
"vary_k",10000,10,19,"SVP Gaussian / none / c = 0.968",0.344000000000051,1,0.344000000000051,11
"vary_k",10000,10,20,"SVP Gaussian / none / c = 0.968",0.343000000000075,1,0.343000000000075,11
"vary_k",10000,10,21,"SVP Gaussian / none / c = 0.968",0.343000000000075,1,0.343000000000075,11
"vary_k",10000,10,22,"SVP Gaussian / none / c = 0.968",0.344000000000051,1,0.344000000000051,11
"vary_k",10000,10,23,"SVP Gaussian / none / c = 0.968",0.341999999999871,1,0.341999999999871,11
"vary_k",10000,10,24,"SVP Gaussian / none / c = 0.968",0.342000000000098,1,0.342000000000098,11
"vary_k",10000,10,25,"SVP Gaussian / none / c = 0.968",0.342000000000098,1,0.342000000000098,11
"vary_k",10000,10,26,"SVP Gaussian / none / c = 0.968",0.341000000000122,1,0.341000000000122,11
"vary_k",10000,10,27,"SVP Gaussian / none / c = 0.968",0.342000000000098,1,0.342000000000098,11
"vary_k",10000,10,28,"SVP Gaussian / none / c = 0.968",0.342000000000098,1,0.342000000000098,11
"vary_k",10000,10,29,"SVP Gaussian / none / c = 0.968",0.343000000000075,1,0.343000000000075,11
"vary_k",10000,10,30,"SVP Gaussian / none / c = 0.968",0.345000000000027,1,0.345000000000027,11
"vary_k",10000,10,31,"SVP Gaussian / none / c = 0.968",0.342999999999847,1,0.342999999999847,11
"vary_k",10000,10,32,"SVP Gaussian / none / c = 0.968",0.344000000000051,1,0.344000000000051,12
"vary_k",10000,10,33,"SVP Gaussian / none / c = 0.968",0.343000000000075,1,0.343000000000075,11
"vary_k",10000,10,34,"SVP Gaussian / none / c = 0.968",0.343000000000075,1,0.343000000000075,11
"vary_k",10000,10,35,"SVP Gaussian / none / c = 0.968",0.343000000000075,1,0.343000000000075,11
"vary_k",10000,10,36,"SVP Gaussian / none / c = 0.968",0.344000000000051,1,0.344000000000051,11
"vary_k",10000,10,37,"SVP Gaussian / none / c = 0.968",0.343000000000075,1,0.343000000000075,11
"vary_k",10000,10,38,"SVP Gaussian / none / c = 0.968",0.344000000000051,1,0.344000000000051,11
"vary_k",10000,10,39,"SVP Gaussian / none / c = 0.968",0.344000000000051,1,0.344000000000051,11
"vary_k",10000,10,40,"SVP Gaussian / none / c = 0.968",0.3449999999998,1,0.3449999999998,11
"vary_k",10000,10,41,"SVP Gaussian / none / c = 0.968",0.346000000000004,1,0.346000000000004,11
"vary_k",10000,10,42,"SVP Gaussian / none / c = 0.968",0.342000000000098,1,0.342000000000098,11
"vary_k",10000,10,43,"SVP Gaussian / none / c = 0.968",0.341000000000122,1,0.341000000000122,11
"vary_k",10000,10,44,"SVP Gaussian / none / c = 0.968",0.344000000000051,1,0.344000000000051,11
"vary_k",10000,10,45,"SVP Gaussian / none / c = 0.968",0.343000000000075,1,0.343000000000075,11
"vary_k",10000,10,46,"SVP Gaussian / none / c = 0.968",0.341000000000122,1,0.341000000000122,11
"vary_k",10000,10,47,"SVP Gaussian / none / c = 0.968",0.343000000000075,1,0.343000000000075,11
"vary_k",10000,10,48,"SVP Gaussian / none / c = 0.968",0.344000000000051,1,0.344000000000051,11
"vary_k",10000,11,13,"SVP Gaussian / none / c = 0.968",0.343999999999824,1,0.343999999999824,12
"vary_k",10000,11,14,"SVP Gaussian / none / c = 0.968",0.342999999999847,1,0.342999999999847,12
"vary_k",10000,11,15,"SVP Gaussian / none / c = 0.968",0.345000000000027,1,0.345000000000027,12
"vary_k",10000,11,16,"SVP Gaussian / none / c = 0.968",0.343000000000075,1,0.343000000000075,12
"vary_k",10000,11,17,"SVP Gaussian / none / c = 0.968",0.344000000000051,1,0.344000000000051,12
"vary_k",10000,11,18,"SVP Gaussian / none / c = 0.968",0.345000000000027,1,0.345000000000027,12
"vary_k",10000,11,19,"SVP Gaussian / none / c = 0.968",0.342999999999847,1,0.342999999999847,12
"vary_k",10000,11,20,"SVP Gaussian / none / c = 0.968",0.345000000000027,1,0.345000000000027,12
"vary_k",10000,11,21,"SVP Gaussian / none / c = 0.968",0.345000000000027,1,0.345000000000027,13
"vary_k",10000,11,22,"SVP Gaussian / none / c = 0.968",0.343000000000075,1,0.343000000000075,12
"vary_k",10000,11,23,"SVP Gaussian / none / c = 0.968",0.345000000000027,1,0.345000000000027,12
"vary_k",10000,11,24,"SVP Gaussian / none / c = 0.968",0.342999999999847,1,0.342999999999847,12
"vary_k",10000,11,25,"SVP Gaussian / none / c = 0.968",0.341999999999871,1,0.341999999999871,12
"vary_k",10000,11,26,"SVP Gaussian / none / c = 0.968",0.342999999999847,1,0.342999999999847,12
"vary_k",10000,11,27,"SVP Gaussian / none / c = 0.968",0.341999999999871,1,0.341999999999871,12
"vary_k",10000,11,28,"SVP Gaussian / none / c = 0.968",0.341999999999871,1,0.341999999999871,12
"vary_k",10000,11,29,"SVP Gaussian / none / c = 0.968",0.343000000000075,1,0.343000000000075,12
"vary_k",10000,11,30,"SVP Gaussian / none / c = 0.968",0.346000000000004,1,0.346000000000004,12
"vary_k",10000,11,31,"SVP Gaussian / none / c = 0.968",0.344000000000051,1,0.344000000000051,12
"vary_k",10000,11,32,"SVP Gaussian / none / c = 0.968",0.342999999999847,1,0.342999999999847,12
"vary_k",10000,11,33,"SVP Gaussian / none / c = 0.968",0.3449999999998,1,0.3449999999998,12
"vary_k",10000,11,34,"SVP Gaussian / none / c = 0.968",0.345000000000027,1,0.345000000000027,12
"vary_k",10000,11,35,"SVP Gaussian / none / c = 0.968",0.343000000000075,1,0.343000000000075,12
"vary_k",10000,11,36,"SVP Gaussian / none / c = 0.968",0.344000000000051,1,0.344000000000051,12
"vary_k",10000,11,37,"SVP Gaussian / none / c = 0.968",0.344000000000051,1,0.344000000000051,12
"vary_k",10000,11,38,"SVP Gaussian / none / c = 0.968",0.3449999999998,1,0.3449999999998,12
"vary_k",10000,11,39,"SVP Gaussian / none / c = 0.968",0.343000000000075,1,0.343000000000075,12
"vary_k",10000,11,40,"SVP Gaussian / none / c = 0.968",0.342000000000098,1,0.342000000000098,12
"vary_k",10000,11,41,"SVP Gaussian / none / c = 0.968",0.343000000000075,1,0.343000000000075,12
"vary_k",10000,11,42,"SVP Gaussian / none / c = 0.968",0.343000000000075,1,0.343000000000075,12
"vary_k",10000,11,43,"SVP Gaussian / none / c = 0.968",0.343000000000075,1,0.343000000000075,13
"vary_k",10000,11,44,"SVP Gaussian / none / c = 0.968",0.342000000000098,1,0.342000000000098,12
"vary_k",10000,11,45,"SVP Gaussian / none / c = 0.968",0.343000000000075,1,0.343000000000075,12
"vary_k",10000,11,46,"SVP Gaussian / none / c = 0.968",0.343000000000075,1,0.343000000000075,12
"vary_k",10000,11,47,"SVP Gaussian / none / c = 0.968",0.345000000000027,1,0.345000000000027,12
"vary_k",10000,11,48,"SVP Gaussian / none / c = 0.968",0.343999999999824,1,0.343999999999824,12
"vary_k",10000,12,13,"SVP Gaussian / none / c = 0.968",0.345000000000027,1,0.345000000000027,13
"vary_k",10000,12,14,"SVP Gaussian / none / c = 0.968",0.34699999999998,1,0.34699999999998,13
"vary_k",10000,12,15,"SVP Gaussian / none / c = 0.968",0.346000000000004,1,0.346000000000004,13
"vary_k",10000,12,16,"SVP Gaussian / none / c = 0.968",0.346000000000004,1,0.346000000000004,13
"vary_k",10000,12,17,"SVP Gaussian / none / c = 0.968",0.344000000000051,1,0.344000000000051,13
"vary_k",10000,12,18,"SVP Gaussian / none / c = 0.968",0.345000000000027,1,0.345000000000027,13
"vary_k",10000,12,19,"SVP Gaussian / none / c = 0.968",0.343999999999824,1,0.343999999999824,13
"vary_k",10000,12,20,"SVP Gaussian / none / c = 0.968",0.345000000000027,1,0.345000000000027,13
"vary_k",10000,12,21,"SVP Gaussian / none / c = 0.968",0.344000000000051,1,0.344000000000051,13
"vary_k",10000,12,22,"SVP Gaussian / none / c = 0.968",0.344000000000051,1,0.344000000000051,13
"vary_k",10000,12,23,"SVP Gaussian / none / c = 0.968",0.346000000000004,1,0.346000000000004,13
"vary_k",10000,12,24,"SVP Gaussian / none / c = 0.968",0.342999999999847,1,0.342999999999847,13
"vary_k",10000,12,25,"SVP Gaussian / none / c = 0.968",0.343000000000075,1,0.343000000000075,13
"vary_k",10000,12,26,"SVP Gaussian / none / c = 0.968",0.345000000000027,1,0.345000000000027,13
"vary_k",10000,12,27,"SVP Gaussian / none / c = 0.968",0.344000000000051,1,0.344000000000051,13
"vary_k",10000,12,28,"SVP Gaussian / none / c = 0.968",0.344000000000051,1,0.344000000000051,13
"vary_k",10000,12,29,"SVP Gaussian / none / c = 0.968",0.342999999999847,1,0.342999999999847,13
"vary_k",10000,12,30,"SVP Gaussian / none / c = 0.968",0.345000000000027,1,0.345000000000027,13
"vary_k",10000,12,31,"SVP Gaussian / none / c = 0.968",0.345000000000027,1,0.345000000000027,13
"vary_k",10000,12,32,"SVP Gaussian / none / c = 0.968",0.3449999999998,1,0.3449999999998,13
"vary_k",10000,12,33,"SVP Gaussian / none / c = 0.968",0.344000000000051,1,0.344000000000051,13
"vary_k",10000,12,34,"SVP Gaussian / none / c = 0.968",0.344000000000051,1,0.344000000000051,13
"vary_k",10000,12,35,"SVP Gaussian / none / c = 0.968",0.345000000000027,1,0.345000000000027,13
"vary_k",10000,12,36,"SVP Gaussian / none / c = 0.968",0.345000000000027,1,0.345000000000027,13
"vary_k",10000,12,37,"SVP Gaussian / none / c = 0.968",0.345000000000027,1,0.345000000000027,13
"vary_k",10000,12,38,"SVP Gaussian / none / c = 0.968",0.346000000000004,1,0.346000000000004,13
"vary_k",10000,12,39,"SVP Gaussian / none / c = 0.968",0.345000000000027,1,0.345000000000027,13
"vary_k",10000,12,40,"SVP Gaussian / none / c = 0.968",0.343999999999824,1,0.343999999999824,13
"vary_k",10000,12,41,"SVP Gaussian / none / c = 0.968",0.343999999999824,1,0.343999999999824,13
"vary_k",10000,12,42,"SVP Gaussian / none / c = 0.968",0.341999999999871,1,0.341999999999871,13
"vary_k",10000,12,43,"SVP Gaussian / none / c = 0.968",0.345000000000027,1,0.345000000000027,13
"vary_k",10000,12,44,"SVP Gaussian / none / c = 0.968",0.343000000000075,1,0.343000000000075,13
"vary_k",10000,12,45,"SVP Gaussian / none / c = 0.968",0.345000000000027,1,0.345000000000027,13
"vary_k",10000,12,46,"SVP Gaussian / none / c = 0.968",0.342999999999847,1,0.342999999999847,13
"vary_k",10000,12,47,"SVP Gaussian / none / c = 0.968",0.3449999999998,1,0.3449999999998,13
"vary_k",10000,12,48,"SVP Gaussian / none / c = 0.968",0.344000000000051,1,0.344000000000051,13
"vary_k",10000,13,13,"SVP Gaussian / none / c = 0.968",0.345000000000027,1,0.345000000000027,14
"vary_k",10000,13,14,"SVP Gaussian / none / c = 0.968",0.344000000000051,1,0.344000000000051,14
"vary_k",10000,13,15,"SVP Gaussian / none / c = 0.968",0.3449999999998,1,0.3449999999998,14
"vary_k",10000,13,16,"SVP Gaussian / none / c = 0.968",0.344000000000051,1,0.344000000000051,14
"vary_k",10000,13,17,"SVP Gaussian / none / c = 0.968",0.346000000000004,1,0.346000000000004,14
"vary_k",10000,13,18,"SVP Gaussian / none / c = 0.968",0.344000000000051,1,0.344000000000051,14
"vary_k",10000,13,19,"SVP Gaussian / none / c = 0.968",0.343999999999824,1,0.343999999999824,14
"vary_k",10000,13,20,"SVP Gaussian / none / c = 0.968",0.34699999999998,1,0.34699999999998,14
"vary_k",10000,13,21,"SVP Gaussian / none / c = 0.968",0.345000000000027,1,0.345000000000027,14
"vary_k",10000,13,22,"SVP Gaussian / none / c = 0.968",0.3449999999998,1,0.3449999999998,14
"vary_k",10000,13,23,"SVP Gaussian / none / c = 0.968",0.344000000000051,1,0.344000000000051,14
"vary_k",10000,13,24,"SVP Gaussian / none / c = 0.968",0.345000000000027,1,0.345000000000027,14
"vary_k",10000,13,25,"SVP Gaussian / none / c = 0.968",0.346000000000004,1,0.346000000000004,14
"vary_k",10000,13,26,"SVP Gaussian / none / c = 0.968",0.343999999999824,1,0.343999999999824,14
"vary_k",10000,13,27,"SVP Gaussian / none / c = 0.968",0.341999999999871,1,0.341999999999871,14
"vary_k",10000,13,28,"SVP Gaussian / none / c = 0.968",0.344000000000051,1,0.344000000000051,14
"vary_k",10000,13,29,"SVP Gaussian / none / c = 0.968",0.344000000000051,1,0.344000000000051,14
"vary_k",10000,13,30,"SVP Gaussian / none / c = 0.968",0.345000000000027,1,0.345000000000027,14
"vary_k",10000,13,31,"SVP Gaussian / none / c = 0.968",0.342999999999847,1,0.342999999999847,14
"vary_k",10000,13,32,"SVP Gaussian / none / c = 0.968",0.347999999999956,1,0.347999999999956,14
"vary_k",10000,13,33,"SVP Gaussian / none / c = 0.968",0.346000000000004,1,0.346000000000004,14
"vary_k",10000,13,34,"SVP Gaussian / none / c = 0.968",0.343999999999824,1,0.343999999999824,14
"vary_k",10000,13,35,"SVP Gaussian / none / c = 0.968",0.345000000000027,1,0.345000000000027,14
"vary_k",10000,13,36,"SVP Gaussian / none / c = 0.968",0.345000000000027,1,0.345000000000027,14
"vary_k",10000,13,37,"SVP Gaussian / none / c = 0.968",0.345000000000027,1,0.345000000000027,14
"vary_k",10000,13,38,"SVP Gaussian / none / c = 0.968",0.345000000000027,1,0.345000000000027,14
"vary_k",10000,13,39,"SVP Gaussian / none / c = 0.968",0.34699999999998,1,0.34699999999998,14
"vary_k",10000,13,40,"SVP Gaussian / none / c = 0.968",0.346000000000004,1,0.346000000000004,14
"vary_k",10000,13,41,"SVP Gaussian / none / c = 0.968",0.345000000000027,1,0.345000000000027,14
"vary_k",10000,13,42,"SVP Gaussian / none / c = 0.968",0.344000000000051,1,0.344000000000051,14
"vary_k",10000,13,43,"SVP Gaussian / none / c = 0.968",0.344000000000051,1,0.344000000000051,14
"vary_k",10000,13,44,"SVP Gaussian / none / c = 0.968",0.344000000000051,1,0.344000000000051,14
"vary_k",10000,13,45,"SVP Gaussian / none / c = 0.968",0.343999999999824,1,0.343999999999824,14
"vary_k",10000,13,46,"SVP Gaussian / none / c = 0.968",0.345000000000027,1,0.345000000000027,14
"vary_k",10000,13,47,"SVP Gaussian / none / c = 0.968",0.344000000000051,1,0.344000000000051,14
"vary_k",10000,13,48,"SVP Gaussian / none / c = 0.968",0.346000000000004,1,0.346000000000004,14
"vary_k",10000,14,13,"SVP Gaussian / none / c = 0.968",0.34699999999998,1,0.34699999999998,15
"vary_k",10000,14,14,"SVP Gaussian / none / c = 0.968",0.346000000000004,1,0.346000000000004,15
"vary_k",10000,14,15,"SVP Gaussian / none / c = 0.968",0.343999999999824,1,0.343999999999824,15
"vary_k",10000,14,16,"SVP Gaussian / none / c = 0.968",0.346000000000004,1,0.346000000000004,15
"vary_k",10000,14,17,"SVP Gaussian / none / c = 0.968",0.346000000000004,1,0.346000000000004,15
"vary_k",10000,14,18,"SVP Gaussian / none / c = 0.968",0.346000000000004,1,0.346000000000004,15
"vary_k",10000,14,19,"SVP Gaussian / none / c = 0.968",0.344000000000051,1,0.344000000000051,15
"vary_k",10000,14,20,"SVP Gaussian / none / c = 0.968",0.345000000000027,1,0.345000000000027,15
"vary_k",10000,14,21,"SVP Gaussian / none / c = 0.968",0.346000000000004,1,0.346000000000004,15
"vary_k",10000,14,22,"SVP Gaussian / none / c = 0.968",0.346000000000004,1,0.346000000000004,15
"vary_k",10000,14,23,"SVP Gaussian / none / c = 0.968",0.347000000000207,1,0.347000000000207,16
"vary_k",10000,14,24,"SVP Gaussian / none / c = 0.968",0.345000000000027,1,0.345000000000027,15
"vary_k",10000,14,25,"SVP Gaussian / none / c = 0.968",0.344000000000051,1,0.344000000000051,15
"vary_k",10000,14,26,"SVP Gaussian / none / c = 0.968",0.345000000000027,1,0.345000000000027,15
"vary_k",10000,14,27,"SVP Gaussian / none / c = 0.968",0.344000000000051,1,0.344000000000051,15
"vary_k",10000,14,28,"SVP Gaussian / none / c = 0.968",0.345000000000027,1,0.345000000000027,15
"vary_k",10000,14,29,"SVP Gaussian / none / c = 0.968",0.344000000000051,1,0.344000000000051,15
"vary_k",10000,14,30,"SVP Gaussian / none / c = 0.968",0.345000000000027,1,0.345000000000027,15
"vary_k",10000,14,31,"SVP Gaussian / none / c = 0.968",0.345000000000027,1,0.345000000000027,15
"vary_k",10000,14,32,"SVP Gaussian / none / c = 0.968",0.347999999999956,1,0.347999999999956,15
"vary_k",10000,14,33,"SVP Gaussian / none / c = 0.968",0.344000000000051,1,0.344000000000051,15
"vary_k",10000,14,34,"SVP Gaussian / none / c = 0.968",0.345000000000027,1,0.345000000000027,15
"vary_k",10000,14,35,"SVP Gaussian / none / c = 0.968",0.345000000000027,1,0.345000000000027,15
"vary_k",10000,14,36,"SVP Gaussian / none / c = 0.968",0.346000000000004,1,0.346000000000004,15
"vary_k",10000,14,37,"SVP Gaussian / none / c = 0.968",0.342999999999847,1,0.342999999999847,15
"vary_k",10000,14,38,"SVP Gaussian / none / c = 0.968",0.346000000000004,1,0.346000000000004,15
"vary_k",10000,14,39,"SVP Gaussian / none / c = 0.968",0.346000000000004,1,0.346000000000004,15
"vary_k",10000,14,40,"SVP Gaussian / none / c = 0.968",0.346000000000004,1,0.346000000000004,15
"vary_k",10000,14,41,"SVP Gaussian / none / c = 0.968",0.345000000000027,1,0.345000000000027,15
"vary_k",10000,14,42,"SVP Gaussian / none / c = 0.968",0.344000000000051,1,0.344000000000051,15
"vary_k",10000,14,43,"SVP Gaussian / none / c = 0.968",0.345000000000027,1,0.345000000000027,15
"vary_k",10000,14,44,"SVP Gaussian / none / c = 0.968",0.343999999999824,1,0.343999999999824,15
"vary_k",10000,14,45,"SVP Gaussian / none / c = 0.968",0.341999999999871,1,0.341999999999871,15
"vary_k",10000,14,46,"SVP Gaussian / none / c = 0.968",0.345000000000027,1,0.345000000000027,15
"vary_k",10000,14,47,"SVP Gaussian / none / c = 0.968",0.343000000000075,1,0.343000000000075,15
"vary_k",10000,14,48,"SVP Gaussian / none / c = 0.968",0.344000000000051,1,0.344000000000051,15
"vary_k",10000,15,13,"SVP Gaussian / none / c = 0.968",0.345000000000027,1,0.345000000000027,16
"vary_k",10000,15,14,"SVP Gaussian / none / c = 0.968",0.346000000000004,1,0.346000000000004,16
"vary_k",10000,15,15,"SVP Gaussian / none / c = 0.968",0.344000000000051,1,0.344000000000051,16
"vary_k",10000,15,16,"SVP Gaussian / none / c = 0.968",0.346000000000004,1,0.346000000000004,16
"vary_k",10000,15,17,"SVP Gaussian / none / c = 0.968",0.348000000000184,1,0.348000000000184,16
"vary_k",10000,15,18,"SVP Gaussian / none / c = 0.968",0.346000000000004,1,0.346000000000004,16
"vary_k",10000,15,19,"SVP Gaussian / none / c = 0.968",0.344000000000051,1,0.344000000000051,16
"vary_k",10000,15,20,"SVP Gaussian / none / c = 0.968",0.344000000000051,1,0.344000000000051,16
"vary_k",10000,15,21,"SVP Gaussian / none / c = 0.968",0.34699999999998,1,0.34699999999998,16
"vary_k",10000,15,22,"SVP Gaussian / none / c = 0.968",0.345000000000027,1,0.345000000000027,16
"vary_k",10000,15,23,"SVP Gaussian / none / c = 0.968",0.345000000000027,1,0.345000000000027,16
"vary_k",10000,15,24,"SVP Gaussian / none / c = 0.968",0.3449999999998,1,0.3449999999998,16
"vary_k",10000,15,25,"SVP Gaussian / none / c = 0.968",0.345000000000027,1,0.345000000000027,16
"vary_k",10000,15,26,"SVP Gaussian / none / c = 0.968",0.345000000000027,1,0.345000000000027,16
"vary_k",10000,15,27,"SVP Gaussian / none / c = 0.968",0.346000000000004,1,0.346000000000004,16
"vary_k",10000,15,28,"SVP Gaussian / none / c = 0.968",0.344000000000051,1,0.344000000000051,16
"vary_k",10000,15,29,"SVP Gaussian / none / c = 0.968",0.344000000000051,1,0.344000000000051,16
"vary_k",10000,15,30,"SVP Gaussian / none / c = 0.968",0.344000000000051,1,0.344000000000051,16
"vary_k",10000,15,31,"SVP Gaussian / none / c = 0.968",0.344000000000051,1,0.344000000000051,16
"vary_k",10000,15,32,"SVP Gaussian / none / c = 0.968",0.346000000000004,1,0.346000000000004,16
"vary_k",10000,15,33,"SVP Gaussian / none / c = 0.968",0.344000000000051,1,0.344000000000051,16
"vary_k",10000,15,34,"SVP Gaussian / none / c = 0.968",0.345000000000027,1,0.345000000000027,16
"vary_k",10000,15,35,"SVP Gaussian / none / c = 0.968",0.344000000000051,1,0.344000000000051,16
"vary_k",10000,15,36,"SVP Gaussian / none / c = 0.968",0.346000000000004,1,0.346000000000004,16
"vary_k",10000,15,37,"SVP Gaussian / none / c = 0.968",0.345000000000027,1,0.345000000000027,16
"vary_k",10000,15,38,"SVP Gaussian / none / c = 0.968",0.346000000000004,1,0.346000000000004,16
"vary_k",10000,15,39,"SVP Gaussian / none / c = 0.968",0.343999999999824,1,0.343999999999824,16
"vary_k",10000,15,40,"SVP Gaussian / none / c = 0.968",0.345000000000027,1,0.345000000000027,16
"vary_k",10000,15,41,"SVP Gaussian / none / c = 0.968",0.345000000000027,1,0.345000000000027,16
"vary_k",10000,15,42,"SVP Gaussian / none / c = 0.968",0.346000000000004,1,0.346000000000004,16
"vary_k",10000,15,43,"SVP Gaussian / none / c = 0.968",0.345000000000027,1,0.345000000000027,16
"vary_k",10000,15,44,"SVP Gaussian / none / c = 0.968",0.344000000000051,1,0.344000000000051,16
"vary_k",10000,15,45,"SVP Gaussian / none / c = 0.968",0.344000000000051,1,0.344000000000051,16
"vary_k",10000,15,46,"SVP Gaussian / none / c = 0.968",0.345000000000027,1,0.345000000000027,16
"vary_k",10000,15,47,"SVP Gaussian / none / c = 0.968",0.343999999999824,1,0.343999999999824,16
"vary_k",10000,15,48,"SVP Gaussian / none / c = 0.968",0.345000000000027,1,0.345000000000027,16
"vary_k",10000,16,13,"SVP Gaussian / none / c = 0.968",0.345000000000027,1,0.345000000000027,17
"vary_k",10000,16,14,"SVP Gaussian / none / c = 0.968",0.345000000000027,1,0.345000000000027,17
"vary_k",10000,16,15,"SVP Gaussian / none / c = 0.968",0.345000000000027,1,0.345000000000027,17
"vary_k",10000,16,16,"SVP Gaussian / none / c = 0.968",0.346000000000004,1,0.346000000000004,17
"vary_k",10000,16,17,"SVP Gaussian / none / c = 0.968",0.346000000000004,1,0.346000000000004,17
"vary_k",10000,16,18,"SVP Gaussian / none / c = 0.968",0.347999999999956,1,0.347999999999956,17
"vary_k",10000,16,19,"SVP Gaussian / none / c = 0.968",0.346000000000004,1,0.346000000000004,17
"vary_k",10000,16,20,"SVP Gaussian / none / c = 0.968",0.3449999999998,1,0.3449999999998,17
"vary_k",10000,16,21,"SVP Gaussian / none / c = 0.968",0.345000000000027,1,0.345000000000027,17
"vary_k",10000,16,22,"SVP Gaussian / none / c = 0.968",0.346000000000004,1,0.346000000000004,17
"vary_k",10000,16,23,"SVP Gaussian / none / c = 0.968",0.3449999999998,1,0.3449999999998,17
"vary_k",10000,16,24,"SVP Gaussian / none / c = 0.968",0.34699999999998,1,0.34699999999998,17
"vary_k",10000,16,25,"SVP Gaussian / none / c = 0.968",0.346000000000004,1,0.346000000000004,17
"vary_k",10000,16,26,"SVP Gaussian / none / c = 0.968",0.3449999999998,1,0.3449999999998,17
"vary_k",10000,16,27,"SVP Gaussian / none / c = 0.968",0.345000000000027,1,0.345000000000027,17
"vary_k",10000,16,28,"SVP Gaussian / none / c = 0.968",0.346000000000004,1,0.346000000000004,17
"vary_k",10000,16,29,"SVP Gaussian / none / c = 0.968",0.342999999999847,1,0.342999999999847,17
"vary_k",10000,16,30,"SVP Gaussian / none / c = 0.968",0.345000000000027,1,0.345000000000027,17
"vary_k",10000,16,31,"SVP Gaussian / none / c = 0.968",0.345000000000027,1,0.345000000000027,17
"vary_k",10000,16,32,"SVP Gaussian / none / c = 0.968",0.345000000000027,1,0.345000000000027,17
"vary_k",10000,16,33,"SVP Gaussian / none / c = 0.968",0.34699999999998,1,0.34699999999998,17
"vary_k",10000,16,34,"SVP Gaussian / none / c = 0.968",0.347999999999956,1,0.347999999999956,18
"vary_k",10000,16,35,"SVP Gaussian / none / c = 0.968",0.347999999999956,1,0.347999999999956,17
"vary_k",10000,16,36,"SVP Gaussian / none / c = 0.968",0.346000000000004,1,0.346000000000004,17
"vary_k",10000,16,37,"SVP Gaussian / none / c = 0.968",0.346000000000004,1,0.346000000000004,17
"vary_k",10000,16,38,"SVP Gaussian / none / c = 0.968",0.34699999999998,1,0.34699999999998,17
"vary_k",10000,16,39,"SVP Gaussian / none / c = 0.968",0.350000000000136,1,0.350000000000136,18
"vary_k",10000,16,40,"SVP Gaussian / none / c = 0.968",0.346000000000004,1,0.346000000000004,17
"vary_k",10000,16,41,"SVP Gaussian / none / c = 0.968",0.343999999999824,1,0.343999999999824,17
"vary_k",10000,16,42,"SVP Gaussian / none / c = 0.968",0.346000000000004,1,0.346000000000004,18
"vary_k",10000,16,43,"SVP Gaussian / none / c = 0.968",0.344000000000051,1,0.344000000000051,17
"vary_k",10000,16,44,"SVP Gaussian / none / c = 0.968",0.346000000000004,1,0.346000000000004,17
"vary_k",10000,16,45,"SVP Gaussian / none / c = 0.968",0.346000000000004,1,0.346000000000004,18
"vary_k",10000,16,46,"SVP Gaussian / none / c = 0.968",0.345000000000027,1,0.345000000000027,17
"vary_k",10000,16,47,"SVP Gaussian / none / c = 0.968",0.345000000000027,1,0.345000000000027,17
"vary_k",10000,16,48,"SVP Gaussian / none / c = 0.968",0.343999999999824,1,0.343999999999824,17
"vary_k",10000,17,13,"SVP Gaussian / none / c = 0.968",0.345000000000027,1,0.345000000000027,18
"vary_k",10000,17,14,"SVP Gaussian / none / c = 0.968",0.344000000000051,1,0.344000000000051,18
"vary_k",10000,17,15,"SVP Gaussian / none / c = 0.968",0.345000000000027,1,0.345000000000027,18
"vary_k",10000,17,16,"SVP Gaussian / none / c = 0.968",0.348999999999933,1,0.348999999999933,18
"vary_k",10000,17,17,"SVP Gaussian / none / c = 0.968",0.344000000000051,1,0.344000000000051,18
"vary_k",10000,17,18,"SVP Gaussian / none / c = 0.968",0.3449999999998,1,0.3449999999998,18
"vary_k",10000,17,19,"SVP Gaussian / none / c = 0.968",0.34699999999998,1,0.34699999999998,18
"vary_k",10000,17,20,"SVP Gaussian / none / c = 0.968",0.347000000000207,1,0.347000000000207,18
"vary_k",10000,17,21,"SVP Gaussian / none / c = 0.968",0.344000000000051,1,0.344000000000051,18
"vary_k",10000,17,22,"SVP Gaussian / none / c = 0.968",0.345000000000027,1,0.345000000000027,18
"vary_k",10000,17,23,"SVP Gaussian / none / c = 0.968",0.346000000000004,1,0.346000000000004,18
"vary_k",10000,17,24,"SVP Gaussian / none / c = 0.968",0.345000000000027,1,0.345000000000027,18
"vary_k",10000,17,25,"SVP Gaussian / none / c = 0.968",0.345000000000027,1,0.345000000000027,18
"vary_k",10000,17,26,"SVP Gaussian / none / c = 0.968",0.345000000000027,1,0.345000000000027,18
"vary_k",10000,17,27,"SVP Gaussian / none / c = 0.968",0.344000000000051,1,0.344000000000051,18
"vary_k",10000,17,28,"SVP Gaussian / none / c = 0.968",0.344000000000051,1,0.344000000000051,18
"vary_k",10000,17,29,"SVP Gaussian / none / c = 0.968",0.345000000000027,1,0.345000000000027,18
"vary_k",10000,17,30,"SVP Gaussian / none / c = 0.968",0.343999999999824,1,0.343999999999824,18
"vary_k",10000,17,31,"SVP Gaussian / none / c = 0.968",0.345000000000027,1,0.345000000000027,18
"vary_k",10000,17,32,"SVP Gaussian / none / c = 0.968",0.346000000000004,1,0.346000000000004,18
"vary_k",10000,17,33,"SVP Gaussian / none / c = 0.968",0.346000000000004,1,0.346000000000004,18
"vary_k",10000,17,34,"SVP Gaussian / none / c = 0.968",0.348999999999933,1,0.348999999999933,18
"vary_k",10000,17,35,"SVP Gaussian / none / c = 0.968",0.346000000000004,1,0.346000000000004,18
"vary_k",10000,17,36,"SVP Gaussian / none / c = 0.968",0.345000000000027,1,0.345000000000027,18
"vary_k",10000,17,37,"SVP Gaussian / none / c = 0.968",0.350000000000136,1,0.350000000000136,18
"vary_k",10000,17,38,"SVP Gaussian / none / c = 0.968",0.345000000000027,1,0.345000000000027,18
"vary_k",10000,17,39,"SVP Gaussian / none / c = 0.968",0.34699999999998,1,0.34699999999998,18
"vary_k",10000,17,40,"SVP Gaussian / none / c = 0.968",0.345000000000027,1,0.345000000000027,18
"vary_k",10000,17,41,"SVP Gaussian / none / c = 0.968",0.346000000000004,1,0.346000000000004,18
"vary_k",10000,17,42,"SVP Gaussian / none / c = 0.968",0.346000000000004,1,0.346000000000004,18
"vary_k",10000,17,43,"SVP Gaussian / none / c = 0.968",0.344000000000051,1,0.344000000000051,18
"vary_k",10000,17,44,"SVP Gaussian / none / c = 0.968",0.344000000000051,1,0.344000000000051,18
"vary_k",10000,17,45,"SVP Gaussian / none / c = 0.968",0.345000000000027,1,0.345000000000027,18
"vary_k",10000,17,46,"SVP Gaussian / none / c = 0.968",0.345000000000027,1,0.345000000000027,18
"vary_k",10000,17,47,"SVP Gaussian / none / c = 0.968",0.344000000000051,1,0.344000000000051,18
"vary_k",10000,17,48,"SVP Gaussian / none / c = 0.968",0.345000000000027,1,0.345000000000027,18
"vary_k",10000,18,13,"SVP Gaussian / none / c = 0.968",0.345000000000027,1,0.345000000000027,19
"vary_k",10000,18,14,"SVP Gaussian / none / c = 0.968",0.3449999999998,1,0.3449999999998,19
"vary_k",10000,18,15,"SVP Gaussian / none / c = 0.968",0.348999999999933,1,0.348999999999933,20
"vary_k",10000,18,16,"SVP Gaussian / none / c = 0.968",0.346000000000004,1,0.346000000000004,19
"vary_k",10000,18,17,"SVP Gaussian / none / c = 0.968",0.347999999999956,1,0.347999999999956,19
"vary_k",10000,18,18,"SVP Gaussian / none / c = 0.968",0.347000000000207,1,0.347000000000207,19
"vary_k",10000,18,19,"SVP Gaussian / none / c = 0.968",0.348999999999933,1,0.348999999999933,19
"vary_k",10000,18,20,"SVP Gaussian / none / c = 0.968",0.3449999999998,1,0.3449999999998,19
"vary_k",10000,18,21,"SVP Gaussian / none / c = 0.968",0.347999999999956,1,0.347999999999956,19
"vary_k",10000,18,22,"SVP Gaussian / none / c = 0.968",0.345000000000027,1,0.345000000000027,19
"vary_k",10000,18,23,"SVP Gaussian / none / c = 0.968",0.346000000000004,1,0.346000000000004,19
"vary_k",10000,18,24,"SVP Gaussian / none / c = 0.968",0.345000000000027,1,0.345000000000027,19
"vary_k",10000,18,25,"SVP Gaussian / none / c = 0.968",0.34699999999998,1,0.34699999999998,21
"vary_k",10000,18,26,"SVP Gaussian / none / c = 0.968",0.345000000000027,1,0.345000000000027,19
"vary_k",10000,18,27,"SVP Gaussian / none / c = 0.968",0.346000000000004,1,0.346000000000004,19
"vary_k",10000,18,28,"SVP Gaussian / none / c = 0.968",0.344000000000051,1,0.344000000000051,19
"vary_k",10000,18,29,"SVP Gaussian / none / c = 0.968",0.345000000000027,1,0.345000000000027,19
"vary_k",10000,18,30,"SVP Gaussian / none / c = 0.968",0.345000000000027,1,0.345000000000027,19
"vary_k",10000,18,31,"SVP Gaussian / none / c = 0.968",0.345000000000027,1,0.345000000000027,19
"vary_k",10000,18,32,"SVP Gaussian / none / c = 0.968",0.346000000000004,1,0.346000000000004,19
"vary_k",10000,18,33,"SVP Gaussian / none / c = 0.968",0.345000000000027,1,0.345000000000027,20
"vary_k",10000,18,34,"SVP Gaussian / none / c = 0.968",0.34699999999998,1,0.34699999999998,19
"vary_k",10000,18,35,"SVP Gaussian / none / c = 0.968",0.34699999999998,1,0.34699999999998,19
"vary_k",10000,18,36,"SVP Gaussian / none / c = 0.968",0.34699999999998,1,0.34699999999998,19
"vary_k",10000,18,37,"SVP Gaussian / none / c = 0.968",0.350999999999885,1,0.350999999999885,19
"vary_k",10000,18,38,"SVP Gaussian / none / c = 0.968",0.346000000000004,1,0.346000000000004,19
"vary_k",10000,18,39,"SVP Gaussian / none / c = 0.968",0.34699999999998,1,0.34699999999998,19
"vary_k",10000,18,40,"SVP Gaussian / none / c = 0.968",0.346000000000004,1,0.346000000000004,19
"vary_k",10000,18,41,"SVP Gaussian / none / c = 0.968",0.347999999999956,1,0.347999999999956,19
"vary_k",10000,18,42,"SVP Gaussian / none / c = 0.968",0.346000000000004,1,0.346000000000004,19
"vary_k",10000,18,43,"SVP Gaussian / none / c = 0.968",0.348999999999933,1,0.348999999999933,19
"vary_k",10000,18,44,"SVP Gaussian / none / c = 0.968",0.34699999999998,1,0.34699999999998,19
"vary_k",10000,18,45,"SVP Gaussian / none / c = 0.968",0.346000000000004,1,0.346000000000004,19
"vary_k",10000,18,46,"SVP Gaussian / none / c = 0.968",0.347999999999956,1,0.347999999999956,19
"vary_k",10000,18,47,"SVP Gaussian / none / c = 0.968",0.3449999999998,1,0.3449999999998,19
"vary_k",10000,18,48,"SVP Gaussian / none / c = 0.968",0.346000000000004,1,0.346000000000004,19
"vary_k",10000,19,13,"SVP Gaussian / none / c = 0.968",0.344000000000051,1,0.344000000000051,20
"vary_k",10000,19,14,"SVP Gaussian / none / c = 0.968",0.345000000000027,1,0.345000000000027,20
"vary_k",10000,19,15,"SVP Gaussian / none / c = 0.968",0.342999999999847,1,0.342999999999847,20
"vary_k",10000,19,16,"SVP Gaussian / none / c = 0.968",0.346000000000004,1,0.346000000000004,20
"vary_k",10000,19,17,"SVP Gaussian / none / c = 0.968",0.347999999999956,1,0.347999999999956,20
"vary_k",10000,19,18,"SVP Gaussian / none / c = 0.968",0.344000000000051,1,0.344000000000051,20
"vary_k",10000,19,19,"SVP Gaussian / none / c = 0.968",0.34699999999998,1,0.34699999999998,20
"vary_k",10000,19,20,"SVP Gaussian / none / c = 0.968",0.345000000000027,1,0.345000000000027,20
"vary_k",10000,19,21,"SVP Gaussian / none / c = 0.968",0.346000000000004,1,0.346000000000004,20
"vary_k",10000,19,22,"SVP Gaussian / none / c = 0.968",0.345000000000027,1,0.345000000000027,20
"vary_k",10000,19,23,"SVP Gaussian / none / c = 0.968",0.345000000000027,1,0.345000000000027,20
"vary_k",10000,19,24,"SVP Gaussian / none / c = 0.968",0.344000000000051,1,0.344000000000051,20
"vary_k",10000,19,25,"SVP Gaussian / none / c = 0.968",0.346000000000004,1,0.346000000000004,20
"vary_k",10000,19,26,"SVP Gaussian / none / c = 0.968",0.346000000000004,1,0.346000000000004,20
"vary_k",10000,19,27,"SVP Gaussian / none / c = 0.968",0.344000000000051,1,0.344000000000051,20
"vary_k",10000,19,28,"SVP Gaussian / none / c = 0.968",0.345000000000027,1,0.345000000000027,20
"vary_k",10000,19,29,"SVP Gaussian / none / c = 0.968",0.345000000000027,1,0.345000000000027,20
"vary_k",10000,19,30,"SVP Gaussian / none / c = 0.968",0.345000000000027,1,0.345000000000027,20
"vary_k",10000,19,31,"SVP Gaussian / none / c = 0.968",0.345000000000027,1,0.345000000000027,20
"vary_k",10000,19,32,"SVP Gaussian / none / c = 0.968",0.345000000000027,1,0.345000000000027,20
"vary_k",10000,19,33,"SVP Gaussian / none / c = 0.968",0.344000000000051,1,0.344000000000051,20
"vary_k",10000,19,34,"SVP Gaussian / none / c = 0.968",0.346000000000004,1,0.346000000000004,20
"vary_k",10000,19,35,"SVP Gaussian / none / c = 0.968",0.347999999999956,1,0.347999999999956,20
"vary_k",10000,19,36,"SVP Gaussian / none / c = 0.968",0.344000000000051,1,0.344000000000051,20
"vary_k",10000,19,37,"SVP Gaussian / none / c = 0.968",0.346000000000004,1,0.346000000000004,20
"vary_k",10000,19,38,"SVP Gaussian / none / c = 0.968",0.344000000000051,1,0.344000000000051,20
"vary_k",10000,19,39,"SVP Gaussian / none / c = 0.968",0.347999999999956,1,0.347999999999956,20
"vary_k",10000,19,40,"SVP Gaussian / none / c = 0.968",0.342999999999847,1,0.342999999999847,20
"vary_k",10000,19,41,"SVP Gaussian / none / c = 0.968",0.3449999999998,1,0.3449999999998,20
"vary_k",10000,19,42,"SVP Gaussian / none / c = 0.968",0.343000000000075,1,0.343000000000075,20
"vary_k",10000,19,43,"SVP Gaussian / none / c = 0.968",0.34699999999998,1,0.34699999999998,20
"vary_k",10000,19,44,"SVP Gaussian / none / c = 0.968",0.346000000000004,1,0.346000000000004,20
"vary_k",10000,19,45,"SVP Gaussian / none / c = 0.968",0.345000000000027,1,0.345000000000027,20
"vary_k",10000,19,46,"SVP Gaussian / none / c = 0.968",0.345000000000027,1,0.345000000000027,20
"vary_k",10000,19,47,"SVP Gaussian / none / c = 0.968",0.347000000000207,1,0.347000000000207,20
"vary_k",10000,19,48,"SVP Gaussian / none / c = 0.968",0.344000000000051,1,0.344000000000051,20
"vary_k",10000,20,13,"SVP Gaussian / none / c = 0.968",0.344000000000051,1,0.344000000000051,21
"vary_k",10000,20,14,"SVP Gaussian / none / c = 0.968",0.344000000000051,1,0.344000000000051,21
"vary_k",10000,20,15,"SVP Gaussian / none / c = 0.968",0.343999999999824,1,0.343999999999824,21
"vary_k",10000,20,16,"SVP Gaussian / none / c = 0.968",0.345000000000027,1,0.345000000000027,21
"vary_k",10000,20,17,"SVP Gaussian / none / c = 0.968",0.346000000000004,1,0.346000000000004,21
"vary_k",10000,20,18,"SVP Gaussian / none / c = 0.968",0.3449999999998,1,0.3449999999998,21
"vary_k",10000,20,19,"SVP Gaussian / none / c = 0.968",0.346000000000004,1,0.346000000000004,21
"vary_k",10000,20,20,"SVP Gaussian / none / c = 0.968",0.344000000000051,1,0.344000000000051,21
"vary_k",10000,20,21,"SVP Gaussian / none / c = 0.968",0.346000000000004,1,0.346000000000004,21
"vary_k",10000,20,22,"SVP Gaussian / none / c = 0.968",0.345000000000027,1,0.345000000000027,21
"vary_k",10000,20,23,"SVP Gaussian / none / c = 0.968",0.345000000000027,1,0.345000000000027,21
"vary_k",10000,20,24,"SVP Gaussian / none / c = 0.968",0.346000000000004,1,0.346000000000004,21
"vary_k",10000,20,25,"SVP Gaussian / none / c = 0.968",0.345000000000027,1,0.345000000000027,21
"vary_k",10000,20,26,"SVP Gaussian / none / c = 0.968",0.346000000000004,1,0.346000000000004,21
"vary_k",10000,20,27,"SVP Gaussian / none / c = 0.968",0.346000000000004,1,0.346000000000004,21
"vary_k",10000,20,28,"SVP Gaussian / none / c = 0.968",0.345000000000027,1,0.345000000000027,21
"vary_k",10000,20,29,"SVP Gaussian / none / c = 0.968",0.345000000000027,1,0.345000000000027,21
"vary_k",10000,20,30,"SVP Gaussian / none / c = 0.968",0.345000000000027,1,0.345000000000027,21
"vary_k",10000,20,31,"SVP Gaussian / none / c = 0.968",0.346000000000004,1,0.346000000000004,21
"vary_k",10000,20,32,"SVP Gaussian / none / c = 0.968",0.345000000000027,1,0.345000000000027,21
"vary_k",10000,20,33,"SVP Gaussian / none / c = 0.968",0.346000000000004,1,0.346000000000004,21
"vary_k",10000,20,34,"SVP Gaussian / none / c = 0.968",0.345000000000027,1,0.345000000000027,21
"vary_k",10000,20,35,"SVP Gaussian / none / c = 0.968",0.345000000000027,1,0.345000000000027,21
"vary_k",10000,20,36,"SVP Gaussian / none / c = 0.968",0.348999999999933,1,0.348999999999933,21
"vary_k",10000,20,37,"SVP Gaussian / none / c = 0.968",0.346000000000004,1,0.346000000000004,21
"vary_k",10000,20,38,"SVP Gaussian / none / c = 0.968",0.346000000000004,1,0.346000000000004,21
"vary_k",10000,20,39,"SVP Gaussian / none / c = 0.968",0.34699999999998,1,0.34699999999998,21
"vary_k",10000,20,40,"SVP Gaussian / none / c = 0.968",0.34900000000016,1,0.34900000000016,21
"vary_k",10000,20,41,"SVP Gaussian / none / c = 0.968",0.345000000000027,1,0.345000000000027,21
"vary_k",10000,20,42,"SVP Gaussian / none / c = 0.968",0.345000000000027,1,0.345000000000027,21
"vary_k",10000,20,43,"SVP Gaussian / none / c = 0.968",0.345000000000027,1,0.345000000000027,21
"vary_k",10000,20,44,"SVP Gaussian / none / c = 0.968",0.346000000000004,1,0.346000000000004,21
"vary_k",10000,20,45,"SVP Gaussian / none / c = 0.968",0.345000000000027,1,0.345000000000027,21
"vary_k",10000,20,46,"SVP Gaussian / none / c = 0.968",0.345000000000027,1,0.345000000000027,21
"vary_k",10000,20,47,"SVP Gaussian / none / c = 0.968",0.345000000000027,1,0.345000000000027,21
"vary_k",10000,20,48,"SVP Gaussian / none / c = 0.968",0.34699999999998,1,0.34699999999998,21
"vary_k",10000,21,13,"SVP Gaussian / none / c = 0.968",0.348999999999933,1,0.348999999999933,22
"vary_k",10000,21,14,"SVP Gaussian / none / c = 0.968",0.3449999999998,1,0.3449999999998,22
"vary_k",10000,21,15,"SVP Gaussian / none / c = 0.968",0.346000000000004,1,0.346000000000004,22
"vary_k",10000,21,16,"SVP Gaussian / none / c = 0.968",0.345000000000027,1,0.345000000000027,22
"vary_k",10000,21,17,"SVP Gaussian / none / c = 0.968",0.34699999999998,1,0.34699999999998,22
"vary_k",10000,21,18,"SVP Gaussian / none / c = 0.968",0.346000000000004,1,0.346000000000004,22
"vary_k",10000,21,19,"SVP Gaussian / none / c = 0.968",0.348000000000184,1,0.348000000000184,22
"vary_k",10000,21,20,"SVP Gaussian / none / c = 0.968",0.347999999999956,1,0.347999999999956,22
"vary_k",10000,21,21,"SVP Gaussian / none / c = 0.968",0.347000000000207,1,0.347000000000207,22
"vary_k",10000,21,22,"SVP Gaussian / none / c = 0.968",0.34699999999998,1,0.34699999999998,22
"vary_k",10000,21,23,"SVP Gaussian / none / c = 0.968",0.345000000000027,1,0.345000000000027,22
"vary_k",10000,21,24,"SVP Gaussian / none / c = 0.968",0.346000000000004,1,0.346000000000004,22
"vary_k",10000,21,25,"SVP Gaussian / none / c = 0.968",0.345000000000027,1,0.345000000000027,22
"vary_k",10000,21,26,"SVP Gaussian / none / c = 0.968",0.346000000000004,1,0.346000000000004,22
"vary_k",10000,21,27,"SVP Gaussian / none / c = 0.968",0.34699999999998,1,0.34699999999998,22
"vary_k",10000,21,28,"SVP Gaussian / none / c = 0.968",0.34699999999998,1,0.34699999999998,22
"vary_k",10000,21,29,"SVP Gaussian / none / c = 0.968",0.34699999999998,1,0.34699999999998,22
"vary_k",10000,21,30,"SVP Gaussian / none / c = 0.968",0.346000000000004,1,0.346000000000004,22
"vary_k",10000,21,31,"SVP Gaussian / none / c = 0.968",0.345000000000027,1,0.345000000000027,22
"vary_k",10000,21,32,"SVP Gaussian / none / c = 0.968",0.34699999999998,1,0.34699999999998,22
"vary_k",10000,21,33,"SVP Gaussian / none / c = 0.968",0.3449999999998,1,0.3449999999998,22
"vary_k",10000,21,34,"SVP Gaussian / none / c = 0.968",0.34699999999998,1,0.34699999999998,22
"vary_k",10000,21,35,"SVP Gaussian / none / c = 0.968",0.346000000000004,1,0.346000000000004,22
"vary_k",10000,21,36,"SVP Gaussian / none / c = 0.968",0.34699999999998,1,0.34699999999998,22
"vary_k",10000,21,37,"SVP Gaussian / none / c = 0.968",0.348999999999933,1,0.348999999999933,22
"vary_k",10000,21,38,"SVP Gaussian / none / c = 0.968",0.346000000000004,1,0.346000000000004,22
"vary_k",10000,21,39,"SVP Gaussian / none / c = 0.968",0.346000000000004,1,0.346000000000004,22
"vary_k",10000,21,40,"SVP Gaussian / none / c = 0.968",0.34699999999998,1,0.34699999999998,22
"vary_k",10000,21,41,"SVP Gaussian / none / c = 0.968",0.34699999999998,1,0.34699999999998,22
"vary_k",10000,21,42,"SVP Gaussian / none / c = 0.968",0.346000000000004,1,0.346000000000004,22
"vary_k",10000,21,43,"SVP Gaussian / none / c = 0.968",0.346000000000004,1,0.346000000000004,22
"vary_k",10000,21,44,"SVP Gaussian / none / c = 0.968",0.345000000000027,1,0.345000000000027,22
"vary_k",10000,21,45,"SVP Gaussian / none / c = 0.968",0.34699999999998,1,0.34699999999998,22
"vary_k",10000,21,46,"SVP Gaussian / none / c = 0.968",0.348999999999933,1,0.348999999999933,22
"vary_k",10000,21,47,"SVP Gaussian / none / c = 0.968",0.346000000000004,1,0.346000000000004,22
"vary_k",10000,21,48,"SVP Gaussian / none / c = 0.968",0.346000000000004,1,0.346000000000004,22
"vary_k",10000,22,13,"SVP Gaussian / none / c = 0.968",0.346000000000004,1,0.346000000000004,23
"vary_k",10000,22,14,"SVP Gaussian / none / c = 0.968",0.34699999999998,1,0.34699999999998,23
"vary_k",10000,22,15,"SVP Gaussian / none / c = 0.968",0.347000000000207,1,0.347000000000207,23
"vary_k",10000,22,16,"SVP Gaussian / none / c = 0.968",0.34699999999998,1,0.34699999999998,23
"vary_k",10000,22,17,"SVP Gaussian / none / c = 0.968",0.346000000000004,1,0.346000000000004,23
"vary_k",10000,22,18,"SVP Gaussian / none / c = 0.968",0.34699999999998,1,0.34699999999998,23
"vary_k",10000,22,19,"SVP Gaussian / none / c = 0.968",0.345000000000027,1,0.345000000000027,23
"vary_k",10000,22,20,"SVP Gaussian / none / c = 0.968",0.346000000000004,1,0.346000000000004,23
"vary_k",10000,22,21,"SVP Gaussian / none / c = 0.968",0.345000000000027,1,0.345000000000027,24
"vary_k",10000,22,22,"SVP Gaussian / none / c = 0.968",0.346000000000004,1,0.346000000000004,23
"vary_k",10000,22,23,"SVP Gaussian / none / c = 0.968",0.345000000000027,1,0.345000000000027,23
"vary_k",10000,22,24,"SVP Gaussian / none / c = 0.968",0.344000000000051,1,0.344000000000051,23
"vary_k",10000,22,25,"SVP Gaussian / none / c = 0.968",0.345000000000027,1,0.345000000000027,23
"vary_k",10000,22,26,"SVP Gaussian / none / c = 0.968",0.345000000000027,1,0.345000000000027,23
"vary_k",10000,22,27,"SVP Gaussian / none / c = 0.968",0.346000000000004,1,0.346000000000004,23
"vary_k",10000,22,28,"SVP Gaussian / none / c = 0.968",0.348999999999933,1,0.348999999999933,23
"vary_k",10000,22,29,"SVP Gaussian / none / c = 0.968",0.346000000000004,1,0.346000000000004,23
"vary_k",10000,22,30,"SVP Gaussian / none / c = 0.968",0.347999999999956,1,0.347999999999956,23
"vary_k",10000,22,31,"SVP Gaussian / none / c = 0.968",0.346000000000004,1,0.346000000000004,23
"vary_k",10000,22,32,"SVP Gaussian / none / c = 0.968",0.347999999999956,1,0.347999999999956,23
"vary_k",10000,22,33,"SVP Gaussian / none / c = 0.968",0.346000000000004,1,0.346000000000004,23
"vary_k",10000,22,34,"SVP Gaussian / none / c = 0.968",0.34699999999998,1,0.34699999999998,23
"vary_k",10000,22,35,"SVP Gaussian / none / c = 0.968",0.346000000000004,1,0.346000000000004,23
"vary_k",10000,22,36,"SVP Gaussian / none / c = 0.968",0.347999999999956,1,0.347999999999956,23
"vary_k",10000,22,37,"SVP Gaussian / none / c = 0.968",0.346000000000004,1,0.346000000000004,23
"vary_k",10000,22,38,"SVP Gaussian / none / c = 0.968",0.348999999999933,1,0.348999999999933,23
"vary_k",10000,22,39,"SVP Gaussian / none / c = 0.968",0.346000000000004,1,0.346000000000004,23
"vary_k",10000,22,40,"SVP Gaussian / none / c = 0.968",0.345000000000027,1,0.345000000000027,23
"vary_k",10000,22,41,"SVP Gaussian / none / c = 0.968",0.346000000000004,1,0.346000000000004,23
"vary_k",10000,22,42,"SVP Gaussian / none / c = 0.968",0.348999999999933,1,0.348999999999933,23
"vary_k",10000,22,43,"SVP Gaussian / none / c = 0.968",0.350000000000136,1,0.350000000000136,23
"vary_k",10000,22,44,"SVP Gaussian / none / c = 0.968",0.346000000000004,1,0.346000000000004,23
"vary_k",10000,22,45,"SVP Gaussian / none / c = 0.968",0.3449999999998,1,0.3449999999998,23
"vary_k",10000,22,46,"SVP Gaussian / none / c = 0.968",0.345000000000027,1,0.345000000000027,23
"vary_k",10000,22,47,"SVP Gaussian / none / c = 0.968",0.345000000000027,1,0.345000000000027,23
"vary_k",10000,22,48,"SVP Gaussian / none / c = 0.968",0.346000000000004,1,0.346000000000004,23
"vary_k",10000,23,13,"SVP Gaussian / none / c = 0.968",0.345000000000027,1,0.345000000000027,24
"vary_k",10000,23,14,"SVP Gaussian / none / c = 0.968",0.34699999999998,1,0.34699999999998,24
"vary_k",10000,23,15,"SVP Gaussian / none / c = 0.968",0.346000000000004,1,0.346000000000004,24
"vary_k",10000,23,16,"SVP Gaussian / none / c = 0.968",0.34699999999998,1,0.34699999999998,24
"vary_k",10000,23,17,"SVP Gaussian / none / c = 0.968",0.346000000000004,1,0.346000000000004,24
"vary_k",10000,23,18,"SVP Gaussian / none / c = 0.968",0.34699999999998,1,0.34699999999998,24
"vary_k",10000,23,19,"SVP Gaussian / none / c = 0.968",0.346000000000004,1,0.346000000000004,24
"vary_k",10000,23,20,"SVP Gaussian / none / c = 0.968",0.345000000000027,1,0.345000000000027,24
"vary_k",10000,23,21,"SVP Gaussian / none / c = 0.968",0.34699999999998,1,0.34699999999998,24
"vary_k",10000,23,22,"SVP Gaussian / none / c = 0.968",0.346000000000004,1,0.346000000000004,24
"vary_k",10000,23,23,"SVP Gaussian / none / c = 0.968",0.346000000000004,1,0.346000000000004,24
"vary_k",10000,23,24,"SVP Gaussian / none / c = 0.968",0.347000000000207,1,0.347000000000207,24
"vary_k",10000,23,25,"SVP Gaussian / none / c = 0.968",0.345000000000027,1,0.345000000000027,24
"vary_k",10000,23,26,"SVP Gaussian / none / c = 0.968",0.345000000000027,1,0.345000000000027,24
"vary_k",10000,23,27,"SVP Gaussian / none / c = 0.968",0.34900000000016,1,0.34900000000016,24
"vary_k",10000,23,28,"SVP Gaussian / none / c = 0.968",0.34699999999998,1,0.34699999999998,24
"vary_k",10000,23,29,"SVP Gaussian / none / c = 0.968",0.346000000000004,1,0.346000000000004,24
"vary_k",10000,23,30,"SVP Gaussian / none / c = 0.968",0.34699999999998,1,0.34699999999998,24
"vary_k",10000,23,31,"SVP Gaussian / none / c = 0.968",0.347000000000207,1,0.347000000000207,25
"vary_k",10000,23,32,"SVP Gaussian / none / c = 0.968",0.34699999999998,1,0.34699999999998,24
"vary_k",10000,23,33,"SVP Gaussian / none / c = 0.968",0.3449999999998,1,0.3449999999998,24
"vary_k",10000,23,34,"SVP Gaussian / none / c = 0.968",0.346000000000004,1,0.346000000000004,24
"vary_k",10000,23,35,"SVP Gaussian / none / c = 0.968",0.345000000000027,1,0.345000000000027,24
"vary_k",10000,23,36,"SVP Gaussian / none / c = 0.968",0.346000000000004,1,0.346000000000004,24
"vary_k",10000,23,37,"SVP Gaussian / none / c = 0.968",0.346000000000004,1,0.346000000000004,24
"vary_k",10000,23,38,"SVP Gaussian / none / c = 0.968",0.345000000000027,1,0.345000000000027,24
"vary_k",10000,23,39,"SVP Gaussian / none / c = 0.968",0.346000000000004,1,0.346000000000004,24
"vary_k",10000,23,40,"SVP Gaussian / none / c = 0.968",0.345000000000027,1,0.345000000000027,24
"vary_k",10000,23,41,"SVP Gaussian / none / c = 0.968",0.346000000000004,1,0.346000000000004,24
"vary_k",10000,23,42,"SVP Gaussian / none / c = 0.968",0.346000000000004,1,0.346000000000004,24
"vary_k",10000,23,43,"SVP Gaussian / none / c = 0.968",0.348999999999933,1,0.348999999999933,24
"vary_k",10000,23,44,"SVP Gaussian / none / c = 0.968",0.345000000000027,1,0.345000000000027,24
"vary_k",10000,23,45,"SVP Gaussian / none / c = 0.968",0.346000000000004,1,0.346000000000004,24
"vary_k",10000,23,46,"SVP Gaussian / none / c = 0.968",0.348000000000184,1,0.348000000000184,24
"vary_k",10000,23,47,"SVP Gaussian / none / c = 0.968",0.34699999999998,1,0.34699999999998,24
"vary_k",10000,23,48,"SVP Gaussian / none / c = 0.968",0.34699999999998,1,0.34699999999998,24
"vary_k",10000,24,13,"SVP Gaussian / none / c = 0.968",0.346000000000004,1,0.346000000000004,25
"vary_k",10000,24,14,"SVP Gaussian / none / c = 0.968",0.346000000000004,1,0.346000000000004,25
"vary_k",10000,24,15,"SVP Gaussian / none / c = 0.968",0.345000000000027,1,0.345000000000027,25
"vary_k",10000,24,16,"SVP Gaussian / none / c = 0.968",0.346000000000004,1,0.346000000000004,25
"vary_k",10000,24,17,"SVP Gaussian / none / c = 0.968",0.346000000000004,1,0.346000000000004,25
"vary_k",10000,24,18,"SVP Gaussian / none / c = 0.968",0.345000000000027,1,0.345000000000027,25
"vary_k",10000,24,19,"SVP Gaussian / none / c = 0.968",0.34699999999998,1,0.34699999999998,25
"vary_k",10000,24,20,"SVP Gaussian / none / c = 0.968",0.350999999999885,1,0.350999999999885,25
"vary_k",10000,24,21,"SVP Gaussian / none / c = 0.968",0.3449999999998,1,0.3449999999998,25
"vary_k",10000,24,22,"SVP Gaussian / none / c = 0.968",0.346000000000004,1,0.346000000000004,25
"vary_k",10000,24,23,"SVP Gaussian / none / c = 0.968",0.347999999999956,1,0.347999999999956,25
"vary_k",10000,24,24,"SVP Gaussian / none / c = 0.968",0.346000000000004,1,0.346000000000004,25
"vary_k",10000,24,25,"SVP Gaussian / none / c = 0.968",0.345000000000027,1,0.345000000000027,25
"vary_k",10000,24,26,"SVP Gaussian / none / c = 0.968",0.346000000000004,1,0.346000000000004,25
"vary_k",10000,24,27,"SVP Gaussian / none / c = 0.968",0.347999999999956,1,0.347999999999956,25
"vary_k",10000,24,28,"SVP Gaussian / none / c = 0.968",0.347999999999956,1,0.347999999999956,25
"vary_k",10000,24,29,"SVP Gaussian / none / c = 0.968",0.346000000000004,1,0.346000000000004,25
"vary_k",10000,24,30,"SVP Gaussian / none / c = 0.968",0.348000000000184,1,0.348000000000184,25
"vary_k",10000,24,31,"SVP Gaussian / none / c = 0.968",0.346000000000004,1,0.346000000000004,25
"vary_k",10000,24,32,"SVP Gaussian / none / c = 0.968",0.347000000000207,1,0.347000000000207,25
"vary_k",10000,24,33,"SVP Gaussian / none / c = 0.968",0.346000000000004,1,0.346000000000004,25
"vary_k",10000,24,34,"SVP Gaussian / none / c = 0.968",0.34699999999998,1,0.34699999999998,25
"vary_k",10000,24,35,"SVP Gaussian / none / c = 0.968",0.346000000000004,1,0.346000000000004,25
"vary_k",10000,24,36,"SVP Gaussian / none / c = 0.968",0.346000000000004,1,0.346000000000004,25
"vary_k",10000,24,37,"SVP Gaussian / none / c = 0.968",0.34699999999998,1,0.34699999999998,25
"vary_k",10000,24,38,"SVP Gaussian / none / c = 0.968",0.347999999999956,1,0.347999999999956,25
"vary_k",10000,24,39,"SVP Gaussian / none / c = 0.968",0.346000000000004,1,0.346000000000004,25
"vary_k",10000,24,40,"SVP Gaussian / none / c = 0.968",0.345000000000027,1,0.345000000000027,25
"vary_k",10000,24,41,"SVP Gaussian / none / c = 0.968",0.346000000000004,1,0.346000000000004,25
"vary_k",10000,24,42,"SVP Gaussian / none / c = 0.968",0.345000000000027,1,0.345000000000027,25
"vary_k",10000,24,43,"SVP Gaussian / none / c = 0.968",0.344000000000051,1,0.344000000000051,25
"vary_k",10000,24,44,"SVP Gaussian / none / c = 0.968",0.345000000000027,1,0.345000000000027,25
"vary_k",10000,24,45,"SVP Gaussian / none / c = 0.968",0.3449999999998,1,0.3449999999998,25
"vary_k",10000,24,46,"SVP Gaussian / none / c = 0.968",0.347999999999956,1,0.347999999999956,25
"vary_k",10000,24,47,"SVP Gaussian / none / c = 0.968",0.346000000000004,1,0.346000000000004,25
"vary_k",10000,24,48,"SVP Gaussian / none / c = 0.968",0.346000000000004,1,0.346000000000004,25
"vary_k",10000,25,13,"SVP Gaussian / none / c = 0.968",0.346000000000004,1,0.346000000000004,26
"vary_k",10000,25,14,"SVP Gaussian / none / c = 0.968",0.346000000000004,1,0.346000000000004,26
"vary_k",10000,25,15,"SVP Gaussian / none / c = 0.968",0.34699999999998,1,0.34699999999998,26
"vary_k",10000,25,16,"SVP Gaussian / none / c = 0.968",0.346000000000004,1,0.346000000000004,26
"vary_k",10000,25,17,"SVP Gaussian / none / c = 0.968",0.346000000000004,1,0.346000000000004,26
"vary_k",10000,25,18,"SVP Gaussian / none / c = 0.968",0.346000000000004,1,0.346000000000004,26
"vary_k",10000,25,19,"SVP Gaussian / none / c = 0.968",0.34699999999998,1,0.34699999999998,26
"vary_k",10000,25,20,"SVP Gaussian / none / c = 0.968",0.347999999999956,1,0.347999999999956,26
"vary_k",10000,25,21,"SVP Gaussian / none / c = 0.968",0.345000000000027,1,0.345000000000027,26
"vary_k",10000,25,22,"SVP Gaussian / none / c = 0.968",0.346000000000004,1,0.346000000000004,26
"vary_k",10000,25,23,"SVP Gaussian / none / c = 0.968",0.346000000000004,1,0.346000000000004,26
"vary_k",10000,25,24,"SVP Gaussian / none / c = 0.968",0.34699999999998,1,0.34699999999998,26
"vary_k",10000,25,25,"SVP Gaussian / none / c = 0.968",0.3449999999998,1,0.3449999999998,26
"vary_k",10000,25,26,"SVP Gaussian / none / c = 0.968",0.34699999999998,1,0.34699999999998,26
"vary_k",10000,25,27,"SVP Gaussian / none / c = 0.968",0.348000000000184,1,0.348000000000184,26
"vary_k",10000,25,28,"SVP Gaussian / none / c = 0.968",0.34699999999998,1,0.34699999999998,26
"vary_k",10000,25,29,"SVP Gaussian / none / c = 0.968",0.347000000000207,1,0.347000000000207,26
"vary_k",10000,25,30,"SVP Gaussian / none / c = 0.968",0.34699999999998,1,0.34699999999998,26
"vary_k",10000,25,31,"SVP Gaussian / none / c = 0.968",0.346000000000004,1,0.346000000000004,26
"vary_k",10000,25,32,"SVP Gaussian / none / c = 0.968",0.346000000000004,1,0.346000000000004,26
"vary_k",10000,25,33,"SVP Gaussian / none / c = 0.968",0.346000000000004,1,0.346000000000004,26
"vary_k",10000,25,34,"SVP Gaussian / none / c = 0.968",0.346000000000004,1,0.346000000000004,26
"vary_k",10000,25,35,"SVP Gaussian / none / c = 0.968",0.345000000000027,1,0.345000000000027,26
"vary_k",10000,25,36,"SVP Gaussian / none / c = 0.968",0.347000000000207,1,0.347000000000207,26
"vary_k",10000,25,37,"SVP Gaussian / none / c = 0.968",0.346000000000004,1,0.346000000000004,26
"vary_k",10000,25,38,"SVP Gaussian / none / c = 0.968",0.34699999999998,1,0.34699999999998,26
"vary_k",10000,25,39,"SVP Gaussian / none / c = 0.968",0.346000000000004,1,0.346000000000004,26
"vary_k",10000,25,40,"SVP Gaussian / none / c = 0.968",0.347999999999956,1,0.347999999999956,26
"vary_k",10000,25,41,"SVP Gaussian / none / c = 0.968",0.347999999999956,1,0.347999999999956,26
"vary_k",10000,25,42,"SVP Gaussian / none / c = 0.968",0.34699999999998,1,0.34699999999998,26
"vary_k",10000,25,43,"SVP Gaussian / none / c = 0.968",0.346000000000004,1,0.346000000000004,26
"vary_k",10000,25,44,"SVP Gaussian / none / c = 0.968",0.34699999999998,1,0.34699999999998,26
"vary_k",10000,25,45,"SVP Gaussian / none / c = 0.968",0.346000000000004,1,0.346000000000004,26
"vary_k",10000,25,46,"SVP Gaussian / none / c = 0.968",0.346000000000004,1,0.346000000000004,26
"vary_k",10000,25,47,"SVP Gaussian / none / c = 0.968",0.34699999999998,1,0.34699999999998,26
"vary_k",10000,25,48,"SVP Gaussian / none / c = 0.968",0.386999999999944,1,0.386999999999944,26
"vary_k",10000,26,13,"SVP Gaussian / none / c = 0.968",0.346000000000004,1,0.346000000000004,27
"vary_k",10000,26,14,"SVP Gaussian / none / c = 0.968",0.34699999999998,1,0.34699999999998,27
"vary_k",10000,26,15,"SVP Gaussian / none / c = 0.968",0.346000000000004,1,0.346000000000004,27
"vary_k",10000,26,16,"SVP Gaussian / none / c = 0.968",0.346000000000004,1,0.346000000000004,27
"vary_k",10000,26,17,"SVP Gaussian / none / c = 0.968",0.3449999999998,1,0.3449999999998,27
"vary_k",10000,26,18,"SVP Gaussian / none / c = 0.968",0.346000000000004,1,0.346000000000004,27
"vary_k",10000,26,19,"SVP Gaussian / none / c = 0.968",0.346000000000004,1,0.346000000000004,27
"vary_k",10000,26,20,"SVP Gaussian / none / c = 0.968",0.346000000000004,1,0.346000000000004,28
"vary_k",10000,26,21,"SVP Gaussian / none / c = 0.968",0.346000000000004,1,0.346000000000004,27
"vary_k",10000,26,22,"SVP Gaussian / none / c = 0.968",0.345000000000027,1,0.345000000000027,27
"vary_k",10000,26,23,"SVP Gaussian / none / c = 0.968",0.346000000000004,1,0.346000000000004,27
"vary_k",10000,26,24,"SVP Gaussian / none / c = 0.968",0.345000000000027,1,0.345000000000027,27
"vary_k",10000,26,25,"SVP Gaussian / none / c = 0.968",0.346000000000004,1,0.346000000000004,27
"vary_k",10000,26,26,"SVP Gaussian / none / c = 0.968",0.347999999999956,1,0.347999999999956,27
"vary_k",10000,26,27,"SVP Gaussian / none / c = 0.968",0.345000000000027,1,0.345000000000027,27
"vary_k",10000,26,28,"SVP Gaussian / none / c = 0.968",0.346000000000004,1,0.346000000000004,27
"vary_k",10000,26,29,"SVP Gaussian / none / c = 0.968",0.345000000000027,1,0.345000000000027,27
"vary_k",10000,26,30,"SVP Gaussian / none / c = 0.968",0.346000000000004,1,0.346000000000004,27
"vary_k",10000,26,31,"SVP Gaussian / none / c = 0.968",0.345000000000027,1,0.345000000000027,27
"vary_k",10000,26,32,"SVP Gaussian / none / c = 0.968",0.34699999999998,1,0.34699999999998,27
"vary_k",10000,26,33,"SVP Gaussian / none / c = 0.968",0.345000000000027,1,0.345000000000027,27
"vary_k",10000,26,34,"SVP Gaussian / none / c = 0.968",0.345000000000027,1,0.345000000000027,27
"vary_k",10000,26,35,"SVP Gaussian / none / c = 0.968",0.346000000000004,1,0.346000000000004,27
"vary_k",10000,26,36,"SVP Gaussian / none / c = 0.968",0.347999999999956,1,0.347999999999956,27
"vary_k",10000,26,37,"SVP Gaussian / none / c = 0.968",0.34699999999998,1,0.34699999999998,27
"vary_k",10000,26,38,"SVP Gaussian / none / c = 0.968",0.346000000000004,1,0.346000000000004,27
"vary_k",10000,26,39,"SVP Gaussian / none / c = 0.968",0.34699999999998,1,0.34699999999998,27
"vary_k",10000,26,40,"SVP Gaussian / none / c = 0.968",0.34699999999998,1,0.34699999999998,27
"vary_k",10000,26,41,"SVP Gaussian / none / c = 0.968",0.346000000000004,1,0.346000000000004,27
"vary_k",10000,26,42,"SVP Gaussian / none / c = 0.968",0.346000000000004,1,0.346000000000004,27
"vary_k",10000,26,43,"SVP Gaussian / none / c = 0.968",0.348000000000184,1,0.348000000000184,27
"vary_k",10000,26,44,"SVP Gaussian / none / c = 0.968",0.345000000000027,1,0.345000000000027,27
"vary_k",10000,26,45,"SVP Gaussian / none / c = 0.968",0.345000000000027,1,0.345000000000027,27
"vary_k",10000,26,46,"SVP Gaussian / none / c = 0.968",0.347999999999956,1,0.347999999999956,27
"vary_k",10000,26,47,"SVP Gaussian / none / c = 0.968",0.345000000000027,1,0.345000000000027,27
"vary_k",10000,26,48,"SVP Gaussian / none / c = 0.968",0.348000000000184,1,0.348000000000184,27
"vary_k",10000,27,13,"SVP Gaussian / none / c = 0.968",0.346000000000004,1,0.346000000000004,29
"vary_k",10000,27,14,"SVP Gaussian / none / c = 0.968",0.346000000000004,1,0.346000000000004,28
"vary_k",10000,27,15,"SVP Gaussian / none / c = 0.968",0.346000000000004,1,0.346000000000004,28
"vary_k",10000,27,16,"SVP Gaussian / none / c = 0.968",0.346000000000004,1,0.346000000000004,28
"vary_k",10000,27,17,"SVP Gaussian / none / c = 0.968",0.34699999999998,1,0.34699999999998,28
"vary_k",10000,27,18,"SVP Gaussian / none / c = 0.968",0.34699999999998,1,0.34699999999998,28
"vary_k",10000,27,19,"SVP Gaussian / none / c = 0.968",0.34699999999998,1,0.34699999999998,28
"vary_k",10000,27,20,"SVP Gaussian / none / c = 0.968",0.350000000000136,1,0.350000000000136,28
"vary_k",10000,27,21,"SVP Gaussian / none / c = 0.968",0.34699999999998,1,0.34699999999998,28
"vary_k",10000,27,22,"SVP Gaussian / none / c = 0.968",0.345000000000027,1,0.345000000000027,28
"vary_k",10000,27,23,"SVP Gaussian / none / c = 0.968",0.346000000000004,1,0.346000000000004,28
"vary_k",10000,27,24,"SVP Gaussian / none / c = 0.968",0.346000000000004,1,0.346000000000004,28
"vary_k",10000,27,25,"SVP Gaussian / none / c = 0.968",0.346000000000004,1,0.346000000000004,28
"vary_k",10000,27,26,"SVP Gaussian / none / c = 0.968",0.34699999999998,1,0.34699999999998,28
"vary_k",10000,27,27,"SVP Gaussian / none / c = 0.968",0.3449999999998,1,0.3449999999998,28
"vary_k",10000,27,28,"SVP Gaussian / none / c = 0.968",0.346000000000004,1,0.346000000000004,28
"vary_k",10000,27,29,"SVP Gaussian / none / c = 0.968",0.346000000000004,1,0.346000000000004,28
"vary_k",10000,27,30,"SVP Gaussian / none / c = 0.968",0.346000000000004,1,0.346000000000004,28
"vary_k",10000,27,31,"SVP Gaussian / none / c = 0.968",0.346000000000004,1,0.346000000000004,28
"vary_k",10000,27,32,"SVP Gaussian / none / c = 0.968",0.345999999999776,1,0.345999999999776,28
"vary_k",10000,27,33,"SVP Gaussian / none / c = 0.968",0.34699999999998,1,0.34699999999998,28
"vary_k",10000,27,34,"SVP Gaussian / none / c = 0.968",0.345000000000027,1,0.345000000000027,28
"vary_k",10000,27,35,"SVP Gaussian / none / c = 0.968",0.346000000000004,1,0.346000000000004,28
"vary_k",10000,27,36,"SVP Gaussian / none / c = 0.968",0.345000000000027,1,0.345000000000027,28
"vary_k",10000,27,37,"SVP Gaussian / none / c = 0.968",0.348000000000184,1,0.348000000000184,28
"vary_k",10000,27,38,"SVP Gaussian / none / c = 0.968",0.347999999999956,1,0.347999999999956,28
"vary_k",10000,27,39,"SVP Gaussian / none / c = 0.968",0.345000000000027,1,0.345000000000027,28
"vary_k",10000,27,40,"SVP Gaussian / none / c = 0.968",0.346000000000004,1,0.346000000000004,28
"vary_k",10000,27,41,"SVP Gaussian / none / c = 0.968",0.344000000000051,1,0.344000000000051,28
"vary_k",10000,27,42,"SVP Gaussian / none / c = 0.968",0.3449999999998,1,0.3449999999998,28
"vary_k",10000,27,43,"SVP Gaussian / none / c = 0.968",0.345000000000027,1,0.345000000000027,28
"vary_k",10000,27,44,"SVP Gaussian / none / c = 0.968",0.348999999999933,1,0.348999999999933,28
"vary_k",10000,27,45,"SVP Gaussian / none / c = 0.968",0.345000000000027,1,0.345000000000027,29
"vary_k",10000,27,46,"SVP Gaussian / none / c = 0.968",0.346000000000004,1,0.346000000000004,28
"vary_k",10000,27,47,"SVP Gaussian / none / c = 0.968",0.34699999999998,1,0.34699999999998,28
"vary_k",10000,27,48,"SVP Gaussian / none / c = 0.968",0.346000000000004,1,0.346000000000004,28
"vary_k",10000,28,13,"SVP Gaussian / none / c = 0.968",0.34699999999998,1,0.34699999999998,29
"vary_k",10000,28,14,"SVP Gaussian / none / c = 0.968",0.346000000000004,1,0.346000000000004,29
"vary_k",10000,28,15,"SVP Gaussian / none / c = 0.968",0.346000000000004,1,0.346000000000004,29
"vary_k",10000,28,16,"SVP Gaussian / none / c = 0.968",0.346000000000004,1,0.346000000000004,29
"vary_k",10000,28,17,"SVP Gaussian / none / c = 0.968",0.346000000000004,1,0.346000000000004,29
"vary_k",10000,28,18,"SVP Gaussian / none / c = 0.968",0.347000000000207,1,0.347000000000207,29
"vary_k",10000,28,19,"SVP Gaussian / none / c = 0.968",0.34699999999998,1,0.34699999999998,29
"vary_k",10000,28,20,"SVP Gaussian / none / c = 0.968",0.346000000000004,1,0.346000000000004,29
"vary_k",10000,28,21,"SVP Gaussian / none / c = 0.968",0.346000000000004,1,0.346000000000004,29
"vary_k",10000,28,22,"SVP Gaussian / none / c = 0.968",0.346000000000004,1,0.346000000000004,29
"vary_k",10000,28,23,"SVP Gaussian / none / c = 0.968",0.346000000000004,1,0.346000000000004,29
"vary_k",10000,28,24,"SVP Gaussian / none / c = 0.968",0.348999999999933,1,0.348999999999933,30
"vary_k",10000,28,25,"SVP Gaussian / none / c = 0.968",0.346000000000004,1,0.346000000000004,29
"vary_k",10000,28,26,"SVP Gaussian / none / c = 0.968",0.345000000000027,1,0.345000000000027,29
"vary_k",10000,28,27,"SVP Gaussian / none / c = 0.968",0.348999999999933,1,0.348999999999933,29
"vary_k",10000,28,28,"SVP Gaussian / none / c = 0.968",0.346000000000004,1,0.346000000000004,29
"vary_k",10000,28,29,"SVP Gaussian / none / c = 0.968",0.345000000000027,1,0.345000000000027,29
"vary_k",10000,28,30,"SVP Gaussian / none / c = 0.968",0.34699999999998,1,0.34699999999998,29
"vary_k",10000,28,31,"SVP Gaussian / none / c = 0.968",0.346000000000004,1,0.346000000000004,29
"vary_k",10000,28,32,"SVP Gaussian / none / c = 0.968",0.346000000000004,1,0.346000000000004,29
"vary_k",10000,28,33,"SVP Gaussian / none / c = 0.968",0.346000000000004,1,0.346000000000004,29
"vary_k",10000,28,34,"SVP Gaussian / none / c = 0.968",0.346000000000004,1,0.346000000000004,29
"vary_k",10000,28,35,"SVP Gaussian / none / c = 0.968",0.345000000000027,1,0.345000000000027,29
"vary_k",10000,28,36,"SVP Gaussian / none / c = 0.968",0.346000000000004,1,0.346000000000004,29
"vary_k",10000,28,37,"SVP Gaussian / none / c = 0.968",0.346000000000004,1,0.346000000000004,29
"vary_k",10000,28,38,"SVP Gaussian / none / c = 0.968",0.346000000000004,1,0.346000000000004,29
"vary_k",10000,28,39,"SVP Gaussian / none / c = 0.968",0.345000000000027,1,0.345000000000027,29
"vary_k",10000,28,40,"SVP Gaussian / none / c = 0.968",0.346000000000004,1,0.346000000000004,29
"vary_k",10000,28,41,"SVP Gaussian / none / c = 0.968",0.350000000000136,1,0.350000000000136,29
"vary_k",10000,28,42,"SVP Gaussian / none / c = 0.968",0.34699999999998,1,0.34699999999998,29
"vary_k",10000,28,43,"SVP Gaussian / none / c = 0.968",0.346000000000004,1,0.346000000000004,29
"vary_k",10000,28,44,"SVP Gaussian / none / c = 0.968",0.346000000000004,1,0.346000000000004,29
"vary_k",10000,28,45,"SVP Gaussian / none / c = 0.968",0.3449999999998,1,0.3449999999998,29
"vary_k",10000,28,46,"SVP Gaussian / none / c = 0.968",0.345000000000027,1,0.345000000000027,29
"vary_k",10000,28,47,"SVP Gaussian / none / c = 0.968",0.34699999999998,1,0.34699999999998,29
"vary_k",10000,28,48,"SVP Gaussian / none / c = 0.968",0.347999999999956,1,0.347999999999956,29
"vary_k",10000,29,13,"SVP Gaussian / none / c = 0.968",0.346000000000004,1,0.346000000000004,30
"vary_k",10000,29,14,"SVP Gaussian / none / c = 0.968",0.348999999999933,1,0.348999999999933,30
"vary_k",10000,29,15,"SVP Gaussian / none / c = 0.968",0.34699999999998,1,0.34699999999998,30
"vary_k",10000,29,16,"SVP Gaussian / none / c = 0.968",0.347999999999956,1,0.347999999999956,30
"vary_k",10000,29,17,"SVP Gaussian / none / c = 0.968",0.34900000000016,1,0.34900000000016,30
"vary_k",10000,29,18,"SVP Gaussian / none / c = 0.968",0.34699999999998,1,0.34699999999998,30
"vary_k",10000,29,19,"SVP Gaussian / none / c = 0.968",0.349999999999909,1,0.349999999999909,30
"vary_k",10000,29,20,"SVP Gaussian / none / c = 0.968",0.34900000000016,1,0.34900000000016,30
"vary_k",10000,29,21,"SVP Gaussian / none / c = 0.968",0.346000000000004,1,0.346000000000004,30
"vary_k",10000,29,22,"SVP Gaussian / none / c = 0.968",0.346000000000004,1,0.346000000000004,30
"vary_k",10000,29,23,"SVP Gaussian / none / c = 0.968",0.345000000000027,1,0.345000000000027,30
"vary_k",10000,29,24,"SVP Gaussian / none / c = 0.968",0.347999999999956,1,0.347999999999956,30
"vary_k",10000,29,25,"SVP Gaussian / none / c = 0.968",0.34699999999998,1,0.34699999999998,30
"vary_k",10000,29,26,"SVP Gaussian / none / c = 0.968",0.34699999999998,1,0.34699999999998,30
"vary_k",10000,29,27,"SVP Gaussian / none / c = 0.968",0.346000000000004,1,0.346000000000004,30
"vary_k",10000,29,28,"SVP Gaussian / none / c = 0.968",0.346000000000004,1,0.346000000000004,30
"vary_k",10000,29,29,"SVP Gaussian / none / c = 0.968",0.346000000000004,1,0.346000000000004,30
"vary_k",10000,29,30,"SVP Gaussian / none / c = 0.968",0.347999999999956,1,0.347999999999956,30
"vary_k",10000,29,31,"SVP Gaussian / none / c = 0.968",0.34699999999998,1,0.34699999999998,30
"vary_k",10000,29,32,"SVP Gaussian / none / c = 0.968",0.34699999999998,1,0.34699999999998,30
"vary_k",10000,29,33,"SVP Gaussian / none / c = 0.968",0.34699999999998,1,0.34699999999998,30
"vary_k",10000,29,34,"SVP Gaussian / none / c = 0.968",0.346000000000004,1,0.346000000000004,30
"vary_k",10000,29,35,"SVP Gaussian / none / c = 0.968",0.346000000000004,1,0.346000000000004,30
"vary_k",10000,29,36,"SVP Gaussian / none / c = 0.968",0.345000000000027,1,0.345000000000027,30
"vary_k",10000,29,37,"SVP Gaussian / none / c = 0.968",0.346000000000004,1,0.346000000000004,30
"vary_k",10000,29,38,"SVP Gaussian / none / c = 0.968",0.348999999999933,1,0.348999999999933,30
"vary_k",10000,29,39,"SVP Gaussian / none / c = 0.968",0.34900000000016,1,0.34900000000016,30
"vary_k",10000,29,40,"SVP Gaussian / none / c = 0.968",0.345000000000027,1,0.345000000000027,30
"vary_k",10000,29,41,"SVP Gaussian / none / c = 0.968",0.350000000000136,1,0.350000000000136,30
"vary_k",10000,29,42,"SVP Gaussian / none / c = 0.968",0.34699999999998,1,0.34699999999998,30
"vary_k",10000,29,43,"SVP Gaussian / none / c = 0.968",0.347999999999956,1,0.347999999999956,30
"vary_k",10000,29,44,"SVP Gaussian / none / c = 0.968",0.347999999999956,1,0.347999999999956,30
"vary_k",10000,29,45,"SVP Gaussian / none / c = 0.968",0.34699999999998,1,0.34699999999998,30
"vary_k",10000,29,46,"SVP Gaussian / none / c = 0.968",0.346000000000004,1,0.346000000000004,30
"vary_k",10000,29,47,"SVP Gaussian / none / c = 0.968",0.346000000000004,1,0.346000000000004,30
"vary_k",10000,29,48,"SVP Gaussian / none / c = 0.968",0.346000000000004,1,0.346000000000004,30
"vary_k",10000,30,13,"SVP Gaussian / none / c = 0.968",0.346000000000004,1,0.346000000000004,31
"vary_k",10000,30,14,"SVP Gaussian / none / c = 0.968",0.347999999999956,1,0.347999999999956,31
"vary_k",10000,30,15,"SVP Gaussian / none / c = 0.968",0.350000000000136,1,0.350000000000136,31
"vary_k",10000,30,16,"SVP Gaussian / none / c = 0.968",0.34900000000016,1,0.34900000000016,31
"vary_k",10000,30,17,"SVP Gaussian / none / c = 0.968",0.345000000000027,1,0.345000000000027,31
"vary_k",10000,30,18,"SVP Gaussian / none / c = 0.968",0.345000000000027,1,0.345000000000027,31
"vary_k",10000,30,19,"SVP Gaussian / none / c = 0.968",0.346000000000004,1,0.346000000000004,31
"vary_k",10000,30,20,"SVP Gaussian / none / c = 0.968",0.346000000000004,1,0.346000000000004,31
"vary_k",10000,30,21,"SVP Gaussian / none / c = 0.968",0.346000000000004,1,0.346000000000004,31
"vary_k",10000,30,22,"SVP Gaussian / none / c = 0.968",0.345000000000027,1,0.345000000000027,32
"vary_k",10000,30,23,"SVP Gaussian / none / c = 0.968",0.34699999999998,1,0.34699999999998,31
"vary_k",10000,30,24,"SVP Gaussian / none / c = 0.968",0.345000000000027,1,0.345000000000027,31
"vary_k",10000,30,25,"SVP Gaussian / none / c = 0.968",0.346000000000004,1,0.346000000000004,31
"vary_k",10000,30,26,"SVP Gaussian / none / c = 0.968",0.3449999999998,1,0.3449999999998,31
"vary_k",10000,30,27,"SVP Gaussian / none / c = 0.968",0.344000000000051,1,0.344000000000051,31
"vary_k",10000,30,28,"SVP Gaussian / none / c = 0.968",0.345000000000027,1,0.345000000000027,31
"vary_k",10000,30,29,"SVP Gaussian / none / c = 0.968",0.345000000000027,1,0.345000000000027,31
"vary_k",10000,30,30,"SVP Gaussian / none / c = 0.968",0.34699999999998,1,0.34699999999998,31
"vary_k",10000,30,31,"SVP Gaussian / none / c = 0.968",0.34699999999998,1,0.34699999999998,31
"vary_k",10000,30,32,"SVP Gaussian / none / c = 0.968",0.345000000000027,1,0.345000000000027,31
"vary_k",10000,30,33,"SVP Gaussian / none / c = 0.968",0.345000000000027,1,0.345000000000027,31
"vary_k",10000,30,34,"SVP Gaussian / none / c = 0.968",0.346000000000004,1,0.346000000000004,31
"vary_k",10000,30,35,"SVP Gaussian / none / c = 0.968",0.345000000000027,1,0.345000000000027,31
"vary_k",10000,30,36,"SVP Gaussian / none / c = 0.968",0.345000000000027,1,0.345000000000027,31
"vary_k",10000,30,37,"SVP Gaussian / none / c = 0.968",0.346000000000004,1,0.346000000000004,31
"vary_k",10000,30,38,"SVP Gaussian / none / c = 0.968",0.346000000000004,1,0.346000000000004,31
"vary_k",10000,30,39,"SVP Gaussian / none / c = 0.968",0.351000000000113,1,0.351000000000113,31
"vary_k",10000,30,40,"SVP Gaussian / none / c = 0.968",0.34699999999998,1,0.34699999999998,31
"vary_k",10000,30,41,"SVP Gaussian / none / c = 0.968",0.346000000000004,1,0.346000000000004,31
"vary_k",10000,30,42,"SVP Gaussian / none / c = 0.968",0.346000000000004,1,0.346000000000004,31
"vary_k",10000,30,43,"SVP Gaussian / none / c = 0.968",0.346000000000004,1,0.346000000000004,31
"vary_k",10000,30,44,"SVP Gaussian / none / c = 0.968",0.345000000000027,1,0.345000000000027,31
"vary_k",10000,30,45,"SVP Gaussian / none / c = 0.968",0.343999999999824,1,0.343999999999824,32
"vary_k",10000,30,46,"SVP Gaussian / none / c = 0.968",0.345000000000027,1,0.345000000000027,31
"vary_k",10000,30,47,"SVP Gaussian / none / c = 0.968",0.346000000000004,1,0.346000000000004,31
"vary_k",10000,30,48,"SVP Gaussian / none / c = 0.968",0.346000000000004,1,0.346000000000004,31
"vary_k",10000,31,13,"SVP Gaussian / none / c = 0.968",0.347999999999956,1,0.347999999999956,32
"vary_k",10000,31,14,"SVP Gaussian / none / c = 0.968",0.345000000000027,1,0.345000000000027,32
"vary_k",10000,31,15,"SVP Gaussian / none / c = 0.968",0.346000000000004,1,0.346000000000004,32
"vary_k",10000,31,16,"SVP Gaussian / none / c = 0.968",0.345000000000027,1,0.345000000000027,32
"vary_k",10000,31,17,"SVP Gaussian / none / c = 0.968",0.3449999999998,1,0.3449999999998,32
"vary_k",10000,31,18,"SVP Gaussian / none / c = 0.968",0.345000000000027,1,0.345000000000027,32
"vary_k",10000,31,19,"SVP Gaussian / none / c = 0.968",0.346000000000004,1,0.346000000000004,32
"vary_k",10000,31,20,"SVP Gaussian / none / c = 0.968",0.34699999999998,1,0.34699999999998,32
"vary_k",10000,31,21,"SVP Gaussian / none / c = 0.968",0.348000000000184,1,0.348000000000184,32
"vary_k",10000,31,22,"SVP Gaussian / none / c = 0.968",0.353000000000065,1,0.353000000000065,32
"vary_k",10000,31,23,"SVP Gaussian / none / c = 0.968",0.34900000000016,1,0.34900000000016,32
"vary_k",10000,31,24,"SVP Gaussian / none / c = 0.968",0.34699999999998,1,0.34699999999998,32
"vary_k",10000,31,25,"SVP Gaussian / none / c = 0.968",0.34699999999998,1,0.34699999999998,32
"vary_k",10000,31,26,"SVP Gaussian / none / c = 0.968",0.347999999999956,1,0.347999999999956,32
"vary_k",10000,31,27,"SVP Gaussian / none / c = 0.968",0.34699999999998,1,0.34699999999998,32
"vary_k",10000,31,28,"SVP Gaussian / none / c = 0.968",0.346000000000004,1,0.346000000000004,32
"vary_k",10000,31,29,"SVP Gaussian / none / c = 0.968",0.346000000000004,1,0.346000000000004,32
"vary_k",10000,31,30,"SVP Gaussian / none / c = 0.968",0.34699999999998,1,0.34699999999998,32
"vary_k",10000,31,31,"SVP Gaussian / none / c = 0.968",0.347999999999956,1,0.347999999999956,32
"vary_k",10000,31,32,"SVP Gaussian / none / c = 0.968",0.34699999999998,1,0.34699999999998,32
"vary_k",10000,31,33,"SVP Gaussian / none / c = 0.968",0.34699999999998,1,0.34699999999998,32
"vary_k",10000,31,34,"SVP Gaussian / none / c = 0.968",0.345000000000027,1,0.345000000000027,32
"vary_k",10000,31,35,"SVP Gaussian / none / c = 0.968",0.34900000000016,1,0.34900000000016,32
"vary_k",10000,31,36,"SVP Gaussian / none / c = 0.968",0.348000000000184,1,0.348000000000184,32
"vary_k",10000,31,37,"SVP Gaussian / none / c = 0.968",0.34699999999998,1,0.34699999999998,32
"vary_k",10000,31,38,"SVP Gaussian / none / c = 0.968",0.345000000000027,1,0.345000000000027,32
"vary_k",10000,31,39,"SVP Gaussian / none / c = 0.968",0.347999999999956,1,0.347999999999956,32
"vary_k",10000,31,40,"SVP Gaussian / none / c = 0.968",0.350000000000136,1,0.350000000000136,32
"vary_k",10000,31,41,"SVP Gaussian / none / c = 0.968",0.346000000000004,1,0.346000000000004,32
"vary_k",10000,31,42,"SVP Gaussian / none / c = 0.968",0.34699999999998,1,0.34699999999998,32
"vary_k",10000,31,43,"SVP Gaussian / none / c = 0.968",0.347999999999956,1,0.347999999999956,33
"vary_k",10000,31,44,"SVP Gaussian / none / c = 0.968",0.347999999999956,1,0.347999999999956,32
"vary_k",10000,31,45,"SVP Gaussian / none / c = 0.968",0.34699999999998,1,0.34699999999998,32
"vary_k",10000,31,46,"SVP Gaussian / none / c = 0.968",0.346000000000004,1,0.346000000000004,32
"vary_k",10000,31,47,"SVP Gaussian / none / c = 0.968",0.347999999999956,1,0.347999999999956,32
"vary_k",10000,31,48,"SVP Gaussian / none / c = 0.968",0.34699999999998,1,0.34699999999998,32
"vary_k",10000,32,13,"SVP Gaussian / none / c = 0.968",0.34699999999998,1,0.34699999999998,33
"vary_k",10000,32,14,"SVP Gaussian / none / c = 0.968",0.34699999999998,1,0.34699999999998,33
"vary_k",10000,32,15,"SVP Gaussian / none / c = 0.968",0.34699999999998,1,0.34699999999998,33
"vary_k",10000,32,16,"SVP Gaussian / none / c = 0.968",0.346000000000004,1,0.346000000000004,33
"vary_k",10000,32,17,"SVP Gaussian / none / c = 0.968",0.34699999999998,1,0.34699999999998,33
"vary_k",10000,32,18,"SVP Gaussian / none / c = 0.968",0.346000000000004,1,0.346000000000004,33
"vary_k",10000,32,19,"SVP Gaussian / none / c = 0.968",0.347999999999956,1,0.347999999999956,33
"vary_k",10000,32,20,"SVP Gaussian / none / c = 0.968",0.345000000000027,1,0.345000000000027,33
"vary_k",10000,32,21,"SVP Gaussian / none / c = 0.968",0.347999999999956,1,0.347999999999956,33
"vary_k",10000,32,22,"SVP Gaussian / none / c = 0.968",0.347999999999956,1,0.347999999999956,33
"vary_k",10000,32,23,"SVP Gaussian / none / c = 0.968",0.347999999999956,1,0.347999999999956,33
"vary_k",10000,32,24,"SVP Gaussian / none / c = 0.968",0.346000000000004,1,0.346000000000004,33
"vary_k",10000,32,25,"SVP Gaussian / none / c = 0.968",0.348000000000184,1,0.348000000000184,33
"vary_k",10000,32,26,"SVP Gaussian / none / c = 0.968",0.346000000000004,1,0.346000000000004,33
"vary_k",10000,32,27,"SVP Gaussian / none / c = 0.968",0.348000000000184,1,0.348000000000184,33
"vary_k",10000,32,28,"SVP Gaussian / none / c = 0.968",0.34699999999998,1,0.34699999999998,33
"vary_k",10000,32,29,"SVP Gaussian / none / c = 0.968",0.34699999999998,1,0.34699999999998,33
"vary_k",10000,32,30,"SVP Gaussian / none / c = 0.968",0.349999999999909,1,0.349999999999909,33
"vary_k",10000,32,31,"SVP Gaussian / none / c = 0.968",0.355999999999995,1,0.355999999999995,33
"vary_k",10000,32,32,"SVP Gaussian / none / c = 0.968",0.355999999999995,1,0.355999999999995,33
"vary_k",10000,32,33,"SVP Gaussian / none / c = 0.968",0.355999999999995,1,0.355999999999995,33
"vary_k",10000,32,34,"SVP Gaussian / none / c = 0.968",0.351000000000113,1,0.351000000000113,33
"vary_k",10000,32,35,"SVP Gaussian / none / c = 0.968",0.34699999999998,1,0.34699999999998,33
"vary_k",10000,32,36,"SVP Gaussian / none / c = 0.968",0.346000000000004,1,0.346000000000004,33
"vary_k",10000,32,37,"SVP Gaussian / none / c = 0.968",0.34699999999998,1,0.34699999999998,33
"vary_k",10000,32,38,"SVP Gaussian / none / c = 0.968",0.34900000000016,1,0.34900000000016,33
"vary_k",10000,32,39,"SVP Gaussian / none / c = 0.968",0.34699999999998,1,0.34699999999998,33
"vary_k",10000,32,40,"SVP Gaussian / none / c = 0.968",0.346000000000004,1,0.346000000000004,33
"vary_k",10000,32,41,"SVP Gaussian / none / c = 0.968",0.34699999999998,1,0.34699999999998,33
"vary_k",10000,32,42,"SVP Gaussian / none / c = 0.968",0.346000000000004,1,0.346000000000004,33
"vary_k",10000,32,43,"SVP Gaussian / none / c = 0.968",0.346000000000004,1,0.346000000000004,33
"vary_k",10000,32,44,"SVP Gaussian / none / c = 0.968",0.346000000000004,1,0.346000000000004,33
"vary_k",10000,32,45,"SVP Gaussian / none / c = 0.968",0.347999999999956,1,0.347999999999956,33
"vary_k",10000,32,46,"SVP Gaussian / none / c = 0.968",0.347000000000207,1,0.347000000000207,33
"vary_k",10000,32,47,"SVP Gaussian / none / c = 0.968",0.347999999999956,1,0.347999999999956,33
"vary_k",10000,32,48,"SVP Gaussian / none / c = 0.968",0.34699999999998,1,0.34699999999998,33
"vary_k",10000,33,13,"SVP Gaussian / none / c = 0.968",0.34699999999998,1,0.34699999999998,34
"vary_k",10000,33,14,"SVP Gaussian / none / c = 0.968",0.34699999999998,1,0.34699999999998,34
"vary_k",10000,33,15,"SVP Gaussian / none / c = 0.968",0.346000000000004,1,0.346000000000004,34
"vary_k",10000,33,16,"SVP Gaussian / none / c = 0.968",0.34699999999998,1,0.34699999999998,34
"vary_k",10000,33,17,"SVP Gaussian / none / c = 0.968",0.346000000000004,1,0.346000000000004,35
"vary_k",10000,33,18,"SVP Gaussian / none / c = 0.968",0.346000000000004,1,0.346000000000004,34
"vary_k",10000,33,19,"SVP Gaussian / none / c = 0.968",0.34699999999998,1,0.34699999999998,34
"vary_k",10000,33,20,"SVP Gaussian / none / c = 0.968",0.347000000000207,1,0.347000000000207,34
"vary_k",10000,33,21,"SVP Gaussian / none / c = 0.968",0.345000000000027,1,0.345000000000027,35
"vary_k",10000,33,22,"SVP Gaussian / none / c = 0.968",0.347999999999956,1,0.347999999999956,34
"vary_k",10000,33,23,"SVP Gaussian / none / c = 0.968",0.348999999999933,1,0.348999999999933,34
"vary_k",10000,33,24,"SVP Gaussian / none / c = 0.968",0.349999999999909,1,0.349999999999909,34
"vary_k",10000,33,25,"SVP Gaussian / none / c = 0.968",0.34699999999998,1,0.34699999999998,34
"vary_k",10000,33,26,"SVP Gaussian / none / c = 0.968",0.347999999999956,1,0.347999999999956,34
"vary_k",10000,33,27,"SVP Gaussian / none / c = 0.968",0.345999999999776,1,0.345999999999776,34
"vary_k",10000,33,28,"SVP Gaussian / none / c = 0.968",0.34699999999998,1,0.34699999999998,34
"vary_k",10000,33,29,"SVP Gaussian / none / c = 0.968",0.347999999999956,1,0.347999999999956,34
"vary_k",10000,33,30,"SVP Gaussian / none / c = 0.968",0.346000000000004,1,0.346000000000004,34
"vary_k",10000,33,31,"SVP Gaussian / none / c = 0.968",0.347999999999956,1,0.347999999999956,34
"vary_k",10000,33,32,"SVP Gaussian / none / c = 0.968",0.34699999999998,1,0.34699999999998,34
"vary_k",10000,33,33,"SVP Gaussian / none / c = 0.968",0.351000000000113,1,0.351000000000113,34
"vary_k",10000,33,34,"SVP Gaussian / none / c = 0.968",0.346000000000004,1,0.346000000000004,34
"vary_k",10000,33,35,"SVP Gaussian / none / c = 0.968",0.348999999999933,1,0.348999999999933,34
"vary_k",10000,33,36,"SVP Gaussian / none / c = 0.968",0.345000000000027,1,0.345000000000027,34
"vary_k",10000,33,37,"SVP Gaussian / none / c = 0.968",0.347999999999956,1,0.347999999999956,34
"vary_k",10000,33,38,"SVP Gaussian / none / c = 0.968",0.347999999999956,1,0.347999999999956,34
"vary_k",10000,33,39,"SVP Gaussian / none / c = 0.968",0.348999999999933,1,0.348999999999933,34
"vary_k",10000,33,40,"SVP Gaussian / none / c = 0.968",0.348000000000184,1,0.348000000000184,34
"vary_k",10000,33,41,"SVP Gaussian / none / c = 0.968",0.351000000000113,1,0.351000000000113,34
"vary_k",10000,33,42,"SVP Gaussian / none / c = 0.968",0.34699999999998,1,0.34699999999998,34
"vary_k",10000,33,43,"SVP Gaussian / none / c = 0.968",0.347000000000207,1,0.347000000000207,34
"vary_k",10000,33,44,"SVP Gaussian / none / c = 0.968",0.350999999999885,1,0.350999999999885,34
"vary_k",10000,33,45,"SVP Gaussian / none / c = 0.968",0.34699999999998,1,0.34699999999998,34
"vary_k",10000,33,46,"SVP Gaussian / none / c = 0.968",0.348000000000184,1,0.348000000000184,34
"vary_k",10000,33,47,"SVP Gaussian / none / c = 0.968",0.346000000000004,1,0.346000000000004,34
"vary_k",10000,33,48,"SVP Gaussian / none / c = 0.968",0.346000000000004,1,0.346000000000004,34
"vary_k",10000,34,13,"SVP Gaussian / none / c = 0.968",0.347999999999956,1,0.347999999999956,35
"vary_k",10000,34,14,"SVP Gaussian / none / c = 0.968",0.34699999999998,1,0.34699999999998,35
"vary_k",10000,34,15,"SVP Gaussian / none / c = 0.968",0.347999999999956,1,0.347999999999956,35
"vary_k",10000,34,16,"SVP Gaussian / none / c = 0.968",0.34699999999998,1,0.34699999999998,35
"vary_k",10000,34,17,"SVP Gaussian / none / c = 0.968",0.346000000000004,1,0.346000000000004,35
"vary_k",10000,34,18,"SVP Gaussian / none / c = 0.968",0.347000000000207,1,0.347000000000207,35
"vary_k",10000,34,19,"SVP Gaussian / none / c = 0.968",0.349999999999909,1,0.349999999999909,35
"vary_k",10000,34,20,"SVP Gaussian / none / c = 0.968",0.346000000000004,1,0.346000000000004,35
"vary_k",10000,34,21,"SVP Gaussian / none / c = 0.968",0.34699999999998,1,0.34699999999998,35
"vary_k",10000,34,22,"SVP Gaussian / none / c = 0.968",0.347999999999956,1,0.347999999999956,35
"vary_k",10000,34,23,"SVP Gaussian / none / c = 0.968",0.345000000000027,1,0.345000000000027,35
"vary_k",10000,34,24,"SVP Gaussian / none / c = 0.968",0.347999999999956,1,0.347999999999956,35
"vary_k",10000,34,25,"SVP Gaussian / none / c = 0.968",0.34699999999998,1,0.34699999999998,35
"vary_k",10000,34,26,"SVP Gaussian / none / c = 0.968",0.347999999999956,1,0.347999999999956,35
"vary_k",10000,34,27,"SVP Gaussian / none / c = 0.968",0.347000000000207,1,0.347000000000207,35
"vary_k",10000,34,28,"SVP Gaussian / none / c = 0.968",0.34699999999998,1,0.34699999999998,35
"vary_k",10000,34,29,"SVP Gaussian / none / c = 0.968",0.347999999999956,1,0.347999999999956,35
"vary_k",10000,34,30,"SVP Gaussian / none / c = 0.968",0.347999999999956,1,0.347999999999956,35
"vary_k",10000,34,31,"SVP Gaussian / none / c = 0.968",0.34699999999998,1,0.34699999999998,35
"vary_k",10000,34,32,"SVP Gaussian / none / c = 0.968",0.346000000000004,1,0.346000000000004,35
"vary_k",10000,34,33,"SVP Gaussian / none / c = 0.968",0.34699999999998,1,0.34699999999998,35
"vary_k",10000,34,34,"SVP Gaussian / none / c = 0.968",0.346000000000004,1,0.346000000000004,35
"vary_k",10000,34,35,"SVP Gaussian / none / c = 0.968",0.346000000000004,1,0.346000000000004,35
"vary_k",10000,34,36,"SVP Gaussian / none / c = 0.968",0.34699999999998,1,0.34699999999998,35
"vary_k",10000,34,37,"SVP Gaussian / none / c = 0.968",0.345000000000027,1,0.345000000000027,35
"vary_k",10000,34,38,"SVP Gaussian / none / c = 0.968",0.34699999999998,1,0.34699999999998,35
"vary_k",10000,34,39,"SVP Gaussian / none / c = 0.968",0.346000000000004,1,0.346000000000004,35
"vary_k",10000,34,40,"SVP Gaussian / none / c = 0.968",0.34699999999998,1,0.34699999999998,35
"vary_k",10000,34,41,"SVP Gaussian / none / c = 0.968",0.347999999999956,1,0.347999999999956,35
"vary_k",10000,34,42,"SVP Gaussian / none / c = 0.968",0.34699999999998,1,0.34699999999998,35
"vary_k",10000,34,43,"SVP Gaussian / none / c = 0.968",0.34699999999998,1,0.34699999999998,35
"vary_k",10000,34,44,"SVP Gaussian / none / c = 0.968",0.347999999999956,1,0.347999999999956,35
"vary_k",10000,34,45,"SVP Gaussian / none / c = 0.968",0.348999999999933,1,0.348999999999933,35
"vary_k",10000,34,46,"SVP Gaussian / none / c = 0.968",0.348000000000184,1,0.348000000000184,35
"vary_k",10000,34,47,"SVP Gaussian / none / c = 0.968",0.346000000000004,1,0.346000000000004,35
"vary_k",10000,34,48,"SVP Gaussian / none / c = 0.968",0.34699999999998,1,0.34699999999998,35
"vary_k",10000,35,13,"SVP Gaussian / none / c = 0.968",0.349999999999909,1,0.349999999999909,36
"vary_k",10000,35,14,"SVP Gaussian / none / c = 0.968",0.346000000000004,1,0.346000000000004,36
"vary_k",10000,35,15,"SVP Gaussian / none / c = 0.968",0.347999999999956,1,0.347999999999956,37
"vary_k",10000,35,16,"SVP Gaussian / none / c = 0.968",0.346000000000004,1,0.346000000000004,36
"vary_k",10000,35,17,"SVP Gaussian / none / c = 0.968",0.34699999999998,1,0.34699999999998,36
"vary_k",10000,35,18,"SVP Gaussian / none / c = 0.968",0.346000000000004,1,0.346000000000004,36
"vary_k",10000,35,19,"SVP Gaussian / none / c = 0.968",0.34699999999998,1,0.34699999999998,36
"vary_k",10000,35,20,"SVP Gaussian / none / c = 0.968",0.34699999999998,1,0.34699999999998,36
"vary_k",10000,35,21,"SVP Gaussian / none / c = 0.968",0.34699999999998,1,0.34699999999998,36
"vary_k",10000,35,22,"SVP Gaussian / none / c = 0.968",0.34699999999998,1,0.34699999999998,37
"vary_k",10000,35,23,"SVP Gaussian / none / c = 0.968",0.347999999999956,1,0.347999999999956,36
"vary_k",10000,35,24,"SVP Gaussian / none / c = 0.968",0.34699999999998,1,0.34699999999998,36
"vary_k",10000,35,25,"SVP Gaussian / none / c = 0.968",0.34699999999998,1,0.34699999999998,36
"vary_k",10000,35,26,"SVP Gaussian / none / c = 0.968",0.348999999999933,1,0.348999999999933,36
"vary_k",10000,35,27,"SVP Gaussian / none / c = 0.968",0.34699999999998,1,0.34699999999998,37
"vary_k",10000,35,28,"SVP Gaussian / none / c = 0.968",0.34699999999998,1,0.34699999999998,37
"vary_k",10000,35,29,"SVP Gaussian / none / c = 0.968",0.34699999999998,1,0.34699999999998,36
"vary_k",10000,35,30,"SVP Gaussian / none / c = 0.968",0.347999999999956,1,0.347999999999956,36
"vary_k",10000,35,31,"SVP Gaussian / none / c = 0.968",0.348999999999933,1,0.348999999999933,36
"vary_k",10000,35,32,"SVP Gaussian / none / c = 0.968",0.34900000000016,1,0.34900000000016,36
"vary_k",10000,35,33,"SVP Gaussian / none / c = 0.968",0.34699999999998,1,0.34699999999998,36
"vary_k",10000,35,34,"SVP Gaussian / none / c = 0.968",0.347999999999956,1,0.347999999999956,36
"vary_k",10000,35,35,"SVP Gaussian / none / c = 0.968",0.348999999999933,1,0.348999999999933,36
"vary_k",10000,35,36,"SVP Gaussian / none / c = 0.968",0.34699999999998,1,0.34699999999998,36
"vary_k",10000,35,37,"SVP Gaussian / none / c = 0.968",0.348000000000184,1,0.348000000000184,36
"vary_k",10000,35,38,"SVP Gaussian / none / c = 0.968",0.346000000000004,1,0.346000000000004,36
"vary_k",10000,35,39,"SVP Gaussian / none / c = 0.968",0.347000000000207,1,0.347000000000207,36
"vary_k",10000,35,40,"SVP Gaussian / none / c = 0.968",0.34699999999998,1,0.34699999999998,36
"vary_k",10000,35,41,"SVP Gaussian / none / c = 0.968",0.347999999999956,1,0.347999999999956,36
"vary_k",10000,35,42,"SVP Gaussian / none / c = 0.968",0.350000000000136,1,0.350000000000136,36
"vary_k",10000,35,43,"SVP Gaussian / none / c = 0.968",0.34699999999998,1,0.34699999999998,36
"vary_k",10000,35,44,"SVP Gaussian / none / c = 0.968",0.347999999999956,1,0.347999999999956,36
"vary_k",10000,35,45,"SVP Gaussian / none / c = 0.968",0.348999999999933,1,0.348999999999933,36
"vary_k",10000,35,46,"SVP Gaussian / none / c = 0.968",0.34699999999998,1,0.34699999999998,36
"vary_k",10000,35,47,"SVP Gaussian / none / c = 0.968",0.348000000000184,1,0.348000000000184,36
"vary_k",10000,35,48,"SVP Gaussian / none / c = 0.968",0.346000000000004,1,0.346000000000004,36
"vary_k",10000,36,13,"SVP Gaussian / none / c = 0.968",0.347999999999956,1,0.347999999999956,37
"vary_k",10000,36,14,"SVP Gaussian / none / c = 0.968",0.347999999999956,1,0.347999999999956,37
"vary_k",10000,36,15,"SVP Gaussian / none / c = 0.968",0.347999999999956,1,0.347999999999956,37
"vary_k",10000,36,16,"SVP Gaussian / none / c = 0.968",0.34900000000016,1,0.34900000000016,38
"vary_k",10000,36,17,"SVP Gaussian / none / c = 0.968",0.34699999999998,1,0.34699999999998,37
"vary_k",10000,36,18,"SVP Gaussian / none / c = 0.968",0.347999999999956,1,0.347999999999956,38
"vary_k",10000,36,19,"SVP Gaussian / none / c = 0.968",0.347999999999956,1,0.347999999999956,37
"vary_k",10000,36,20,"SVP Gaussian / none / c = 0.968",0.346000000000004,1,0.346000000000004,37
"vary_k",10000,36,21,"SVP Gaussian / none / c = 0.968",0.347999999999956,1,0.347999999999956,37
"vary_k",10000,36,22,"SVP Gaussian / none / c = 0.968",0.34699999999998,1,0.34699999999998,37
"vary_k",10000,36,23,"SVP Gaussian / none / c = 0.968",0.347999999999956,1,0.347999999999956,37
"vary_k",10000,36,24,"SVP Gaussian / none / c = 0.968",0.347999999999956,1,0.347999999999956,37
"vary_k",10000,36,25,"SVP Gaussian / none / c = 0.968",0.34900000000016,1,0.34900000000016,37
"vary_k",10000,36,26,"SVP Gaussian / none / c = 0.968",0.34699999999998,1,0.34699999999998,37
"vary_k",10000,36,27,"SVP Gaussian / none / c = 0.968",0.348999999999933,1,0.348999999999933,37
"vary_k",10000,36,28,"SVP Gaussian / none / c = 0.968",0.34699999999998,1,0.34699999999998,37
"vary_k",10000,36,29,"SVP Gaussian / none / c = 0.968",0.347999999999956,1,0.347999999999956,37
"vary_k",10000,36,30,"SVP Gaussian / none / c = 0.968",0.351000000000113,1,0.351000000000113,37
"vary_k",10000,36,31,"SVP Gaussian / none / c = 0.968",0.34699999999998,1,0.34699999999998,37
"vary_k",10000,36,32,"SVP Gaussian / none / c = 0.968",0.347999999999956,1,0.347999999999956,37
"vary_k",10000,36,33,"SVP Gaussian / none / c = 0.968",0.347000000000207,1,0.347000000000207,37
"vary_k",10000,36,34,"SVP Gaussian / none / c = 0.968",0.347999999999956,1,0.347999999999956,37
"vary_k",10000,36,35,"SVP Gaussian / none / c = 0.968",0.34699999999998,1,0.34699999999998,37
"vary_k",10000,36,36,"SVP Gaussian / none / c = 0.968",0.347999999999956,1,0.347999999999956,37
"vary_k",10000,36,37,"SVP Gaussian / none / c = 0.968",0.346000000000004,1,0.346000000000004,38
"vary_k",10000,36,38,"SVP Gaussian / none / c = 0.968",0.34699999999998,1,0.34699999999998,37
"vary_k",10000,36,39,"SVP Gaussian / none / c = 0.968",0.34699999999998,1,0.34699999999998,37
"vary_k",10000,36,40,"SVP Gaussian / none / c = 0.968",0.34699999999998,1,0.34699999999998,37
"vary_k",10000,36,41,"SVP Gaussian / none / c = 0.968",0.348999999999933,1,0.348999999999933,37
"vary_k",10000,36,42,"SVP Gaussian / none / c = 0.968",0.34699999999998,1,0.34699999999998,37
"vary_k",10000,36,43,"SVP Gaussian / none / c = 0.968",0.34699999999998,1,0.34699999999998,37
"vary_k",10000,36,44,"SVP Gaussian / none / c = 0.968",0.34699999999998,1,0.34699999999998,37
"vary_k",10000,36,45,"SVP Gaussian / none / c = 0.968",0.347999999999956,1,0.347999999999956,37
"vary_k",10000,36,46,"SVP Gaussian / none / c = 0.968",0.34699999999998,1,0.34699999999998,37
"vary_k",10000,36,47,"SVP Gaussian / none / c = 0.968",0.347999999999956,1,0.347999999999956,37
"vary_k",10000,36,48,"SVP Gaussian / none / c = 0.968",0.34699999999998,1,0.34699999999998,37
"vary_k",10000,37,13,"SVP Gaussian / none / c = 0.968",0.347000000000207,1,0.347000000000207,38
"vary_k",10000,37,14,"SVP Gaussian / none / c = 0.968",0.347999999999956,1,0.347999999999956,38
"vary_k",10000,37,15,"SVP Gaussian / none / c = 0.968",0.34900000000016,1,0.34900000000016,38
"vary_k",10000,37,16,"SVP Gaussian / none / c = 0.968",0.34699999999998,1,0.34699999999998,38
"vary_k",10000,37,17,"SVP Gaussian / none / c = 0.968",0.348999999999933,1,0.348999999999933,38
"vary_k",10000,37,18,"SVP Gaussian / none / c = 0.968",0.348000000000184,1,0.348000000000184,39
"vary_k",10000,37,19,"SVP Gaussian / none / c = 0.968",0.351000000000113,1,0.351000000000113,38
"vary_k",10000,37,20,"SVP Gaussian / none / c = 0.968",0.34699999999998,1,0.34699999999998,38
"vary_k",10000,37,21,"SVP Gaussian / none / c = 0.968",0.34699999999998,1,0.34699999999998,38
"vary_k",10000,37,22,"SVP Gaussian / none / c = 0.968",0.34699999999998,1,0.34699999999998,38
"vary_k",10000,37,23,"SVP Gaussian / none / c = 0.968",0.348999999999933,1,0.348999999999933,38
"vary_k",10000,37,24,"SVP Gaussian / none / c = 0.968",0.347999999999956,1,0.347999999999956,38
"vary_k",10000,37,25,"SVP Gaussian / none / c = 0.968",0.34699999999998,1,0.34699999999998,38
"vary_k",10000,37,26,"SVP Gaussian / none / c = 0.968",0.351000000000113,1,0.351000000000113,38
"vary_k",10000,37,27,"SVP Gaussian / none / c = 0.968",0.348000000000184,1,0.348000000000184,38
"vary_k",10000,37,28,"SVP Gaussian / none / c = 0.968",0.34699999999998,1,0.34699999999998,38
"vary_k",10000,37,29,"SVP Gaussian / none / c = 0.968",0.34699999999998,1,0.34699999999998,38
"vary_k",10000,37,30,"SVP Gaussian / none / c = 0.968",0.346000000000004,1,0.346000000000004,38
"vary_k",10000,37,31,"SVP Gaussian / none / c = 0.968",0.347999999999956,1,0.347999999999956,38
"vary_k",10000,37,32,"SVP Gaussian / none / c = 0.968",0.34699999999998,1,0.34699999999998,38
"vary_k",10000,37,33,"SVP Gaussian / none / c = 0.968",0.348999999999933,1,0.348999999999933,38
"vary_k",10000,37,34,"SVP Gaussian / none / c = 0.968",0.347000000000207,1,0.347000000000207,38
"vary_k",10000,37,35,"SVP Gaussian / none / c = 0.968",0.34699999999998,1,0.34699999999998,38
"vary_k",10000,37,36,"SVP Gaussian / none / c = 0.968",0.348000000000184,1,0.348000000000184,38
"vary_k",10000,37,37,"SVP Gaussian / none / c = 0.968",0.34699999999998,1,0.34699999999998,38
"vary_k",10000,37,38,"SVP Gaussian / none / c = 0.968",0.347999999999956,1,0.347999999999956,38
"vary_k",10000,37,39,"SVP Gaussian / none / c = 0.968",0.34699999999998,1,0.34699999999998,38
"vary_k",10000,37,40,"SVP Gaussian / none / c = 0.968",0.34699999999998,1,0.34699999999998,38
"vary_k",10000,37,41,"SVP Gaussian / none / c = 0.968",0.34900000000016,1,0.34900000000016,38
"vary_k",10000,37,42,"SVP Gaussian / none / c = 0.968",0.347999999999956,1,0.347999999999956,38
"vary_k",10000,37,43,"SVP Gaussian / none / c = 0.968",0.34699999999998,1,0.34699999999998,38
"vary_k",10000,37,44,"SVP Gaussian / none / c = 0.968",0.348999999999933,1,0.348999999999933,39
"vary_k",10000,37,45,"SVP Gaussian / none / c = 0.968",0.34699999999998,1,0.34699999999998,38
"vary_k",10000,37,46,"SVP Gaussian / none / c = 0.968",0.347999999999956,1,0.347999999999956,38
"vary_k",10000,37,47,"SVP Gaussian / none / c = 0.968",0.347999999999956,1,0.347999999999956,38
"vary_k",10000,37,48,"SVP Gaussian / none / c = 0.968",0.347000000000207,1,0.347000000000207,38
"vary_k",10000,38,13,"SVP Gaussian / none / c = 0.968",0.347999999999956,1,0.347999999999956,39
"vary_k",10000,38,14,"SVP Gaussian / none / c = 0.968",0.34699999999998,1,0.34699999999998,39
"vary_k",10000,38,15,"SVP Gaussian / none / c = 0.968",0.349999999999909,1,0.349999999999909,39
"vary_k",10000,38,16,"SVP Gaussian / none / c = 0.968",0.348999999999933,1,0.348999999999933,39
"vary_k",10000,38,17,"SVP Gaussian / none / c = 0.968",0.347999999999956,1,0.347999999999956,39
"vary_k",10000,38,18,"SVP Gaussian / none / c = 0.968",0.347999999999956,1,0.347999999999956,39
"vary_k",10000,38,19,"SVP Gaussian / none / c = 0.968",0.349999999999909,1,0.349999999999909,39
"vary_k",10000,38,20,"SVP Gaussian / none / c = 0.968",0.347999999999956,1,0.347999999999956,39
"vary_k",10000,38,21,"SVP Gaussian / none / c = 0.968",0.348999999999933,1,0.348999999999933,39
"vary_k",10000,38,22,"SVP Gaussian / none / c = 0.968",0.347999999999956,1,0.347999999999956,39
"vary_k",10000,38,23,"SVP Gaussian / none / c = 0.968",0.34699999999998,1,0.34699999999998,39
"vary_k",10000,38,24,"SVP Gaussian / none / c = 0.968",0.347999999999956,1,0.347999999999956,39
"vary_k",10000,38,25,"SVP Gaussian / none / c = 0.968",0.347999999999956,1,0.347999999999956,39
"vary_k",10000,38,26,"SVP Gaussian / none / c = 0.968",0.347999999999956,1,0.347999999999956,40
"vary_k",10000,38,27,"SVP Gaussian / none / c = 0.968",0.348999999999933,1,0.348999999999933,39
"vary_k",10000,38,28,"SVP Gaussian / none / c = 0.968",0.348999999999933,1,0.348999999999933,39
"vary_k",10000,38,29,"SVP Gaussian / none / c = 0.968",0.347999999999956,1,0.347999999999956,39
"vary_k",10000,38,30,"SVP Gaussian / none / c = 0.968",0.34699999999998,1,0.34699999999998,39
"vary_k",10000,38,31,"SVP Gaussian / none / c = 0.968",0.348000000000184,1,0.348000000000184,39
"vary_k",10000,38,32,"SVP Gaussian / none / c = 0.968",0.34699999999998,1,0.34699999999998,39
"vary_k",10000,38,33,"SVP Gaussian / none / c = 0.968",0.347999999999956,1,0.347999999999956,39
"vary_k",10000,38,34,"SVP Gaussian / none / c = 0.968",0.348999999999933,1,0.348999999999933,39
"vary_k",10000,38,35,"SVP Gaussian / none / c = 0.968",0.347999999999956,1,0.347999999999956,39
"vary_k",10000,38,36,"SVP Gaussian / none / c = 0.968",0.34699999999998,1,0.34699999999998,39
"vary_k",10000,38,37,"SVP Gaussian / none / c = 0.968",0.348999999999933,1,0.348999999999933,39
"vary_k",10000,38,38,"SVP Gaussian / none / c = 0.968",0.34699999999998,1,0.34699999999998,39
"vary_k",10000,38,39,"SVP Gaussian / none / c = 0.968",0.34699999999998,1,0.34699999999998,40
"vary_k",10000,38,40,"SVP Gaussian / none / c = 0.968",0.348999999999933,1,0.348999999999933,39
"vary_k",10000,38,41,"SVP Gaussian / none / c = 0.968",0.347999999999956,1,0.347999999999956,39
"vary_k",10000,38,42,"SVP Gaussian / none / c = 0.968",0.347999999999956,1,0.347999999999956,39
"vary_k",10000,38,43,"SVP Gaussian / none / c = 0.968",0.349999999999909,1,0.349999999999909,39
"vary_k",10000,38,44,"SVP Gaussian / none / c = 0.968",0.348999999999933,1,0.348999999999933,39
"vary_k",10000,38,45,"SVP Gaussian / none / c = 0.968",0.34900000000016,1,0.34900000000016,39
"vary_k",10000,38,46,"SVP Gaussian / none / c = 0.968",0.347999999999956,1,0.347999999999956,39
"vary_k",10000,38,47,"SVP Gaussian / none / c = 0.968",0.347999999999956,1,0.347999999999956,39
"vary_k",10000,38,48,"SVP Gaussian / none / c = 0.968",0.34699999999998,1,0.34699999999998,39
"vary_k",10000,39,13,"SVP Gaussian / none / c = 0.968",0.348999999999933,1,0.348999999999933,40
"vary_k",10000,39,14,"SVP Gaussian / none / c = 0.968",0.347999999999956,1,0.347999999999956,40
"vary_k",10000,39,15,"SVP Gaussian / none / c = 0.968",0.350000000000136,1,0.350000000000136,41
"vary_k",10000,39,16,"SVP Gaussian / none / c = 0.968",0.347999999999956,1,0.347999999999956,40
"vary_k",10000,39,17,"SVP Gaussian / none / c = 0.968",0.349999999999909,1,0.349999999999909,40
"vary_k",10000,39,18,"SVP Gaussian / none / c = 0.968",0.348000000000184,1,0.348000000000184,40
"vary_k",10000,39,19,"SVP Gaussian / none / c = 0.968",0.348999999999933,1,0.348999999999933,40
"vary_k",10000,39,20,"SVP Gaussian / none / c = 0.968",0.348999999999933,1,0.348999999999933,40
"vary_k",10000,39,21,"SVP Gaussian / none / c = 0.968",0.348999999999933,1,0.348999999999933,40
"vary_k",10000,39,22,"SVP Gaussian / none / c = 0.968",0.34900000000016,1,0.34900000000016,40
"vary_k",10000,39,23,"SVP Gaussian / none / c = 0.968",0.347999999999956,1,0.347999999999956,40
"vary_k",10000,39,24,"SVP Gaussian / none / c = 0.968",0.349999999999909,1,0.349999999999909,40
"vary_k",10000,39,25,"SVP Gaussian / none / c = 0.968",0.351000000000113,1,0.351000000000113,40
"vary_k",10000,39,26,"SVP Gaussian / none / c = 0.968",0.347999999999956,1,0.347999999999956,40
"vary_k",10000,39,27,"SVP Gaussian / none / c = 0.968",0.34699999999998,1,0.34699999999998,41
"vary_k",10000,39,28,"SVP Gaussian / none / c = 0.968",0.347999999999956,1,0.347999999999956,40
"vary_k",10000,39,29,"SVP Gaussian / none / c = 0.968",0.34699999999998,1,0.34699999999998,40
"vary_k",10000,39,30,"SVP Gaussian / none / c = 0.968",0.348999999999933,1,0.348999999999933,40
"vary_k",10000,39,31,"SVP Gaussian / none / c = 0.968",0.34900000000016,1,0.34900000000016,40
"vary_k",10000,39,32,"SVP Gaussian / none / c = 0.968",0.350000000000136,1,0.350000000000136,40
"vary_k",10000,39,33,"SVP Gaussian / none / c = 0.968",0.348999999999933,1,0.348999999999933,40
"vary_k",10000,39,34,"SVP Gaussian / none / c = 0.968",0.348999999999933,1,0.348999999999933,40
"vary_k",10000,39,35,"SVP Gaussian / none / c = 0.968",0.34900000000016,1,0.34900000000016,40
"vary_k",10000,39,36,"SVP Gaussian / none / c = 0.968",0.347999999999956,1,0.347999999999956,40
"vary_k",10000,39,37,"SVP Gaussian / none / c = 0.968",0.348999999999933,1,0.348999999999933,40
"vary_k",10000,39,38,"SVP Gaussian / none / c = 0.968",0.347999999999956,1,0.347999999999956,40
"vary_k",10000,39,39,"SVP Gaussian / none / c = 0.968",0.348999999999933,1,0.348999999999933,41
"vary_k",10000,39,40,"SVP Gaussian / none / c = 0.968",0.348999999999933,1,0.348999999999933,40
"vary_k",10000,39,41,"SVP Gaussian / none / c = 0.968",0.348999999999933,1,0.348999999999933,40
"vary_k",10000,39,42,"SVP Gaussian / none / c = 0.968",0.351000000000113,1,0.351000000000113,40
"vary_k",10000,39,43,"SVP Gaussian / none / c = 0.968",0.351000000000113,1,0.351000000000113,40
"vary_k",10000,39,44,"SVP Gaussian / none / c = 0.968",0.34699999999998,1,0.34699999999998,40
"vary_k",10000,39,45,"SVP Gaussian / none / c = 0.968",0.349999999999909,1,0.349999999999909,40
"vary_k",10000,39,46,"SVP Gaussian / none / c = 0.968",0.348999999999933,1,0.348999999999933,40
"vary_k",10000,39,47,"SVP Gaussian / none / c = 0.968",0.348999999999933,1,0.348999999999933,40
"vary_k",10000,39,48,"SVP Gaussian / none / c = 0.968",0.34699999999998,1,0.34699999999998,40
"vary_k",10000,40,13,"SVP Gaussian / none / c = 0.968",0.351000000000113,1,0.351000000000113,41
"vary_k",10000,40,14,"SVP Gaussian / none / c = 0.968",0.348000000000184,1,0.348000000000184,41
"vary_k",10000,40,15,"SVP Gaussian / none / c = 0.968",0.349999999999909,1,0.349999999999909,41
"vary_k",10000,40,16,"SVP Gaussian / none / c = 0.968",0.347999999999956,1,0.347999999999956,41
"vary_k",10000,40,17,"SVP Gaussian / none / c = 0.968",0.350000000000136,1,0.350000000000136,41
"vary_k",10000,40,18,"SVP Gaussian / none / c = 0.968",0.347999999999956,1,0.347999999999956,41
"vary_k",10000,40,19,"SVP Gaussian / none / c = 0.968",0.349999999999909,1,0.349999999999909,41
"vary_k",10000,40,20,"SVP Gaussian / none / c = 0.968",0.348999999999933,1,0.348999999999933,41
"vary_k",10000,40,21,"SVP Gaussian / none / c = 0.968",0.34699999999998,1,0.34699999999998,41
"vary_k",10000,40,22,"SVP Gaussian / none / c = 0.968",0.347999999999956,1,0.347999999999956,41
"vary_k",10000,40,23,"SVP Gaussian / none / c = 0.968",0.34900000000016,1,0.34900000000016,41
"vary_k",10000,40,24,"SVP Gaussian / none / c = 0.968",0.34900000000016,1,0.34900000000016,41
"vary_k",10000,40,25,"SVP Gaussian / none / c = 0.968",0.352000000000089,1,0.352000000000089,41
"vary_k",10000,40,26,"SVP Gaussian / none / c = 0.968",0.348999999999933,1,0.348999999999933,41
"vary_k",10000,40,27,"SVP Gaussian / none / c = 0.968",0.351999999999862,1,0.351999999999862,41
"vary_k",10000,40,28,"SVP Gaussian / none / c = 0.968",0.349999999999909,1,0.349999999999909,41
"vary_k",10000,40,29,"SVP Gaussian / none / c = 0.968",0.348999999999933,1,0.348999999999933,41
"vary_k",10000,40,30,"SVP Gaussian / none / c = 0.968",0.348000000000184,1,0.348000000000184,41
"vary_k",10000,40,31,"SVP Gaussian / none / c = 0.968",0.347999999999956,1,0.347999999999956,41
"vary_k",10000,40,32,"SVP Gaussian / none / c = 0.968",0.34699999999998,1,0.34699999999998,41
"vary_k",10000,40,33,"SVP Gaussian / none / c = 0.968",0.348999999999933,1,0.348999999999933,42
"vary_k",10000,40,34,"SVP Gaussian / none / c = 0.968",0.348999999999933,1,0.348999999999933,41
"vary_k",10000,40,35,"SVP Gaussian / none / c = 0.968",0.348999999999933,1,0.348999999999933,41
"vary_k",10000,40,36,"SVP Gaussian / none / c = 0.968",0.350000000000136,1,0.350000000000136,41
"vary_k",10000,40,37,"SVP Gaussian / none / c = 0.968",0.34699999999998,1,0.34699999999998,41
"vary_k",10000,40,38,"SVP Gaussian / none / c = 0.968",0.349999999999909,1,0.349999999999909,41
"vary_k",10000,40,39,"SVP Gaussian / none / c = 0.968",0.34900000000016,1,0.34900000000016,41
"vary_k",10000,40,40,"SVP Gaussian / none / c = 0.968",0.349999999999909,1,0.349999999999909,41
"vary_k",10000,40,41,"SVP Gaussian / none / c = 0.968",0.348999999999933,1,0.348999999999933,41
"vary_k",10000,40,42,"SVP Gaussian / none / c = 0.968",0.349999999999909,1,0.349999999999909,41
"vary_k",10000,40,43,"SVP Gaussian / none / c = 0.968",0.350000000000136,1,0.350000000000136,41
"vary_k",10000,40,44,"SVP Gaussian / none / c = 0.968",0.34900000000016,1,0.34900000000016,41
"vary_k",10000,40,45,"SVP Gaussian / none / c = 0.968",0.347999999999956,1,0.347999999999956,41
"vary_k",10000,40,46,"SVP Gaussian / none / c = 0.968",0.350999999999885,1,0.350999999999885,41
"vary_k",10000,40,47,"SVP Gaussian / none / c = 0.968",0.351000000000113,1,0.351000000000113,41
"vary_k",10000,40,48,"SVP Gaussian / none / c = 0.968",0.34900000000016,1,0.34900000000016,41
"vary_k",10000,41,13,"SVP Gaussian / none / c = 0.968",0.347999999999956,1,0.347999999999956,42
"vary_k",10000,41,14,"SVP Gaussian / none / c = 0.968",0.349999999999909,1,0.349999999999909,42
"vary_k",10000,41,15,"SVP Gaussian / none / c = 0.968",0.348000000000184,1,0.348000000000184,42
"vary_k",10000,41,16,"SVP Gaussian / none / c = 0.968",0.350000000000136,1,0.350000000000136,42
"vary_k",10000,41,17,"SVP Gaussian / none / c = 0.968",0.348999999999933,1,0.348999999999933,42
"vary_k",10000,41,18,"SVP Gaussian / none / c = 0.968",0.34699999999998,1,0.34699999999998,42
"vary_k",10000,41,19,"SVP Gaussian / none / c = 0.968",0.347999999999956,1,0.347999999999956,42
"vary_k",10000,41,20,"SVP Gaussian / none / c = 0.968",0.34699999999998,1,0.34699999999998,42
"vary_k",10000,41,21,"SVP Gaussian / none / c = 0.968",0.347000000000207,1,0.347000000000207,42
"vary_k",10000,41,22,"SVP Gaussian / none / c = 0.968",0.347999999999956,1,0.347999999999956,42
"vary_k",10000,41,23,"SVP Gaussian / none / c = 0.968",0.34699999999998,1,0.34699999999998,42
"vary_k",10000,41,24,"SVP Gaussian / none / c = 0.968",0.348999999999933,1,0.348999999999933,42
"vary_k",10000,41,25,"SVP Gaussian / none / c = 0.968",0.34699999999998,1,0.34699999999998,42
"vary_k",10000,41,26,"SVP Gaussian / none / c = 0.968",0.346000000000004,1,0.346000000000004,42
"vary_k",10000,41,27,"SVP Gaussian / none / c = 0.968",0.34699999999998,1,0.34699999999998,42
"vary_k",10000,41,28,"SVP Gaussian / none / c = 0.968",0.347999999999956,1,0.347999999999956,42
"vary_k",10000,41,29,"SVP Gaussian / none / c = 0.968",0.347999999999956,1,0.347999999999956,42
"vary_k",10000,41,30,"SVP Gaussian / none / c = 0.968",0.347999999999956,1,0.347999999999956,42
"vary_k",10000,41,31,"SVP Gaussian / none / c = 0.968",0.347999999999956,1,0.347999999999956,42
"vary_k",10000,41,32,"SVP Gaussian / none / c = 0.968",0.34699999999998,1,0.34699999999998,42
"vary_k",10000,41,33,"SVP Gaussian / none / c = 0.968",0.350999999999658,1,0.350999999999658,42
"vary_k",10000,41,34,"SVP Gaussian / none / c = 0.968",0.348999999999705,1,0.348999999999705,42
"vary_k",10000,41,35,"SVP Gaussian / none / c = 0.968",0.347999999999956,1,0.347999999999956,42
"vary_k",10000,41,36,"SVP Gaussian / none / c = 0.968",0.347999999999956,1,0.347999999999956,42
"vary_k",10000,41,37,"SVP Gaussian / none / c = 0.968",0.348999999999705,1,0.348999999999705,42
"vary_k",10000,41,38,"SVP Gaussian / none / c = 0.968",0.347000000000207,1,0.347000000000207,42
"vary_k",10000,41,39,"SVP Gaussian / none / c = 0.968",0.347999999999956,1,0.347999999999956,42
"vary_k",10000,41,40,"SVP Gaussian / none / c = 0.968",0.348000000000411,1,0.348000000000411,42
"vary_k",10000,41,41,"SVP Gaussian / none / c = 0.968",0.347999999999956,1,0.347999999999956,42
"vary_k",10000,41,42,"SVP Gaussian / none / c = 0.968",0.34900000000016,1,0.34900000000016,42
"vary_k",10000,41,43,"SVP Gaussian / none / c = 0.968",0.347999999999956,1,0.347999999999956,42
"vary_k",10000,41,44,"SVP Gaussian / none / c = 0.968",0.347000000000207,1,0.347000000000207,42
"vary_k",10000,41,45,"SVP Gaussian / none / c = 0.968",0.347999999999956,1,0.347999999999956,43
"vary_k",10000,41,46,"SVP Gaussian / none / c = 0.968",0.347999999999956,1,0.347999999999956,42
"vary_k",10000,41,47,"SVP Gaussian / none / c = 0.968",0.347999999999956,1,0.347999999999956,42
"vary_k",10000,41,48,"SVP Gaussian / none / c = 0.968",0.346999999999753,1,0.346999999999753,42
"vary_k",10000,42,13,"SVP Gaussian / none / c = 0.968",0.347999999999956,1,0.347999999999956,43
"vary_k",10000,42,14,"SVP Gaussian / none / c = 0.968",0.347999999999956,1,0.347999999999956,43
"vary_k",10000,42,15,"SVP Gaussian / none / c = 0.968",0.347000000000207,1,0.347000000000207,43
"vary_k",10000,42,16,"SVP Gaussian / none / c = 0.968",0.349999999999909,1,0.349999999999909,43
"vary_k",10000,42,17,"SVP Gaussian / none / c = 0.968",0.347999999999956,1,0.347999999999956,43
"vary_k",10000,42,18,"SVP Gaussian / none / c = 0.968",0.347999999999956,1,0.347999999999956,43
"vary_k",10000,42,19,"SVP Gaussian / none / c = 0.968",0.34900000000016,1,0.34900000000016,43
"vary_k",10000,42,20,"SVP Gaussian / none / c = 0.968",0.348000000000411,1,0.348000000000411,43
"vary_k",10000,42,21,"SVP Gaussian / none / c = 0.968",0.348999999999705,1,0.348999999999705,43
"vary_k",10000,42,22,"SVP Gaussian / none / c = 0.968",0.348999999999705,1,0.348999999999705,43
"vary_k",10000,42,23,"SVP Gaussian / none / c = 0.968",0.348000000000411,1,0.348000000000411,43
"vary_k",10000,42,24,"SVP Gaussian / none / c = 0.968",0.346999999999753,1,0.346999999999753,43
"vary_k",10000,42,25,"SVP Gaussian / none / c = 0.968",0.347999999999956,1,0.347999999999956,44
"vary_k",10000,42,26,"SVP Gaussian / none / c = 0.968",0.350000000000364,1,0.350000000000364,43
"vary_k",10000,42,27,"SVP Gaussian / none / c = 0.968",0.347999999999956,1,0.347999999999956,43
"vary_k",10000,42,28,"SVP Gaussian / none / c = 0.968",0.347999999999956,1,0.347999999999956,43
"vary_k",10000,42,29,"SVP Gaussian / none / c = 0.968",0.347000000000207,1,0.347000000000207,43
"vary_k",10000,42,30,"SVP Gaussian / none / c = 0.968",0.347999999999956,1,0.347999999999956,43
"vary_k",10000,42,31,"SVP Gaussian / none / c = 0.968",0.34900000000016,1,0.34900000000016,43
"vary_k",10000,42,32,"SVP Gaussian / none / c = 0.968",0.347999999999956,1,0.347999999999956,43
"vary_k",10000,42,33,"SVP Gaussian / none / c = 0.968",0.347999999999956,1,0.347999999999956,43
"vary_k",10000,42,34,"SVP Gaussian / none / c = 0.968",0.351000000000113,1,0.351000000000113,43
"vary_k",10000,42,35,"SVP Gaussian / none / c = 0.968",0.347999999999956,1,0.347999999999956,43
"vary_k",10000,42,36,"SVP Gaussian / none / c = 0.968",0.347999999999956,1,0.347999999999956,43
"vary_k",10000,42,37,"SVP Gaussian / none / c = 0.968",0.347999999999956,1,0.347999999999956,43
"vary_k",10000,42,38,"SVP Gaussian / none / c = 0.968",0.347999999999956,1,0.347999999999956,43
"vary_k",10000,42,39,"SVP Gaussian / none / c = 0.968",0.347999999999956,1,0.347999999999956,43
"vary_k",10000,42,40,"SVP Gaussian / none / c = 0.968",0.34900000000016,1,0.34900000000016,43
"vary_k",10000,42,41,"SVP Gaussian / none / c = 0.968",0.347999999999956,1,0.347999999999956,43
"vary_k",10000,42,42,"SVP Gaussian / none / c = 0.968",0.347999999999956,1,0.347999999999956,43
"vary_k",10000,42,43,"SVP Gaussian / none / c = 0.968",0.348999999999705,1,0.348999999999705,43
"vary_k",10000,42,44,"SVP Gaussian / none / c = 0.968",0.348999999999705,1,0.348999999999705,43
"vary_k",10000,42,45,"SVP Gaussian / none / c = 0.968",0.346999999999753,1,0.346999999999753,43
"vary_k",10000,42,46,"SVP Gaussian / none / c = 0.968",0.350000000000364,1,0.350000000000364,43
"vary_k",10000,42,47,"SVP Gaussian / none / c = 0.968",0.347999999999956,1,0.347999999999956,43
"vary_k",10000,42,48,"SVP Gaussian / none / c = 0.968",0.349999999999909,1,0.349999999999909,43
"vary_k",10000,43,13,"SVP Gaussian / none / c = 0.968",0.348000000000411,1,0.348000000000411,44
"vary_k",10000,43,14,"SVP Gaussian / none / c = 0.968",0.346000000000004,1,0.346000000000004,44
"vary_k",10000,43,15,"SVP Gaussian / none / c = 0.968",0.347999999999956,1,0.347999999999956,44
"vary_k",10000,43,16,"SVP Gaussian / none / c = 0.968",0.348999999999705,1,0.348999999999705,44
"vary_k",10000,43,17,"SVP Gaussian / none / c = 0.968",0.347999999999956,1,0.347999999999956,44
"vary_k",10000,43,18,"SVP Gaussian / none / c = 0.968",0.34900000000016,1,0.34900000000016,44
"vary_k",10000,43,19,"SVP Gaussian / none / c = 0.968",0.347000000000207,1,0.347000000000207,44
"vary_k",10000,43,20,"SVP Gaussian / none / c = 0.968",0.347999999999956,1,0.347999999999956,44
"vary_k",10000,43,21,"SVP Gaussian / none / c = 0.968",0.347999999999956,1,0.347999999999956,44
"vary_k",10000,43,22,"SVP Gaussian / none / c = 0.968",0.347999999999956,1,0.347999999999956,44
"vary_k",10000,43,23,"SVP Gaussian / none / c = 0.968",0.347999999999956,1,0.347999999999956,44
"vary_k",10000,43,24,"SVP Gaussian / none / c = 0.968",0.347999999999956,1,0.347999999999956,44
"vary_k",10000,43,25,"SVP Gaussian / none / c = 0.968",0.34900000000016,1,0.34900000000016,44
"vary_k",10000,43,26,"SVP Gaussian / none / c = 0.968",0.348999999999705,1,0.348999999999705,44
"vary_k",10000,43,27,"SVP Gaussian / none / c = 0.968",0.346999999999753,1,0.346999999999753,44
"vary_k",10000,43,28,"SVP Gaussian / none / c = 0.968",0.351000000000113,1,0.351000000000113,44
"vary_k",10000,43,29,"SVP Gaussian / none / c = 0.968",0.34900000000016,1,0.34900000000016,44
"vary_k",10000,43,30,"SVP Gaussian / none / c = 0.968",0.347999999999956,1,0.347999999999956,44
"vary_k",10000,43,31,"SVP Gaussian / none / c = 0.968",0.346999999999753,1,0.346999999999753,44
"vary_k",10000,43,32,"SVP Gaussian / none / c = 0.968",0.34900000000016,1,0.34900000000016,44
"vary_k",10000,43,33,"SVP Gaussian / none / c = 0.968",0.347999999999956,1,0.347999999999956,44
"vary_k",10000,43,34,"SVP Gaussian / none / c = 0.968",0.347999999999956,1,0.347999999999956,44
"vary_k",10000,43,35,"SVP Gaussian / none / c = 0.968",0.349999999999909,1,0.349999999999909,44
"vary_k",10000,43,36,"SVP Gaussian / none / c = 0.968",0.349999999999909,1,0.349999999999909,44
"vary_k",10000,43,37,"SVP Gaussian / none / c = 0.968",0.34900000000016,1,0.34900000000016,44
"vary_k",10000,43,38,"SVP Gaussian / none / c = 0.968",0.34900000000016,1,0.34900000000016,44
"vary_k",10000,43,39,"SVP Gaussian / none / c = 0.968",0.346999999999753,1,0.346999999999753,44
"vary_k",10000,43,40,"SVP Gaussian / none / c = 0.968",0.348999999999705,1,0.348999999999705,44
"vary_k",10000,43,41,"SVP Gaussian / none / c = 0.968",0.348999999999705,1,0.348999999999705,44
"vary_k",10000,43,42,"SVP Gaussian / none / c = 0.968",0.34900000000016,1,0.34900000000016,44
"vary_k",10000,43,43,"SVP Gaussian / none / c = 0.968",0.349999999999909,1,0.349999999999909,44
"vary_k",10000,43,44,"SVP Gaussian / none / c = 0.968",0.347999999999956,1,0.347999999999956,44
"vary_k",10000,43,45,"SVP Gaussian / none / c = 0.968",0.34900000000016,1,0.34900000000016,44
"vary_k",10000,43,46,"SVP Gaussian / none / c = 0.968",0.349999999999909,1,0.349999999999909,44
"vary_k",10000,43,47,"SVP Gaussian / none / c = 0.968",0.347999999999956,1,0.347999999999956,44
"vary_k",10000,43,48,"SVP Gaussian / none / c = 0.968",0.34900000000016,1,0.34900000000016,44
"vary_k",10000,44,13,"SVP Gaussian / none / c = 0.968",0.349999999999909,1,0.349999999999909,45
"vary_k",10000,44,14,"SVP Gaussian / none / c = 0.968",0.351000000000113,1,0.351000000000113,45
"vary_k",10000,44,15,"SVP Gaussian / none / c = 0.968",0.347999999999956,1,0.347999999999956,45
"vary_k",10000,44,16,"SVP Gaussian / none / c = 0.968",0.347999999999956,1,0.347999999999956,45
"vary_k",10000,44,17,"SVP Gaussian / none / c = 0.968",0.349999999999909,1,0.349999999999909,45
"vary_k",10000,44,18,"SVP Gaussian / none / c = 0.968",0.34900000000016,1,0.34900000000016,45
"vary_k",10000,44,19,"SVP Gaussian / none / c = 0.968",0.34900000000016,1,0.34900000000016,45
"vary_k",10000,44,20,"SVP Gaussian / none / c = 0.968",0.34900000000016,1,0.34900000000016,45
"vary_k",10000,44,21,"SVP Gaussian / none / c = 0.968",0.34900000000016,1,0.34900000000016,45
"vary_k",10000,44,22,"SVP Gaussian / none / c = 0.968",0.347999999999956,1,0.347999999999956,45
"vary_k",10000,44,23,"SVP Gaussian / none / c = 0.968",0.34900000000016,1,0.34900000000016,45
"vary_k",10000,44,24,"SVP Gaussian / none / c = 0.968",0.347000000000207,1,0.347000000000207,45
"vary_k",10000,44,25,"SVP Gaussian / none / c = 0.968",0.351000000000113,1,0.351000000000113,45
"vary_k",10000,44,26,"SVP Gaussian / none / c = 0.968",0.349999999999909,1,0.349999999999909,45
"vary_k",10000,44,27,"SVP Gaussian / none / c = 0.968",0.347999999999956,1,0.347999999999956,45
"vary_k",10000,44,28,"SVP Gaussian / none / c = 0.968",0.34900000000016,1,0.34900000000016,45
"vary_k",10000,44,29,"SVP Gaussian / none / c = 0.968",0.351999999999862,1,0.351999999999862,45
"vary_k",10000,44,30,"SVP Gaussian / none / c = 0.968",0.34900000000016,1,0.34900000000016,45
"vary_k",10000,44,31,"SVP Gaussian / none / c = 0.968",0.34900000000016,1,0.34900000000016,45
"vary_k",10000,44,32,"SVP Gaussian / none / c = 0.968",0.34900000000016,1,0.34900000000016,45
"vary_k",10000,44,33,"SVP Gaussian / none / c = 0.968",0.350000000000364,1,0.350000000000364,45
"vary_k",10000,44,34,"SVP Gaussian / none / c = 0.968",0.347999999999956,1,0.347999999999956,45
"vary_k",10000,44,35,"SVP Gaussian / none / c = 0.968",0.351000000000113,1,0.351000000000113,45
"vary_k",10000,44,36,"SVP Gaussian / none / c = 0.968",0.34900000000016,1,0.34900000000016,45
"vary_k",10000,44,37,"SVP Gaussian / none / c = 0.968",0.349999999999909,1,0.349999999999909,45
"vary_k",10000,44,38,"SVP Gaussian / none / c = 0.968",0.34900000000016,1,0.34900000000016,45
"vary_k",10000,44,39,"SVP Gaussian / none / c = 0.968",0.348999999999705,1,0.348999999999705,45
"vary_k",10000,44,40,"SVP Gaussian / none / c = 0.968",0.34900000000016,1,0.34900000000016,45
"vary_k",10000,44,41,"SVP Gaussian / none / c = 0.968",0.34900000000016,1,0.34900000000016,45
"vary_k",10000,44,42,"SVP Gaussian / none / c = 0.968",0.348999999999705,1,0.348999999999705,45
"vary_k",10000,44,43,"SVP Gaussian / none / c = 0.968",0.349999999999909,1,0.349999999999909,45
"vary_k",10000,44,44,"SVP Gaussian / none / c = 0.968",0.34900000000016,1,0.34900000000016,45
"vary_k",10000,44,45,"SVP Gaussian / none / c = 0.968",0.347999999999956,1,0.347999999999956,45
"vary_k",10000,44,46,"SVP Gaussian / none / c = 0.968",0.347999999999956,1,0.347999999999956,45
"vary_k",10000,44,47,"SVP Gaussian / none / c = 0.968",0.347999999999956,1,0.347999999999956,45
"vary_k",10000,44,48,"SVP Gaussian / none / c = 0.968",0.347999999999956,1,0.347999999999956,45
"vary_k",10000,45,13,"SVP Gaussian / none / c = 0.968",0.34900000000016,1,0.34900000000016,46
"vary_k",10000,45,14,"SVP Gaussian / none / c = 0.968",0.347999999999956,1,0.347999999999956,46
"vary_k",10000,45,15,"SVP Gaussian / none / c = 0.968",0.34900000000016,1,0.34900000000016,46
"vary_k",10000,45,16,"SVP Gaussian / none / c = 0.968",0.34900000000016,1,0.34900000000016,46
"vary_k",10000,45,17,"SVP Gaussian / none / c = 0.968",0.351000000000113,1,0.351000000000113,47
"vary_k",10000,45,18,"SVP Gaussian / none / c = 0.968",0.351000000000113,1,0.351000000000113,46
"vary_k",10000,45,19,"SVP Gaussian / none / c = 0.968",0.350000000000364,1,0.350000000000364,46
"vary_k",10000,45,20,"SVP Gaussian / none / c = 0.968",0.348999999999705,1,0.348999999999705,46
"vary_k",10000,45,21,"SVP Gaussian / none / c = 0.968",0.348999999999705,1,0.348999999999705,46
"vary_k",10000,45,22,"SVP Gaussian / none / c = 0.968",0.348999999999705,1,0.348999999999705,46
"vary_k",10000,45,23,"SVP Gaussian / none / c = 0.968",0.34900000000016,1,0.34900000000016,46
"vary_k",10000,45,24,"SVP Gaussian / none / c = 0.968",0.34900000000016,1,0.34900000000016,46
"vary_k",10000,45,25,"SVP Gaussian / none / c = 0.968",0.348999999999705,1,0.348999999999705,46
"vary_k",10000,45,26,"SVP Gaussian / none / c = 0.968",0.349999999999909,1,0.349999999999909,46
"vary_k",10000,45,27,"SVP Gaussian / none / c = 0.968",0.351999999999862,1,0.351999999999862,46
"vary_k",10000,45,28,"SVP Gaussian / none / c = 0.968",0.348999999999705,1,0.348999999999705,46
"vary_k",10000,45,29,"SVP Gaussian / none / c = 0.968",0.350000000000364,1,0.350000000000364,46
"vary_k",10000,45,30,"SVP Gaussian / none / c = 0.968",0.348999999999705,1,0.348999999999705,46
"vary_k",10000,45,31,"SVP Gaussian / none / c = 0.968",0.347999999999956,1,0.347999999999956,46
"vary_k",10000,45,32,"SVP Gaussian / none / c = 0.968",0.34900000000016,1,0.34900000000016,46
"vary_k",10000,45,33,"SVP Gaussian / none / c = 0.968",0.349999999999909,1,0.349999999999909,46
"vary_k",10000,45,34,"SVP Gaussian / none / c = 0.968",0.349999999999909,1,0.349999999999909,46
"vary_k",10000,45,35,"SVP Gaussian / none / c = 0.968",0.34900000000016,1,0.34900000000016,46
"vary_k",10000,45,36,"SVP Gaussian / none / c = 0.968",0.349999999999909,1,0.349999999999909,46
"vary_k",10000,45,37,"SVP Gaussian / none / c = 0.968",0.350000000000364,1,0.350000000000364,46
"vary_k",10000,45,38,"SVP Gaussian / none / c = 0.968",0.348999999999705,1,0.348999999999705,46
"vary_k",10000,45,39,"SVP Gaussian / none / c = 0.968",0.349999999999909,1,0.349999999999909,46
"vary_k",10000,45,40,"SVP Gaussian / none / c = 0.968",0.348999999999705,1,0.348999999999705,46
"vary_k",10000,45,41,"SVP Gaussian / none / c = 0.968",0.34900000000016,1,0.34900000000016,46
"vary_k",10000,45,42,"SVP Gaussian / none / c = 0.968",0.349999999999909,1,0.349999999999909,46
"vary_k",10000,45,43,"SVP Gaussian / none / c = 0.968",0.349999999999909,1,0.349999999999909,46
"vary_k",10000,45,44,"SVP Gaussian / none / c = 0.968",0.349999999999909,1,0.349999999999909,46
"vary_k",10000,45,45,"SVP Gaussian / none / c = 0.968",0.353000000000065,1,0.353000000000065,46
"vary_k",10000,45,46,"SVP Gaussian / none / c = 0.968",0.34900000000016,1,0.34900000000016,46
"vary_k",10000,45,47,"SVP Gaussian / none / c = 0.968",0.34900000000016,1,0.34900000000016,46
"vary_k",10000,45,48,"SVP Gaussian / none / c = 0.968",0.34900000000016,1,0.34900000000016,46
"vary_k",10000,46,13,"SVP Gaussian / none / c = 0.968",0.347999999999956,1,0.347999999999956,47
"vary_k",10000,46,14,"SVP Gaussian / none / c = 0.968",0.348999999999705,1,0.348999999999705,47
"vary_k",10000,46,15,"SVP Gaussian / none / c = 0.968",0.349999999999909,1,0.349999999999909,47
"vary_k",10000,46,16,"SVP Gaussian / none / c = 0.968",0.349999999999909,1,0.349999999999909,47
"vary_k",10000,46,17,"SVP Gaussian / none / c = 0.968",0.351000000000113,1,0.351000000000113,47
"vary_k",10000,46,18,"SVP Gaussian / none / c = 0.968",0.350000000000364,1,0.350000000000364,47
"vary_k",10000,46,19,"SVP Gaussian / none / c = 0.968",0.348999999999705,1,0.348999999999705,47
"vary_k",10000,46,20,"SVP Gaussian / none / c = 0.968",0.347999999999956,1,0.347999999999956,47
"vary_k",10000,46,21,"SVP Gaussian / none / c = 0.968",0.349999999999909,1,0.349999999999909,47
"vary_k",10000,46,22,"SVP Gaussian / none / c = 0.968",0.34900000000016,1,0.34900000000016,47
"vary_k",10000,46,23,"SVP Gaussian / none / c = 0.968",0.348999999999705,1,0.348999999999705,47
"vary_k",10000,46,24,"SVP Gaussian / none / c = 0.968",0.349999999999909,1,0.349999999999909,48
"vary_k",10000,46,25,"SVP Gaussian / none / c = 0.968",0.34900000000016,1,0.34900000000016,47
"vary_k",10000,46,26,"SVP Gaussian / none / c = 0.968",0.349999999999909,1,0.349999999999909,47
"vary_k",10000,46,27,"SVP Gaussian / none / c = 0.968",0.353000000000065,1,0.353000000000065,47
"vary_k",10000,46,28,"SVP Gaussian / none / c = 0.968",0.34900000000016,1,0.34900000000016,47
"vary_k",10000,46,29,"SVP Gaussian / none / c = 0.968",0.348999999999705,1,0.348999999999705,47
"vary_k",10000,46,30,"SVP Gaussian / none / c = 0.968",0.348999999999705,1,0.348999999999705,47
"vary_k",10000,46,31,"SVP Gaussian / none / c = 0.968",0.34900000000016,1,0.34900000000016,47
"vary_k",10000,46,32,"SVP Gaussian / none / c = 0.968",0.34900000000016,1,0.34900000000016,47
"vary_k",10000,46,33,"SVP Gaussian / none / c = 0.968",0.34900000000016,1,0.34900000000016,47
"vary_k",10000,46,34,"SVP Gaussian / none / c = 0.968",0.347999999999956,1,0.347999999999956,47
"vary_k",10000,46,35,"SVP Gaussian / none / c = 0.968",0.350000000000364,1,0.350000000000364,47
"vary_k",10000,46,36,"SVP Gaussian / none / c = 0.968",0.349999999999909,1,0.349999999999909,47
"vary_k",10000,46,37,"SVP Gaussian / none / c = 0.968",0.349999999999909,1,0.349999999999909,47
"vary_k",10000,46,38,"SVP Gaussian / none / c = 0.968",0.34900000000016,1,0.34900000000016,47
"vary_k",10000,46,39,"SVP Gaussian / none / c = 0.968",0.34900000000016,1,0.34900000000016,47
"vary_k",10000,46,40,"SVP Gaussian / none / c = 0.968",0.349999999999909,1,0.349999999999909,47
"vary_k",10000,46,41,"SVP Gaussian / none / c = 0.968",0.34900000000016,1,0.34900000000016,47
"vary_k",10000,46,42,"SVP Gaussian / none / c = 0.968",0.34900000000016,1,0.34900000000016,47
"vary_k",10000,46,43,"SVP Gaussian / none / c = 0.968",0.350000000000364,1,0.350000000000364,47
"vary_k",10000,46,44,"SVP Gaussian / none / c = 0.968",0.351000000000113,1,0.351000000000113,47
"vary_k",10000,46,45,"SVP Gaussian / none / c = 0.968",0.351000000000113,1,0.351000000000113,47
"vary_k",10000,46,46,"SVP Gaussian / none / c = 0.968",0.348999999999705,1,0.348999999999705,47
"vary_k",10000,46,47,"SVP Gaussian / none / c = 0.968",0.349999999999909,1,0.349999999999909,47
"vary_k",10000,46,48,"SVP Gaussian / none / c = 0.968",0.349999999999909,1,0.349999999999909,47
"vary_k",10000,47,13,"SVP Gaussian / none / c = 0.968",0.349999999999909,1,0.349999999999909,48
"vary_k",10000,47,14,"SVP Gaussian / none / c = 0.968",0.34900000000016,1,0.34900000000016,48
"vary_k",10000,47,15,"SVP Gaussian / none / c = 0.968",0.348999999999705,1,0.348999999999705,48
"vary_k",10000,47,16,"SVP Gaussian / none / c = 0.968",0.348999999999705,1,0.348999999999705,48
"vary_k",10000,47,17,"SVP Gaussian / none / c = 0.968",0.349999999999909,1,0.349999999999909,48
"vary_k",10000,47,18,"SVP Gaussian / none / c = 0.968",0.349999999999909,1,0.349999999999909,48
"vary_k",10000,47,19,"SVP Gaussian / none / c = 0.968",0.34900000000016,1,0.34900000000016,48
"vary_k",10000,47,20,"SVP Gaussian / none / c = 0.968",0.349999999999909,1,0.349999999999909,48
"vary_k",10000,47,21,"SVP Gaussian / none / c = 0.968",0.34900000000016,1,0.34900000000016,48
"vary_k",10000,47,22,"SVP Gaussian / none / c = 0.968",0.349999999999909,1,0.349999999999909,48
"vary_k",10000,47,23,"SVP Gaussian / none / c = 0.968",0.352999999999611,1,0.352999999999611,49
"vary_k",10000,47,24,"SVP Gaussian / none / c = 0.968",0.347999999999956,1,0.347999999999956,48
"vary_k",10000,47,25,"SVP Gaussian / none / c = 0.968",0.351999999999862,1,0.351999999999862,48
"vary_k",10000,47,26,"SVP Gaussian / none / c = 0.968",0.34900000000016,1,0.34900000000016,48
"vary_k",10000,47,27,"SVP Gaussian / none / c = 0.968",0.349999999999909,1,0.349999999999909,48
"vary_k",10000,47,28,"SVP Gaussian / none / c = 0.968",0.34900000000016,1,0.34900000000016,48
"vary_k",10000,47,29,"SVP Gaussian / none / c = 0.968",0.34900000000016,1,0.34900000000016,48
"vary_k",10000,47,30,"SVP Gaussian / none / c = 0.968",0.349999999999909,1,0.349999999999909,48
"vary_k",10000,47,31,"SVP Gaussian / none / c = 0.968",0.34900000000016,1,0.34900000000016,48
"vary_k",10000,47,32,"SVP Gaussian / none / c = 0.968",0.347999999999956,1,0.347999999999956,48
"vary_k",10000,47,33,"SVP Gaussian / none / c = 0.968",0.348999999999705,1,0.348999999999705,48
"vary_k",10000,47,34,"SVP Gaussian / none / c = 0.968",0.347999999999956,1,0.347999999999956,48
"vary_k",10000,47,35,"SVP Gaussian / none / c = 0.968",0.349999999999909,1,0.349999999999909,48
"vary_k",10000,47,36,"SVP Gaussian / none / c = 0.968",0.34900000000016,1,0.34900000000016,48
"vary_k",10000,47,37,"SVP Gaussian / none / c = 0.968",0.34900000000016,1,0.34900000000016,48
"vary_k",10000,47,38,"SVP Gaussian / none / c = 0.968",0.34900000000016,1,0.34900000000016,49
"vary_k",10000,47,39,"SVP Gaussian / none / c = 0.968",0.34900000000016,1,0.34900000000016,49
"vary_k",10000,47,40,"SVP Gaussian / none / c = 0.968",0.347999999999956,1,0.347999999999956,48
"vary_k",10000,47,41,"SVP Gaussian / none / c = 0.968",0.348999999999705,1,0.348999999999705,48
"vary_k",10000,47,42,"SVP Gaussian / none / c = 0.968",0.348999999999705,1,0.348999999999705,49
"vary_k",10000,47,43,"SVP Gaussian / none / c = 0.968",0.347000000000207,1,0.347000000000207,48
"vary_k",10000,47,44,"SVP Gaussian / none / c = 0.968",0.349999999999909,1,0.349999999999909,48
"vary_k",10000,47,45,"SVP Gaussian / none / c = 0.968",0.349999999999909,1,0.349999999999909,48
"vary_k",10000,47,46,"SVP Gaussian / none / c = 0.968",0.347999999999956,1,0.347999999999956,48
"vary_k",10000,47,47,"SVP Gaussian / none / c = 0.968",0.355999999999767,1,0.355999999999767,48
"vary_k",10000,47,48,"SVP Gaussian / none / c = 0.968",0.349999999999909,1,0.349999999999909,48
"vary_k",10000,48,13,"SVP Gaussian / none / c = 0.968",0.347999999999956,1,0.347999999999956,49
"vary_k",10000,48,14,"SVP Gaussian / none / c = 0.968",0.347999999999956,1,0.347999999999956,49
"vary_k",10000,48,15,"SVP Gaussian / none / c = 0.968",0.349999999999909,1,0.349999999999909,49
"vary_k",10000,48,16,"SVP Gaussian / none / c = 0.968",0.347999999999956,1,0.347999999999956,49
"vary_k",10000,48,17,"SVP Gaussian / none / c = 0.968",0.348999999999705,1,0.348999999999705,49
"vary_k",10000,48,18,"SVP Gaussian / none / c = 0.968",0.34900000000016,1,0.34900000000016,49
"vary_k",10000,48,19,"SVP Gaussian / none / c = 0.968",0.349999999999909,1,0.349999999999909,49
"vary_k",10000,48,20,"SVP Gaussian / none / c = 0.968",0.349999999999909,1,0.349999999999909,49
"vary_k",10000,48,21,"SVP Gaussian / none / c = 0.968",0.34900000000016,1,0.34900000000016,49
"vary_k",10000,48,22,"SVP Gaussian / none / c = 0.968",0.34900000000016,1,0.34900000000016,49
"vary_k",10000,48,23,"SVP Gaussian / none / c = 0.968",0.351000000000113,1,0.351000000000113,49
"vary_k",10000,48,24,"SVP Gaussian / none / c = 0.968",0.347999999999956,1,0.347999999999956,49
"vary_k",10000,48,25,"SVP Gaussian / none / c = 0.968",0.350999999999658,1,0.350999999999658,50
"vary_k",10000,48,26,"SVP Gaussian / none / c = 0.968",0.348999999999705,1,0.348999999999705,49
"vary_k",10000,48,27,"SVP Gaussian / none / c = 0.968",0.350000000000364,1,0.350000000000364,49
"vary_k",10000,48,28,"SVP Gaussian / none / c = 0.968",0.34900000000016,1,0.34900000000016,49
"vary_k",10000,48,29,"SVP Gaussian / none / c = 0.968",0.34900000000016,1,0.34900000000016,50
"vary_k",10000,48,30,"SVP Gaussian / none / c = 0.968",0.348999999999705,1,0.348999999999705,49
"vary_k",10000,48,31,"SVP Gaussian / none / c = 0.968",0.348999999999705,1,0.348999999999705,49
"vary_k",10000,48,32,"SVP Gaussian / none / c = 0.968",0.350000000000364,1,0.350000000000364,49
"vary_k",10000,48,33,"SVP Gaussian / none / c = 0.968",0.348999999999705,1,0.348999999999705,49
"vary_k",10000,48,34,"SVP Gaussian / none / c = 0.968",0.356000000000222,1,0.356000000000222,49
"vary_k",10000,48,35,"SVP Gaussian / none / c = 0.968",0.351000000000113,1,0.351000000000113,49
"vary_k",10000,48,36,"SVP Gaussian / none / c = 0.968",0.349999999999909,1,0.349999999999909,49
"vary_k",10000,48,37,"SVP Gaussian / none / c = 0.968",0.34900000000016,1,0.34900000000016,49
"vary_k",10000,48,38,"SVP Gaussian / none / c = 0.968",0.347999999999956,1,0.347999999999956,49
"vary_k",10000,48,39,"SVP Gaussian / none / c = 0.968",0.34900000000016,1,0.34900000000016,49
"vary_k",10000,48,40,"SVP Gaussian / none / c = 0.968",0.350000000000364,1,0.350000000000364,49
"vary_k",10000,48,41,"SVP Gaussian / none / c = 0.968",0.348999999999705,1,0.348999999999705,49
"vary_k",10000,48,42,"SVP Gaussian / none / c = 0.968",0.348999999999705,1,0.348999999999705,49
"vary_k",10000,48,43,"SVP Gaussian / none / c = 0.968",0.348999999999705,1,0.348999999999705,49
"vary_k",10000,48,44,"SVP Gaussian / none / c = 0.968",0.352000000000317,1,0.352000000000317,49
"vary_k",10000,48,45,"SVP Gaussian / none / c = 0.968",0.34900000000016,1,0.34900000000016,49
"vary_k",10000,48,46,"SVP Gaussian / none / c = 0.968",0.349999999999909,1,0.349999999999909,49
"vary_k",10000,48,47,"SVP Gaussian / none / c = 0.968",0.34900000000016,1,0.34900000000016,49
"vary_k",10000,48,48,"SVP Gaussian / none / c = 0.968",0.347999999999956,1,0.347999999999956,49
"vary_k",10000,49,13,"SVP Gaussian / none / c = 0.968",0.350000000000364,1,0.350000000000364,50
"vary_k",10000,49,14,"SVP Gaussian / none / c = 0.968",0.348999999999705,1,0.348999999999705,50
"vary_k",10000,49,15,"SVP Gaussian / none / c = 0.968",0.349999999999909,1,0.349999999999909,50
"vary_k",10000,49,16,"SVP Gaussian / none / c = 0.968",0.351000000000113,1,0.351000000000113,50
"vary_k",10000,49,17,"SVP Gaussian / none / c = 0.968",0.348999999999705,1,0.348999999999705,50
"vary_k",10000,49,18,"SVP Gaussian / none / c = 0.968",0.354000000000269,1,0.354000000000269,50
"vary_k",10000,49,19,"SVP Gaussian / none / c = 0.968",0.351000000000113,1,0.351000000000113,50
"vary_k",10000,49,20,"SVP Gaussian / none / c = 0.968",0.349999999999909,1,0.349999999999909,50
"vary_k",10000,49,21,"SVP Gaussian / none / c = 0.968",0.350000000000364,1,0.350000000000364,50
"vary_k",10000,49,22,"SVP Gaussian / none / c = 0.968",0.348999999999705,1,0.348999999999705,50
"vary_k",10000,49,23,"SVP Gaussian / none / c = 0.968",0.349999999999909,1,0.349999999999909,50
"vary_k",10000,49,24,"SVP Gaussian / none / c = 0.968",0.348999999999705,1,0.348999999999705,50
"vary_k",10000,49,25,"SVP Gaussian / none / c = 0.968",0.350999999999658,1,0.350999999999658,50
"vary_k",10000,49,26,"SVP Gaussian / none / c = 0.968",0.349999999999909,1,0.349999999999909,51
"vary_k",10000,49,27,"SVP Gaussian / none / c = 0.968",0.350999999999658,1,0.350999999999658,50
"vary_k",10000,49,28,"SVP Gaussian / none / c = 0.968",0.348999999999705,1,0.348999999999705,50
"vary_k",10000,49,29,"SVP Gaussian / none / c = 0.968",0.34900000000016,1,0.34900000000016,50
"vary_k",10000,49,30,"SVP Gaussian / none / c = 0.968",0.34900000000016,1,0.34900000000016,50
"vary_k",10000,49,31,"SVP Gaussian / none / c = 0.968",0.349999999999909,1,0.349999999999909,50
"vary_k",10000,49,32,"SVP Gaussian / none / c = 0.968",0.34900000000016,1,0.34900000000016,50
"vary_k",10000,49,33,"SVP Gaussian / none / c = 0.968",0.34900000000016,1,0.34900000000016,50
"vary_k",10000,49,34,"SVP Gaussian / none / c = 0.968",0.34900000000016,1,0.34900000000016,50
"vary_k",10000,49,35,"SVP Gaussian / none / c = 0.968",0.351000000000113,1,0.351000000000113,51
"vary_k",10000,49,36,"SVP Gaussian / none / c = 0.968",0.348999999999705,1,0.348999999999705,50
"vary_k",10000,49,37,"SVP Gaussian / none / c = 0.968",0.348999999999705,1,0.348999999999705,50
"vary_k",10000,49,38,"SVP Gaussian / none / c = 0.968",0.347999999999956,1,0.347999999999956,50
"vary_k",10000,49,39,"SVP Gaussian / none / c = 0.968",0.348999999999705,1,0.348999999999705,50
"vary_k",10000,49,40,"SVP Gaussian / none / c = 0.968",0.34900000000016,1,0.34900000000016,50
"vary_k",10000,49,41,"SVP Gaussian / none / c = 0.968",0.351000000000113,1,0.351000000000113,50
"vary_k",10000,49,42,"SVP Gaussian / none / c = 0.968",0.349999999999909,1,0.349999999999909,50
"vary_k",10000,49,43,"SVP Gaussian / none / c = 0.968",0.350000000000364,1,0.350000000000364,50
"vary_k",10000,49,44,"SVP Gaussian / none / c = 0.968",0.349999999999909,1,0.349999999999909,50
"vary_k",10000,49,45,"SVP Gaussian / none / c = 0.968",0.350000000000364,1,0.350000000000364,50
"vary_k",10000,49,46,"SVP Gaussian / none / c = 0.968",0.351999999999862,1,0.351999999999862,50
"vary_k",10000,49,47,"SVP Gaussian / none / c = 0.968",0.347999999999956,1,0.347999999999956,50
"vary_k",10000,49,48,"SVP Gaussian / none / c = 0.968",0.34900000000016,1,0.34900000000016,50
"vary_k",10000,50,13,"SVP Gaussian / none / c = 0.968",0.34900000000016,1,0.34900000000016,51
"vary_k",10000,50,14,"SVP Gaussian / none / c = 0.968",0.347999999999956,1,0.347999999999956,51
"vary_k",10000,50,15,"SVP Gaussian / none / c = 0.968",0.349999999999909,1,0.349999999999909,51
"vary_k",10000,50,16,"SVP Gaussian / none / c = 0.968",0.347999999999956,1,0.347999999999956,51
"vary_k",10000,50,17,"SVP Gaussian / none / c = 0.968",0.350000000000364,1,0.350000000000364,51
"vary_k",10000,50,18,"SVP Gaussian / none / c = 0.968",0.351000000000113,1,0.351000000000113,52
"vary_k",10000,50,19,"SVP Gaussian / none / c = 0.968",0.349999999999909,1,0.349999999999909,51
"vary_k",10000,50,20,"SVP Gaussian / none / c = 0.968",0.34900000000016,1,0.34900000000016,51
"vary_k",10000,50,21,"SVP Gaussian / none / c = 0.968",0.349999999999909,1,0.349999999999909,52
"vary_k",10000,50,22,"SVP Gaussian / none / c = 0.968",0.349999999999909,1,0.349999999999909,51
"vary_k",10000,50,23,"SVP Gaussian / none / c = 0.968",0.350000000000364,1,0.350000000000364,51
"vary_k",10000,50,24,"SVP Gaussian / none / c = 0.968",0.348000000000411,1,0.348000000000411,51
"vary_k",10000,50,25,"SVP Gaussian / none / c = 0.968",0.349999999999909,1,0.349999999999909,51
"vary_k",10000,50,26,"SVP Gaussian / none / c = 0.968",0.349999999999909,1,0.349999999999909,51
"vary_k",10000,50,27,"SVP Gaussian / none / c = 0.968",0.351000000000113,1,0.351000000000113,51
"vary_k",10000,50,28,"SVP Gaussian / none / c = 0.968",0.349999999999909,1,0.349999999999909,51
"vary_k",10000,50,29,"SVP Gaussian / none / c = 0.968",0.350999999999658,1,0.350999999999658,51
"vary_k",10000,50,30,"SVP Gaussian / none / c = 0.968",0.351000000000113,1,0.351000000000113,51
"vary_k",10000,50,31,"SVP Gaussian / none / c = 0.968",0.351000000000113,1,0.351000000000113,51
"vary_k",10000,50,32,"SVP Gaussian / none / c = 0.968",0.351000000000113,1,0.351000000000113,52
"vary_k",10000,50,33,"SVP Gaussian / none / c = 0.968",0.351000000000113,1,0.351000000000113,51
"vary_k",10000,50,34,"SVP Gaussian / none / c = 0.968",0.34900000000016,1,0.34900000000016,51
"vary_k",10000,50,35,"SVP Gaussian / none / c = 0.968",0.352000000000317,1,0.352000000000317,51
"vary_k",10000,50,36,"SVP Gaussian / none / c = 0.968",0.365999999999985,1,0.365999999999985,51
"vary_k",10000,50,37,"SVP Gaussian / none / c = 0.968",0.355999999999767,1,0.355999999999767,51
"vary_k",10000,50,38,"SVP Gaussian / none / c = 0.968",0.351999999999862,1,0.351999999999862,51
"vary_k",10000,50,39,"SVP Gaussian / none / c = 0.968",0.350999999999658,1,0.350999999999658,51
"vary_k",10000,50,40,"SVP Gaussian / none / c = 0.968",0.350999999999658,1,0.350999999999658,51
"vary_k",10000,50,41,"SVP Gaussian / none / c = 0.968",0.358000000000175,1,0.358000000000175,51
"vary_k",10000,50,42,"SVP Gaussian / none / c = 0.968",0.349999999999909,1,0.349999999999909,51
"vary_k",10000,50,43,"SVP Gaussian / none / c = 0.968",0.351000000000113,1,0.351000000000113,51
"vary_k",10000,50,44,"SVP Gaussian / none / c = 0.968",0.34900000000016,1,0.34900000000016,51
"vary_k",10000,50,45,"SVP Gaussian / none / c = 0.968",0.346999999999753,1,0.346999999999753,51
"vary_k",10000,50,46,"SVP Gaussian / none / c = 0.968",0.34900000000016,1,0.34900000000016,51
"vary_k",10000,50,47,"SVP Gaussian / none / c = 0.968",0.350999999999658,1,0.350999999999658,51
"vary_k",10000,50,48,"SVP Gaussian / none / c = 0.968",0.34900000000016,1,0.34900000000016,51
"vary_k",10000,51,13,"SVP Gaussian / none / c = 0.968",0.34900000000016,1,0.34900000000016,52
"vary_k",10000,51,14,"SVP Gaussian / none / c = 0.968",0.348999999999705,1,0.348999999999705,52
"vary_k",10000,51,15,"SVP Gaussian / none / c = 0.968",0.349999999999909,1,0.349999999999909,52
"vary_k",10000,51,16,"SVP Gaussian / none / c = 0.968",0.34900000000016,1,0.34900000000016,52
"vary_k",10000,51,17,"SVP Gaussian / none / c = 0.968",0.350000000000364,1,0.350000000000364,52
"vary_k",10000,51,18,"SVP Gaussian / none / c = 0.968",0.348999999999705,1,0.348999999999705,53
"vary_k",10000,51,19,"SVP Gaussian / none / c = 0.968",0.350999999999658,1,0.350999999999658,52
"vary_k",10000,51,20,"SVP Gaussian / none / c = 0.968",0.349999999999909,1,0.349999999999909,52
"vary_k",10000,51,21,"SVP Gaussian / none / c = 0.968",0.351000000000113,1,0.351000000000113,52
"vary_k",10000,51,22,"SVP Gaussian / none / c = 0.968",0.34900000000016,1,0.34900000000016,52
"vary_k",10000,51,23,"SVP Gaussian / none / c = 0.968",0.34900000000016,1,0.34900000000016,52
"vary_k",10000,51,24,"SVP Gaussian / none / c = 0.968",0.34900000000016,1,0.34900000000016,52
"vary_k",10000,51,25,"SVP Gaussian / none / c = 0.968",0.355000000000018,1,0.355000000000018,52
"vary_k",10000,51,26,"SVP Gaussian / none / c = 0.968",0.351999999999862,1,0.351999999999862,52
"vary_k",10000,51,27,"SVP Gaussian / none / c = 0.968",0.349999999999909,1,0.349999999999909,52
"vary_k",10000,51,28,"SVP Gaussian / none / c = 0.968",0.348999999999705,1,0.348999999999705,52
"vary_k",10000,51,29,"SVP Gaussian / none / c = 0.968",0.349999999999909,1,0.349999999999909,52
"vary_k",10000,51,30,"SVP Gaussian / none / c = 0.968",0.349999999999909,1,0.349999999999909,53
"vary_k",10000,51,31,"SVP Gaussian / none / c = 0.968",0.34900000000016,1,0.34900000000016,52
"vary_k",10000,51,32,"SVP Gaussian / none / c = 0.968",0.349999999999909,1,0.349999999999909,52
"vary_k",10000,51,33,"SVP Gaussian / none / c = 0.968",0.34900000000016,1,0.34900000000016,52
"vary_k",10000,51,34,"SVP Gaussian / none / c = 0.968",0.351999999999862,1,0.351999999999862,52
"vary_k",10000,51,35,"SVP Gaussian / none / c = 0.968",0.351999999999862,1,0.351999999999862,52
"vary_k",10000,51,36,"SVP Gaussian / none / c = 0.968",0.351000000000113,1,0.351000000000113,52
"vary_k",10000,51,37,"SVP Gaussian / none / c = 0.968",0.371000000000095,1,0.371000000000095,52
"vary_k",10000,51,38,"SVP Gaussian / none / c = 0.968",0.34900000000016,1,0.34900000000016,52
"vary_k",10000,51,39,"SVP Gaussian / none / c = 0.968",0.34900000000016,1,0.34900000000016,52
"vary_k",10000,51,40,"SVP Gaussian / none / c = 0.968",0.349999999999909,1,0.349999999999909,52
"vary_k",10000,51,41,"SVP Gaussian / none / c = 0.968",0.348999999999705,1,0.348999999999705,52
"vary_k",10000,51,42,"SVP Gaussian / none / c = 0.968",0.350000000000364,1,0.350000000000364,52
"vary_k",10000,51,43,"SVP Gaussian / none / c = 0.968",0.351000000000113,1,0.351000000000113,52
"vary_k",10000,51,44,"SVP Gaussian / none / c = 0.968",0.351999999999862,1,0.351999999999862,52
"vary_k",10000,51,45,"SVP Gaussian / none / c = 0.968",0.348999999999705,1,0.348999999999705,52
"vary_k",10000,51,46,"SVP Gaussian / none / c = 0.968",0.353000000000065,1,0.353000000000065,52
"vary_k",10000,51,47,"SVP Gaussian / none / c = 0.968",0.348999999999705,1,0.348999999999705,52
"vary_k",10000,51,48,"SVP Gaussian / none / c = 0.968",0.34900000000016,1,0.34900000000016,52
"vary_k",10000,52,13,"SVP Gaussian / none / c = 0.968",0.349999999999909,1,0.349999999999909,53
"vary_k",10000,52,14,"SVP Gaussian / none / c = 0.968",0.351000000000113,1,0.351000000000113,53
"vary_k",10000,52,15,"SVP Gaussian / none / c = 0.968",0.34900000000016,1,0.34900000000016,53
"vary_k",10000,52,16,"SVP Gaussian / none / c = 0.968",0.351000000000113,1,0.351000000000113,53
"vary_k",10000,52,17,"SVP Gaussian / none / c = 0.968",0.349999999999909,1,0.349999999999909,53
"vary_k",10000,52,18,"SVP Gaussian / none / c = 0.968",0.351000000000113,1,0.351000000000113,53
"vary_k",10000,52,19,"SVP Gaussian / none / c = 0.968",0.349999999999909,1,0.349999999999909,53
"vary_k",10000,52,20,"SVP Gaussian / none / c = 0.968",0.348999999999705,1,0.348999999999705,53
"vary_k",10000,52,21,"SVP Gaussian / none / c = 0.968",0.347999999999956,1,0.347999999999956,53
"vary_k",10000,52,22,"SVP Gaussian / none / c = 0.968",0.351000000000113,1,0.351000000000113,53
"vary_k",10000,52,23,"SVP Gaussian / none / c = 0.968",0.350000000000364,1,0.350000000000364,53
"vary_k",10000,52,24,"SVP Gaussian / none / c = 0.968",0.349999999999909,1,0.349999999999909,53
"vary_k",10000,52,25,"SVP Gaussian / none / c = 0.968",0.351000000000113,1,0.351000000000113,53
"vary_k",10000,52,26,"SVP Gaussian / none / c = 0.968",0.351000000000113,1,0.351000000000113,53
"vary_k",10000,52,27,"SVP Gaussian / none / c = 0.968",0.34900000000016,1,0.34900000000016,53
"vary_k",10000,52,28,"SVP Gaussian / none / c = 0.968",0.350999999999658,1,0.350999999999658,53
"vary_k",10000,52,29,"SVP Gaussian / none / c = 0.968",0.349999999999909,1,0.349999999999909,53
"vary_k",10000,52,30,"SVP Gaussian / none / c = 0.968",0.34900000000016,1,0.34900000000016,53
"vary_k",10000,52,31,"SVP Gaussian / none / c = 0.968",0.349999999999909,1,0.349999999999909,53
"vary_k",10000,52,32,"SVP Gaussian / none / c = 0.968",0.349999999999909,1,0.349999999999909,53
"vary_k",10000,52,33,"SVP Gaussian / none / c = 0.968",0.355000000000018,1,0.355000000000018,53
"vary_k",10000,52,34,"SVP Gaussian / none / c = 0.968",0.356000000000222,1,0.356000000000222,53
"vary_k",10000,52,35,"SVP Gaussian / none / c = 0.968",0.34900000000016,1,0.34900000000016,53
"vary_k",10000,52,36,"SVP Gaussian / none / c = 0.968",0.349999999999909,1,0.349999999999909,53
"vary_k",10000,52,37,"SVP Gaussian / none / c = 0.968",0.349999999999909,1,0.349999999999909,53
"vary_k",10000,52,38,"SVP Gaussian / none / c = 0.968",0.349999999999909,1,0.349999999999909,53
"vary_k",10000,52,39,"SVP Gaussian / none / c = 0.968",0.349999999999909,1,0.349999999999909,53
"vary_k",10000,52,40,"SVP Gaussian / none / c = 0.968",0.348999999999705,1,0.348999999999705,53
"vary_k",10000,52,41,"SVP Gaussian / none / c = 0.968",0.34900000000016,1,0.34900000000016,53
"vary_k",10000,52,42,"SVP Gaussian / none / c = 0.968",0.350000000000364,1,0.350000000000364,53
"vary_k",10000,52,43,"SVP Gaussian / none / c = 0.968",0.352000000000317,1,0.352000000000317,53
"vary_k",10000,52,44,"SVP Gaussian / none / c = 0.968",0.351999999999862,1,0.351999999999862,53
"vary_k",10000,52,45,"SVP Gaussian / none / c = 0.968",0.350000000000364,1,0.350000000000364,54
"vary_k",10000,52,46,"SVP Gaussian / none / c = 0.968",0.349999999999909,1,0.349999999999909,53
"vary_k",10000,52,47,"SVP Gaussian / none / c = 0.968",0.349999999999909,1,0.349999999999909,53
"vary_k",10000,52,48,"SVP Gaussian / none / c = 0.968",0.348999999999705,1,0.348999999999705,53
"vary_k",10000,53,13,"SVP Gaussian / none / c = 0.968",0.348999999999705,1,0.348999999999705,54
"vary_k",10000,53,14,"SVP Gaussian / none / c = 0.968",0.34900000000016,1,0.34900000000016,54
"vary_k",10000,53,15,"SVP Gaussian / none / c = 0.968",0.348999999999705,1,0.348999999999705,54
"vary_k",10000,53,16,"SVP Gaussian / none / c = 0.968",0.350000000000364,1,0.350000000000364,54
"vary_k",10000,53,17,"SVP Gaussian / none / c = 0.968",0.351000000000113,1,0.351000000000113,54
"vary_k",10000,53,18,"SVP Gaussian / none / c = 0.968",0.34900000000016,1,0.34900000000016,54
"vary_k",10000,53,19,"SVP Gaussian / none / c = 0.968",0.349999999999909,1,0.349999999999909,54
"vary_k",10000,53,20,"SVP Gaussian / none / c = 0.968",0.353999999999814,1,0.353999999999814,54
"vary_k",10000,53,21,"SVP Gaussian / none / c = 0.968",0.376999999999953,1,0.376999999999953,54
"vary_k",10000,53,22,"SVP Gaussian / none / c = 0.968",0.365000000000236,1,0.365000000000236,54
"vary_k",10000,53,23,"SVP Gaussian / none / c = 0.968",0.34900000000016,1,0.34900000000016,54
"vary_k",10000,53,24,"SVP Gaussian / none / c = 0.968",0.351000000000113,1,0.351000000000113,54
"vary_k",10000,53,25,"SVP Gaussian / none / c = 0.968",0.349999999999909,1,0.349999999999909,54
"vary_k",10000,53,26,"SVP Gaussian / none / c = 0.968",0.350999999999658,1,0.350999999999658,54
"vary_k",10000,53,27,"SVP Gaussian / none / c = 0.968",0.353000000000065,1,0.353000000000065,54
"vary_k",10000,53,28,"SVP Gaussian / none / c = 0.968",0.351999999999862,1,0.351999999999862,54
"vary_k",10000,53,29,"SVP Gaussian / none / c = 0.968",0.351000000000113,1,0.351000000000113,54
"vary_k",10000,53,30,"SVP Gaussian / none / c = 0.968",0.348999999999705,1,0.348999999999705,54
"vary_k",10000,53,31,"SVP Gaussian / none / c = 0.968",0.34900000000016,1,0.34900000000016,54
"vary_k",10000,53,32,"SVP Gaussian / none / c = 0.968",0.349999999999909,1,0.349999999999909,54
"vary_k",10000,53,33,"SVP Gaussian / none / c = 0.968",0.351000000000113,1,0.351000000000113,54
"vary_k",10000,53,34,"SVP Gaussian / none / c = 0.968",0.349999999999909,1,0.349999999999909,54
"vary_k",10000,53,35,"SVP Gaussian / none / c = 0.968",0.350000000000364,1,0.350000000000364,54
"vary_k",10000,53,36,"SVP Gaussian / none / c = 0.968",0.349999999999909,1,0.349999999999909,54
"vary_k",10000,53,37,"SVP Gaussian / none / c = 0.968",0.352000000000317,1,0.352000000000317,54
"vary_k",10000,53,38,"SVP Gaussian / none / c = 0.968",0.351000000000113,1,0.351000000000113,54
"vary_k",10000,53,39,"SVP Gaussian / none / c = 0.968",0.353000000000065,1,0.353000000000065,54
"vary_k",10000,53,40,"SVP Gaussian / none / c = 0.968",0.349999999999909,1,0.349999999999909,54
"vary_k",10000,53,41,"SVP Gaussian / none / c = 0.968",0.353000000000065,1,0.353000000000065,54
"vary_k",10000,53,42,"SVP Gaussian / none / c = 0.968",0.349999999999909,1,0.349999999999909,54
"vary_k",10000,53,43,"SVP Gaussian / none / c = 0.968",0.351999999999862,1,0.351999999999862,54
"vary_k",10000,53,44,"SVP Gaussian / none / c = 0.968",0.349999999999909,1,0.349999999999909,54
"vary_k",10000,53,45,"SVP Gaussian / none / c = 0.968",0.34900000000016,1,0.34900000000016,54
"vary_k",10000,53,46,"SVP Gaussian / none / c = 0.968",0.351999999999862,1,0.351999999999862,54
"vary_k",10000,53,47,"SVP Gaussian / none / c = 0.968",0.351000000000113,1,0.351000000000113,54
"vary_k",10000,53,48,"SVP Gaussian / none / c = 0.968",0.351000000000113,1,0.351000000000113,54
"vary_k",10000,54,13,"SVP Gaussian / none / c = 0.968",0.351000000000113,1,0.351000000000113,55
"vary_k",10000,54,14,"SVP Gaussian / none / c = 0.968",0.348999999999705,1,0.348999999999705,55
"vary_k",10000,54,15,"SVP Gaussian / none / c = 0.968",0.353000000000065,1,0.353000000000065,55
"vary_k",10000,54,16,"SVP Gaussian / none / c = 0.968",0.349999999999909,1,0.349999999999909,55
"vary_k",10000,54,17,"SVP Gaussian / none / c = 0.968",0.349999999999909,1,0.349999999999909,55
"vary_k",10000,54,18,"SVP Gaussian / none / c = 0.968",0.351000000000113,1,0.351000000000113,55
"vary_k",10000,54,19,"SVP Gaussian / none / c = 0.968",0.351999999999862,1,0.351999999999862,55
"vary_k",10000,54,20,"SVP Gaussian / none / c = 0.968",0.349999999999909,1,0.349999999999909,55
"vary_k",10000,54,21,"SVP Gaussian / none / c = 0.968",0.34900000000016,1,0.34900000000016,55
"vary_k",10000,54,22,"SVP Gaussian / none / c = 0.968",0.351999999999862,1,0.351999999999862,55
"vary_k",10000,54,23,"SVP Gaussian / none / c = 0.968",0.351000000000113,1,0.351000000000113,55
"vary_k",10000,54,24,"SVP Gaussian / none / c = 0.968",0.350000000000364,1,0.350000000000364,55
"vary_k",10000,54,25,"SVP Gaussian / none / c = 0.968",0.351999999999862,1,0.351999999999862,55
"vary_k",10000,54,26,"SVP Gaussian / none / c = 0.968",0.34900000000016,1,0.34900000000016,55
"vary_k",10000,54,27,"SVP Gaussian / none / c = 0.968",0.349999999999909,1,0.349999999999909,55
"vary_k",10000,54,28,"SVP Gaussian / none / c = 0.968",0.350999999999658,1,0.350999999999658,55
"vary_k",10000,54,29,"SVP Gaussian / none / c = 0.968",0.351000000000113,1,0.351000000000113,55
"vary_k",10000,54,30,"SVP Gaussian / none / c = 0.968",0.351000000000113,1,0.351000000000113,55
"vary_k",10000,54,31,"SVP Gaussian / none / c = 0.968",0.354000000000269,1,0.354000000000269,55
"vary_k",10000,54,32,"SVP Gaussian / none / c = 0.968",0.351999999999862,1,0.351999999999862,55
"vary_k",10000,54,33,"SVP Gaussian / none / c = 0.968",0.351999999999862,1,0.351999999999862,55
"vary_k",10000,54,34,"SVP Gaussian / none / c = 0.968",0.356000000000222,1,0.356000000000222,56
"vary_k",10000,54,35,"SVP Gaussian / none / c = 0.968",0.351000000000113,1,0.351000000000113,55
"vary_k",10000,54,36,"SVP Gaussian / none / c = 0.968",0.349999999999909,1,0.349999999999909,55
"vary_k",10000,54,37,"SVP Gaussian / none / c = 0.968",0.351000000000113,1,0.351000000000113,55
"vary_k",10000,54,38,"SVP Gaussian / none / c = 0.968",0.349999999999909,1,0.349999999999909,55
"vary_k",10000,54,39,"SVP Gaussian / none / c = 0.968",0.349999999999909,1,0.349999999999909,55
"vary_k",10000,54,40,"SVP Gaussian / none / c = 0.968",0.351000000000113,1,0.351000000000113,55
"vary_k",10000,54,41,"SVP Gaussian / none / c = 0.968",0.351999999999862,1,0.351999999999862,55
"vary_k",10000,54,42,"SVP Gaussian / none / c = 0.968",0.350999999999658,1,0.350999999999658,56
"vary_k",10000,54,43,"SVP Gaussian / none / c = 0.968",0.351999999999862,1,0.351999999999862,55
"vary_k",10000,54,44,"SVP Gaussian / none / c = 0.968",0.351999999999862,1,0.351999999999862,55
"vary_k",10000,54,45,"SVP Gaussian / none / c = 0.968",0.350999999999658,1,0.350999999999658,55
"vary_k",10000,54,46,"SVP Gaussian / none / c = 0.968",0.349999999999909,1,0.349999999999909,55
"vary_k",10000,54,47,"SVP Gaussian / none / c = 0.968",0.353000000000065,1,0.353000000000065,55
"vary_k",10000,54,48,"SVP Gaussian / none / c = 0.968",0.349999999999909,1,0.349999999999909,55
"vary_k",10000,55,13,"SVP Gaussian / none / c = 0.968",0.351000000000113,1,0.351000000000113,57
"vary_k",10000,55,14,"SVP Gaussian / none / c = 0.968",0.349999999999909,1,0.349999999999909,56
"vary_k",10000,55,15,"SVP Gaussian / none / c = 0.968",0.352000000000317,1,0.352000000000317,56
"vary_k",10000,55,16,"SVP Gaussian / none / c = 0.968",0.349999999999909,1,0.349999999999909,56
"vary_k",10000,55,17,"SVP Gaussian / none / c = 0.968",0.352000000000317,1,0.352000000000317,56
"vary_k",10000,55,18,"SVP Gaussian / none / c = 0.968",0.351000000000113,1,0.351000000000113,56
"vary_k",10000,55,19,"SVP Gaussian / none / c = 0.968",0.351000000000113,1,0.351000000000113,56
"vary_k",10000,55,20,"SVP Gaussian / none / c = 0.968",0.350000000000364,1,0.350000000000364,56
"vary_k",10000,55,21,"SVP Gaussian / none / c = 0.968",0.34900000000016,1,0.34900000000016,56
"vary_k",10000,55,22,"SVP Gaussian / none / c = 0.968",0.351999999999862,1,0.351999999999862,56
"vary_k",10000,55,23,"SVP Gaussian / none / c = 0.968",0.350999999999658,1,0.350999999999658,56
"vary_k",10000,55,24,"SVP Gaussian / none / c = 0.968",0.351999999999862,1,0.351999999999862,56
"vary_k",10000,55,25,"SVP Gaussian / none / c = 0.968",0.349999999999909,1,0.349999999999909,56
"vary_k",10000,55,26,"SVP Gaussian / none / c = 0.968",0.351999999999862,1,0.351999999999862,56
"vary_k",10000,55,27,"SVP Gaussian / none / c = 0.968",0.351000000000113,1,0.351000000000113,56
"vary_k",10000,55,28,"SVP Gaussian / none / c = 0.968",0.351000000000113,1,0.351000000000113,56
"vary_k",10000,55,29,"SVP Gaussian / none / c = 0.968",0.351999999999862,1,0.351999999999862,56
"vary_k",10000,55,30,"SVP Gaussian / none / c = 0.968",0.351999999999862,1,0.351999999999862,56
"vary_k",10000,55,31,"SVP Gaussian / none / c = 0.968",0.349999999999909,1,0.349999999999909,56
"vary_k",10000,55,32,"SVP Gaussian / none / c = 0.968",0.352000000000317,1,0.352000000000317,56
"vary_k",10000,55,33,"SVP Gaussian / none / c = 0.968",0.351999999999862,1,0.351999999999862,56
"vary_k",10000,55,34,"SVP Gaussian / none / c = 0.968",0.351999999999862,1,0.351999999999862,56
"vary_k",10000,55,35,"SVP Gaussian / none / c = 0.968",0.350999999999658,1,0.350999999999658,56
"vary_k",10000,55,36,"SVP Gaussian / none / c = 0.968",0.349999999999909,1,0.349999999999909,56
"vary_k",10000,55,37,"SVP Gaussian / none / c = 0.968",0.350999999999658,1,0.350999999999658,56
"vary_k",10000,55,38,"SVP Gaussian / none / c = 0.968",0.350000000000364,1,0.350000000000364,56
"vary_k",10000,55,39,"SVP Gaussian / none / c = 0.968",0.351999999999862,1,0.351999999999862,57
"vary_k",10000,55,40,"SVP Gaussian / none / c = 0.968",0.349999999999909,1,0.349999999999909,56
"vary_k",10000,55,41,"SVP Gaussian / none / c = 0.968",0.351000000000113,1,0.351000000000113,56
"vary_k",10000,55,42,"SVP Gaussian / none / c = 0.968",0.352000000000317,1,0.352000000000317,56
"vary_k",10000,55,43,"SVP Gaussian / none / c = 0.968",0.353999999999814,1,0.353999999999814,56
"vary_k",10000,55,44,"SVP Gaussian / none / c = 0.968",0.351000000000113,1,0.351000000000113,56
"vary_k",10000,55,45,"SVP Gaussian / none / c = 0.968",0.351999999999862,1,0.351999999999862,56
"vary_k",10000,55,46,"SVP Gaussian / none / c = 0.968",0.349999999999909,1,0.349999999999909,56
"vary_k",10000,55,47,"SVP Gaussian / none / c = 0.968",0.355999999999767,1,0.355999999999767,56
"vary_k",10000,55,48,"SVP Gaussian / none / c = 0.968",0.350999999999658,1,0.350999999999658,56
"vary_k",10000,56,13,"SVP Gaussian / none / c = 0.968",0.350999999999658,1,0.350999999999658,57
"vary_k",10000,56,14,"SVP Gaussian / none / c = 0.968",0.349999999999909,1,0.349999999999909,57
"vary_k",10000,56,15,"SVP Gaussian / none / c = 0.968",0.353999999999814,1,0.353999999999814,57
"vary_k",10000,56,16,"SVP Gaussian / none / c = 0.968",0.351000000000113,1,0.351000000000113,57
"vary_k",10000,56,17,"SVP Gaussian / none / c = 0.968",0.351000000000113,1,0.351000000000113,57
"vary_k",10000,56,18,"SVP Gaussian / none / c = 0.968",0.348999999999705,1,0.348999999999705,57
"vary_k",10000,56,19,"SVP Gaussian / none / c = 0.968",0.351000000000113,1,0.351000000000113,57
"vary_k",10000,56,20,"SVP Gaussian / none / c = 0.968",0.349999999999909,1,0.349999999999909,57
"vary_k",10000,56,21,"SVP Gaussian / none / c = 0.968",0.352999999999611,1,0.352999999999611,57
"vary_k",10000,56,22,"SVP Gaussian / none / c = 0.968",0.355000000000018,1,0.355000000000018,57
"vary_k",10000,56,23,"SVP Gaussian / none / c = 0.968",0.351000000000113,1,0.351000000000113,57
"vary_k",10000,56,24,"SVP Gaussian / none / c = 0.968",0.351000000000113,1,0.351000000000113,57
"vary_k",10000,56,25,"SVP Gaussian / none / c = 0.968",0.353000000000065,1,0.353000000000065,57
"vary_k",10000,56,26,"SVP Gaussian / none / c = 0.968",0.351000000000113,1,0.351000000000113,57
"vary_k",10000,56,27,"SVP Gaussian / none / c = 0.968",0.351000000000113,1,0.351000000000113,58
"vary_k",10000,56,28,"SVP Gaussian / none / c = 0.968",0.351000000000113,1,0.351000000000113,57
"vary_k",10000,56,29,"SVP Gaussian / none / c = 0.968",0.34900000000016,1,0.34900000000016,57
"vary_k",10000,56,30,"SVP Gaussian / none / c = 0.968",0.349999999999909,1,0.349999999999909,57
"vary_k",10000,56,31,"SVP Gaussian / none / c = 0.968",0.351999999999862,1,0.351999999999862,57
"vary_k",10000,56,32,"SVP Gaussian / none / c = 0.968",0.349999999999909,1,0.349999999999909,57
"vary_k",10000,56,33,"SVP Gaussian / none / c = 0.968",0.351999999999862,1,0.351999999999862,57
"vary_k",10000,56,34,"SVP Gaussian / none / c = 0.968",0.355999999999767,1,0.355999999999767,57
"vary_k",10000,56,35,"SVP Gaussian / none / c = 0.968",0.351000000000113,1,0.351000000000113,57
"vary_k",10000,56,36,"SVP Gaussian / none / c = 0.968",0.352000000000317,1,0.352000000000317,57
"vary_k",10000,56,37,"SVP Gaussian / none / c = 0.968",0.353000000000065,1,0.353000000000065,57
"vary_k",10000,56,38,"SVP Gaussian / none / c = 0.968",0.352000000000317,1,0.352000000000317,57
"vary_k",10000,56,39,"SVP Gaussian / none / c = 0.968",0.351000000000113,1,0.351000000000113,57
"vary_k",10000,56,40,"SVP Gaussian / none / c = 0.968",0.351000000000113,1,0.351000000000113,57
"vary_k",10000,56,41,"SVP Gaussian / none / c = 0.968",0.352000000000317,1,0.352000000000317,57
"vary_k",10000,56,42,"SVP Gaussian / none / c = 0.968",0.351999999999862,1,0.351999999999862,57
"vary_k",10000,56,43,"SVP Gaussian / none / c = 0.968",0.351000000000113,1,0.351000000000113,57
"vary_k",10000,56,44,"SVP Gaussian / none / c = 0.968",0.354000000000269,1,0.354000000000269,57
"vary_k",10000,56,45,"SVP Gaussian / none / c = 0.968",0.351000000000113,1,0.351000000000113,57
"vary_k",10000,56,46,"SVP Gaussian / none / c = 0.968",0.353999999999814,1,0.353999999999814,57
"vary_k",10000,56,47,"SVP Gaussian / none / c = 0.968",0.349999999999909,1,0.349999999999909,57
"vary_k",10000,56,48,"SVP Gaussian / none / c = 0.968",0.351000000000113,1,0.351000000000113,57
"vary_k",10000,57,13,"SVP Gaussian / none / c = 0.968",0.351000000000113,1,0.351000000000113,58
"vary_k",10000,57,14,"SVP Gaussian / none / c = 0.968",0.351000000000113,1,0.351000000000113,58
"vary_k",10000,57,15,"SVP Gaussian / none / c = 0.968",0.351999999999862,1,0.351999999999862,58
"vary_k",10000,57,16,"SVP Gaussian / none / c = 0.968",0.353999999999814,1,0.353999999999814,58
"vary_k",10000,57,17,"SVP Gaussian / none / c = 0.968",0.351000000000113,1,0.351000000000113,58
"vary_k",10000,57,18,"SVP Gaussian / none / c = 0.968",0.351000000000113,1,0.351000000000113,58
"vary_k",10000,57,19,"SVP Gaussian / none / c = 0.968",0.353000000000065,1,0.353000000000065,58
"vary_k",10000,57,20,"SVP Gaussian / none / c = 0.968",0.349999999999909,1,0.349999999999909,58
"vary_k",10000,57,21,"SVP Gaussian / none / c = 0.968",0.350999999999658,1,0.350999999999658,58
"vary_k",10000,57,22,"SVP Gaussian / none / c = 0.968",0.351999999999862,1,0.351999999999862,58
"vary_k",10000,57,23,"SVP Gaussian / none / c = 0.968",0.353000000000065,1,0.353000000000065,58
"vary_k",10000,57,24,"SVP Gaussian / none / c = 0.968",0.353000000000065,1,0.353000000000065,58
"vary_k",10000,57,25,"SVP Gaussian / none / c = 0.968",0.351000000000113,1,0.351000000000113,58
"vary_k",10000,57,26,"SVP Gaussian / none / c = 0.968",0.352000000000317,1,0.352000000000317,58
"vary_k",10000,57,27,"SVP Gaussian / none / c = 0.968",0.353000000000065,1,0.353000000000065,58
"vary_k",10000,57,28,"SVP Gaussian / none / c = 0.968",0.352000000000317,1,0.352000000000317,58
"vary_k",10000,57,29,"SVP Gaussian / none / c = 0.968",0.351000000000113,1,0.351000000000113,58
"vary_k",10000,57,30,"SVP Gaussian / none / c = 0.968",0.351999999999862,1,0.351999999999862,58
"vary_k",10000,57,31,"SVP Gaussian / none / c = 0.968",0.353000000000065,1,0.353000000000065,58
"vary_k",10000,57,32,"SVP Gaussian / none / c = 0.968",0.353000000000065,1,0.353000000000065,59
"vary_k",10000,57,33,"SVP Gaussian / none / c = 0.968",0.352999999999611,1,0.352999999999611,58
"vary_k",10000,57,34,"SVP Gaussian / none / c = 0.968",0.351999999999862,1,0.351999999999862,58
"vary_k",10000,57,35,"SVP Gaussian / none / c = 0.968",0.351999999999862,1,0.351999999999862,58
"vary_k",10000,57,36,"SVP Gaussian / none / c = 0.968",0.352000000000317,1,0.352000000000317,58
"vary_k",10000,57,37,"SVP Gaussian / none / c = 0.968",0.355000000000018,1,0.355000000000018,58
"vary_k",10000,57,38,"SVP Gaussian / none / c = 0.968",0.351000000000113,1,0.351000000000113,58
"vary_k",10000,57,39,"SVP Gaussian / none / c = 0.968",0.351000000000113,1,0.351000000000113,58
"vary_k",10000,57,40,"SVP Gaussian / none / c = 0.968",0.351000000000113,1,0.351000000000113,58
"vary_k",10000,57,41,"SVP Gaussian / none / c = 0.968",0.353000000000065,1,0.353000000000065,58
"vary_k",10000,57,42,"SVP Gaussian / none / c = 0.968",0.351000000000113,1,0.351000000000113,58
"vary_k",10000,57,43,"SVP Gaussian / none / c = 0.968",0.358999999999924,1,0.358999999999924,58
"vary_k",10000,57,44,"SVP Gaussian / none / c = 0.968",0.353000000000065,1,0.353000000000065,58
"vary_k",10000,57,45,"SVP Gaussian / none / c = 0.968",0.351000000000113,1,0.351000000000113,58
"vary_k",10000,57,46,"SVP Gaussian / none / c = 0.968",0.352000000000317,1,0.352000000000317,58
"vary_k",10000,57,47,"SVP Gaussian / none / c = 0.968",0.351999999999862,1,0.351999999999862,58
"vary_k",10000,57,48,"SVP Gaussian / none / c = 0.968",0.350000000000364,1,0.350000000000364,58
"vary_k",10000,58,13,"SVP Gaussian / none / c = 0.968",0.351000000000113,1,0.351000000000113,59
"vary_k",10000,58,14,"SVP Gaussian / none / c = 0.968",0.351000000000113,1,0.351000000000113,59
"vary_k",10000,58,15,"SVP Gaussian / none / c = 0.968",0.351000000000113,1,0.351000000000113,59
"vary_k",10000,58,16,"SVP Gaussian / none / c = 0.968",0.351000000000113,1,0.351000000000113,59
"vary_k",10000,58,17,"SVP Gaussian / none / c = 0.968",0.352000000000317,1,0.352000000000317,59
"vary_k",10000,58,18,"SVP Gaussian / none / c = 0.968",0.351999999999862,1,0.351999999999862,59
"vary_k",10000,58,19,"SVP Gaussian / none / c = 0.968",0.351999999999862,1,0.351999999999862,59
"vary_k",10000,58,20,"SVP Gaussian / none / c = 0.968",0.351000000000113,1,0.351000000000113,59
"vary_k",10000,58,21,"SVP Gaussian / none / c = 0.968",0.354000000000269,1,0.354000000000269,59
"vary_k",10000,58,22,"SVP Gaussian / none / c = 0.968",0.353000000000065,1,0.353000000000065,59
"vary_k",10000,58,23,"SVP Gaussian / none / c = 0.968",0.356000000000222,1,0.356000000000222,59
"vary_k",10000,58,24,"SVP Gaussian / none / c = 0.968",0.355999999999767,1,0.355999999999767,59
"vary_k",10000,58,25,"SVP Gaussian / none / c = 0.968",0.349999999999909,1,0.349999999999909,59
"vary_k",10000,58,26,"SVP Gaussian / none / c = 0.968",0.349999999999909,1,0.349999999999909,59
"vary_k",10000,58,27,"SVP Gaussian / none / c = 0.968",0.355000000000018,1,0.355000000000018,60
"vary_k",10000,58,28,"SVP Gaussian / none / c = 0.968",0.358000000000175,1,0.358000000000175,60
"vary_k",10000,58,29,"SVP Gaussian / none / c = 0.968",0.355999999999767,1,0.355999999999767,59
"vary_k",10000,58,30,"SVP Gaussian / none / c = 0.968",0.355000000000018,1,0.355000000000018,59
"vary_k",10000,58,31,"SVP Gaussian / none / c = 0.968",0.356999999999971,1,0.356999999999971,59
"vary_k",10000,58,32,"SVP Gaussian / none / c = 0.968",0.351000000000113,1,0.351000000000113,59
"vary_k",10000,58,33,"SVP Gaussian / none / c = 0.968",0.351999999999862,1,0.351999999999862,59
"vary_k",10000,58,34,"SVP Gaussian / none / c = 0.968",0.352000000000317,1,0.352000000000317,59
"vary_k",10000,58,35,"SVP Gaussian / none / c = 0.968",0.351999999999862,1,0.351999999999862,59
"vary_k",10000,58,36,"SVP Gaussian / none / c = 0.968",0.352000000000317,1,0.352000000000317,59
"vary_k",10000,58,37,"SVP Gaussian / none / c = 0.968",0.353000000000065,1,0.353000000000065,59
"vary_k",10000,58,38,"SVP Gaussian / none / c = 0.968",0.351000000000113,1,0.351000000000113,59
"vary_k",10000,58,39,"SVP Gaussian / none / c = 0.968",0.351000000000113,1,0.351000000000113,59
"vary_k",10000,58,40,"SVP Gaussian / none / c = 0.968",0.353000000000065,1,0.353000000000065,60
"vary_k",10000,58,41,"SVP Gaussian / none / c = 0.968",0.355000000000018,1,0.355000000000018,59
"vary_k",10000,58,42,"SVP Gaussian / none / c = 0.968",0.351000000000113,1,0.351000000000113,59
"vary_k",10000,58,43,"SVP Gaussian / none / c = 0.968",0.351000000000113,1,0.351000000000113,59
"vary_k",10000,58,44,"SVP Gaussian / none / c = 0.968",0.353000000000065,1,0.353000000000065,59
"vary_k",10000,58,45,"SVP Gaussian / none / c = 0.968",0.351000000000113,1,0.351000000000113,60
"vary_k",10000,58,46,"SVP Gaussian / none / c = 0.968",0.349999999999909,1,0.349999999999909,59
"vary_k",10000,58,47,"SVP Gaussian / none / c = 0.968",0.349999999999909,1,0.349999999999909,59
"vary_k",10000,58,48,"SVP Gaussian / none / c = 0.968",0.351999999999862,1,0.351999999999862,59
"vary_k",10000,59,13,"SVP Gaussian / none / c = 0.968",0.352000000000317,1,0.352000000000317,60
"vary_k",10000,59,14,"SVP Gaussian / none / c = 0.968",0.353000000000065,1,0.353000000000065,60
"vary_k",10000,59,15,"SVP Gaussian / none / c = 0.968",0.351000000000113,1,0.351000000000113,60
"vary_k",10000,59,16,"SVP Gaussian / none / c = 0.968",0.351999999999862,1,0.351999999999862,60
"vary_k",10000,59,17,"SVP Gaussian / none / c = 0.968",0.353000000000065,1,0.353000000000065,60
"vary_k",10000,59,18,"SVP Gaussian / none / c = 0.968",0.350000000000364,1,0.350000000000364,60
"vary_k",10000,59,19,"SVP Gaussian / none / c = 0.968",0.351000000000113,1,0.351000000000113,60
"vary_k",10000,59,20,"SVP Gaussian / none / c = 0.968",0.351000000000113,1,0.351000000000113,60
"vary_k",10000,59,21,"SVP Gaussian / none / c = 0.968",0.353000000000065,1,0.353000000000065,60
"vary_k",10000,59,22,"SVP Gaussian / none / c = 0.968",0.353999999999814,1,0.353999999999814,60
"vary_k",10000,59,23,"SVP Gaussian / none / c = 0.968",0.350999999999658,1,0.350999999999658,60
"vary_k",10000,59,24,"SVP Gaussian / none / c = 0.968",0.351999999999862,1,0.351999999999862,60
"vary_k",10000,59,25,"SVP Gaussian / none / c = 0.968",0.351999999999862,1,0.351999999999862,60
"vary_k",10000,59,26,"SVP Gaussian / none / c = 0.968",0.351000000000113,1,0.351000000000113,60
"vary_k",10000,59,27,"SVP Gaussian / none / c = 0.968",0.353000000000065,1,0.353000000000065,60
"vary_k",10000,59,28,"SVP Gaussian / none / c = 0.968",0.351999999999862,1,0.351999999999862,60
"vary_k",10000,59,29,"SVP Gaussian / none / c = 0.968",0.350999999999658,1,0.350999999999658,61
"vary_k",10000,59,30,"SVP Gaussian / none / c = 0.968",0.351999999999862,1,0.351999999999862,60
"vary_k",10000,59,31,"SVP Gaussian / none / c = 0.968",0.353000000000065,1,0.353000000000065,60
"vary_k",10000,59,32,"SVP Gaussian / none / c = 0.968",0.353000000000065,1,0.353000000000065,60
"vary_k",10000,59,33,"SVP Gaussian / none / c = 0.968",0.353000000000065,1,0.353000000000065,60
"vary_k",10000,59,34,"SVP Gaussian / none / c = 0.968",0.351000000000113,1,0.351000000000113,60
"vary_k",10000,59,35,"SVP Gaussian / none / c = 0.968",0.352000000000317,1,0.352000000000317,60
"vary_k",10000,59,36,"SVP Gaussian / none / c = 0.968",0.351000000000113,1,0.351000000000113,60
"vary_k",10000,59,37,"SVP Gaussian / none / c = 0.968",0.351999999999862,1,0.351999999999862,60
"vary_k",10000,59,38,"SVP Gaussian / none / c = 0.968",0.352000000000317,1,0.352000000000317,60
"vary_k",10000,59,39,"SVP Gaussian / none / c = 0.968",0.351999999999862,1,0.351999999999862,60
"vary_k",10000,59,40,"SVP Gaussian / none / c = 0.968",0.352000000000317,1,0.352000000000317,60
"vary_k",10000,59,41,"SVP Gaussian / none / c = 0.968",0.355000000000018,1,0.355000000000018,61
"vary_k",10000,59,42,"SVP Gaussian / none / c = 0.968",0.353000000000065,1,0.353000000000065,60
"vary_k",10000,59,43,"SVP Gaussian / none / c = 0.968",0.349999999999909,1,0.349999999999909,60
"vary_k",10000,59,44,"SVP Gaussian / none / c = 0.968",0.355000000000018,1,0.355000000000018,60
"vary_k",10000,59,45,"SVP Gaussian / none / c = 0.968",0.351000000000113,1,0.351000000000113,60
"vary_k",10000,59,46,"SVP Gaussian / none / c = 0.968",0.352000000000317,1,0.352000000000317,60
"vary_k",10000,59,47,"SVP Gaussian / none / c = 0.968",0.351000000000113,1,0.351000000000113,60
"vary_k",10000,59,48,"SVP Gaussian / none / c = 0.968",0.351999999999862,1,0.351999999999862,60
"vary_k",10000,60,13,"SVP Gaussian / none / c = 0.968",0.353000000000065,1,0.353000000000065,61
"vary_k",10000,60,14,"SVP Gaussian / none / c = 0.968",0.352000000000317,1,0.352000000000317,61
"vary_k",10000,60,15,"SVP Gaussian / none / c = 0.968",0.351999999999862,1,0.351999999999862,61
"vary_k",10000,60,16,"SVP Gaussian / none / c = 0.968",0.351999999999862,1,0.351999999999862,61
"vary_k",10000,60,17,"SVP Gaussian / none / c = 0.968",0.351999999999862,1,0.351999999999862,61
"vary_k",10000,60,18,"SVP Gaussian / none / c = 0.968",0.353000000000065,1,0.353000000000065,61
"vary_k",10000,60,19,"SVP Gaussian / none / c = 0.968",0.351999999999862,1,0.351999999999862,61
"vary_k",10000,60,20,"SVP Gaussian / none / c = 0.968",0.353000000000065,1,0.353000000000065,61
"vary_k",10000,60,21,"SVP Gaussian / none / c = 0.968",0.351999999999862,1,0.351999999999862,61
"vary_k",10000,60,22,"SVP Gaussian / none / c = 0.968",0.353000000000065,1,0.353000000000065,61
"vary_k",10000,60,23,"SVP Gaussian / none / c = 0.968",0.351000000000113,1,0.351000000000113,61
"vary_k",10000,60,24,"SVP Gaussian / none / c = 0.968",0.351999999999862,1,0.351999999999862,61
"vary_k",10000,60,25,"SVP Gaussian / none / c = 0.968",0.352000000000317,1,0.352000000000317,61
"vary_k",10000,60,26,"SVP Gaussian / none / c = 0.968",0.353000000000065,1,0.353000000000065,61
"vary_k",10000,60,27,"SVP Gaussian / none / c = 0.968",0.351000000000113,1,0.351000000000113,61
"vary_k",10000,60,28,"SVP Gaussian / none / c = 0.968",0.353999999999814,1,0.353999999999814,61
"vary_k",10000,60,29,"SVP Gaussian / none / c = 0.968",0.351999999999862,1,0.351999999999862,61
"vary_k",10000,60,30,"SVP Gaussian / none / c = 0.968",0.353000000000065,1,0.353000000000065,61
"vary_k",10000,60,31,"SVP Gaussian / none / c = 0.968",0.353000000000065,1,0.353000000000065,61
"vary_k",10000,60,32,"SVP Gaussian / none / c = 0.968",0.355000000000018,1,0.355000000000018,61
"vary_k",10000,60,33,"SVP Gaussian / none / c = 0.968",0.351999999999862,1,0.351999999999862,61
"vary_k",10000,60,34,"SVP Gaussian / none / c = 0.968",0.351999999999862,1,0.351999999999862,62
"vary_k",10000,60,35,"SVP Gaussian / none / c = 0.968",0.352999999999611,1,0.352999999999611,61
"vary_k",10000,60,36,"SVP Gaussian / none / c = 0.968",0.351999999999862,1,0.351999999999862,61
"vary_k",10000,60,37,"SVP Gaussian / none / c = 0.968",0.351999999999862,1,0.351999999999862,61
"vary_k",10000,60,38,"SVP Gaussian / none / c = 0.968",0.355000000000018,1,0.355000000000018,61
"vary_k",10000,60,39,"SVP Gaussian / none / c = 0.968",0.351999999999862,1,0.351999999999862,61
"vary_k",10000,60,40,"SVP Gaussian / none / c = 0.968",0.354000000000269,1,0.354000000000269,61
"vary_k",10000,60,41,"SVP Gaussian / none / c = 0.968",0.351000000000113,1,0.351000000000113,61
"vary_k",10000,60,42,"SVP Gaussian / none / c = 0.968",0.353000000000065,1,0.353000000000065,61
"vary_k",10000,60,43,"SVP Gaussian / none / c = 0.968",0.353000000000065,1,0.353000000000065,61
"vary_k",10000,60,44,"SVP Gaussian / none / c = 0.968",0.353000000000065,1,0.353000000000065,61
"vary_k",10000,60,45,"SVP Gaussian / none / c = 0.968",0.351999999999862,1,0.351999999999862,61
"vary_k",10000,60,46,"SVP Gaussian / none / c = 0.968",0.351999999999862,1,0.351999999999862,61
"vary_k",10000,60,47,"SVP Gaussian / none / c = 0.968",0.351000000000113,1,0.351000000000113,61
"vary_k",10000,60,48,"SVP Gaussian / none / c = 0.968",0.354000000000269,1,0.354000000000269,61
"vary_k",10000,61,13,"SVP Gaussian / none / c = 0.968",0.353999999999814,1,0.353999999999814,62
"vary_k",10000,61,14,"SVP Gaussian / none / c = 0.968",0.353000000000065,1,0.353000000000065,63
"vary_k",10000,61,15,"SVP Gaussian / none / c = 0.968",0.352000000000317,1,0.352000000000317,62
"vary_k",10000,61,16,"SVP Gaussian / none / c = 0.968",0.353999999999814,1,0.353999999999814,62
"vary_k",10000,61,17,"SVP Gaussian / none / c = 0.968",0.350999999999658,1,0.350999999999658,62
"vary_k",10000,61,18,"SVP Gaussian / none / c = 0.968",0.351999999999862,1,0.351999999999862,62
"vary_k",10000,61,19,"SVP Gaussian / none / c = 0.968",0.352000000000317,1,0.352000000000317,62
"vary_k",10000,61,20,"SVP Gaussian / none / c = 0.968",0.352000000000317,1,0.352000000000317,62
"vary_k",10000,61,21,"SVP Gaussian / none / c = 0.968",0.351999999999862,1,0.351999999999862,62
"vary_k",10000,61,22,"SVP Gaussian / none / c = 0.968",0.353000000000065,1,0.353000000000065,62
"vary_k",10000,61,23,"SVP Gaussian / none / c = 0.968",0.351999999999862,1,0.351999999999862,63
"vary_k",10000,61,24,"SVP Gaussian / none / c = 0.968",0.354000000000269,1,0.354000000000269,62
"vary_k",10000,61,25,"SVP Gaussian / none / c = 0.968",0.351999999999862,1,0.351999999999862,62
"vary_k",10000,61,26,"SVP Gaussian / none / c = 0.968",0.351999999999862,1,0.351999999999862,62
"vary_k",10000,61,27,"SVP Gaussian / none / c = 0.968",0.352000000000317,1,0.352000000000317,62
"vary_k",10000,61,28,"SVP Gaussian / none / c = 0.968",0.351999999999862,1,0.351999999999862,62
"vary_k",10000,61,29,"SVP Gaussian / none / c = 0.968",0.352000000000317,1,0.352000000000317,62
"vary_k",10000,61,30,"SVP Gaussian / none / c = 0.968",0.351999999999862,1,0.351999999999862,62
"vary_k",10000,61,31,"SVP Gaussian / none / c = 0.968",0.352000000000317,1,0.352000000000317,62
"vary_k",10000,61,32,"SVP Gaussian / none / c = 0.968",0.353000000000065,1,0.353000000000065,62
"vary_k",10000,61,33,"SVP Gaussian / none / c = 0.968",0.353000000000065,1,0.353000000000065,62
"vary_k",10000,61,34,"SVP Gaussian / none / c = 0.968",0.351999999999862,1,0.351999999999862,62
"vary_k",10000,61,35,"SVP Gaussian / none / c = 0.968",0.352999999999611,1,0.352999999999611,62
"vary_k",10000,61,36,"SVP Gaussian / none / c = 0.968",0.352999999999611,1,0.352999999999611,62
"vary_k",10000,61,37,"SVP Gaussian / none / c = 0.968",0.353999999999814,1,0.353999999999814,62
"vary_k",10000,61,38,"SVP Gaussian / none / c = 0.968",0.352000000000317,1,0.352000000000317,62
"vary_k",10000,61,39,"SVP Gaussian / none / c = 0.968",0.353000000000065,1,0.353000000000065,62
"vary_k",10000,61,40,"SVP Gaussian / none / c = 0.968",0.352000000000317,1,0.352000000000317,62
"vary_k",10000,61,41,"SVP Gaussian / none / c = 0.968",0.355999999999767,1,0.355999999999767,62
"vary_k",10000,61,42,"SVP Gaussian / none / c = 0.968",0.350999999999658,1,0.350999999999658,62
"vary_k",10000,61,43,"SVP Gaussian / none / c = 0.968",0.353999999999814,1,0.353999999999814,62
"vary_k",10000,61,44,"SVP Gaussian / none / c = 0.968",0.351999999999862,1,0.351999999999862,62
"vary_k",10000,61,45,"SVP Gaussian / none / c = 0.968",0.351999999999862,1,0.351999999999862,63
"vary_k",10000,61,46,"SVP Gaussian / none / c = 0.968",0.352000000000317,1,0.352000000000317,62
"vary_k",10000,61,47,"SVP Gaussian / none / c = 0.968",0.350999999999658,1,0.350999999999658,62
"vary_k",10000,61,48,"SVP Gaussian / none / c = 0.968",0.354000000000269,1,0.354000000000269,62
"vary_k",10000,62,13,"SVP Gaussian / none / c = 0.968",0.353999999999814,1,0.353999999999814,63
"vary_k",10000,62,14,"SVP Gaussian / none / c = 0.968",0.355000000000018,1,0.355000000000018,63
"vary_k",10000,62,15,"SVP Gaussian / none / c = 0.968",0.353000000000065,1,0.353000000000065,63
"vary_k",10000,62,16,"SVP Gaussian / none / c = 0.968",0.355000000000018,1,0.355000000000018,63
"vary_k",10000,62,17,"SVP Gaussian / none / c = 0.968",0.351999999999862,1,0.351999999999862,63
"vary_k",10000,62,18,"SVP Gaussian / none / c = 0.968",0.355000000000018,1,0.355000000000018,63
"vary_k",10000,62,19,"SVP Gaussian / none / c = 0.968",0.352999999999611,1,0.352999999999611,63
"vary_k",10000,62,20,"SVP Gaussian / none / c = 0.968",0.353000000000065,1,0.353000000000065,63
"vary_k",10000,62,21,"SVP Gaussian / none / c = 0.968",0.353000000000065,1,0.353000000000065,63
"vary_k",10000,62,22,"SVP Gaussian / none / c = 0.968",0.353999999999814,1,0.353999999999814,63
"vary_k",10000,62,23,"SVP Gaussian / none / c = 0.968",0.356000000000222,1,0.356000000000222,63
"vary_k",10000,62,24,"SVP Gaussian / none / c = 0.968",0.356999999999971,1,0.356999999999971,63
"vary_k",10000,62,25,"SVP Gaussian / none / c = 0.968",0.354000000000269,1,0.354000000000269,63
"vary_k",10000,62,26,"SVP Gaussian / none / c = 0.968",0.353000000000065,1,0.353000000000065,63
"vary_k",10000,62,27,"SVP Gaussian / none / c = 0.968",0.353000000000065,1,0.353000000000065,63
"vary_k",10000,62,28,"SVP Gaussian / none / c = 0.968",0.353999999999814,1,0.353999999999814,63
"vary_k",10000,62,29,"SVP Gaussian / none / c = 0.968",0.355000000000018,1,0.355000000000018,63
"vary_k",10000,62,30,"SVP Gaussian / none / c = 0.968",0.353000000000065,1,0.353000000000065,63
"vary_k",10000,62,31,"SVP Gaussian / none / c = 0.968",0.354000000000269,1,0.354000000000269,63
"vary_k",10000,62,32,"SVP Gaussian / none / c = 0.968",0.355000000000018,1,0.355000000000018,63
"vary_k",10000,62,33,"SVP Gaussian / none / c = 0.968",0.353000000000065,1,0.353000000000065,63
"vary_k",10000,62,34,"SVP Gaussian / none / c = 0.968",0.352999999999611,1,0.352999999999611,63
"vary_k",10000,62,35,"SVP Gaussian / none / c = 0.968",0.352000000000317,1,0.352000000000317,63
"vary_k",10000,62,36,"SVP Gaussian / none / c = 0.968",0.353999999999814,1,0.353999999999814,63
"vary_k",10000,62,37,"SVP Gaussian / none / c = 0.968",0.353000000000065,1,0.353000000000065,63
"vary_k",10000,62,38,"SVP Gaussian / none / c = 0.968",0.355000000000018,1,0.355000000000018,63
"vary_k",10000,62,39,"SVP Gaussian / none / c = 0.968",0.351999999999862,1,0.351999999999862,63
"vary_k",10000,62,40,"SVP Gaussian / none / c = 0.968",0.355000000000018,1,0.355000000000018,63
"vary_k",10000,62,41,"SVP Gaussian / none / c = 0.968",0.355000000000018,1,0.355000000000018,63
"vary_k",10000,62,42,"SVP Gaussian / none / c = 0.968",0.353999999999814,1,0.353999999999814,63
"vary_k",10000,62,43,"SVP Gaussian / none / c = 0.968",0.353000000000065,1,0.353000000000065,63
"vary_k",10000,62,44,"SVP Gaussian / none / c = 0.968",0.355000000000018,1,0.355000000000018,63
"vary_k",10000,62,45,"SVP Gaussian / none / c = 0.968",0.353000000000065,1,0.353000000000065,63
"vary_k",10000,62,46,"SVP Gaussian / none / c = 0.968",0.353000000000065,1,0.353000000000065,63
"vary_k",10000,62,47,"SVP Gaussian / none / c = 0.968",0.351999999999862,1,0.351999999999862,63
"vary_k",10000,62,48,"SVP Gaussian / none / c = 0.968",0.352999999999611,1,0.352999999999611,63
"vary_k",10000,63,13,"SVP Gaussian / none / c = 0.968",0.355999999999767,1,0.355999999999767,64
"vary_k",10000,63,14,"SVP Gaussian / none / c = 0.968",0.354000000000269,1,0.354000000000269,64
"vary_k",10000,63,15,"SVP Gaussian / none / c = 0.968",0.353999999999814,1,0.353999999999814,64
"vary_k",10000,63,16,"SVP Gaussian / none / c = 0.968",0.353000000000065,1,0.353000000000065,64
"vary_k",10000,63,17,"SVP Gaussian / none / c = 0.968",0.353000000000065,1,0.353000000000065,64
"vary_k",10000,63,18,"SVP Gaussian / none / c = 0.968",0.356999999999971,1,0.356999999999971,64
"vary_k",10000,63,19,"SVP Gaussian / none / c = 0.968",0.355000000000018,1,0.355000000000018,64
"vary_k",10000,63,20,"SVP Gaussian / none / c = 0.968",0.353000000000065,1,0.353000000000065,64
"vary_k",10000,63,21,"SVP Gaussian / none / c = 0.968",0.356999999999971,1,0.356999999999971,64
"vary_k",10000,63,22,"SVP Gaussian / none / c = 0.968",0.355000000000018,1,0.355000000000018,64
"vary_k",10000,63,23,"SVP Gaussian / none / c = 0.968",0.353999999999814,1,0.353999999999814,64
"vary_k",10000,63,24,"SVP Gaussian / none / c = 0.968",0.353999999999814,1,0.353999999999814,64
"vary_k",10000,63,25,"SVP Gaussian / none / c = 0.968",0.353000000000065,1,0.353000000000065,64
"vary_k",10000,63,26,"SVP Gaussian / none / c = 0.968",0.353000000000065,1,0.353000000000065,64
"vary_k",10000,63,27,"SVP Gaussian / none / c = 0.968",0.353000000000065,1,0.353000000000065,64
"vary_k",10000,63,28,"SVP Gaussian / none / c = 0.968",0.352999999999611,1,0.352999999999611,64
"vary_k",10000,63,29,"SVP Gaussian / none / c = 0.968",0.352999999999611,1,0.352999999999611,64
"vary_k",10000,63,30,"SVP Gaussian / none / c = 0.968",0.353999999999814,1,0.353999999999814,64
"vary_k",10000,63,31,"SVP Gaussian / none / c = 0.968",0.354000000000269,1,0.354000000000269,64
"vary_k",10000,63,32,"SVP Gaussian / none / c = 0.968",0.353000000000065,1,0.353000000000065,64
"vary_k",10000,63,33,"SVP Gaussian / none / c = 0.968",0.355000000000018,1,0.355000000000018,66
"vary_k",10000,63,34,"SVP Gaussian / none / c = 0.968",0.353000000000065,1,0.353000000000065,64
"vary_k",10000,63,35,"SVP Gaussian / none / c = 0.968",0.353000000000065,1,0.353000000000065,64
"vary_k",10000,63,36,"SVP Gaussian / none / c = 0.968",0.353000000000065,1,0.353000000000065,64
"vary_k",10000,63,37,"SVP Gaussian / none / c = 0.968",0.353999999999814,1,0.353999999999814,65
"vary_k",10000,63,38,"SVP Gaussian / none / c = 0.968",0.353000000000065,1,0.353000000000065,65
"vary_k",10000,63,39,"SVP Gaussian / none / c = 0.968",0.354000000000269,1,0.354000000000269,64
"vary_k",10000,63,40,"SVP Gaussian / none / c = 0.968",0.353000000000065,1,0.353000000000065,64
"vary_k",10000,63,41,"SVP Gaussian / none / c = 0.968",0.353000000000065,1,0.353000000000065,64
"vary_k",10000,63,42,"SVP Gaussian / none / c = 0.968",0.353000000000065,1,0.353000000000065,64
"vary_k",10000,63,43,"SVP Gaussian / none / c = 0.968",0.351999999999862,1,0.351999999999862,64
"vary_k",10000,63,44,"SVP Gaussian / none / c = 0.968",0.353000000000065,1,0.353000000000065,64
"vary_k",10000,63,45,"SVP Gaussian / none / c = 0.968",0.354000000000269,1,0.354000000000269,64
"vary_k",10000,63,46,"SVP Gaussian / none / c = 0.968",0.353000000000065,1,0.353000000000065,64
"vary_k",10000,63,47,"SVP Gaussian / none / c = 0.968",0.353000000000065,1,0.353000000000065,64
"vary_k",10000,63,48,"SVP Gaussian / none / c = 0.968",0.353999999999814,1,0.353999999999814,64
"vary_k",10000,64,13,"SVP Gaussian / none / c = 0.968",0.355000000000018,1,0.355000000000018,66
"vary_k",10000,64,14,"SVP Gaussian / none / c = 0.968",0.353999999999814,1,0.353999999999814,65
"vary_k",10000,64,15,"SVP Gaussian / none / c = 0.968",0.353000000000065,1,0.353000000000065,65
"vary_k",10000,64,16,"SVP Gaussian / none / c = 0.968",0.352000000000317,1,0.352000000000317,65
"vary_k",10000,64,17,"SVP Gaussian / none / c = 0.968",0.353999999999814,1,0.353999999999814,65
"vary_k",10000,64,18,"SVP Gaussian / none / c = 0.968",0.354000000000269,1,0.354000000000269,65
"vary_k",10000,64,19,"SVP Gaussian / none / c = 0.968",0.354000000000269,1,0.354000000000269,65
"vary_k",10000,64,20,"SVP Gaussian / none / c = 0.968",0.353999999999814,1,0.353999999999814,65
"vary_k",10000,64,21,"SVP Gaussian / none / c = 0.968",0.353999999999814,1,0.353999999999814,65
"vary_k",10000,64,22,"SVP Gaussian / none / c = 0.968",0.355000000000018,1,0.355000000000018,66
"vary_k",10000,64,23,"SVP Gaussian / none / c = 0.968",0.353000000000065,1,0.353000000000065,65
"vary_k",10000,64,24,"SVP Gaussian / none / c = 0.968",0.355000000000018,1,0.355000000000018,65
"vary_k",10000,64,25,"SVP Gaussian / none / c = 0.968",0.355999999999767,1,0.355999999999767,66
"vary_k",10000,64,26,"SVP Gaussian / none / c = 0.968",0.353000000000065,1,0.353000000000065,65
"vary_k",10000,64,27,"SVP Gaussian / none / c = 0.968",0.352999999999611,1,0.352999999999611,66
"vary_k",10000,64,28,"SVP Gaussian / none / c = 0.968",0.351999999999862,1,0.351999999999862,65
"vary_k",10000,64,29,"SVP Gaussian / none / c = 0.968",0.353000000000065,1,0.353000000000065,65
"vary_k",10000,64,30,"SVP Gaussian / none / c = 0.968",0.354000000000269,1,0.354000000000269,65
"vary_k",10000,64,31,"SVP Gaussian / none / c = 0.968",0.353999999999814,1,0.353999999999814,65
"vary_k",10000,64,32,"SVP Gaussian / none / c = 0.968",0.353000000000065,1,0.353000000000065,65
"vary_k",10000,64,33,"SVP Gaussian / none / c = 0.968",0.354000000000269,1,0.354000000000269,65
"vary_k",10000,64,34,"SVP Gaussian / none / c = 0.968",0.356999999999971,1,0.356999999999971,65
"vary_k",10000,64,35,"SVP Gaussian / none / c = 0.968",0.355000000000018,1,0.355000000000018,65
"vary_k",10000,64,36,"SVP Gaussian / none / c = 0.968",0.353000000000065,1,0.353000000000065,65
"vary_k",10000,64,37,"SVP Gaussian / none / c = 0.968",0.355000000000018,1,0.355000000000018,65
"vary_k",10000,64,38,"SVP Gaussian / none / c = 0.968",0.352999999999611,1,0.352999999999611,65
"vary_k",10000,64,39,"SVP Gaussian / none / c = 0.968",0.355000000000018,1,0.355000000000018,65
"vary_k",10000,64,40,"SVP Gaussian / none / c = 0.968",0.353999999999814,1,0.353999999999814,65
"vary_k",10000,64,41,"SVP Gaussian / none / c = 0.968",0.354000000000269,1,0.354000000000269,65
"vary_k",10000,64,42,"SVP Gaussian / none / c = 0.968",0.355000000000018,1,0.355000000000018,65
"vary_k",10000,64,43,"SVP Gaussian / none / c = 0.968",0.354000000000269,1,0.354000000000269,66
"vary_k",10000,64,44,"SVP Gaussian / none / c = 0.968",0.354000000000269,1,0.354000000000269,66
"vary_k",10000,64,45,"SVP Gaussian / none / c = 0.968",0.353999999999814,1,0.353999999999814,65
"vary_k",10000,64,46,"SVP Gaussian / none / c = 0.968",0.353000000000065,1,0.353000000000065,65
"vary_k",10000,64,47,"SVP Gaussian / none / c = 0.968",0.353999999999814,1,0.353999999999814,65
"vary_k",10000,64,48,"SVP Gaussian / none / c = 0.968",0.353000000000065,1,0.353000000000065,65
"vary_k",10000,65,13,"SVP Gaussian / none / c = 0.968",0.355000000000018,1,0.355000000000018,66
"vary_k",10000,65,14,"SVP Gaussian / none / c = 0.968",0.353999999999814,1,0.353999999999814,66
"vary_k",10000,65,15,"SVP Gaussian / none / c = 0.968",0.353000000000065,1,0.353000000000065,66
"vary_k",10000,65,16,"SVP Gaussian / none / c = 0.968",0.353000000000065,1,0.353000000000065,66
"vary_k",10000,65,17,"SVP Gaussian / none / c = 0.968",0.353000000000065,1,0.353000000000065,66
"vary_k",10000,65,18,"SVP Gaussian / none / c = 0.968",0.354000000000269,1,0.354000000000269,66
"vary_k",10000,65,19,"SVP Gaussian / none / c = 0.968",0.355000000000018,1,0.355000000000018,67
"vary_k",10000,65,20,"SVP Gaussian / none / c = 0.968",0.354000000000269,1,0.354000000000269,66
"vary_k",10000,65,21,"SVP Gaussian / none / c = 0.968",0.353999999999814,1,0.353999999999814,66
"vary_k",10000,65,22,"SVP Gaussian / none / c = 0.968",0.353000000000065,1,0.353000000000065,66
"vary_k",10000,65,23,"SVP Gaussian / none / c = 0.968",0.353999999999814,1,0.353999999999814,66
"vary_k",10000,65,24,"SVP Gaussian / none / c = 0.968",0.354000000000269,1,0.354000000000269,66
"vary_k",10000,65,25,"SVP Gaussian / none / c = 0.968",0.355000000000018,1,0.355000000000018,66
"vary_k",10000,65,26,"SVP Gaussian / none / c = 0.968",0.353000000000065,1,0.353000000000065,66
"vary_k",10000,65,27,"SVP Gaussian / none / c = 0.968",0.353000000000065,1,0.353000000000065,66
"vary_k",10000,65,28,"SVP Gaussian / none / c = 0.968",0.354000000000269,1,0.354000000000269,66
"vary_k",10000,65,29,"SVP Gaussian / none / c = 0.968",0.353000000000065,1,0.353000000000065,66
"vary_k",10000,65,30,"SVP Gaussian / none / c = 0.968",0.353000000000065,1,0.353000000000065,66
"vary_k",10000,65,31,"SVP Gaussian / none / c = 0.968",0.354000000000269,1,0.354000000000269,66
"vary_k",10000,65,32,"SVP Gaussian / none / c = 0.968",0.354000000000269,1,0.354000000000269,66
"vary_k",10000,65,33,"SVP Gaussian / none / c = 0.968",0.353000000000065,1,0.353000000000065,66
"vary_k",10000,65,34,"SVP Gaussian / none / c = 0.968",0.355000000000018,1,0.355000000000018,66
"vary_k",10000,65,35,"SVP Gaussian / none / c = 0.968",0.352999999999611,1,0.352999999999611,66
"vary_k",10000,65,36,"SVP Gaussian / none / c = 0.968",0.353000000000065,1,0.353000000000065,66
"vary_k",10000,65,37,"SVP Gaussian / none / c = 0.968",0.355000000000018,1,0.355000000000018,66
"vary_k",10000,65,38,"SVP Gaussian / none / c = 0.968",0.352999999999611,1,0.352999999999611,66
"vary_k",10000,65,39,"SVP Gaussian / none / c = 0.968",0.355000000000018,1,0.355000000000018,66
"vary_k",10000,65,40,"SVP Gaussian / none / c = 0.968",0.355000000000018,1,0.355000000000018,66
"vary_k",10000,65,41,"SVP Gaussian / none / c = 0.968",0.353000000000065,1,0.353000000000065,66
"vary_k",10000,65,42,"SVP Gaussian / none / c = 0.968",0.353999999999814,1,0.353999999999814,66
"vary_k",10000,65,43,"SVP Gaussian / none / c = 0.968",0.353000000000065,1,0.353000000000065,66
"vary_k",10000,65,44,"SVP Gaussian / none / c = 0.968",0.354000000000269,1,0.354000000000269,66
"vary_k",10000,65,45,"SVP Gaussian / none / c = 0.968",0.353000000000065,1,0.353000000000065,67
"vary_k",10000,65,46,"SVP Gaussian / none / c = 0.968",0.353999999999814,1,0.353999999999814,66
"vary_k",10000,65,47,"SVP Gaussian / none / c = 0.968",0.353000000000065,1,0.353000000000065,66
"vary_k",10000,65,48,"SVP Gaussian / none / c = 0.968",0.356000000000222,1,0.356000000000222,66
"vary_k",10000,66,13,"SVP Gaussian / none / c = 0.968",0.353000000000065,1,0.353000000000065,67
"vary_k",10000,66,14,"SVP Gaussian / none / c = 0.968",0.358999999999924,1,0.358999999999924,67
"vary_k",10000,66,15,"SVP Gaussian / none / c = 0.968",0.353999999999814,1,0.353999999999814,67
"vary_k",10000,66,16,"SVP Gaussian / none / c = 0.968",0.353000000000065,1,0.353000000000065,67
"vary_k",10000,66,17,"SVP Gaussian / none / c = 0.968",0.353000000000065,1,0.353000000000065,67
"vary_k",10000,66,18,"SVP Gaussian / none / c = 0.968",0.354000000000269,1,0.354000000000269,67
"vary_k",10000,66,19,"SVP Gaussian / none / c = 0.968",0.353000000000065,1,0.353000000000065,67
"vary_k",10000,66,20,"SVP Gaussian / none / c = 0.968",0.355000000000018,1,0.355000000000018,67
"vary_k",10000,66,21,"SVP Gaussian / none / c = 0.968",0.354000000000269,1,0.354000000000269,67
"vary_k",10000,66,22,"SVP Gaussian / none / c = 0.968",0.354000000000269,1,0.354000000000269,67
"vary_k",10000,66,23,"SVP Gaussian / none / c = 0.968",0.355000000000018,1,0.355000000000018,67
"vary_k",10000,66,24,"SVP Gaussian / none / c = 0.968",0.355000000000018,1,0.355000000000018,67
"vary_k",10000,66,25,"SVP Gaussian / none / c = 0.968",0.353000000000065,1,0.353000000000065,68
"vary_k",10000,66,26,"SVP Gaussian / none / c = 0.968",0.354000000000269,1,0.354000000000269,67
"vary_k",10000,66,27,"SVP Gaussian / none / c = 0.968",0.351999999999862,1,0.351999999999862,67
"vary_k",10000,66,28,"SVP Gaussian / none / c = 0.968",0.353000000000065,1,0.353000000000065,67
"vary_k",10000,66,29,"SVP Gaussian / none / c = 0.968",0.353000000000065,1,0.353000000000065,67
"vary_k",10000,66,30,"SVP Gaussian / none / c = 0.968",0.35799999999972,1,0.35799999999972,67
"vary_k",10000,66,31,"SVP Gaussian / none / c = 0.968",0.353999999999814,1,0.353999999999814,67
"vary_k",10000,66,32,"SVP Gaussian / none / c = 0.968",0.354000000000269,1,0.354000000000269,67
"vary_k",10000,66,33,"SVP Gaussian / none / c = 0.968",0.353999999999814,1,0.353999999999814,67
"vary_k",10000,66,34,"SVP Gaussian / none / c = 0.968",0.354000000000269,1,0.354000000000269,67
"vary_k",10000,66,35,"SVP Gaussian / none / c = 0.968",0.353000000000065,1,0.353000000000065,67
"vary_k",10000,66,36,"SVP Gaussian / none / c = 0.968",0.355999999999767,1,0.355999999999767,67
"vary_k",10000,66,37,"SVP Gaussian / none / c = 0.968",0.353999999999814,1,0.353999999999814,67
"vary_k",10000,66,38,"SVP Gaussian / none / c = 0.968",0.354000000000269,1,0.354000000000269,67
"vary_k",10000,66,39,"SVP Gaussian / none / c = 0.968",0.354000000000269,1,0.354000000000269,67
"vary_k",10000,66,40,"SVP Gaussian / none / c = 0.968",0.356999999999971,1,0.356999999999971,67
"vary_k",10000,66,41,"SVP Gaussian / none / c = 0.968",0.354000000000269,1,0.354000000000269,67
"vary_k",10000,66,42,"SVP Gaussian / none / c = 0.968",0.355000000000018,1,0.355000000000018,67
"vary_k",10000,66,43,"SVP Gaussian / none / c = 0.968",0.354000000000269,1,0.354000000000269,67
"vary_k",10000,66,44,"SVP Gaussian / none / c = 0.968",0.356999999999971,1,0.356999999999971,67
"vary_k",10000,66,45,"SVP Gaussian / none / c = 0.968",0.353000000000065,1,0.353000000000065,67
"vary_k",10000,66,46,"SVP Gaussian / none / c = 0.968",0.360000000000127,1,0.360000000000127,67
"vary_k",10000,66,47,"SVP Gaussian / none / c = 0.968",0.355000000000018,1,0.355000000000018,67
"vary_k",10000,66,48,"SVP Gaussian / none / c = 0.968",0.354000000000269,1,0.354000000000269,67
"vary_k",10000,67,13,"SVP Gaussian / none / c = 0.968",0.356000000000222,1,0.356000000000222,68
"vary_k",10000,67,14,"SVP Gaussian / none / c = 0.968",0.354000000000269,1,0.354000000000269,69
"vary_k",10000,67,15,"SVP Gaussian / none / c = 0.968",0.353999999999814,1,0.353999999999814,68
"vary_k",10000,67,16,"SVP Gaussian / none / c = 0.968",0.353999999999814,1,0.353999999999814,68
"vary_k",10000,67,17,"SVP Gaussian / none / c = 0.968",0.353000000000065,1,0.353000000000065,68
"vary_k",10000,67,18,"SVP Gaussian / none / c = 0.968",0.355000000000018,1,0.355000000000018,68
"vary_k",10000,67,19,"SVP Gaussian / none / c = 0.968",0.353999999999814,1,0.353999999999814,68
"vary_k",10000,67,20,"SVP Gaussian / none / c = 0.968",0.355000000000018,1,0.355000000000018,68
"vary_k",10000,67,21,"SVP Gaussian / none / c = 0.968",0.356000000000222,1,0.356000000000222,68
"vary_k",10000,67,22,"SVP Gaussian / none / c = 0.968",0.355000000000018,1,0.355000000000018,68
"vary_k",10000,67,23,"SVP Gaussian / none / c = 0.968",0.356000000000222,1,0.356000000000222,68
"vary_k",10000,67,24,"SVP Gaussian / none / c = 0.968",0.355000000000018,1,0.355000000000018,68
"vary_k",10000,67,25,"SVP Gaussian / none / c = 0.968",0.353000000000065,1,0.353000000000065,68
"vary_k",10000,67,26,"SVP Gaussian / none / c = 0.968",0.353000000000065,1,0.353000000000065,68
"vary_k",10000,67,27,"SVP Gaussian / none / c = 0.968",0.354000000000269,1,0.354000000000269,69
"vary_k",10000,67,28,"SVP Gaussian / none / c = 0.968",0.353999999999814,1,0.353999999999814,68
"vary_k",10000,67,29,"SVP Gaussian / none / c = 0.968",0.353000000000065,1,0.353000000000065,68
"vary_k",10000,67,30,"SVP Gaussian / none / c = 0.968",0.356000000000222,1,0.356000000000222,69
"vary_k",10000,67,31,"SVP Gaussian / none / c = 0.968",0.353999999999814,1,0.353999999999814,68
"vary_k",10000,67,32,"SVP Gaussian / none / c = 0.968",0.355000000000018,1,0.355000000000018,68
"vary_k",10000,67,33,"SVP Gaussian / none / c = 0.968",0.353000000000065,1,0.353000000000065,68
"vary_k",10000,67,34,"SVP Gaussian / none / c = 0.968",0.355000000000018,1,0.355000000000018,68
"vary_k",10000,67,35,"SVP Gaussian / none / c = 0.968",0.353999999999814,1,0.353999999999814,68
"vary_k",10000,67,36,"SVP Gaussian / none / c = 0.968",0.355000000000018,1,0.355000000000018,68
"vary_k",10000,67,37,"SVP Gaussian / none / c = 0.968",0.354000000000269,1,0.354000000000269,68
"vary_k",10000,67,38,"SVP Gaussian / none / c = 0.968",0.355000000000018,1,0.355000000000018,68
"vary_k",10000,67,39,"SVP Gaussian / none / c = 0.968",0.353999999999814,1,0.353999999999814,68
"vary_k",10000,67,40,"SVP Gaussian / none / c = 0.968",0.353000000000065,1,0.353000000000065,68
"vary_k",10000,67,41,"SVP Gaussian / none / c = 0.968",0.355000000000018,1,0.355000000000018,68
"vary_k",10000,67,42,"SVP Gaussian / none / c = 0.968",0.355999999999767,1,0.355999999999767,68
"vary_k",10000,67,43,"SVP Gaussian / none / c = 0.968",0.355000000000018,1,0.355000000000018,68
"vary_k",10000,67,44,"SVP Gaussian / none / c = 0.968",0.352999999999611,1,0.352999999999611,68
"vary_k",10000,67,45,"SVP Gaussian / none / c = 0.968",0.353000000000065,1,0.353000000000065,69
"vary_k",10000,67,46,"SVP Gaussian / none / c = 0.968",0.353999999999814,1,0.353999999999814,68
"vary_k",10000,67,47,"SVP Gaussian / none / c = 0.968",0.354000000000269,1,0.354000000000269,69
"vary_k",10000,67,48,"SVP Gaussian / none / c = 0.968",0.355000000000018,1,0.355000000000018,68
"vary_k",10000,68,13,"SVP Gaussian / none / c = 0.968",0.356000000000222,1,0.356000000000222,69
"vary_k",10000,68,14,"SVP Gaussian / none / c = 0.968",0.355999999999767,1,0.355999999999767,69
"vary_k",10000,68,15,"SVP Gaussian / none / c = 0.968",0.353999999999814,1,0.353999999999814,70
"vary_k",10000,68,16,"SVP Gaussian / none / c = 0.968",0.356999999999971,1,0.356999999999971,69
"vary_k",10000,68,17,"SVP Gaussian / none / c = 0.968",0.354000000000269,1,0.354000000000269,69
"vary_k",10000,68,18,"SVP Gaussian / none / c = 0.968",0.355000000000018,1,0.355000000000018,69
"vary_k",10000,68,19,"SVP Gaussian / none / c = 0.968",0.353999999999814,1,0.353999999999814,69
"vary_k",10000,68,20,"SVP Gaussian / none / c = 0.968",0.355000000000018,1,0.355000000000018,69
"vary_k",10000,68,21,"SVP Gaussian / none / c = 0.968",0.355000000000018,1,0.355000000000018,69
"vary_k",10000,68,22,"SVP Gaussian / none / c = 0.968",0.353000000000065,1,0.353000000000065,69
"vary_k",10000,68,23,"SVP Gaussian / none / c = 0.968",0.353999999999814,1,0.353999999999814,69
"vary_k",10000,68,24,"SVP Gaussian / none / c = 0.968",0.353000000000065,1,0.353000000000065,69
"vary_k",10000,68,25,"SVP Gaussian / none / c = 0.968",0.353000000000065,1,0.353000000000065,69
"vary_k",10000,68,26,"SVP Gaussian / none / c = 0.968",0.355999999999767,1,0.355999999999767,69
"vary_k",10000,68,27,"SVP Gaussian / none / c = 0.968",0.353000000000065,1,0.353000000000065,69
"vary_k",10000,68,28,"SVP Gaussian / none / c = 0.968",0.351999999999862,1,0.351999999999862,69
"vary_k",10000,68,29,"SVP Gaussian / none / c = 0.968",0.353999999999814,1,0.353999999999814,69
"vary_k",10000,68,30,"SVP Gaussian / none / c = 0.968",0.355999999999767,1,0.355999999999767,69
"vary_k",10000,68,31,"SVP Gaussian / none / c = 0.968",0.354000000000269,1,0.354000000000269,69
"vary_k",10000,68,32,"SVP Gaussian / none / c = 0.968",0.356000000000222,1,0.356000000000222,69
"vary_k",10000,68,33,"SVP Gaussian / none / c = 0.968",0.355000000000018,1,0.355000000000018,69
"vary_k",10000,68,34,"SVP Gaussian / none / c = 0.968",0.354999999999563,1,0.354999999999563,70
"vary_k",10000,68,35,"SVP Gaussian / none / c = 0.968",0.353999999999814,1,0.353999999999814,69
"vary_k",10000,68,36,"SVP Gaussian / none / c = 0.968",0.355000000000018,1,0.355000000000018,69
"vary_k",10000,68,37,"SVP Gaussian / none / c = 0.968",0.355000000000018,1,0.355000000000018,69
"vary_k",10000,68,38,"SVP Gaussian / none / c = 0.968",0.355000000000018,1,0.355000000000018,69
"vary_k",10000,68,39,"SVP Gaussian / none / c = 0.968",0.354000000000269,1,0.354000000000269,69
"vary_k",10000,68,40,"SVP Gaussian / none / c = 0.968",0.353999999999814,1,0.353999999999814,69
"vary_k",10000,68,41,"SVP Gaussian / none / c = 0.968",0.354000000000269,1,0.354000000000269,69
"vary_k",10000,68,42,"SVP Gaussian / none / c = 0.968",0.356000000000222,1,0.356000000000222,69
"vary_k",10000,68,43,"SVP Gaussian / none / c = 0.968",0.353999999999814,1,0.353999999999814,69
"vary_k",10000,68,44,"SVP Gaussian / none / c = 0.968",0.354000000000269,1,0.354000000000269,69
"vary_k",10000,68,45,"SVP Gaussian / none / c = 0.968",0.360999999999876,1,0.360999999999876,69
"vary_k",10000,68,46,"SVP Gaussian / none / c = 0.968",0.353999999999814,1,0.353999999999814,69
"vary_k",10000,68,47,"SVP Gaussian / none / c = 0.968",0.355000000000018,1,0.355000000000018,69
"vary_k",10000,68,48,"SVP Gaussian / none / c = 0.968",0.355999999999767,1,0.355999999999767,69
"vary_k",10000,69,13,"SVP Gaussian / none / c = 0.968",0.355000000000018,1,0.355000000000018,70
"vary_k",10000,69,14,"SVP Gaussian / none / c = 0.968",0.360000000000127,1,0.360000000000127,70
"vary_k",10000,69,15,"SVP Gaussian / none / c = 0.968",0.355999999999767,1,0.355999999999767,70
"vary_k",10000,69,16,"SVP Gaussian / none / c = 0.968",0.356999999999971,1,0.356999999999971,70
"vary_k",10000,69,17,"SVP Gaussian / none / c = 0.968",0.353999999999814,1,0.353999999999814,70
"vary_k",10000,69,18,"SVP Gaussian / none / c = 0.968",0.355000000000018,1,0.355000000000018,70
"vary_k",10000,69,19,"SVP Gaussian / none / c = 0.968",0.355000000000018,1,0.355000000000018,70
"vary_k",10000,69,20,"SVP Gaussian / none / c = 0.968",0.356000000000222,1,0.356000000000222,70
"vary_k",10000,69,21,"SVP Gaussian / none / c = 0.968",0.355000000000018,1,0.355000000000018,71
"vary_k",10000,69,22,"SVP Gaussian / none / c = 0.968",0.355999999999767,1,0.355999999999767,70
"vary_k",10000,69,23,"SVP Gaussian / none / c = 0.968",0.358000000000175,1,0.358000000000175,70
"vary_k",10000,69,24,"SVP Gaussian / none / c = 0.968",0.354000000000269,1,0.354000000000269,70
"vary_k",10000,69,25,"SVP Gaussian / none / c = 0.968",0.355000000000018,1,0.355000000000018,70
"vary_k",10000,69,26,"SVP Gaussian / none / c = 0.968",0.355000000000018,1,0.355000000000018,70
"vary_k",10000,69,27,"SVP Gaussian / none / c = 0.968",0.353000000000065,1,0.353000000000065,70
"vary_k",10000,69,28,"SVP Gaussian / none / c = 0.968",0.353000000000065,1,0.353000000000065,70
"vary_k",10000,69,29,"SVP Gaussian / none / c = 0.968",0.356999999999971,1,0.356999999999971,70
"vary_k",10000,69,30,"SVP Gaussian / none / c = 0.968",0.391999999999825,1,0.391999999999825,70
"vary_k",10000,69,31,"SVP Gaussian / none / c = 0.968",0.356000000000222,1,0.356000000000222,70
"vary_k",10000,69,32,"SVP Gaussian / none / c = 0.968",0.355000000000018,1,0.355000000000018,70
"vary_k",10000,69,33,"SVP Gaussian / none / c = 0.968",0.356000000000222,1,0.356000000000222,70
"vary_k",10000,69,34,"SVP Gaussian / none / c = 0.968",0.353999999999814,1,0.353999999999814,70
"vary_k",10000,69,35,"SVP Gaussian / none / c = 0.968",0.356000000000222,1,0.356000000000222,70
"vary_k",10000,69,36,"SVP Gaussian / none / c = 0.968",0.355999999999767,1,0.355999999999767,70
"vary_k",10000,69,37,"SVP Gaussian / none / c = 0.968",0.356000000000222,1,0.356000000000222,70
"vary_k",10000,69,38,"SVP Gaussian / none / c = 0.968",0.353000000000065,1,0.353000000000065,70
"vary_k",10000,69,39,"SVP Gaussian / none / c = 0.968",0.356000000000222,1,0.356000000000222,70
"vary_k",10000,69,40,"SVP Gaussian / none / c = 0.968",0.356000000000222,1,0.356000000000222,70
"vary_k",10000,69,41,"SVP Gaussian / none / c = 0.968",0.355999999999767,1,0.355999999999767,70
"vary_k",10000,69,42,"SVP Gaussian / none / c = 0.968",0.355000000000018,1,0.355000000000018,70
"vary_k",10000,69,43,"SVP Gaussian / none / c = 0.968",0.356000000000222,1,0.356000000000222,70
"vary_k",10000,69,44,"SVP Gaussian / none / c = 0.968",0.353999999999814,1,0.353999999999814,70
"vary_k",10000,69,45,"SVP Gaussian / none / c = 0.968",0.355000000000018,1,0.355000000000018,70
"vary_k",10000,69,46,"SVP Gaussian / none / c = 0.968",0.356000000000222,1,0.356000000000222,70
"vary_k",10000,69,47,"SVP Gaussian / none / c = 0.968",0.354000000000269,1,0.354000000000269,70
"vary_k",10000,69,48,"SVP Gaussian / none / c = 0.968",0.356999999999971,1,0.356999999999971,70
"vary_k",10000,70,13,"SVP Gaussian / none / c = 0.968",0.355000000000018,1,0.355000000000018,71
"vary_k",10000,70,14,"SVP Gaussian / none / c = 0.968",0.353999999999814,1,0.353999999999814,71
"vary_k",10000,70,15,"SVP Gaussian / none / c = 0.968",0.353999999999814,1,0.353999999999814,71
"vary_k",10000,70,16,"SVP Gaussian / none / c = 0.968",0.355000000000018,1,0.355000000000018,71
"vary_k",10000,70,17,"SVP Gaussian / none / c = 0.968",0.353999999999814,1,0.353999999999814,71
"vary_k",10000,70,18,"SVP Gaussian / none / c = 0.968",0.360999999999876,1,0.360999999999876,71
"vary_k",10000,70,19,"SVP Gaussian / none / c = 0.968",0.356999999999971,1,0.356999999999971,72
"vary_k",10000,70,20,"SVP Gaussian / none / c = 0.968",0.352999999999611,1,0.352999999999611,71
"vary_k",10000,70,21,"SVP Gaussian / none / c = 0.968",0.355999999999767,1,0.355999999999767,71
"vary_k",10000,70,22,"SVP Gaussian / none / c = 0.968",0.355000000000018,1,0.355000000000018,71
"vary_k",10000,70,23,"SVP Gaussian / none / c = 0.968",0.352999999999611,1,0.352999999999611,71
"vary_k",10000,70,24,"SVP Gaussian / none / c = 0.968",0.355000000000018,1,0.355000000000018,71
"vary_k",10000,70,25,"SVP Gaussian / none / c = 0.968",0.354000000000269,1,0.354000000000269,71
"vary_k",10000,70,26,"SVP Gaussian / none / c = 0.968",0.355000000000018,1,0.355000000000018,71
"vary_k",10000,70,27,"SVP Gaussian / none / c = 0.968",0.356999999999971,1,0.356999999999971,71
"vary_k",10000,70,28,"SVP Gaussian / none / c = 0.968",0.355000000000018,1,0.355000000000018,71
"vary_k",10000,70,29,"SVP Gaussian / none / c = 0.968",0.355999999999767,1,0.355999999999767,72
"vary_k",10000,70,30,"SVP Gaussian / none / c = 0.968",0.354000000000269,1,0.354000000000269,71
"vary_k",10000,70,31,"SVP Gaussian / none / c = 0.968",0.356999999999971,1,0.356999999999971,71
"vary_k",10000,70,32,"SVP Gaussian / none / c = 0.968",0.353000000000065,1,0.353000000000065,71
"vary_k",10000,70,33,"SVP Gaussian / none / c = 0.968",0.355999999999767,1,0.355999999999767,71
"vary_k",10000,70,34,"SVP Gaussian / none / c = 0.968",0.355000000000018,1,0.355000000000018,71
"vary_k",10000,70,35,"SVP Gaussian / none / c = 0.968",0.353999999999814,1,0.353999999999814,71
"vary_k",10000,70,36,"SVP Gaussian / none / c = 0.968",0.356000000000222,1,0.356000000000222,71
"vary_k",10000,70,37,"SVP Gaussian / none / c = 0.968",0.356999999999971,1,0.356999999999971,71
"vary_k",10000,70,38,"SVP Gaussian / none / c = 0.968",0.356999999999971,1,0.356999999999971,71
"vary_k",10000,70,39,"SVP Gaussian / none / c = 0.968",0.356000000000222,1,0.356000000000222,71
"vary_k",10000,70,40,"SVP Gaussian / none / c = 0.968",0.355000000000018,1,0.355000000000018,71
"vary_k",10000,70,41,"SVP Gaussian / none / c = 0.968",0.355000000000018,1,0.355000000000018,71
"vary_k",10000,70,42,"SVP Gaussian / none / c = 0.968",0.353999999999814,1,0.353999999999814,71
"vary_k",10000,70,43,"SVP Gaussian / none / c = 0.968",0.356000000000222,1,0.356000000000222,71
"vary_k",10000,70,44,"SVP Gaussian / none / c = 0.968",0.354000000000269,1,0.354000000000269,71
"vary_k",10000,70,45,"SVP Gaussian / none / c = 0.968",0.356000000000222,1,0.356000000000222,71
"vary_k",10000,70,46,"SVP Gaussian / none / c = 0.968",0.355000000000018,1,0.355000000000018,71
"vary_k",10000,70,47,"SVP Gaussian / none / c = 0.968",0.356000000000222,1,0.356000000000222,71
"vary_k",10000,70,48,"SVP Gaussian / none / c = 0.968",0.355000000000018,1,0.355000000000018,71
"vary_k",10000,71,13,"SVP Gaussian / none / c = 0.968",0.356999999999971,1,0.356999999999971,72
"vary_k",10000,71,14,"SVP Gaussian / none / c = 0.968",0.356999999999971,1,0.356999999999971,72
"vary_k",10000,71,15,"SVP Gaussian / none / c = 0.968",0.355000000000018,1,0.355000000000018,72
"vary_k",10000,71,16,"SVP Gaussian / none / c = 0.968",0.355000000000018,1,0.355000000000018,72
"vary_k",10000,71,17,"SVP Gaussian / none / c = 0.968",0.356999999999971,1,0.356999999999971,72
"vary_k",10000,71,18,"SVP Gaussian / none / c = 0.968",0.35799999999972,1,0.35799999999972,72
"vary_k",10000,71,19,"SVP Gaussian / none / c = 0.968",0.356999999999971,1,0.356999999999971,72
"vary_k",10000,71,20,"SVP Gaussian / none / c = 0.968",0.355000000000018,1,0.355000000000018,72
"vary_k",10000,71,21,"SVP Gaussian / none / c = 0.968",0.355000000000018,1,0.355000000000018,72
"vary_k",10000,71,22,"SVP Gaussian / none / c = 0.968",0.356000000000222,1,0.356000000000222,72
"vary_k",10000,71,23,"SVP Gaussian / none / c = 0.968",0.355000000000018,1,0.355000000000018,72
"vary_k",10000,71,24,"SVP Gaussian / none / c = 0.968",0.356000000000222,1,0.356000000000222,73
"vary_k",10000,71,25,"SVP Gaussian / none / c = 0.968",0.355999999999767,1,0.355999999999767,72
"vary_k",10000,71,26,"SVP Gaussian / none / c = 0.968",0.355000000000018,1,0.355000000000018,72
"vary_k",10000,71,27,"SVP Gaussian / none / c = 0.968",0.354000000000269,1,0.354000000000269,72
"vary_k",10000,71,28,"SVP Gaussian / none / c = 0.968",0.355000000000018,1,0.355000000000018,72
"vary_k",10000,71,29,"SVP Gaussian / none / c = 0.968",0.355999999999767,1,0.355999999999767,72
"vary_k",10000,71,30,"SVP Gaussian / none / c = 0.968",0.355000000000018,1,0.355000000000018,72
"vary_k",10000,71,31,"SVP Gaussian / none / c = 0.968",0.357000000000426,1,0.357000000000426,72
"vary_k",10000,71,32,"SVP Gaussian / none / c = 0.968",0.355000000000018,1,0.355000000000018,72
"vary_k",10000,71,33,"SVP Gaussian / none / c = 0.968",0.355999999999767,1,0.355999999999767,72
"vary_k",10000,71,34,"SVP Gaussian / none / c = 0.968",0.355000000000018,1,0.355000000000018,72
"vary_k",10000,71,35,"SVP Gaussian / none / c = 0.968",0.355000000000018,1,0.355000000000018,72
"vary_k",10000,71,36,"SVP Gaussian / none / c = 0.968",0.355999999999767,1,0.355999999999767,72
"vary_k",10000,71,37,"SVP Gaussian / none / c = 0.968",0.353999999999814,1,0.353999999999814,72
"vary_k",10000,71,38,"SVP Gaussian / none / c = 0.968",0.354000000000269,1,0.354000000000269,72
"vary_k",10000,71,39,"SVP Gaussian / none / c = 0.968",0.356999999999971,1,0.356999999999971,72
"vary_k",10000,71,40,"SVP Gaussian / none / c = 0.968",0.360000000000127,1,0.360000000000127,72
"vary_k",10000,71,41,"SVP Gaussian / none / c = 0.968",0.353999999999814,1,0.353999999999814,72
"vary_k",10000,71,42,"SVP Gaussian / none / c = 0.968",0.357000000000426,1,0.357000000000426,72
"vary_k",10000,71,43,"SVP Gaussian / none / c = 0.968",0.358999999999924,1,0.358999999999924,72
"vary_k",10000,71,44,"SVP Gaussian / none / c = 0.968",0.355000000000018,1,0.355000000000018,72
"vary_k",10000,71,45,"SVP Gaussian / none / c = 0.968",0.356000000000222,1,0.356000000000222,72
"vary_k",10000,71,46,"SVP Gaussian / none / c = 0.968",0.356000000000222,1,0.356000000000222,72
"vary_k",10000,71,47,"SVP Gaussian / none / c = 0.968",0.355999999999767,1,0.355999999999767,72
"vary_k",10000,71,48,"SVP Gaussian / none / c = 0.968",0.355000000000018,1,0.355000000000018,72
"vary_k",10000,72,13,"SVP Gaussian / none / c = 0.968",0.356999999999971,1,0.356999999999971,73
"vary_k",10000,72,14,"SVP Gaussian / none / c = 0.968",0.356000000000222,1,0.356000000000222,74
"vary_k",10000,72,15,"SVP Gaussian / none / c = 0.968",0.355000000000018,1,0.355000000000018,73
"vary_k",10000,72,16,"SVP Gaussian / none / c = 0.968",0.353000000000065,1,0.353000000000065,73
"vary_k",10000,72,17,"SVP Gaussian / none / c = 0.968",0.358999999999924,1,0.358999999999924,73
"vary_k",10000,72,18,"SVP Gaussian / none / c = 0.968",0.355999999999767,1,0.355999999999767,73
"vary_k",10000,72,19,"SVP Gaussian / none / c = 0.968",0.355000000000018,1,0.355000000000018,73
"vary_k",10000,72,20,"SVP Gaussian / none / c = 0.968",0.355000000000018,1,0.355000000000018,73
"vary_k",10000,72,21,"SVP Gaussian / none / c = 0.968",0.356000000000222,1,0.356000000000222,74
"vary_k",10000,72,22,"SVP Gaussian / none / c = 0.968",0.356999999999971,1,0.356999999999971,73
"vary_k",10000,72,23,"SVP Gaussian / none / c = 0.968",0.356000000000222,1,0.356000000000222,73
"vary_k",10000,72,24,"SVP Gaussian / none / c = 0.968",0.355000000000018,1,0.355000000000018,73
"vary_k",10000,72,25,"SVP Gaussian / none / c = 0.968",0.355999999999767,1,0.355999999999767,73
"vary_k",10000,72,26,"SVP Gaussian / none / c = 0.968",0.355000000000018,1,0.355000000000018,73
"vary_k",10000,72,27,"SVP Gaussian / none / c = 0.968",0.356000000000222,1,0.356000000000222,73
"vary_k",10000,72,28,"SVP Gaussian / none / c = 0.968",0.356999999999971,1,0.356999999999971,73
"vary_k",10000,72,29,"SVP Gaussian / none / c = 0.968",0.356999999999971,1,0.356999999999971,73
"vary_k",10000,72,30,"SVP Gaussian / none / c = 0.968",0.355000000000018,1,0.355000000000018,73
"vary_k",10000,72,31,"SVP Gaussian / none / c = 0.968",0.358999999999924,1,0.358999999999924,73
"vary_k",10000,72,32,"SVP Gaussian / none / c = 0.968",0.355999999999767,1,0.355999999999767,73
"vary_k",10000,72,33,"SVP Gaussian / none / c = 0.968",0.356999999999971,1,0.356999999999971,73
"vary_k",10000,72,34,"SVP Gaussian / none / c = 0.968",0.355000000000018,1,0.355000000000018,73
"vary_k",10000,72,35,"SVP Gaussian / none / c = 0.968",0.356999999999971,1,0.356999999999971,73
"vary_k",10000,72,36,"SVP Gaussian / none / c = 0.968",0.358000000000175,1,0.358000000000175,73
"vary_k",10000,72,37,"SVP Gaussian / none / c = 0.968",0.355000000000018,1,0.355000000000018,73
"vary_k",10000,72,38,"SVP Gaussian / none / c = 0.968",0.355000000000018,1,0.355000000000018,73
"vary_k",10000,72,39,"SVP Gaussian / none / c = 0.968",0.354000000000269,1,0.354000000000269,73
"vary_k",10000,72,40,"SVP Gaussian / none / c = 0.968",0.355000000000018,1,0.355000000000018,73
"vary_k",10000,72,41,"SVP Gaussian / none / c = 0.968",0.354000000000269,1,0.354000000000269,73
"vary_k",10000,72,42,"SVP Gaussian / none / c = 0.968",0.355000000000018,1,0.355000000000018,73
"vary_k",10000,72,43,"SVP Gaussian / none / c = 0.968",0.356999999999971,1,0.356999999999971,73
"vary_k",10000,72,44,"SVP Gaussian / none / c = 0.968",0.356999999999971,1,0.356999999999971,73
"vary_k",10000,72,45,"SVP Gaussian / none / c = 0.968",0.356000000000222,1,0.356000000000222,73
"vary_k",10000,72,46,"SVP Gaussian / none / c = 0.968",0.355000000000018,1,0.355000000000018,73
"vary_k",10000,72,47,"SVP Gaussian / none / c = 0.968",0.356999999999971,1,0.356999999999971,73
"vary_k",10000,72,48,"SVP Gaussian / none / c = 0.968",0.354000000000269,1,0.354000000000269,73
"vary_k",10000,73,13,"SVP Gaussian / none / c = 0.968",0.355999999999767,1,0.355999999999767,74
"vary_k",10000,73,14,"SVP Gaussian / none / c = 0.968",0.356000000000222,1,0.356000000000222,74
"vary_k",10000,73,15,"SVP Gaussian / none / c = 0.968",0.355000000000018,1,0.355000000000018,74
"vary_k",10000,73,16,"SVP Gaussian / none / c = 0.968",0.356000000000222,1,0.356000000000222,74
"vary_k",10000,73,17,"SVP Gaussian / none / c = 0.968",0.355000000000018,1,0.355000000000018,74
"vary_k",10000,73,18,"SVP Gaussian / none / c = 0.968",0.354000000000269,1,0.354000000000269,74
"vary_k",10000,73,19,"SVP Gaussian / none / c = 0.968",0.360000000000127,1,0.360000000000127,74
"vary_k",10000,73,20,"SVP Gaussian / none / c = 0.968",0.355000000000018,1,0.355000000000018,74
"vary_k",10000,73,21,"SVP Gaussian / none / c = 0.968",0.355000000000018,1,0.355000000000018,74
"vary_k",10000,73,22,"SVP Gaussian / none / c = 0.968",0.353999999999814,1,0.353999999999814,74
"vary_k",10000,73,23,"SVP Gaussian / none / c = 0.968",0.355000000000018,1,0.355000000000018,74
"vary_k",10000,73,24,"SVP Gaussian / none / c = 0.968",0.354000000000269,1,0.354000000000269,74
"vary_k",10000,73,25,"SVP Gaussian / none / c = 0.968",0.355000000000018,1,0.355000000000018,75
"vary_k",10000,73,26,"SVP Gaussian / none / c = 0.968",0.356000000000222,1,0.356000000000222,74
"vary_k",10000,73,27,"SVP Gaussian / none / c = 0.968",0.356999999999971,1,0.356999999999971,74
"vary_k",10000,73,28,"SVP Gaussian / none / c = 0.968",0.356999999999971,1,0.356999999999971,74
"vary_k",10000,73,29,"SVP Gaussian / none / c = 0.968",0.355000000000018,1,0.355000000000018,74
"vary_k",10000,73,30,"SVP Gaussian / none / c = 0.968",0.355000000000018,1,0.355000000000018,74
"vary_k",10000,73,31,"SVP Gaussian / none / c = 0.968",0.356000000000222,1,0.356000000000222,75
"vary_k",10000,73,32,"SVP Gaussian / none / c = 0.968",0.353000000000065,1,0.353000000000065,74
"vary_k",10000,73,33,"SVP Gaussian / none / c = 0.968",0.356000000000222,1,0.356000000000222,74
"vary_k",10000,73,34,"SVP Gaussian / none / c = 0.968",0.356999999999971,1,0.356999999999971,74
"vary_k",10000,73,35,"SVP Gaussian / none / c = 0.968",0.356999999999971,1,0.356999999999971,74
"vary_k",10000,73,36,"SVP Gaussian / none / c = 0.968",0.358000000000175,1,0.358000000000175,75
"vary_k",10000,73,37,"SVP Gaussian / none / c = 0.968",0.354000000000269,1,0.354000000000269,74
"vary_k",10000,73,38,"SVP Gaussian / none / c = 0.968",0.356000000000222,1,0.356000000000222,74
"vary_k",10000,73,39,"SVP Gaussian / none / c = 0.968",0.356000000000222,1,0.356000000000222,74
"vary_k",10000,73,40,"SVP Gaussian / none / c = 0.968",0.355000000000018,1,0.355000000000018,74
"vary_k",10000,73,41,"SVP Gaussian / none / c = 0.968",0.353999999999814,1,0.353999999999814,74
"vary_k",10000,73,42,"SVP Gaussian / none / c = 0.968",0.353999999999814,1,0.353999999999814,74
"vary_k",10000,73,43,"SVP Gaussian / none / c = 0.968",0.355000000000018,1,0.355000000000018,74
"vary_k",10000,73,44,"SVP Gaussian / none / c = 0.968",0.356999999999971,1,0.356999999999971,74
"vary_k",10000,73,45,"SVP Gaussian / none / c = 0.968",0.355000000000018,1,0.355000000000018,74
"vary_k",10000,73,46,"SVP Gaussian / none / c = 0.968",0.355000000000018,1,0.355000000000018,74
"vary_k",10000,73,47,"SVP Gaussian / none / c = 0.968",0.356000000000222,1,0.356000000000222,74
"vary_k",10000,73,48,"SVP Gaussian / none / c = 0.968",0.354000000000269,1,0.354000000000269,74
"vary_k",10000,74,13,"SVP Gaussian / none / c = 0.968",0.355999999999767,1,0.355999999999767,75
"vary_k",10000,74,14,"SVP Gaussian / none / c = 0.968",0.355000000000018,1,0.355000000000018,75
"vary_k",10000,74,15,"SVP Gaussian / none / c = 0.968",0.356000000000222,1,0.356000000000222,75
"vary_k",10000,74,16,"SVP Gaussian / none / c = 0.968",0.355999999999767,1,0.355999999999767,75
"vary_k",10000,74,17,"SVP Gaussian / none / c = 0.968",0.354000000000269,1,0.354000000000269,75
"vary_k",10000,74,18,"SVP Gaussian / none / c = 0.968",0.355000000000018,1,0.355000000000018,75
"vary_k",10000,74,19,"SVP Gaussian / none / c = 0.968",0.355000000000018,1,0.355000000000018,75
"vary_k",10000,74,20,"SVP Gaussian / none / c = 0.968",0.355999999999767,1,0.355999999999767,75
"vary_k",10000,74,21,"SVP Gaussian / none / c = 0.968",0.355000000000018,1,0.355000000000018,75
"vary_k",10000,74,22,"SVP Gaussian / none / c = 0.968",0.356000000000222,1,0.356000000000222,75
"vary_k",10000,74,23,"SVP Gaussian / none / c = 0.968",0.355000000000018,1,0.355000000000018,75
"vary_k",10000,74,24,"SVP Gaussian / none / c = 0.968",0.355000000000018,1,0.355000000000018,75
"vary_k",10000,74,25,"SVP Gaussian / none / c = 0.968",0.353999999999814,1,0.353999999999814,75
"vary_k",10000,74,26,"SVP Gaussian / none / c = 0.968",0.356999999999971,1,0.356999999999971,75
"vary_k",10000,74,27,"SVP Gaussian / none / c = 0.968",0.355000000000018,1,0.355000000000018,75
"vary_k",10000,74,28,"SVP Gaussian / none / c = 0.968",0.355000000000018,1,0.355000000000018,75
"vary_k",10000,74,29,"SVP Gaussian / none / c = 0.968",0.355000000000018,1,0.355000000000018,75
"vary_k",10000,74,30,"SVP Gaussian / none / c = 0.968",0.355000000000018,1,0.355000000000018,75
"vary_k",10000,74,31,"SVP Gaussian / none / c = 0.968",0.354000000000269,1,0.354000000000269,76
"vary_k",10000,74,32,"SVP Gaussian / none / c = 0.968",0.355000000000018,1,0.355000000000018,75
"vary_k",10000,74,33,"SVP Gaussian / none / c = 0.968",0.355000000000018,1,0.355000000000018,75
"vary_k",10000,74,34,"SVP Gaussian / none / c = 0.968",0.356000000000222,1,0.356000000000222,75
"vary_k",10000,74,35,"SVP Gaussian / none / c = 0.968",0.358000000000175,1,0.358000000000175,75
"vary_k",10000,74,36,"SVP Gaussian / none / c = 0.968",0.355000000000018,1,0.355000000000018,75
"vary_k",10000,74,37,"SVP Gaussian / none / c = 0.968",0.353999999999814,1,0.353999999999814,75
"vary_k",10000,74,38,"SVP Gaussian / none / c = 0.968",0.355000000000018,1,0.355000000000018,75
"vary_k",10000,74,39,"SVP Gaussian / none / c = 0.968",0.355000000000018,1,0.355000000000018,75
"vary_k",10000,74,40,"SVP Gaussian / none / c = 0.968",0.356000000000222,1,0.356000000000222,75
"vary_k",10000,74,41,"SVP Gaussian / none / c = 0.968",0.353000000000065,1,0.353000000000065,75
"vary_k",10000,74,42,"SVP Gaussian / none / c = 0.968",0.355000000000018,1,0.355000000000018,75
"vary_k",10000,74,43,"SVP Gaussian / none / c = 0.968",0.353999999999814,1,0.353999999999814,75
"vary_k",10000,74,44,"SVP Gaussian / none / c = 0.968",0.356000000000222,1,0.356000000000222,75
"vary_k",10000,74,45,"SVP Gaussian / none / c = 0.968",0.355999999999767,1,0.355999999999767,75
"vary_k",10000,74,46,"SVP Gaussian / none / c = 0.968",0.356999999999971,1,0.356999999999971,75
"vary_k",10000,74,47,"SVP Gaussian / none / c = 0.968",0.356000000000222,1,0.356000000000222,76
"vary_k",10000,74,48,"SVP Gaussian / none / c = 0.968",0.356999999999971,1,0.356999999999971,75
"vary_k",10000,75,13,"SVP Gaussian / none / c = 0.968",0.356999999999971,1,0.356999999999971,76
"vary_k",10000,75,14,"SVP Gaussian / none / c = 0.968",0.356999999999971,1,0.356999999999971,76
"vary_k",10000,75,15,"SVP Gaussian / none / c = 0.968",0.358000000000175,1,0.358000000000175,76
"vary_k",10000,75,16,"SVP Gaussian / none / c = 0.968",0.359999999999673,1,0.359999999999673,76
"vary_k",10000,75,17,"SVP Gaussian / none / c = 0.968",0.355999999999767,1,0.355999999999767,76
"vary_k",10000,75,18,"SVP Gaussian / none / c = 0.968",0.356999999999971,1,0.356999999999971,76
"vary_k",10000,75,19,"SVP Gaussian / none / c = 0.968",0.355000000000018,1,0.355000000000018,76
"vary_k",10000,75,20,"SVP Gaussian / none / c = 0.968",0.358000000000175,1,0.358000000000175,77
"vary_k",10000,75,21,"SVP Gaussian / none / c = 0.968",0.356000000000222,1,0.356000000000222,76
"vary_k",10000,75,22,"SVP Gaussian / none / c = 0.968",0.355000000000018,1,0.355000000000018,76
"vary_k",10000,75,23,"SVP Gaussian / none / c = 0.968",0.353999999999814,1,0.353999999999814,76
"vary_k",10000,75,24,"SVP Gaussian / none / c = 0.968",0.355999999999767,1,0.355999999999767,76
"vary_k",10000,75,25,"SVP Gaussian / none / c = 0.968",0.35799999999972,1,0.35799999999972,76
"vary_k",10000,75,26,"SVP Gaussian / none / c = 0.968",0.356000000000222,1,0.356000000000222,76
"vary_k",10000,75,27,"SVP Gaussian / none / c = 0.968",0.356999999999971,1,0.356999999999971,76
"vary_k",10000,75,28,"SVP Gaussian / none / c = 0.968",0.357000000000426,1,0.357000000000426,76
"vary_k",10000,75,29,"SVP Gaussian / none / c = 0.968",0.356000000000222,1,0.356000000000222,76
"vary_k",10000,75,30,"SVP Gaussian / none / c = 0.968",0.356000000000222,1,0.356000000000222,76
"vary_k",10000,75,31,"SVP Gaussian / none / c = 0.968",0.355999999999767,1,0.355999999999767,76
"vary_k",10000,75,32,"SVP Gaussian / none / c = 0.968",0.355000000000018,1,0.355000000000018,76
"vary_k",10000,75,33,"SVP Gaussian / none / c = 0.968",0.356000000000222,1,0.356000000000222,76
"vary_k",10000,75,34,"SVP Gaussian / none / c = 0.968",0.356000000000222,1,0.356000000000222,76
"vary_k",10000,75,35,"SVP Gaussian / none / c = 0.968",0.355000000000018,1,0.355000000000018,76
"vary_k",10000,75,36,"SVP Gaussian / none / c = 0.968",0.356999999999971,1,0.356999999999971,76
"vary_k",10000,75,37,"SVP Gaussian / none / c = 0.968",0.355000000000018,1,0.355000000000018,76
"vary_k",10000,75,38,"SVP Gaussian / none / c = 0.968",0.355999999999767,1,0.355999999999767,76
"vary_k",10000,75,39,"SVP Gaussian / none / c = 0.968",0.355000000000018,1,0.355000000000018,76
"vary_k",10000,75,40,"SVP Gaussian / none / c = 0.968",0.355000000000018,1,0.355000000000018,76
"vary_k",10000,75,41,"SVP Gaussian / none / c = 0.968",0.355999999999767,1,0.355999999999767,76
"vary_k",10000,75,42,"SVP Gaussian / none / c = 0.968",0.355000000000018,1,0.355000000000018,76
"vary_k",10000,75,43,"SVP Gaussian / none / c = 0.968",0.357000000000426,1,0.357000000000426,76
"vary_k",10000,75,44,"SVP Gaussian / none / c = 0.968",0.356999999999971,1,0.356999999999971,76
"vary_k",10000,75,45,"SVP Gaussian / none / c = 0.968",0.358000000000175,1,0.358000000000175,76
"vary_k",10000,75,46,"SVP Gaussian / none / c = 0.968",0.355999999999767,1,0.355999999999767,76
"vary_k",10000,75,47,"SVP Gaussian / none / c = 0.968",0.356999999999971,1,0.356999999999971,76
"vary_k",10000,75,48,"SVP Gaussian / none / c = 0.968",0.355999999999767,1,0.355999999999767,76
"vary_k",10000,76,13,"SVP Gaussian / none / c = 0.968",0.356999999999971,1,0.356999999999971,77
"vary_k",10000,76,14,"SVP Gaussian / none / c = 0.968",0.356999999999971,1,0.356999999999971,77
"vary_k",10000,76,15,"SVP Gaussian / none / c = 0.968",0.358999999999924,1,0.358999999999924,77
"vary_k",10000,76,16,"SVP Gaussian / none / c = 0.968",0.355000000000018,1,0.355000000000018,77
"vary_k",10000,76,17,"SVP Gaussian / none / c = 0.968",0.354000000000269,1,0.354000000000269,77
"vary_k",10000,76,18,"SVP Gaussian / none / c = 0.968",0.356999999999971,1,0.356999999999971,78
"vary_k",10000,76,19,"SVP Gaussian / none / c = 0.968",0.355999999999767,1,0.355999999999767,77
"vary_k",10000,76,20,"SVP Gaussian / none / c = 0.968",0.355000000000018,1,0.355000000000018,77
"vary_k",10000,76,21,"SVP Gaussian / none / c = 0.968",0.356999999999971,1,0.356999999999971,77
"vary_k",10000,76,22,"SVP Gaussian / none / c = 0.968",0.355999999999767,1,0.355999999999767,77
"vary_k",10000,76,23,"SVP Gaussian / none / c = 0.968",0.355000000000018,1,0.355000000000018,77
"vary_k",10000,76,24,"SVP Gaussian / none / c = 0.968",0.356999999999971,1,0.356999999999971,77
"vary_k",10000,76,25,"SVP Gaussian / none / c = 0.968",0.35799999999972,1,0.35799999999972,77
"vary_k",10000,76,26,"SVP Gaussian / none / c = 0.968",0.355999999999767,1,0.355999999999767,77
"vary_k",10000,76,27,"SVP Gaussian / none / c = 0.968",0.356999999999971,1,0.356999999999971,77
"vary_k",10000,76,28,"SVP Gaussian / none / c = 0.968",0.358000000000175,1,0.358000000000175,77
"vary_k",10000,76,29,"SVP Gaussian / none / c = 0.968",0.356000000000222,1,0.356000000000222,77
"vary_k",10000,76,30,"SVP Gaussian / none / c = 0.968",0.356999999999971,1,0.356999999999971,77
"vary_k",10000,76,31,"SVP Gaussian / none / c = 0.968",0.356000000000222,1,0.356000000000222,77
"vary_k",10000,76,32,"SVP Gaussian / none / c = 0.968",0.355000000000018,1,0.355000000000018,77
"vary_k",10000,76,33,"SVP Gaussian / none / c = 0.968",0.355999999999767,1,0.355999999999767,77
"vary_k",10000,76,34,"SVP Gaussian / none / c = 0.968",0.356000000000222,1,0.356000000000222,77
"vary_k",10000,76,35,"SVP Gaussian / none / c = 0.968",0.353999999999814,1,0.353999999999814,77
"vary_k",10000,76,36,"SVP Gaussian / none / c = 0.968",0.356999999999971,1,0.356999999999971,77
"vary_k",10000,76,37,"SVP Gaussian / none / c = 0.968",0.360000000000127,1,0.360000000000127,77
"vary_k",10000,76,38,"SVP Gaussian / none / c = 0.968",0.356999999999971,1,0.356999999999971,77
"vary_k",10000,76,39,"SVP Gaussian / none / c = 0.968",0.356999999999971,1,0.356999999999971,77
"vary_k",10000,76,40,"SVP Gaussian / none / c = 0.968",0.35799999999972,1,0.35799999999972,77
"vary_k",10000,76,41,"SVP Gaussian / none / c = 0.968",0.358000000000175,1,0.358000000000175,77
"vary_k",10000,76,42,"SVP Gaussian / none / c = 0.968",0.355000000000018,1,0.355000000000018,77
"vary_k",10000,76,43,"SVP Gaussian / none / c = 0.968",0.358000000000175,1,0.358000000000175,77
"vary_k",10000,76,44,"SVP Gaussian / none / c = 0.968",0.356999999999971,1,0.356999999999971,77
"vary_k",10000,76,45,"SVP Gaussian / none / c = 0.968",0.355999999999767,1,0.355999999999767,77
"vary_k",10000,76,46,"SVP Gaussian / none / c = 0.968",0.356999999999971,1,0.356999999999971,77
"vary_k",10000,76,47,"SVP Gaussian / none / c = 0.968",0.355000000000018,1,0.355000000000018,77
"vary_k",10000,76,48,"SVP Gaussian / none / c = 0.968",0.356999999999971,1,0.356999999999971,77
"vary_k",10000,77,13,"SVP Gaussian / none / c = 0.968",0.353999999999814,1,0.353999999999814,78
"vary_k",10000,77,14,"SVP Gaussian / none / c = 0.968",0.355000000000018,1,0.355000000000018,78
"vary_k",10000,77,15,"SVP Gaussian / none / c = 0.968",0.355000000000018,1,0.355000000000018,79
"vary_k",10000,77,16,"SVP Gaussian / none / c = 0.968",0.355000000000018,1,0.355000000000018,78
"vary_k",10000,77,17,"SVP Gaussian / none / c = 0.968",0.353999999999814,1,0.353999999999814,78
"vary_k",10000,77,18,"SVP Gaussian / none / c = 0.968",0.356000000000222,1,0.356000000000222,78
"vary_k",10000,77,19,"SVP Gaussian / none / c = 0.968",0.356999999999971,1,0.356999999999971,78
"vary_k",10000,77,20,"SVP Gaussian / none / c = 0.968",0.355000000000018,1,0.355000000000018,78
"vary_k",10000,77,21,"SVP Gaussian / none / c = 0.968",0.353999999999814,1,0.353999999999814,78
"vary_k",10000,77,22,"SVP Gaussian / none / c = 0.968",0.355999999999767,1,0.355999999999767,78
"vary_k",10000,77,23,"SVP Gaussian / none / c = 0.968",0.355000000000018,1,0.355000000000018,78
"vary_k",10000,77,24,"SVP Gaussian / none / c = 0.968",0.355000000000018,1,0.355000000000018,78
"vary_k",10000,77,25,"SVP Gaussian / none / c = 0.968",0.356999999999971,1,0.356999999999971,78
"vary_k",10000,77,26,"SVP Gaussian / none / c = 0.968",0.355999999999767,1,0.355999999999767,79
"vary_k",10000,77,27,"SVP Gaussian / none / c = 0.968",0.355999999999767,1,0.355999999999767,78
"vary_k",10000,77,28,"SVP Gaussian / none / c = 0.968",0.356000000000222,1,0.356000000000222,78
"vary_k",10000,77,29,"SVP Gaussian / none / c = 0.968",0.358999999999924,1,0.358999999999924,78
"vary_k",10000,77,30,"SVP Gaussian / none / c = 0.968",0.354000000000269,1,0.354000000000269,78
"vary_k",10000,77,31,"SVP Gaussian / none / c = 0.968",0.355000000000018,1,0.355000000000018,78
"vary_k",10000,77,32,"SVP Gaussian / none / c = 0.968",0.356999999999971,1,0.356999999999971,78
"vary_k",10000,77,33,"SVP Gaussian / none / c = 0.968",0.35799999999972,1,0.35799999999972,78
"vary_k",10000,77,34,"SVP Gaussian / none / c = 0.968",0.358999999999924,1,0.358999999999924,78
"vary_k",10000,77,35,"SVP Gaussian / none / c = 0.968",0.356000000000222,1,0.356000000000222,79
"vary_k",10000,77,36,"SVP Gaussian / none / c = 0.968",0.355000000000018,1,0.355000000000018,78
"vary_k",10000,77,37,"SVP Gaussian / none / c = 0.968",0.355000000000018,1,0.355000000000018,78
"vary_k",10000,77,38,"SVP Gaussian / none / c = 0.968",0.353000000000065,1,0.353000000000065,78
"vary_k",10000,77,39,"SVP Gaussian / none / c = 0.968",0.355000000000018,1,0.355000000000018,79
"vary_k",10000,77,40,"SVP Gaussian / none / c = 0.968",0.355000000000018,1,0.355000000000018,78
"vary_k",10000,77,41,"SVP Gaussian / none / c = 0.968",0.355000000000018,1,0.355000000000018,78
"vary_k",10000,77,42,"SVP Gaussian / none / c = 0.968",0.356000000000222,1,0.356000000000222,79
"vary_k",10000,77,43,"SVP Gaussian / none / c = 0.968",0.356000000000222,1,0.356000000000222,78
"vary_k",10000,77,44,"SVP Gaussian / none / c = 0.968",0.354000000000269,1,0.354000000000269,78
"vary_k",10000,77,45,"SVP Gaussian / none / c = 0.968",0.356999999999971,1,0.356999999999971,78
"vary_k",10000,77,46,"SVP Gaussian / none / c = 0.968",0.355999999999767,1,0.355999999999767,78
"vary_k",10000,77,47,"SVP Gaussian / none / c = 0.968",0.356000000000222,1,0.356000000000222,78
"vary_k",10000,77,48,"SVP Gaussian / none / c = 0.968",0.353999999999814,1,0.353999999999814,78
"vary_k",10000,78,13,"SVP Gaussian / none / c = 0.968",0.356999999999971,1,0.356999999999971,80
"vary_k",10000,78,14,"SVP Gaussian / none / c = 0.968",0.356999999999971,1,0.356999999999971,79
"vary_k",10000,78,15,"SVP Gaussian / none / c = 0.968",0.356000000000222,1,0.356000000000222,79
"vary_k",10000,78,16,"SVP Gaussian / none / c = 0.968",0.358999999999924,1,0.358999999999924,79
"vary_k",10000,78,17,"SVP Gaussian / none / c = 0.968",0.355000000000018,1,0.355000000000018,79
"vary_k",10000,78,18,"SVP Gaussian / none / c = 0.968",0.354000000000269,1,0.354000000000269,79
"vary_k",10000,78,19,"SVP Gaussian / none / c = 0.968",0.355999999999767,1,0.355999999999767,79
"vary_k",10000,78,20,"SVP Gaussian / none / c = 0.968",0.356000000000222,1,0.356000000000222,79
"vary_k",10000,78,21,"SVP Gaussian / none / c = 0.968",0.356000000000222,1,0.356000000000222,79
"vary_k",10000,78,22,"SVP Gaussian / none / c = 0.968",0.357000000000426,1,0.357000000000426,80
"vary_k",10000,78,23,"SVP Gaussian / none / c = 0.968",0.35799999999972,1,0.35799999999972,80
"vary_k",10000,78,24,"SVP Gaussian / none / c = 0.968",0.356999999999971,1,0.356999999999971,79
"vary_k",10000,78,25,"SVP Gaussian / none / c = 0.968",0.356999999999971,1,0.356999999999971,79
"vary_k",10000,78,26,"SVP Gaussian / none / c = 0.968",0.356000000000222,1,0.356000000000222,79
"vary_k",10000,78,27,"SVP Gaussian / none / c = 0.968",0.356999999999971,1,0.356999999999971,79
"vary_k",10000,78,28,"SVP Gaussian / none / c = 0.968",0.355000000000018,1,0.355000000000018,79
"vary_k",10000,78,29,"SVP Gaussian / none / c = 0.968",0.356999999999971,1,0.356999999999971,79
"vary_k",10000,78,30,"SVP Gaussian / none / c = 0.968",0.356999999999971,1,0.356999999999971,79
"vary_k",10000,78,31,"SVP Gaussian / none / c = 0.968",0.355000000000018,1,0.355000000000018,79
"vary_k",10000,78,32,"SVP Gaussian / none / c = 0.968",0.356999999999971,1,0.356999999999971,79
"vary_k",10000,78,33,"SVP Gaussian / none / c = 0.968",0.356999999999971,1,0.356999999999971,79
"vary_k",10000,78,34,"SVP Gaussian / none / c = 0.968",0.356999999999971,1,0.356999999999971,79
"vary_k",10000,78,35,"SVP Gaussian / none / c = 0.968",0.359999999999673,1,0.359999999999673,79
"vary_k",10000,78,36,"SVP Gaussian / none / c = 0.968",0.356999999999971,1,0.356999999999971,79
"vary_k",10000,78,37,"SVP Gaussian / none / c = 0.968",0.355000000000018,1,0.355000000000018,79
"vary_k",10000,78,38,"SVP Gaussian / none / c = 0.968",0.355000000000018,1,0.355000000000018,79
"vary_k",10000,78,39,"SVP Gaussian / none / c = 0.968",0.355999999999767,1,0.355999999999767,79
"vary_k",10000,78,40,"SVP Gaussian / none / c = 0.968",0.356999999999971,1,0.356999999999971,79
"vary_k",10000,78,41,"SVP Gaussian / none / c = 0.968",0.356999999999971,1,0.356999999999971,79
"vary_k",10000,78,42,"SVP Gaussian / none / c = 0.968",0.356000000000222,1,0.356000000000222,79
"vary_k",10000,78,43,"SVP Gaussian / none / c = 0.968",0.355999999999767,1,0.355999999999767,79
"vary_k",10000,78,44,"SVP Gaussian / none / c = 0.968",0.359999999999673,1,0.359999999999673,79
"vary_k",10000,78,45,"SVP Gaussian / none / c = 0.968",0.358000000000175,1,0.358000000000175,79
"vary_k",10000,78,46,"SVP Gaussian / none / c = 0.968",0.355999999999767,1,0.355999999999767,79
"vary_k",10000,78,47,"SVP Gaussian / none / c = 0.968",0.359999999999673,1,0.359999999999673,79
"vary_k",10000,78,48,"SVP Gaussian / none / c = 0.968",0.356999999999971,1,0.356999999999971,79
"vary_k",10000,79,13,"SVP Gaussian / none / c = 0.968",0.355000000000018,1,0.355000000000018,80
"vary_k",10000,79,14,"SVP Gaussian / none / c = 0.968",0.355999999999767,1,0.355999999999767,81
"vary_k",10000,79,15,"SVP Gaussian / none / c = 0.968",0.356000000000222,1,0.356000000000222,80
"vary_k",10000,79,16,"SVP Gaussian / none / c = 0.968",0.353999999999814,1,0.353999999999814,80
"vary_k",10000,79,17,"SVP Gaussian / none / c = 0.968",0.356999999999971,1,0.356999999999971,80
"vary_k",10000,79,18,"SVP Gaussian / none / c = 0.968",0.355000000000018,1,0.355000000000018,80
"vary_k",10000,79,19,"SVP Gaussian / none / c = 0.968",0.356000000000222,1,0.356000000000222,80
"vary_k",10000,79,20,"SVP Gaussian / none / c = 0.968",0.356999999999971,1,0.356999999999971,81
"vary_k",10000,79,21,"SVP Gaussian / none / c = 0.968",0.356999999999971,1,0.356999999999971,80
"vary_k",10000,79,22,"SVP Gaussian / none / c = 0.968",0.35799999999972,1,0.35799999999972,80
"vary_k",10000,79,23,"SVP Gaussian / none / c = 0.968",0.358000000000175,1,0.358000000000175,80
"vary_k",10000,79,24,"SVP Gaussian / none / c = 0.968",0.356000000000222,1,0.356000000000222,80
"vary_k",10000,79,25,"SVP Gaussian / none / c = 0.968",0.356999999999971,1,0.356999999999971,80
"vary_k",10000,79,26,"SVP Gaussian / none / c = 0.968",0.355999999999767,1,0.355999999999767,80
"vary_k",10000,79,27,"SVP Gaussian / none / c = 0.968",0.355000000000018,1,0.355000000000018,80
"vary_k",10000,79,28,"SVP Gaussian / none / c = 0.968",0.356999999999971,1,0.356999999999971,80
"vary_k",10000,79,29,"SVP Gaussian / none / c = 0.968",0.356000000000222,1,0.356000000000222,80
"vary_k",10000,79,30,"SVP Gaussian / none / c = 0.968",0.356999999999971,1,0.356999999999971,80
"vary_k",10000,79,31,"SVP Gaussian / none / c = 0.968",0.355999999999767,1,0.355999999999767,80
"vary_k",10000,79,32,"SVP Gaussian / none / c = 0.968",0.356000000000222,1,0.356000000000222,80
"vary_k",10000,79,33,"SVP Gaussian / none / c = 0.968",0.35799999999972,1,0.35799999999972,80
"vary_k",10000,79,34,"SVP Gaussian / none / c = 0.968",0.356999999999971,1,0.356999999999971,80
"vary_k",10000,79,35,"SVP Gaussian / none / c = 0.968",0.35799999999972,1,0.35799999999972,80
"vary_k",10000,79,36,"SVP Gaussian / none / c = 0.968",0.356999999999971,1,0.356999999999971,80
"vary_k",10000,79,37,"SVP Gaussian / none / c = 0.968",0.360000000000127,1,0.360000000000127,80
"vary_k",10000,79,38,"SVP Gaussian / none / c = 0.968",0.355000000000018,1,0.355000000000018,80
"vary_k",10000,79,39,"SVP Gaussian / none / c = 0.968",0.356000000000222,1,0.356000000000222,80
"vary_k",10000,79,40,"SVP Gaussian / none / c = 0.968",0.356000000000222,1,0.356000000000222,80
"vary_k",10000,79,41,"SVP Gaussian / none / c = 0.968",0.358999999999924,1,0.358999999999924,80
"vary_k",10000,79,42,"SVP Gaussian / none / c = 0.968",0.358000000000175,1,0.358000000000175,80
"vary_k",10000,79,43,"SVP Gaussian / none / c = 0.968",0.356000000000222,1,0.356000000000222,80
"vary_k",10000,79,44,"SVP Gaussian / none / c = 0.968",0.353999999999814,1,0.353999999999814,80
"vary_k",10000,79,45,"SVP Gaussian / none / c = 0.968",0.356999999999971,1,0.356999999999971,80
"vary_k",10000,79,46,"SVP Gaussian / none / c = 0.968",0.355999999999767,1,0.355999999999767,80
"vary_k",10000,79,47,"SVP Gaussian / none / c = 0.968",0.355000000000018,1,0.355000000000018,80
"vary_k",10000,79,48,"SVP Gaussian / none / c = 0.968",0.355000000000018,1,0.355000000000018,80
"vary_k",10000,80,13,"SVP Gaussian / none / c = 0.968",0.358999999999924,1,0.358999999999924,81
"vary_k",10000,80,14,"SVP Gaussian / none / c = 0.968",0.356999999999971,1,0.356999999999971,81
"vary_k",10000,80,15,"SVP Gaussian / none / c = 0.968",0.35799999999972,1,0.35799999999972,81
"vary_k",10000,80,16,"SVP Gaussian / none / c = 0.968",0.356999999999971,1,0.356999999999971,81
"vary_k",10000,80,17,"SVP Gaussian / none / c = 0.968",0.35799999999972,1,0.35799999999972,81
"vary_k",10000,80,18,"SVP Gaussian / none / c = 0.968",0.356000000000222,1,0.356000000000222,81
"vary_k",10000,80,19,"SVP Gaussian / none / c = 0.968",0.356000000000222,1,0.356000000000222,81
"vary_k",10000,80,20,"SVP Gaussian / none / c = 0.968",0.35799999999972,1,0.35799999999972,81
"vary_k",10000,80,21,"SVP Gaussian / none / c = 0.968",0.356999999999971,1,0.356999999999971,81
"vary_k",10000,80,22,"SVP Gaussian / none / c = 0.968",0.355999999999767,1,0.355999999999767,81
"vary_k",10000,80,23,"SVP Gaussian / none / c = 0.968",0.356999999999971,1,0.356999999999971,81
"vary_k",10000,80,24,"SVP Gaussian / none / c = 0.968",0.356000000000222,1,0.356000000000222,81
"vary_k",10000,80,25,"SVP Gaussian / none / c = 0.968",0.35799999999972,1,0.35799999999972,81
"vary_k",10000,80,26,"SVP Gaussian / none / c = 0.968",0.356999999999971,1,0.356999999999971,81
"vary_k",10000,80,27,"SVP Gaussian / none / c = 0.968",0.361000000000331,1,0.361000000000331,82
"vary_k",10000,80,28,"SVP Gaussian / none / c = 0.968",0.355999999999767,1,0.355999999999767,81
"vary_k",10000,80,29,"SVP Gaussian / none / c = 0.968",0.356000000000222,1,0.356000000000222,81
"vary_k",10000,80,30,"SVP Gaussian / none / c = 0.968",0.356999999999971,1,0.356999999999971,81
"vary_k",10000,80,31,"SVP Gaussian / none / c = 0.968",0.358999999999924,1,0.358999999999924,81
"vary_k",10000,80,32,"SVP Gaussian / none / c = 0.968",0.356999999999971,1,0.356999999999971,81
"vary_k",10000,80,33,"SVP Gaussian / none / c = 0.968",0.355000000000018,1,0.355000000000018,81
"vary_k",10000,80,34,"SVP Gaussian / none / c = 0.968",0.358000000000175,1,0.358000000000175,81
"vary_k",10000,80,35,"SVP Gaussian / none / c = 0.968",0.360000000000127,1,0.360000000000127,81
"vary_k",10000,80,36,"SVP Gaussian / none / c = 0.968",0.355999999999767,1,0.355999999999767,81
"vary_k",10000,80,37,"SVP Gaussian / none / c = 0.968",0.356999999999971,1,0.356999999999971,81
"vary_k",10000,80,38,"SVP Gaussian / none / c = 0.968",0.356000000000222,1,0.356000000000222,81
"vary_k",10000,80,39,"SVP Gaussian / none / c = 0.968",0.356999999999971,1,0.356999999999971,82
"vary_k",10000,80,40,"SVP Gaussian / none / c = 0.968",0.358000000000175,1,0.358000000000175,81
"vary_k",10000,80,41,"SVP Gaussian / none / c = 0.968",0.358000000000175,1,0.358000000000175,81
"vary_k",10000,80,42,"SVP Gaussian / none / c = 0.968",0.356999999999971,1,0.356999999999971,81
"vary_k",10000,80,43,"SVP Gaussian / none / c = 0.968",0.355000000000018,1,0.355000000000018,81
"vary_k",10000,80,44,"SVP Gaussian / none / c = 0.968",0.355000000000018,1,0.355000000000018,81
"vary_k",10000,80,45,"SVP Gaussian / none / c = 0.968",0.358000000000175,1,0.358000000000175,81
"vary_k",10000,80,46,"SVP Gaussian / none / c = 0.968",0.355999999999767,1,0.355999999999767,81
"vary_k",10000,80,47,"SVP Gaussian / none / c = 0.968",0.355000000000018,1,0.355000000000018,81
"vary_k",10000,80,48,"SVP Gaussian / none / c = 0.968",0.355000000000018,1,0.355000000000018,81
"vary_k",10000,81,13,"SVP Gaussian / none / c = 0.968",0.356000000000222,1,0.356000000000222,82
"vary_k",10000,81,14,"SVP Gaussian / none / c = 0.968",0.356999999999971,1,0.356999999999971,82
"vary_k",10000,81,15,"SVP Gaussian / none / c = 0.968",0.358000000000175,1,0.358000000000175,82
"vary_k",10000,81,16,"SVP Gaussian / none / c = 0.968",0.355999999999767,1,0.355999999999767,82
"vary_k",10000,81,17,"SVP Gaussian / none / c = 0.968",0.355000000000018,1,0.355000000000018,82
"vary_k",10000,81,18,"SVP Gaussian / none / c = 0.968",0.356999999999971,1,0.356999999999971,82
"vary_k",10000,81,19,"SVP Gaussian / none / c = 0.968",0.355999999999767,1,0.355999999999767,82
"vary_k",10000,81,20,"SVP Gaussian / none / c = 0.968",0.355999999999767,1,0.355999999999767,83
"vary_k",10000,81,21,"SVP Gaussian / none / c = 0.968",0.355000000000018,1,0.355000000000018,83
"vary_k",10000,81,22,"SVP Gaussian / none / c = 0.968",0.356000000000222,1,0.356000000000222,82
"vary_k",10000,81,23,"SVP Gaussian / none / c = 0.968",0.359999999999673,1,0.359999999999673,82
"vary_k",10000,81,24,"SVP Gaussian / none / c = 0.968",0.358999999999924,1,0.358999999999924,82
"vary_k",10000,81,25,"SVP Gaussian / none / c = 0.968",0.358000000000175,1,0.358000000000175,82
"vary_k",10000,81,26,"SVP Gaussian / none / c = 0.968",0.356999999999971,1,0.356999999999971,82
"vary_k",10000,81,27,"SVP Gaussian / none / c = 0.968",0.355000000000018,1,0.355000000000018,82
"vary_k",10000,81,28,"SVP Gaussian / none / c = 0.968",0.356999999999971,1,0.356999999999971,82
"vary_k",10000,81,29,"SVP Gaussian / none / c = 0.968",0.356999999999971,1,0.356999999999971,82
"vary_k",10000,81,30,"SVP Gaussian / none / c = 0.968",0.355000000000018,1,0.355000000000018,82
"vary_k",10000,81,31,"SVP Gaussian / none / c = 0.968",0.35799999999972,1,0.35799999999972,83
"vary_k",10000,81,32,"SVP Gaussian / none / c = 0.968",0.357000000000426,1,0.357000000000426,82
"vary_k",10000,81,33,"SVP Gaussian / none / c = 0.968",0.35799999999972,1,0.35799999999972,82
"vary_k",10000,81,34,"SVP Gaussian / none / c = 0.968",0.355999999999767,1,0.355999999999767,82
"vary_k",10000,81,35,"SVP Gaussian / none / c = 0.968",0.356999999999971,1,0.356999999999971,82
"vary_k",10000,81,36,"SVP Gaussian / none / c = 0.968",0.358000000000175,1,0.358000000000175,82
"vary_k",10000,81,37,"SVP Gaussian / none / c = 0.968",0.355999999999767,1,0.355999999999767,83
"vary_k",10000,81,38,"SVP Gaussian / none / c = 0.968",0.356999999999971,1,0.356999999999971,82
"vary_k",10000,81,39,"SVP Gaussian / none / c = 0.968",0.356000000000222,1,0.356000000000222,82
"vary_k",10000,81,40,"SVP Gaussian / none / c = 0.968",0.356999999999971,1,0.356999999999971,82
"vary_k",10000,81,41,"SVP Gaussian / none / c = 0.968",0.358000000000175,1,0.358000000000175,82
"vary_k",10000,81,42,"SVP Gaussian / none / c = 0.968",0.356000000000222,1,0.356000000000222,82
"vary_k",10000,81,43,"SVP Gaussian / none / c = 0.968",0.358000000000175,1,0.358000000000175,82
"vary_k",10000,81,44,"SVP Gaussian / none / c = 0.968",0.355999999999767,1,0.355999999999767,82
"vary_k",10000,81,45,"SVP Gaussian / none / c = 0.968",0.356000000000222,1,0.356000000000222,82
"vary_k",10000,81,46,"SVP Gaussian / none / c = 0.968",0.356000000000222,1,0.356000000000222,82
"vary_k",10000,81,47,"SVP Gaussian / none / c = 0.968",0.356999999999971,1,0.356999999999971,82
"vary_k",10000,81,48,"SVP Gaussian / none / c = 0.968",0.356999999999971,1,0.356999999999971,82
"vary_k",10000,82,13,"SVP Gaussian / none / c = 0.968",0.358000000000175,1,0.358000000000175,83
"vary_k",10000,82,14,"SVP Gaussian / none / c = 0.968",0.35799999999972,1,0.35799999999972,83
"vary_k",10000,82,15,"SVP Gaussian / none / c = 0.968",0.358000000000175,1,0.358000000000175,83
"vary_k",10000,82,16,"SVP Gaussian / none / c = 0.968",0.356999999999971,1,0.356999999999971,83
"vary_k",10000,82,17,"SVP Gaussian / none / c = 0.968",0.35799999999972,1,0.35799999999972,83
"vary_k",10000,82,18,"SVP Gaussian / none / c = 0.968",0.355999999999767,1,0.355999999999767,83
"vary_k",10000,82,19,"SVP Gaussian / none / c = 0.968",0.355000000000018,1,0.355000000000018,84
"vary_k",10000,82,20,"SVP Gaussian / none / c = 0.968",0.356000000000222,1,0.356000000000222,83
"vary_k",10000,82,21,"SVP Gaussian / none / c = 0.968",0.356999999999971,1,0.356999999999971,83
"vary_k",10000,82,22,"SVP Gaussian / none / c = 0.968",0.358999999999924,1,0.358999999999924,83
"vary_k",10000,82,23,"SVP Gaussian / none / c = 0.968",0.356000000000222,1,0.356000000000222,83
"vary_k",10000,82,24,"SVP Gaussian / none / c = 0.968",0.355000000000018,1,0.355000000000018,83
"vary_k",10000,82,25,"SVP Gaussian / none / c = 0.968",0.356999999999971,1,0.356999999999971,83
"vary_k",10000,82,26,"SVP Gaussian / none / c = 0.968",0.356999999999971,1,0.356999999999971,84
"vary_k",10000,82,27,"SVP Gaussian / none / c = 0.968",0.356999999999971,1,0.356999999999971,83
"vary_k",10000,82,28,"SVP Gaussian / none / c = 0.968",0.358000000000175,1,0.358000000000175,83
"vary_k",10000,82,29,"SVP Gaussian / none / c = 0.968",0.356999999999971,1,0.356999999999971,83
"vary_k",10000,82,30,"SVP Gaussian / none / c = 0.968",0.358000000000175,1,0.358000000000175,83
"vary_k",10000,82,31,"SVP Gaussian / none / c = 0.968",0.356999999999971,1,0.356999999999971,83
"vary_k",10000,82,32,"SVP Gaussian / none / c = 0.968",0.356000000000222,1,0.356000000000222,83
"vary_k",10000,82,33,"SVP Gaussian / none / c = 0.968",0.353999999999814,1,0.353999999999814,83
"vary_k",10000,82,34,"SVP Gaussian / none / c = 0.968",0.356999999999971,1,0.356999999999971,83
"vary_k",10000,82,35,"SVP Gaussian / none / c = 0.968",0.355000000000018,1,0.355000000000018,83
"vary_k",10000,82,36,"SVP Gaussian / none / c = 0.968",0.356999999999971,1,0.356999999999971,83
"vary_k",10000,82,37,"SVP Gaussian / none / c = 0.968",0.357000000000426,1,0.357000000000426,83
"vary_k",10000,82,38,"SVP Gaussian / none / c = 0.968",0.359999999999673,1,0.359999999999673,84
"vary_k",10000,82,39,"SVP Gaussian / none / c = 0.968",0.35799999999972,1,0.35799999999972,83
"vary_k",10000,82,40,"SVP Gaussian / none / c = 0.968",0.357000000000426,1,0.357000000000426,83
"vary_k",10000,82,41,"SVP Gaussian / none / c = 0.968",0.356999999999971,1,0.356999999999971,83
"vary_k",10000,82,42,"SVP Gaussian / none / c = 0.968",0.360000000000127,1,0.360000000000127,83
"vary_k",10000,82,43,"SVP Gaussian / none / c = 0.968",0.358000000000175,1,0.358000000000175,83
"vary_k",10000,82,44,"SVP Gaussian / none / c = 0.968",0.356999999999971,1,0.356999999999971,83
"vary_k",10000,82,45,"SVP Gaussian / none / c = 0.968",0.355999999999767,1,0.355999999999767,83
"vary_k",10000,82,46,"SVP Gaussian / none / c = 0.968",0.356999999999971,1,0.356999999999971,83
"vary_k",10000,82,47,"SVP Gaussian / none / c = 0.968",0.358999999999924,1,0.358999999999924,83
"vary_k",10000,82,48,"SVP Gaussian / none / c = 0.968",0.358000000000175,1,0.358000000000175,83
"vary_k",10000,83,13,"SVP Gaussian / none / c = 0.968",0.358999999999924,1,0.358999999999924,84
"vary_k",10000,83,14,"SVP Gaussian / none / c = 0.968",0.357000000000426,1,0.357000000000426,84
"vary_k",10000,83,15,"SVP Gaussian / none / c = 0.968",0.35799999999972,1,0.35799999999972,84
"vary_k",10000,83,16,"SVP Gaussian / none / c = 0.968",0.356999999999971,1,0.356999999999971,84
"vary_k",10000,83,17,"SVP Gaussian / none / c = 0.968",0.355000000000018,1,0.355000000000018,84
"vary_k",10000,83,18,"SVP Gaussian / none / c = 0.968",0.358000000000175,1,0.358000000000175,84
"vary_k",10000,83,19,"SVP Gaussian / none / c = 0.968",0.355000000000018,1,0.355000000000018,84
"vary_k",10000,83,20,"SVP Gaussian / none / c = 0.968",0.353999999999814,1,0.353999999999814,84
"vary_k",10000,83,21,"SVP Gaussian / none / c = 0.968",0.355999999999767,1,0.355999999999767,84
"vary_k",10000,83,22,"SVP Gaussian / none / c = 0.968",0.358000000000175,1,0.358000000000175,85
"vary_k",10000,83,23,"SVP Gaussian / none / c = 0.968",0.358000000000175,1,0.358000000000175,84
"vary_k",10000,83,24,"SVP Gaussian / none / c = 0.968",0.35799999999972,1,0.35799999999972,84
"vary_k",10000,83,25,"SVP Gaussian / none / c = 0.968",0.356999999999971,1,0.356999999999971,84
"vary_k",10000,83,26,"SVP Gaussian / none / c = 0.968",0.356999999999971,1,0.356999999999971,84
"vary_k",10000,83,27,"SVP Gaussian / none / c = 0.968",0.356000000000222,1,0.356000000000222,84
"vary_k",10000,83,28,"SVP Gaussian / none / c = 0.968",0.356999999999971,1,0.356999999999971,84
"vary_k",10000,83,29,"SVP Gaussian / none / c = 0.968",0.355999999999767,1,0.355999999999767,84
"vary_k",10000,83,30,"SVP Gaussian / none / c = 0.968",0.358000000000175,1,0.358000000000175,84
"vary_k",10000,83,31,"SVP Gaussian / none / c = 0.968",0.356000000000222,1,0.356000000000222,84
"vary_k",10000,83,32,"SVP Gaussian / none / c = 0.968",0.355999999999767,1,0.355999999999767,84
"vary_k",10000,83,33,"SVP Gaussian / none / c = 0.968",0.356999999999971,1,0.356999999999971,84
"vary_k",10000,83,34,"SVP Gaussian / none / c = 0.968",0.356999999999971,1,0.356999999999971,84
"vary_k",10000,83,35,"SVP Gaussian / none / c = 0.968",0.355000000000018,1,0.355000000000018,84
"vary_k",10000,83,36,"SVP Gaussian / none / c = 0.968",0.362999999999829,1,0.362999999999829,84
"vary_k",10000,83,37,"SVP Gaussian / none / c = 0.968",0.35799999999972,1,0.35799999999972,84
"vary_k",10000,83,38,"SVP Gaussian / none / c = 0.968",0.355000000000018,1,0.355000000000018,84
"vary_k",10000,83,39,"SVP Gaussian / none / c = 0.968",0.356999999999971,1,0.356999999999971,84
"vary_k",10000,83,40,"SVP Gaussian / none / c = 0.968",0.356999999999971,1,0.356999999999971,84
"vary_k",10000,83,41,"SVP Gaussian / none / c = 0.968",0.356999999999971,1,0.356999999999971,84
"vary_k",10000,83,42,"SVP Gaussian / none / c = 0.968",0.358999999999924,1,0.358999999999924,84
"vary_k",10000,83,43,"SVP Gaussian / none / c = 0.968",0.356999999999971,1,0.356999999999971,84
"vary_k",10000,83,44,"SVP Gaussian / none / c = 0.968",0.356999999999971,1,0.356999999999971,84
"vary_k",10000,83,45,"SVP Gaussian / none / c = 0.968",0.356999999999971,1,0.356999999999971,84
"vary_k",10000,83,46,"SVP Gaussian / none / c = 0.968",0.355999999999767,1,0.355999999999767,84
"vary_k",10000,83,47,"SVP Gaussian / none / c = 0.968",0.356999999999971,1,0.356999999999971,84
"vary_k",10000,83,48,"SVP Gaussian / none / c = 0.968",0.358999999999924,1,0.358999999999924,84
"vary_k",10000,84,13,"SVP Gaussian / none / c = 0.968",0.353999999999814,1,0.353999999999814,85
"vary_k",10000,84,14,"SVP Gaussian / none / c = 0.968",0.358999999999924,1,0.358999999999924,85
"vary_k",10000,84,15,"SVP Gaussian / none / c = 0.968",0.357000000000426,1,0.357000000000426,85
"vary_k",10000,84,16,"SVP Gaussian / none / c = 0.968",0.355999999999767,1,0.355999999999767,85
"vary_k",10000,84,17,"SVP Gaussian / none / c = 0.968",0.356000000000222,1,0.356000000000222,85
"vary_k",10000,84,18,"SVP Gaussian / none / c = 0.968",0.35799999999972,1,0.35799999999972,85
"vary_k",10000,84,19,"SVP Gaussian / none / c = 0.968",0.355000000000018,1,0.355000000000018,85
"vary_k",10000,84,20,"SVP Gaussian / none / c = 0.968",0.359000000000378,1,0.359000000000378,85
"vary_k",10000,84,21,"SVP Gaussian / none / c = 0.968",0.358999999999924,1,0.358999999999924,85
"vary_k",10000,84,22,"SVP Gaussian / none / c = 0.968",0.358999999999924,1,0.358999999999924,85
"vary_k",10000,84,23,"SVP Gaussian / none / c = 0.968",0.356000000000222,1,0.356000000000222,85
"vary_k",10000,84,24,"SVP Gaussian / none / c = 0.968",0.355999999999767,1,0.355999999999767,85
"vary_k",10000,84,25,"SVP Gaussian / none / c = 0.968",0.356999999999971,1,0.356999999999971,85
"vary_k",10000,84,26,"SVP Gaussian / none / c = 0.968",0.356999999999971,1,0.356999999999971,85
"vary_k",10000,84,27,"SVP Gaussian / none / c = 0.968",0.360000000000127,1,0.360000000000127,85
"vary_k",10000,84,28,"SVP Gaussian / none / c = 0.968",0.358000000000175,1,0.358000000000175,85
"vary_k",10000,84,29,"SVP Gaussian / none / c = 0.968",0.358000000000175,1,0.358000000000175,85
"vary_k",10000,84,30,"SVP Gaussian / none / c = 0.968",0.356000000000222,1,0.356000000000222,85
"vary_k",10000,84,31,"SVP Gaussian / none / c = 0.968",0.355000000000018,1,0.355000000000018,85
"vary_k",10000,84,32,"SVP Gaussian / none / c = 0.968",0.35799999999972,1,0.35799999999972,85
"vary_k",10000,84,33,"SVP Gaussian / none / c = 0.968",0.361999999999625,1,0.361999999999625,85
"vary_k",10000,84,34,"SVP Gaussian / none / c = 0.968",0.356999999999971,1,0.356999999999971,85
"vary_k",10000,84,35,"SVP Gaussian / none / c = 0.968",0.356999999999971,1,0.356999999999971,85
"vary_k",10000,84,36,"SVP Gaussian / none / c = 0.968",0.355999999999767,1,0.355999999999767,85
"vary_k",10000,84,37,"SVP Gaussian / none / c = 0.968",0.356999999999971,1,0.356999999999971,85
"vary_k",10000,84,38,"SVP Gaussian / none / c = 0.968",0.355000000000018,1,0.355000000000018,85
"vary_k",10000,84,39,"SVP Gaussian / none / c = 0.968",0.355000000000018,1,0.355000000000018,85
"vary_k",10000,84,40,"SVP Gaussian / none / c = 0.968",0.35799999999972,1,0.35799999999972,85
"vary_k",10000,84,41,"SVP Gaussian / none / c = 0.968",0.35799999999972,1,0.35799999999972,85
"vary_k",10000,84,42,"SVP Gaussian / none / c = 0.968",0.358000000000175,1,0.358000000000175,85
"vary_k",10000,84,43,"SVP Gaussian / none / c = 0.968",0.356000000000222,1,0.356000000000222,85
"vary_k",10000,84,44,"SVP Gaussian / none / c = 0.968",0.356999999999971,1,0.356999999999971,86
"vary_k",10000,84,45,"SVP Gaussian / none / c = 0.968",0.358000000000175,1,0.358000000000175,85
"vary_k",10000,84,46,"SVP Gaussian / none / c = 0.968",0.355999999999767,1,0.355999999999767,85
"vary_k",10000,84,47,"SVP Gaussian / none / c = 0.968",0.358999999999924,1,0.358999999999924,85
"vary_k",10000,84,48,"SVP Gaussian / none / c = 0.968",0.360999999999876,1,0.360999999999876,85
"vary_k",10000,85,13,"SVP Gaussian / none / c = 0.968",0.356999999999971,1,0.356999999999971,86
"vary_k",10000,85,14,"SVP Gaussian / none / c = 0.968",0.35799999999972,1,0.35799999999972,86
"vary_k",10000,85,15,"SVP Gaussian / none / c = 0.968",0.358999999999924,1,0.358999999999924,86
"vary_k",10000,85,16,"SVP Gaussian / none / c = 0.968",0.358999999999924,1,0.358999999999924,86
"vary_k",10000,85,17,"SVP Gaussian / none / c = 0.968",0.356000000000222,1,0.356000000000222,87
"vary_k",10000,85,18,"SVP Gaussian / none / c = 0.968",0.355999999999767,1,0.355999999999767,86
"vary_k",10000,85,19,"SVP Gaussian / none / c = 0.968",0.358000000000175,1,0.358000000000175,87
"vary_k",10000,85,20,"SVP Gaussian / none / c = 0.968",0.360999999999876,1,0.360999999999876,86
"vary_k",10000,85,21,"SVP Gaussian / none / c = 0.968",0.355999999999767,1,0.355999999999767,86
"vary_k",10000,85,22,"SVP Gaussian / none / c = 0.968",0.355999999999767,1,0.355999999999767,86
"vary_k",10000,85,23,"SVP Gaussian / none / c = 0.968",0.356999999999971,1,0.356999999999971,86
"vary_k",10000,85,24,"SVP Gaussian / none / c = 0.968",0.358000000000175,1,0.358000000000175,86
"vary_k",10000,85,25,"SVP Gaussian / none / c = 0.968",0.356999999999971,1,0.356999999999971,86
"vary_k",10000,85,26,"SVP Gaussian / none / c = 0.968",0.358999999999924,1,0.358999999999924,86
"vary_k",10000,85,27,"SVP Gaussian / none / c = 0.968",0.358000000000175,1,0.358000000000175,86
"vary_k",10000,85,28,"SVP Gaussian / none / c = 0.968",0.358999999999924,1,0.358999999999924,86
"vary_k",10000,85,29,"SVP Gaussian / none / c = 0.968",0.355999999999767,1,0.355999999999767,86
"vary_k",10000,85,30,"SVP Gaussian / none / c = 0.968",0.361000000000331,1,0.361000000000331,86
"vary_k",10000,85,31,"SVP Gaussian / none / c = 0.968",0.355999999999767,1,0.355999999999767,86
"vary_k",10000,85,32,"SVP Gaussian / none / c = 0.968",0.356000000000222,1,0.356000000000222,86
"vary_k",10000,85,33,"SVP Gaussian / none / c = 0.968",0.356999999999971,1,0.356999999999971,86
"vary_k",10000,85,34,"SVP Gaussian / none / c = 0.968",0.355999999999767,1,0.355999999999767,86
"vary_k",10000,85,35,"SVP Gaussian / none / c = 0.968",0.356999999999971,1,0.356999999999971,86
"vary_k",10000,85,36,"SVP Gaussian / none / c = 0.968",0.356999999999971,1,0.356999999999971,86
"vary_k",10000,85,37,"SVP Gaussian / none / c = 0.968",0.355999999999767,1,0.355999999999767,86
"vary_k",10000,85,38,"SVP Gaussian / none / c = 0.968",0.359000000000378,1,0.359000000000378,86
"vary_k",10000,85,39,"SVP Gaussian / none / c = 0.968",0.358999999999924,1,0.358999999999924,86
"vary_k",10000,85,40,"SVP Gaussian / none / c = 0.968",0.358000000000175,1,0.358000000000175,86
"vary_k",10000,85,41,"SVP Gaussian / none / c = 0.968",0.355999999999767,1,0.355999999999767,86
"vary_k",10000,85,42,"SVP Gaussian / none / c = 0.968",0.356000000000222,1,0.356000000000222,86
"vary_k",10000,85,43,"SVP Gaussian / none / c = 0.968",0.358999999999924,1,0.358999999999924,86
"vary_k",10000,85,44,"SVP Gaussian / none / c = 0.968",0.356000000000222,1,0.356000000000222,86
"vary_k",10000,85,45,"SVP Gaussian / none / c = 0.968",0.356999999999971,1,0.356999999999971,86
"vary_k",10000,85,46,"SVP Gaussian / none / c = 0.968",0.356999999999971,1,0.356999999999971,86
"vary_k",10000,85,47,"SVP Gaussian / none / c = 0.968",0.356999999999971,1,0.356999999999971,86
"vary_k",10000,85,48,"SVP Gaussian / none / c = 0.968",0.358000000000175,1,0.358000000000175,87
"vary_k",10000,86,13,"SVP Gaussian / none / c = 0.968",0.356000000000222,1,0.356000000000222,87
"vary_k",10000,86,14,"SVP Gaussian / none / c = 0.968",0.35799999999972,1,0.35799999999972,87
"vary_k",10000,86,15,"SVP Gaussian / none / c = 0.968",0.355999999999767,1,0.355999999999767,87
"vary_k",10000,86,16,"SVP Gaussian / none / c = 0.968",0.358000000000175,1,0.358000000000175,87
"vary_k",10000,86,17,"SVP Gaussian / none / c = 0.968",0.35799999999972,1,0.35799999999972,87
"vary_k",10000,86,18,"SVP Gaussian / none / c = 0.968",0.356000000000222,1,0.356000000000222,87
"vary_k",10000,86,19,"SVP Gaussian / none / c = 0.968",0.356999999999971,1,0.356999999999971,87
"vary_k",10000,86,20,"SVP Gaussian / none / c = 0.968",0.358999999999924,1,0.358999999999924,87
"vary_k",10000,86,21,"SVP Gaussian / none / c = 0.968",0.359999999999673,1,0.359999999999673,87
"vary_k",10000,86,22,"SVP Gaussian / none / c = 0.968",0.359000000000378,1,0.359000000000378,87
"vary_k",10000,86,23,"SVP Gaussian / none / c = 0.968",0.356999999999971,1,0.356999999999971,88
"vary_k",10000,86,24,"SVP Gaussian / none / c = 0.968",0.356999999999971,1,0.356999999999971,87
"vary_k",10000,86,25,"SVP Gaussian / none / c = 0.968",0.355999999999767,1,0.355999999999767,87
"vary_k",10000,86,26,"SVP Gaussian / none / c = 0.968",0.356999999999971,1,0.356999999999971,87
"vary_k",10000,86,27,"SVP Gaussian / none / c = 0.968",0.356999999999971,1,0.356999999999971,87
"vary_k",10000,86,28,"SVP Gaussian / none / c = 0.968",0.358000000000175,1,0.358000000000175,87
"vary_k",10000,86,29,"SVP Gaussian / none / c = 0.968",0.356999999999971,1,0.356999999999971,87
"vary_k",10000,86,30,"SVP Gaussian / none / c = 0.968",0.356999999999971,1,0.356999999999971,87
"vary_k",10000,86,31,"SVP Gaussian / none / c = 0.968",0.356999999999971,1,0.356999999999971,87
"vary_k",10000,86,32,"SVP Gaussian / none / c = 0.968",0.355999999999767,1,0.355999999999767,87
"vary_k",10000,86,33,"SVP Gaussian / none / c = 0.968",0.358999999999924,1,0.358999999999924,87
"vary_k",10000,86,34,"SVP Gaussian / none / c = 0.968",0.356999999999971,1,0.356999999999971,87
"vary_k",10000,86,35,"SVP Gaussian / none / c = 0.968",0.358999999999924,1,0.358999999999924,87
"vary_k",10000,86,36,"SVP Gaussian / none / c = 0.968",0.35799999999972,1,0.35799999999972,87
"vary_k",10000,86,37,"SVP Gaussian / none / c = 0.968",0.360999999999876,1,0.360999999999876,87
"vary_k",10000,86,38,"SVP Gaussian / none / c = 0.968",0.358999999999924,1,0.358999999999924,87
"vary_k",10000,86,39,"SVP Gaussian / none / c = 0.968",0.358000000000175,1,0.358000000000175,87
"vary_k",10000,86,40,"SVP Gaussian / none / c = 0.968",0.360000000000127,1,0.360000000000127,87
"vary_k",10000,86,41,"SVP Gaussian / none / c = 0.968",0.358000000000175,1,0.358000000000175,87
"vary_k",10000,86,42,"SVP Gaussian / none / c = 0.968",0.356999999999971,1,0.356999999999971,87
"vary_k",10000,86,43,"SVP Gaussian / none / c = 0.968",0.355000000000018,1,0.355000000000018,87
"vary_k",10000,86,44,"SVP Gaussian / none / c = 0.968",0.358000000000175,1,0.358000000000175,87
"vary_k",10000,86,45,"SVP Gaussian / none / c = 0.968",0.356999999999971,1,0.356999999999971,87
"vary_k",10000,86,46,"SVP Gaussian / none / c = 0.968",0.358999999999924,1,0.358999999999924,87
"vary_k",10000,86,47,"SVP Gaussian / none / c = 0.968",0.359999999999673,1,0.359999999999673,87
"vary_k",10000,86,48,"SVP Gaussian / none / c = 0.968",0.359999999999673,1,0.359999999999673,87
"vary_k",10000,87,13,"SVP Gaussian / none / c = 0.968",0.356999999999971,1,0.356999999999971,88
"vary_k",10000,87,14,"SVP Gaussian / none / c = 0.968",0.358000000000175,1,0.358000000000175,88
"vary_k",10000,87,15,"SVP Gaussian / none / c = 0.968",0.35799999999972,1,0.35799999999972,88
"vary_k",10000,87,16,"SVP Gaussian / none / c = 0.968",0.358999999999924,1,0.358999999999924,89
"vary_k",10000,87,17,"SVP Gaussian / none / c = 0.968",0.358999999999924,1,0.358999999999924,88
"vary_k",10000,87,18,"SVP Gaussian / none / c = 0.968",0.355000000000018,1,0.355000000000018,88
"vary_k",10000,87,19,"SVP Gaussian / none / c = 0.968",0.356999999999971,1,0.356999999999971,88
"vary_k",10000,87,20,"SVP Gaussian / none / c = 0.968",0.358999999999924,1,0.358999999999924,88
"vary_k",10000,87,21,"SVP Gaussian / none / c = 0.968",0.35799999999972,1,0.35799999999972,88
"vary_k",10000,87,22,"SVP Gaussian / none / c = 0.968",0.358000000000175,1,0.358000000000175,88
"vary_k",10000,87,23,"SVP Gaussian / none / c = 0.968",0.358000000000175,1,0.358000000000175,88
"vary_k",10000,87,24,"SVP Gaussian / none / c = 0.968",0.355999999999767,1,0.355999999999767,88
"vary_k",10000,87,25,"SVP Gaussian / none / c = 0.968",0.35799999999972,1,0.35799999999972,88
"vary_k",10000,87,26,"SVP Gaussian / none / c = 0.968",0.358999999999924,1,0.358999999999924,88
"vary_k",10000,87,27,"SVP Gaussian / none / c = 0.968",0.358999999999924,1,0.358999999999924,88
"vary_k",10000,87,28,"SVP Gaussian / none / c = 0.968",0.358000000000175,1,0.358000000000175,88
"vary_k",10000,87,29,"SVP Gaussian / none / c = 0.968",0.358000000000175,1,0.358000000000175,88
"vary_k",10000,87,30,"SVP Gaussian / none / c = 0.968",0.356999999999971,1,0.356999999999971,88
"vary_k",10000,87,31,"SVP Gaussian / none / c = 0.968",0.355999999999767,1,0.355999999999767,88
"vary_k",10000,87,32,"SVP Gaussian / none / c = 0.968",0.356000000000222,1,0.356000000000222,88
"vary_k",10000,87,33,"SVP Gaussian / none / c = 0.968",0.357000000000426,1,0.357000000000426,88
"vary_k",10000,87,34,"SVP Gaussian / none / c = 0.968",0.355999999999767,1,0.355999999999767,88
"vary_k",10000,87,35,"SVP Gaussian / none / c = 0.968",0.359999999999673,1,0.359999999999673,88
"vary_k",10000,87,36,"SVP Gaussian / none / c = 0.968",0.358000000000175,1,0.358000000000175,89
"vary_k",10000,87,37,"SVP Gaussian / none / c = 0.968",0.35799999999972,1,0.35799999999972,88
"vary_k",10000,87,38,"SVP Gaussian / none / c = 0.968",0.358999999999924,1,0.358999999999924,88
"vary_k",10000,87,39,"SVP Gaussian / none / c = 0.968",0.356999999999971,1,0.356999999999971,88
"vary_k",10000,87,40,"SVP Gaussian / none / c = 0.968",0.358000000000175,1,0.358000000000175,88
"vary_k",10000,87,41,"SVP Gaussian / none / c = 0.968",0.358000000000175,1,0.358000000000175,89
"vary_k",10000,87,42,"SVP Gaussian / none / c = 0.968",0.356999999999971,1,0.356999999999971,88
"vary_k",10000,87,43,"SVP Gaussian / none / c = 0.968",0.35799999999972,1,0.35799999999972,88
"vary_k",10000,87,44,"SVP Gaussian / none / c = 0.968",0.356000000000222,1,0.356000000000222,88
"vary_k",10000,87,45,"SVP Gaussian / none / c = 0.968",0.358000000000175,1,0.358000000000175,88
"vary_k",10000,87,46,"SVP Gaussian / none / c = 0.968",0.358000000000175,1,0.358000000000175,88
"vary_k",10000,87,47,"SVP Gaussian / none / c = 0.968",0.355000000000018,1,0.355000000000018,88
"vary_k",10000,87,48,"SVP Gaussian / none / c = 0.968",0.356000000000222,1,0.356000000000222,88
"vary_k",10000,88,13,"SVP Gaussian / none / c = 0.968",0.358999999999924,1,0.358999999999924,89
"vary_k",10000,88,14,"SVP Gaussian / none / c = 0.968",0.359999999999673,1,0.359999999999673,89
"vary_k",10000,88,15,"SVP Gaussian / none / c = 0.968",0.357000000000426,1,0.357000000000426,89
"vary_k",10000,88,16,"SVP Gaussian / none / c = 0.968",0.35799999999972,1,0.35799999999972,90
"vary_k",10000,88,17,"SVP Gaussian / none / c = 0.968",0.356999999999971,1,0.356999999999971,89
"vary_k",10000,88,18,"SVP Gaussian / none / c = 0.968",0.358000000000175,1,0.358000000000175,89
"vary_k",10000,88,19,"SVP Gaussian / none / c = 0.968",0.35799999999972,1,0.35799999999972,89
"vary_k",10000,88,20,"SVP Gaussian / none / c = 0.968",0.35799999999972,1,0.35799999999972,89
"vary_k",10000,88,21,"SVP Gaussian / none / c = 0.968",0.358000000000175,1,0.358000000000175,89
"vary_k",10000,88,22,"SVP Gaussian / none / c = 0.968",0.356999999999971,1,0.356999999999971,89
"vary_k",10000,88,23,"SVP Gaussian / none / c = 0.968",0.358000000000175,1,0.358000000000175,89
"vary_k",10000,88,24,"SVP Gaussian / none / c = 0.968",0.356999999999971,1,0.356999999999971,89
"vary_k",10000,88,25,"SVP Gaussian / none / c = 0.968",0.358999999999924,1,0.358999999999924,89
"vary_k",10000,88,26,"SVP Gaussian / none / c = 0.968",0.356000000000222,1,0.356000000000222,89
"vary_k",10000,88,27,"SVP Gaussian / none / c = 0.968",0.356000000000222,1,0.356000000000222,89
"vary_k",10000,88,28,"SVP Gaussian / none / c = 0.968",0.35799999999972,1,0.35799999999972,89
"vary_k",10000,88,29,"SVP Gaussian / none / c = 0.968",0.35799999999972,1,0.35799999999972,89
"vary_k",10000,88,30,"SVP Gaussian / none / c = 0.968",0.360000000000127,1,0.360000000000127,89
"vary_k",10000,88,31,"SVP Gaussian / none / c = 0.968",0.358000000000175,1,0.358000000000175,89
"vary_k",10000,88,32,"SVP Gaussian / none / c = 0.968",0.359999999999673,1,0.359999999999673,89
"vary_k",10000,88,33,"SVP Gaussian / none / c = 0.968",0.356999999999971,1,0.356999999999971,89
"vary_k",10000,88,34,"SVP Gaussian / none / c = 0.968",0.358000000000175,1,0.358000000000175,89
"vary_k",10000,88,35,"SVP Gaussian / none / c = 0.968",0.355999999999767,1,0.355999999999767,89
"vary_k",10000,88,36,"SVP Gaussian / none / c = 0.968",0.360000000000127,1,0.360000000000127,89
"vary_k",10000,88,37,"SVP Gaussian / none / c = 0.968",0.359000000000378,1,0.359000000000378,89
"vary_k",10000,88,38,"SVP Gaussian / none / c = 0.968",0.356999999999971,1,0.356999999999971,89
"vary_k",10000,88,39,"SVP Gaussian / none / c = 0.968",0.35799999999972,1,0.35799999999972,89
"vary_k",10000,88,40,"SVP Gaussian / none / c = 0.968",0.356999999999971,1,0.356999999999971,89
"vary_k",10000,88,41,"SVP Gaussian / none / c = 0.968",0.355999999999767,1,0.355999999999767,89
"vary_k",10000,88,42,"SVP Gaussian / none / c = 0.968",0.356999999999971,1,0.356999999999971,89
"vary_k",10000,88,43,"SVP Gaussian / none / c = 0.968",0.356000000000222,1,0.356000000000222,89
"vary_k",10000,88,44,"SVP Gaussian / none / c = 0.968",0.360000000000127,1,0.360000000000127,90
"vary_k",10000,88,45,"SVP Gaussian / none / c = 0.968",0.356999999999971,1,0.356999999999971,89
"vary_k",10000,88,46,"SVP Gaussian / none / c = 0.968",0.361999999999625,1,0.361999999999625,89
"vary_k",10000,88,47,"SVP Gaussian / none / c = 0.968",0.355000000000018,1,0.355000000000018,89
"vary_k",10000,88,48,"SVP Gaussian / none / c = 0.968",0.360000000000127,1,0.360000000000127,89
"vary_k",10000,89,13,"SVP Gaussian / none / c = 0.968",0.35799999999972,1,0.35799999999972,90
"vary_k",10000,89,14,"SVP Gaussian / none / c = 0.968",0.356999999999971,1,0.356999999999971,90
"vary_k",10000,89,15,"SVP Gaussian / none / c = 0.968",0.355999999999767,1,0.355999999999767,91
"vary_k",10000,89,16,"SVP Gaussian / none / c = 0.968",0.356999999999971,1,0.356999999999971,90
"vary_k",10000,89,17,"SVP Gaussian / none / c = 0.968",0.356999999999971,1,0.356999999999971,90
"vary_k",10000,89,18,"SVP Gaussian / none / c = 0.968",0.358000000000175,1,0.358000000000175,90
"vary_k",10000,89,19,"SVP Gaussian / none / c = 0.968",0.356000000000222,1,0.356000000000222,90
"vary_k",10000,89,20,"SVP Gaussian / none / c = 0.968",0.356000000000222,1,0.356000000000222,90
"vary_k",10000,89,21,"SVP Gaussian / none / c = 0.968",0.358000000000175,1,0.358000000000175,90
"vary_k",10000,89,22,"SVP Gaussian / none / c = 0.968",0.356000000000222,1,0.356000000000222,90
"vary_k",10000,89,23,"SVP Gaussian / none / c = 0.968",0.356999999999971,1,0.356999999999971,91
"vary_k",10000,89,24,"SVP Gaussian / none / c = 0.968",0.358999999999924,1,0.358999999999924,90
"vary_k",10000,89,25,"SVP Gaussian / none / c = 0.968",0.355000000000018,1,0.355000000000018,90
"vary_k",10000,89,26,"SVP Gaussian / none / c = 0.968",0.355000000000018,1,0.355000000000018,90
"vary_k",10000,89,27,"SVP Gaussian / none / c = 0.968",0.356999999999971,1,0.356999999999971,90
"vary_k",10000,89,28,"SVP Gaussian / none / c = 0.968",0.355999999999767,1,0.355999999999767,90
"vary_k",10000,89,29,"SVP Gaussian / none / c = 0.968",0.353999999999814,1,0.353999999999814,90
"vary_k",10000,89,30,"SVP Gaussian / none / c = 0.968",0.355999999999767,1,0.355999999999767,90
"vary_k",10000,89,31,"SVP Gaussian / none / c = 0.968",0.355000000000018,1,0.355000000000018,90
"vary_k",10000,89,32,"SVP Gaussian / none / c = 0.968",0.356999999999971,1,0.356999999999971,90
"vary_k",10000,89,33,"SVP Gaussian / none / c = 0.968",0.355999999999767,1,0.355999999999767,90
"vary_k",10000,89,34,"SVP Gaussian / none / c = 0.968",0.356999999999971,1,0.356999999999971,90
"vary_k",10000,89,35,"SVP Gaussian / none / c = 0.968",0.355999999999767,1,0.355999999999767,90
"vary_k",10000,89,36,"SVP Gaussian / none / c = 0.968",0.35799999999972,1,0.35799999999972,90
"vary_k",10000,89,37,"SVP Gaussian / none / c = 0.968",0.35799999999972,1,0.35799999999972,90
"vary_k",10000,89,38,"SVP Gaussian / none / c = 0.968",0.356000000000222,1,0.356000000000222,90
"vary_k",10000,89,39,"SVP Gaussian / none / c = 0.968",0.356000000000222,1,0.356000000000222,90
"vary_k",10000,89,40,"SVP Gaussian / none / c = 0.968",0.358000000000175,1,0.358000000000175,90
"vary_k",10000,89,41,"SVP Gaussian / none / c = 0.968",0.355000000000018,1,0.355000000000018,90
"vary_k",10000,89,42,"SVP Gaussian / none / c = 0.968",0.355999999999767,1,0.355999999999767,90
"vary_k",10000,89,43,"SVP Gaussian / none / c = 0.968",0.355999999999767,1,0.355999999999767,90
"vary_k",10000,89,44,"SVP Gaussian / none / c = 0.968",0.356999999999971,1,0.356999999999971,90
"vary_k",10000,89,45,"SVP Gaussian / none / c = 0.968",0.356000000000222,1,0.356000000000222,90
"vary_k",10000,89,46,"SVP Gaussian / none / c = 0.968",0.355000000000018,1,0.355000000000018,90
"vary_k",10000,89,47,"SVP Gaussian / none / c = 0.968",0.355999999999767,1,0.355999999999767,90
"vary_k",10000,89,48,"SVP Gaussian / none / c = 0.968",0.35799999999972,1,0.35799999999972,90
"vary_k",10000,90,13,"SVP Gaussian / none / c = 0.968",0.355999999999767,1,0.355999999999767,91
"vary_k",10000,90,14,"SVP Gaussian / none / c = 0.968",0.355999999999767,1,0.355999999999767,91
"vary_k",10000,90,15,"SVP Gaussian / none / c = 0.968",0.356000000000222,1,0.356000000000222,91
"vary_k",10000,90,16,"SVP Gaussian / none / c = 0.968",0.359999999999673,1,0.359999999999673,91
"vary_k",10000,90,17,"SVP Gaussian / none / c = 0.968",0.356000000000222,1,0.356000000000222,91
"vary_k",10000,90,18,"SVP Gaussian / none / c = 0.968",0.358999999999924,1,0.358999999999924,91
"vary_k",10000,90,19,"SVP Gaussian / none / c = 0.968",0.358000000000175,1,0.358000000000175,91
"vary_k",10000,90,20,"SVP Gaussian / none / c = 0.968",0.355000000000018,1,0.355000000000018,91
"vary_k",10000,90,21,"SVP Gaussian / none / c = 0.968",0.356000000000222,1,0.356000000000222,91
"vary_k",10000,90,22,"SVP Gaussian / none / c = 0.968",0.35799999999972,1,0.35799999999972,91
"vary_k",10000,90,23,"SVP Gaussian / none / c = 0.968",0.356000000000222,1,0.356000000000222,91
"vary_k",10000,90,24,"SVP Gaussian / none / c = 0.968",0.356999999999971,1,0.356999999999971,92
"vary_k",10000,90,25,"SVP Gaussian / none / c = 0.968",0.35799999999972,1,0.35799999999972,91
"vary_k",10000,90,26,"SVP Gaussian / none / c = 0.968",0.356999999999971,1,0.356999999999971,91
"vary_k",10000,90,27,"SVP Gaussian / none / c = 0.968",0.355000000000018,1,0.355000000000018,91
"vary_k",10000,90,28,"SVP Gaussian / none / c = 0.968",0.358000000000175,1,0.358000000000175,92
"vary_k",10000,90,29,"SVP Gaussian / none / c = 0.968",0.355999999999767,1,0.355999999999767,91
"vary_k",10000,90,30,"SVP Gaussian / none / c = 0.968",0.356999999999971,1,0.356999999999971,91
"vary_k",10000,90,31,"SVP Gaussian / none / c = 0.968",0.354000000000269,1,0.354000000000269,91
"vary_k",10000,90,32,"SVP Gaussian / none / c = 0.968",0.355999999999767,1,0.355999999999767,91
"vary_k",10000,90,33,"SVP Gaussian / none / c = 0.968",0.35799999999972,1,0.35799999999972,91
"vary_k",10000,90,34,"SVP Gaussian / none / c = 0.968",0.358999999999924,1,0.358999999999924,91
"vary_k",10000,90,35,"SVP Gaussian / none / c = 0.968",0.355999999999767,1,0.355999999999767,91
"vary_k",10000,90,36,"SVP Gaussian / none / c = 0.968",0.356999999999971,1,0.356999999999971,91
"vary_k",10000,90,37,"SVP Gaussian / none / c = 0.968",0.358000000000175,1,0.358000000000175,91
"vary_k",10000,90,38,"SVP Gaussian / none / c = 0.968",0.355000000000018,1,0.355000000000018,91
"vary_k",10000,90,39,"SVP Gaussian / none / c = 0.968",0.356999999999971,1,0.356999999999971,91
"vary_k",10000,90,40,"SVP Gaussian / none / c = 0.968",0.355000000000018,1,0.355000000000018,91
"vary_k",10000,90,41,"SVP Gaussian / none / c = 0.968",0.356000000000222,1,0.356000000000222,91
"vary_k",10000,90,42,"SVP Gaussian / none / c = 0.968",0.358000000000175,1,0.358000000000175,92
"vary_k",10000,90,43,"SVP Gaussian / none / c = 0.968",0.355999999999767,1,0.355999999999767,91
"vary_k",10000,90,44,"SVP Gaussian / none / c = 0.968",0.356999999999971,1,0.356999999999971,91
"vary_k",10000,90,45,"SVP Gaussian / none / c = 0.968",0.356999999999971,1,0.356999999999971,92
"vary_k",10000,90,46,"SVP Gaussian / none / c = 0.968",0.356999999999971,1,0.356999999999971,91
"vary_k",10000,90,47,"SVP Gaussian / none / c = 0.968",0.358999999999924,1,0.358999999999924,91
"vary_k",10000,90,48,"SVP Gaussian / none / c = 0.968",0.359000000000378,1,0.359000000000378,91
"vary_k",10000,91,13,"SVP Gaussian / none / c = 0.968",0.356999999999971,1,0.356999999999971,92
"vary_k",10000,91,14,"SVP Gaussian / none / c = 0.968",0.356999999999971,1,0.356999999999971,92
"vary_k",10000,91,15,"SVP Gaussian / none / c = 0.968",0.358000000000175,1,0.358000000000175,92
"vary_k",10000,91,16,"SVP Gaussian / none / c = 0.968",0.355000000000018,1,0.355000000000018,92
"vary_k",10000,91,17,"SVP Gaussian / none / c = 0.968",0.358000000000175,1,0.358000000000175,92
"vary_k",10000,91,18,"SVP Gaussian / none / c = 0.968",0.356999999999971,1,0.356999999999971,92
"vary_k",10000,91,19,"SVP Gaussian / none / c = 0.968",0.356999999999971,1,0.356999999999971,92
"vary_k",10000,91,20,"SVP Gaussian / none / c = 0.968",0.356999999999971,1,0.356999999999971,93
"vary_k",10000,91,21,"SVP Gaussian / none / c = 0.968",0.355999999999767,1,0.355999999999767,92
"vary_k",10000,91,22,"SVP Gaussian / none / c = 0.968",0.356999999999971,1,0.356999999999971,92
"vary_k",10000,91,23,"SVP Gaussian / none / c = 0.968",0.356000000000222,1,0.356000000000222,92
"vary_k",10000,91,24,"SVP Gaussian / none / c = 0.968",0.355000000000018,1,0.355000000000018,92
"vary_k",10000,91,25,"SVP Gaussian / none / c = 0.968",0.356999999999971,1,0.356999999999971,92
"vary_k",10000,91,26,"SVP Gaussian / none / c = 0.968",0.355000000000018,1,0.355000000000018,92
"vary_k",10000,91,27,"SVP Gaussian / none / c = 0.968",0.355999999999767,1,0.355999999999767,92
"vary_k",10000,91,28,"SVP Gaussian / none / c = 0.968",0.356999999999971,1,0.356999999999971,92
"vary_k",10000,91,29,"SVP Gaussian / none / c = 0.968",0.356000000000222,1,0.356000000000222,92
"vary_k",10000,91,30,"SVP Gaussian / none / c = 0.968",0.355000000000018,1,0.355000000000018,92
"vary_k",10000,91,31,"SVP Gaussian / none / c = 0.968",0.359000000000378,1,0.359000000000378,92
"vary_k",10000,91,32,"SVP Gaussian / none / c = 0.968",0.356999999999971,1,0.356999999999971,92
"vary_k",10000,91,33,"SVP Gaussian / none / c = 0.968",0.356000000000222,1,0.356000000000222,92
"vary_k",10000,91,34,"SVP Gaussian / none / c = 0.968",0.356999999999971,1,0.356999999999971,92
"vary_k",10000,91,35,"SVP Gaussian / none / c = 0.968",0.356999999999971,1,0.356999999999971,92
"vary_k",10000,91,36,"SVP Gaussian / none / c = 0.968",0.356999999999971,1,0.356999999999971,92
"vary_k",10000,91,37,"SVP Gaussian / none / c = 0.968",0.35799999999972,1,0.35799999999972,92
"vary_k",10000,91,38,"SVP Gaussian / none / c = 0.968",0.355999999999767,1,0.355999999999767,92
"vary_k",10000,91,39,"SVP Gaussian / none / c = 0.968",0.355999999999767,1,0.355999999999767,92
"vary_k",10000,91,40,"SVP Gaussian / none / c = 0.968",0.355999999999767,1,0.355999999999767,92
"vary_k",10000,91,41,"SVP Gaussian / none / c = 0.968",0.356999999999971,1,0.356999999999971,92
"vary_k",10000,91,42,"SVP Gaussian / none / c = 0.968",0.356000000000222,1,0.356000000000222,92
"vary_k",10000,91,43,"SVP Gaussian / none / c = 0.968",0.359999999999673,1,0.359999999999673,92
"vary_k",10000,91,44,"SVP Gaussian / none / c = 0.968",0.358000000000175,1,0.358000000000175,93
"vary_k",10000,91,45,"SVP Gaussian / none / c = 0.968",0.358000000000175,1,0.358000000000175,93
"vary_k",10000,91,46,"SVP Gaussian / none / c = 0.968",0.358999999999924,1,0.358999999999924,92
"vary_k",10000,91,47,"SVP Gaussian / none / c = 0.968",0.358999999999924,1,0.358999999999924,92
"vary_k",10000,91,48,"SVP Gaussian / none / c = 0.968",0.358000000000175,1,0.358000000000175,92
"vary_k",10000,92,13,"SVP Gaussian / none / c = 0.968",0.356000000000222,1,0.356000000000222,93
"vary_k",10000,92,14,"SVP Gaussian / none / c = 0.968",0.358999999999924,1,0.358999999999924,93
"vary_k",10000,92,15,"SVP Gaussian / none / c = 0.968",0.355000000000018,1,0.355000000000018,93
"vary_k",10000,92,16,"SVP Gaussian / none / c = 0.968",0.35799999999972,1,0.35799999999972,93
"vary_k",10000,92,17,"SVP Gaussian / none / c = 0.968",0.358999999999924,1,0.358999999999924,94
"vary_k",10000,92,18,"SVP Gaussian / none / c = 0.968",0.357000000000426,1,0.357000000000426,93
"vary_k",10000,92,19,"SVP Gaussian / none / c = 0.968",0.356999999999971,1,0.356999999999971,94
"vary_k",10000,92,20,"SVP Gaussian / none / c = 0.968",0.364000000000033,1,0.364000000000033,93
"vary_k",10000,92,21,"SVP Gaussian / none / c = 0.968",0.356000000000222,1,0.356000000000222,93
"vary_k",10000,92,22,"SVP Gaussian / none / c = 0.968",0.356999999999971,1,0.356999999999971,93
"vary_k",10000,92,23,"SVP Gaussian / none / c = 0.968",0.355999999999767,1,0.355999999999767,93
"vary_k",10000,92,24,"SVP Gaussian / none / c = 0.968",0.356999999999971,1,0.356999999999971,93
"vary_k",10000,92,25,"SVP Gaussian / none / c = 0.968",0.358000000000175,1,0.358000000000175,93
"vary_k",10000,92,26,"SVP Gaussian / none / c = 0.968",0.360000000000127,1,0.360000000000127,93
"vary_k",10000,92,27,"SVP Gaussian / none / c = 0.968",0.358000000000175,1,0.358000000000175,93
"vary_k",10000,92,28,"SVP Gaussian / none / c = 0.968",0.356999999999971,1,0.356999999999971,93
"vary_k",10000,92,29,"SVP Gaussian / none / c = 0.968",0.358000000000175,1,0.358000000000175,93
"vary_k",10000,92,30,"SVP Gaussian / none / c = 0.968",0.354000000000269,1,0.354000000000269,93
"vary_k",10000,92,31,"SVP Gaussian / none / c = 0.968",0.360000000000127,1,0.360000000000127,93
"vary_k",10000,92,32,"SVP Gaussian / none / c = 0.968",0.355999999999767,1,0.355999999999767,93
"vary_k",10000,92,33,"SVP Gaussian / none / c = 0.968",0.355999999999767,1,0.355999999999767,93
"vary_k",10000,92,34,"SVP Gaussian / none / c = 0.968",0.358999999999924,1,0.358999999999924,93
"vary_k",10000,92,35,"SVP Gaussian / none / c = 0.968",0.358000000000175,1,0.358000000000175,93
"vary_k",10000,92,36,"SVP Gaussian / none / c = 0.968",0.356000000000222,1,0.356000000000222,93
"vary_k",10000,92,37,"SVP Gaussian / none / c = 0.968",0.356999999999971,1,0.356999999999971,93
"vary_k",10000,92,38,"SVP Gaussian / none / c = 0.968",0.356999999999971,1,0.356999999999971,93
"vary_k",10000,92,39,"SVP Gaussian / none / c = 0.968",0.355999999999767,1,0.355999999999767,93
"vary_k",10000,92,40,"SVP Gaussian / none / c = 0.968",0.356999999999971,1,0.356999999999971,93
"vary_k",10000,92,41,"SVP Gaussian / none / c = 0.968",0.355000000000018,1,0.355000000000018,93
"vary_k",10000,92,42,"SVP Gaussian / none / c = 0.968",0.356999999999971,1,0.356999999999971,93
"vary_k",10000,92,43,"SVP Gaussian / none / c = 0.968",0.356000000000222,1,0.356000000000222,93
"vary_k",10000,92,44,"SVP Gaussian / none / c = 0.968",0.354999999999563,1,0.354999999999563,93
"vary_k",10000,92,45,"SVP Gaussian / none / c = 0.968",0.356000000000222,1,0.356000000000222,94
"vary_k",10000,92,46,"SVP Gaussian / none / c = 0.968",0.356999999999971,1,0.356999999999971,93
"vary_k",10000,92,47,"SVP Gaussian / none / c = 0.968",0.356999999999971,1,0.356999999999971,93
"vary_k",10000,92,48,"SVP Gaussian / none / c = 0.968",0.356999999999971,1,0.356999999999971,93
"vary_k",10000,93,13,"SVP Gaussian / none / c = 0.968",0.356999999999971,1,0.356999999999971,94
"vary_k",10000,93,14,"SVP Gaussian / none / c = 0.968",0.356999999999971,1,0.356999999999971,94
"vary_k",10000,93,15,"SVP Gaussian / none / c = 0.968",0.358000000000175,1,0.358000000000175,94
"vary_k",10000,93,16,"SVP Gaussian / none / c = 0.968",0.358999999999924,1,0.358999999999924,94
"vary_k",10000,93,17,"SVP Gaussian / none / c = 0.968",0.358999999999924,1,0.358999999999924,94
"vary_k",10000,93,18,"SVP Gaussian / none / c = 0.968",0.358000000000175,1,0.358000000000175,94
"vary_k",10000,93,19,"SVP Gaussian / none / c = 0.968",0.355000000000018,1,0.355000000000018,94
"vary_k",10000,93,20,"SVP Gaussian / none / c = 0.968",0.356999999999971,1,0.356999999999971,94
"vary_k",10000,93,21,"SVP Gaussian / none / c = 0.968",0.355999999999767,1,0.355999999999767,94
"vary_k",10000,93,22,"SVP Gaussian / none / c = 0.968",0.356000000000222,1,0.356000000000222,94
"vary_k",10000,93,23,"SVP Gaussian / none / c = 0.968",0.35799999999972,1,0.35799999999972,94
"vary_k",10000,93,24,"SVP Gaussian / none / c = 0.968",0.356999999999971,1,0.356999999999971,95
"vary_k",10000,93,25,"SVP Gaussian / none / c = 0.968",0.360000000000127,1,0.360000000000127,94
"vary_k",10000,93,26,"SVP Gaussian / none / c = 0.968",0.358000000000175,1,0.358000000000175,94
"vary_k",10000,93,27,"SVP Gaussian / none / c = 0.968",0.356000000000222,1,0.356000000000222,94
"vary_k",10000,93,28,"SVP Gaussian / none / c = 0.968",0.358999999999924,1,0.358999999999924,94
"vary_k",10000,93,29,"SVP Gaussian / none / c = 0.968",0.355999999999767,1,0.355999999999767,94
"vary_k",10000,93,30,"SVP Gaussian / none / c = 0.968",0.356999999999971,1,0.356999999999971,94
"vary_k",10000,93,31,"SVP Gaussian / none / c = 0.968",0.356999999999971,1,0.356999999999971,94
"vary_k",10000,93,32,"SVP Gaussian / none / c = 0.968",0.356999999999971,1,0.356999999999971,94
"vary_k",10000,93,33,"SVP Gaussian / none / c = 0.968",0.356999999999971,1,0.356999999999971,95
"vary_k",10000,93,34,"SVP Gaussian / none / c = 0.968",0.35799999999972,1,0.35799999999972,94
"vary_k",10000,93,35,"SVP Gaussian / none / c = 0.968",0.356999999999971,1,0.356999999999971,94
"vary_k",10000,93,36,"SVP Gaussian / none / c = 0.968",0.356999999999971,1,0.356999999999971,94
"vary_k",10000,93,37,"SVP Gaussian / none / c = 0.968",0.356000000000222,1,0.356000000000222,94
"vary_k",10000,93,38,"SVP Gaussian / none / c = 0.968",0.356999999999971,1,0.356999999999971,94
"vary_k",10000,93,39,"SVP Gaussian / none / c = 0.968",0.358999999999924,1,0.358999999999924,94
"vary_k",10000,93,40,"SVP Gaussian / none / c = 0.968",0.35799999999972,1,0.35799999999972,95
"vary_k",10000,93,41,"SVP Gaussian / none / c = 0.968",0.358000000000175,1,0.358000000000175,94
"vary_k",10000,93,42,"SVP Gaussian / none / c = 0.968",0.356999999999971,1,0.356999999999971,94
"vary_k",10000,93,43,"SVP Gaussian / none / c = 0.968",0.360000000000127,1,0.360000000000127,94
"vary_k",10000,93,44,"SVP Gaussian / none / c = 0.968",0.358999999999924,1,0.358999999999924,94
"vary_k",10000,93,45,"SVP Gaussian / none / c = 0.968",0.355999999999767,1,0.355999999999767,95
"vary_k",10000,93,46,"SVP Gaussian / none / c = 0.968",0.360000000000127,1,0.360000000000127,95
"vary_k",10000,93,47,"SVP Gaussian / none / c = 0.968",0.356999999999971,1,0.356999999999971,94
"vary_k",10000,93,48,"SVP Gaussian / none / c = 0.968",0.356999999999971,1,0.356999999999971,94
"vary_k",10000,94,13,"SVP Gaussian / none / c = 0.968",0.356000000000222,1,0.356000000000222,95
"vary_k",10000,94,14,"SVP Gaussian / none / c = 0.968",0.356999999999971,1,0.356999999999971,95
"vary_k",10000,94,15,"SVP Gaussian / none / c = 0.968",0.35799999999972,1,0.35799999999972,95
"vary_k",10000,94,16,"SVP Gaussian / none / c = 0.968",0.356999999999971,1,0.356999999999971,95
"vary_k",10000,94,17,"SVP Gaussian / none / c = 0.968",0.358000000000175,1,0.358000000000175,95
"vary_k",10000,94,18,"SVP Gaussian / none / c = 0.968",0.35799999999972,1,0.35799999999972,95
"vary_k",10000,94,19,"SVP Gaussian / none / c = 0.968",0.355999999999767,1,0.355999999999767,95
"vary_k",10000,94,20,"SVP Gaussian / none / c = 0.968",0.356999999999971,1,0.356999999999971,95
"vary_k",10000,94,21,"SVP Gaussian / none / c = 0.968",0.356999999999971,1,0.356999999999971,95
"vary_k",10000,94,22,"SVP Gaussian / none / c = 0.968",0.355999999999767,1,0.355999999999767,95
"vary_k",10000,94,23,"SVP Gaussian / none / c = 0.968",0.358000000000175,1,0.358000000000175,95
"vary_k",10000,94,24,"SVP Gaussian / none / c = 0.968",0.356999999999971,1,0.356999999999971,95
"vary_k",10000,94,25,"SVP Gaussian / none / c = 0.968",0.360000000000127,1,0.360000000000127,95
"vary_k",10000,94,26,"SVP Gaussian / none / c = 0.968",0.356999999999971,1,0.356999999999971,95
"vary_k",10000,94,27,"SVP Gaussian / none / c = 0.968",0.358999999999924,1,0.358999999999924,95
"vary_k",10000,94,28,"SVP Gaussian / none / c = 0.968",0.360000000000127,1,0.360000000000127,95
"vary_k",10000,94,29,"SVP Gaussian / none / c = 0.968",0.355999999999767,1,0.355999999999767,95
"vary_k",10000,94,30,"SVP Gaussian / none / c = 0.968",0.354000000000269,1,0.354000000000269,95
"vary_k",10000,94,31,"SVP Gaussian / none / c = 0.968",0.358000000000175,1,0.358000000000175,95
"vary_k",10000,94,32,"SVP Gaussian / none / c = 0.968",0.358000000000175,1,0.358000000000175,96
"vary_k",10000,94,33,"SVP Gaussian / none / c = 0.968",0.360000000000127,1,0.360000000000127,95
"vary_k",10000,94,34,"SVP Gaussian / none / c = 0.968",0.357000000000426,1,0.357000000000426,96
"vary_k",10000,94,35,"SVP Gaussian / none / c = 0.968",0.35799999999972,1,0.35799999999972,95
"vary_k",10000,94,36,"SVP Gaussian / none / c = 0.968",0.356000000000222,1,0.356000000000222,96
"vary_k",10000,94,37,"SVP Gaussian / none / c = 0.968",0.356999999999971,1,0.356999999999971,95
"vary_k",10000,94,38,"SVP Gaussian / none / c = 0.968",0.356999999999971,1,0.356999999999971,95
"vary_k",10000,94,39,"SVP Gaussian / none / c = 0.968",0.358999999999924,1,0.358999999999924,95
"vary_k",10000,94,40,"SVP Gaussian / none / c = 0.968",0.356999999999971,1,0.356999999999971,95
"vary_k",10000,94,41,"SVP Gaussian / none / c = 0.968",0.35799999999972,1,0.35799999999972,95
"vary_k",10000,94,42,"SVP Gaussian / none / c = 0.968",0.356999999999971,1,0.356999999999971,95
"vary_k",10000,94,43,"SVP Gaussian / none / c = 0.968",0.356999999999971,1,0.356999999999971,95
"vary_k",10000,94,44,"SVP Gaussian / none / c = 0.968",0.35799999999972,1,0.35799999999972,95
"vary_k",10000,94,45,"SVP Gaussian / none / c = 0.968",0.358000000000175,1,0.358000000000175,95
"vary_k",10000,94,46,"SVP Gaussian / none / c = 0.968",0.358999999999924,1,0.358999999999924,95
"vary_k",10000,94,47,"SVP Gaussian / none / c = 0.968",0.355999999999767,1,0.355999999999767,95
"vary_k",10000,94,48,"SVP Gaussian / none / c = 0.968",0.355000000000018,1,0.355000000000018,96
"vary_k",10000,95,13,"SVP Gaussian / none / c = 0.968",0.358000000000175,1,0.358000000000175,96
"vary_k",10000,95,14,"SVP Gaussian / none / c = 0.968",0.356999999999971,1,0.356999999999971,96
"vary_k",10000,95,15,"SVP Gaussian / none / c = 0.968",0.356999999999971,1,0.356999999999971,96
"vary_k",10000,95,16,"SVP Gaussian / none / c = 0.968",0.358000000000175,1,0.358000000000175,96
"vary_k",10000,95,17,"SVP Gaussian / none / c = 0.968",0.356999999999971,1,0.356999999999971,96
"vary_k",10000,95,18,"SVP Gaussian / none / c = 0.968",0.358999999999924,1,0.358999999999924,96
"vary_k",10000,95,19,"SVP Gaussian / none / c = 0.968",0.360000000000127,1,0.360000000000127,96
"vary_k",10000,95,20,"SVP Gaussian / none / c = 0.968",0.356999999999971,1,0.356999999999971,96
"vary_k",10000,95,21,"SVP Gaussian / none / c = 0.968",0.356999999999971,1,0.356999999999971,96
"vary_k",10000,95,22,"SVP Gaussian / none / c = 0.968",0.356000000000222,1,0.356000000000222,96
"vary_k",10000,95,23,"SVP Gaussian / none / c = 0.968",0.361000000000331,1,0.361000000000331,97
"vary_k",10000,95,24,"SVP Gaussian / none / c = 0.968",0.356999999999971,1,0.356999999999971,96
"vary_k",10000,95,25,"SVP Gaussian / none / c = 0.968",0.358000000000175,1,0.358000000000175,97
"vary_k",10000,95,26,"SVP Gaussian / none / c = 0.968",0.356999999999971,1,0.356999999999971,96
"vary_k",10000,95,27,"SVP Gaussian / none / c = 0.968",0.35799999999972,1,0.35799999999972,96
"vary_k",10000,95,28,"SVP Gaussian / none / c = 0.968",0.358999999999924,1,0.358999999999924,96
"vary_k",10000,95,29,"SVP Gaussian / none / c = 0.968",0.356999999999971,1,0.356999999999971,96
"vary_k",10000,95,30,"SVP Gaussian / none / c = 0.968",0.356999999999971,1,0.356999999999971,96
"vary_k",10000,95,31,"SVP Gaussian / none / c = 0.968",0.356999999999971,1,0.356999999999971,96
"vary_k",10000,95,32,"SVP Gaussian / none / c = 0.968",0.358000000000175,1,0.358000000000175,96
"vary_k",10000,95,33,"SVP Gaussian / none / c = 0.968",0.356999999999971,1,0.356999999999971,96
"vary_k",10000,95,34,"SVP Gaussian / none / c = 0.968",0.355000000000018,1,0.355000000000018,96
"vary_k",10000,95,35,"SVP Gaussian / none / c = 0.968",0.356000000000222,1,0.356000000000222,96
"vary_k",10000,95,36,"SVP Gaussian / none / c = 0.968",0.355000000000018,1,0.355000000000018,96
"vary_k",10000,95,37,"SVP Gaussian / none / c = 0.968",0.355999999999767,1,0.355999999999767,96
"vary_k",10000,95,38,"SVP Gaussian / none / c = 0.968",0.355000000000018,1,0.355000000000018,96
"vary_k",10000,95,39,"SVP Gaussian / none / c = 0.968",0.358000000000175,1,0.358000000000175,96
"vary_k",10000,95,40,"SVP Gaussian / none / c = 0.968",0.356999999999971,1,0.356999999999971,96
"vary_k",10000,95,41,"SVP Gaussian / none / c = 0.968",0.356999999999971,1,0.356999999999971,96
"vary_k",10000,95,42,"SVP Gaussian / none / c = 0.968",0.356000000000222,1,0.356000000000222,96
"vary_k",10000,95,43,"SVP Gaussian / none / c = 0.968",0.359999999999673,1,0.359999999999673,96
"vary_k",10000,95,44,"SVP Gaussian / none / c = 0.968",0.356999999999971,1,0.356999999999971,96
"vary_k",10000,95,45,"SVP Gaussian / none / c = 0.968",0.358000000000175,1,0.358000000000175,96
"vary_k",10000,95,46,"SVP Gaussian / none / c = 0.968",0.355999999999767,1,0.355999999999767,97
"vary_k",10000,95,47,"SVP Gaussian / none / c = 0.968",0.356999999999971,1,0.356999999999971,96
"vary_k",10000,95,48,"SVP Gaussian / none / c = 0.968",0.358999999999924,1,0.358999999999924,96
"vary_k",10000,96,13,"SVP Gaussian / none / c = 0.968",0.356999999999971,1,0.356999999999971,97
"vary_k",10000,96,14,"SVP Gaussian / none / c = 0.968",0.356999999999971,1,0.356999999999971,97
"vary_k",10000,96,15,"SVP Gaussian / none / c = 0.968",0.35799999999972,1,0.35799999999972,97
"vary_k",10000,96,16,"SVP Gaussian / none / c = 0.968",0.355000000000018,1,0.355000000000018,97
"vary_k",10000,96,17,"SVP Gaussian / none / c = 0.968",0.358000000000175,1,0.358000000000175,97
"vary_k",10000,96,18,"SVP Gaussian / none / c = 0.968",0.356999999999971,1,0.356999999999971,97
"vary_k",10000,96,19,"SVP Gaussian / none / c = 0.968",0.356000000000222,1,0.356000000000222,97
"vary_k",10000,96,20,"SVP Gaussian / none / c = 0.968",0.356000000000222,1,0.356000000000222,97
"vary_k",10000,96,21,"SVP Gaussian / none / c = 0.968",0.355999999999767,1,0.355999999999767,98
"vary_k",10000,96,22,"SVP Gaussian / none / c = 0.968",0.358000000000175,1,0.358000000000175,97
"vary_k",10000,96,23,"SVP Gaussian / none / c = 0.968",0.35799999999972,1,0.35799999999972,97
"vary_k",10000,96,24,"SVP Gaussian / none / c = 0.968",0.355000000000018,1,0.355000000000018,97
"vary_k",10000,96,25,"SVP Gaussian / none / c = 0.968",0.355000000000018,1,0.355000000000018,97
"vary_k",10000,96,26,"SVP Gaussian / none / c = 0.968",0.358000000000175,1,0.358000000000175,97
"vary_k",10000,96,27,"SVP Gaussian / none / c = 0.968",0.353999999999814,1,0.353999999999814,98
"vary_k",10000,96,28,"SVP Gaussian / none / c = 0.968",0.358000000000175,1,0.358000000000175,97
"vary_k",10000,96,29,"SVP Gaussian / none / c = 0.968",0.355000000000018,1,0.355000000000018,97
"vary_k",10000,96,30,"SVP Gaussian / none / c = 0.968",0.358999999999924,1,0.358999999999924,97
"vary_k",10000,96,31,"SVP Gaussian / none / c = 0.968",0.359000000000378,1,0.359000000000378,97
"vary_k",10000,96,32,"SVP Gaussian / none / c = 0.968",0.358999999999924,1,0.358999999999924,98
"vary_k",10000,96,33,"SVP Gaussian / none / c = 0.968",0.362999999999829,1,0.362999999999829,97
"vary_k",10000,96,34,"SVP Gaussian / none / c = 0.968",0.358999999999924,1,0.358999999999924,97
"vary_k",10000,96,35,"SVP Gaussian / none / c = 0.968",0.358000000000175,1,0.358000000000175,97
"vary_k",10000,96,36,"SVP Gaussian / none / c = 0.968",0.360000000000127,1,0.360000000000127,97
"vary_k",10000,96,37,"SVP Gaussian / none / c = 0.968",0.358000000000175,1,0.358000000000175,97
"vary_k",10000,96,38,"SVP Gaussian / none / c = 0.968",0.358000000000175,1,0.358000000000175,98
"vary_k",10000,96,39,"SVP Gaussian / none / c = 0.968",0.358999999999924,1,0.358999999999924,97
"vary_k",10000,96,40,"SVP Gaussian / none / c = 0.968",0.358999999999924,1,0.358999999999924,97
"vary_k",10000,96,41,"SVP Gaussian / none / c = 0.968",0.360999999999876,1,0.360999999999876,97
"vary_k",10000,96,42,"SVP Gaussian / none / c = 0.968",0.35799999999972,1,0.35799999999972,97
"vary_k",10000,96,43,"SVP Gaussian / none / c = 0.968",0.358000000000175,1,0.358000000000175,97
"vary_k",10000,96,44,"SVP Gaussian / none / c = 0.968",0.359000000000378,1,0.359000000000378,97
"vary_k",10000,96,45,"SVP Gaussian / none / c = 0.968",0.356999999999971,1,0.356999999999971,97
"vary_k",10000,96,46,"SVP Gaussian / none / c = 0.968",0.355999999999767,1,0.355999999999767,98
"vary_k",10000,96,47,"SVP Gaussian / none / c = 0.968",0.358000000000175,1,0.358000000000175,97
"vary_k",10000,96,48,"SVP Gaussian / none / c = 0.968",0.358999999999924,1,0.358999999999924,97
"vary_k",10000,97,13,"SVP Gaussian / none / c = 0.968",0.358999999999924,1,0.358999999999924,98
"vary_k",10000,97,14,"SVP Gaussian / none / c = 0.968",0.360000000000127,1,0.360000000000127,98
"vary_k",10000,97,15,"SVP Gaussian / none / c = 0.968",0.358000000000175,1,0.358000000000175,98
"vary_k",10000,97,16,"SVP Gaussian / none / c = 0.968",0.35799999999972,1,0.35799999999972,98
"vary_k",10000,97,17,"SVP Gaussian / none / c = 0.968",0.356999999999971,1,0.356999999999971,98
"vary_k",10000,97,18,"SVP Gaussian / none / c = 0.968",0.358999999999924,1,0.358999999999924,99
"vary_k",10000,97,19,"SVP Gaussian / none / c = 0.968",0.360000000000127,1,0.360000000000127,98
"vary_k",10000,97,20,"SVP Gaussian / none / c = 0.968",0.358000000000175,1,0.358000000000175,98
"vary_k",10000,97,21,"SVP Gaussian / none / c = 0.968",0.358999999999924,1,0.358999999999924,98
"vary_k",10000,97,22,"SVP Gaussian / none / c = 0.968",0.358999999999924,1,0.358999999999924,98
"vary_k",10000,97,23,"SVP Gaussian / none / c = 0.968",0.362999999999829,1,0.362999999999829,98
"vary_k",10000,97,24,"SVP Gaussian / none / c = 0.968",0.358999999999924,1,0.358999999999924,98
"vary_k",10000,97,25,"SVP Gaussian / none / c = 0.968",0.358999999999924,1,0.358999999999924,98
"vary_k",10000,97,26,"SVP Gaussian / none / c = 0.968",0.360000000000127,1,0.360000000000127,98
"vary_k",10000,97,27,"SVP Gaussian / none / c = 0.968",0.360000000000127,1,0.360000000000127,98
"vary_k",10000,97,28,"SVP Gaussian / none / c = 0.968",0.360000000000127,1,0.360000000000127,99
"vary_k",10000,97,29,"SVP Gaussian / none / c = 0.968",0.361000000000331,1,0.361000000000331,98
"vary_k",10000,97,30,"SVP Gaussian / none / c = 0.968",0.358999999999924,1,0.358999999999924,99
"vary_k",10000,97,31,"SVP Gaussian / none / c = 0.968",0.356999999999971,1,0.356999999999971,98
"vary_k",10000,97,32,"SVP Gaussian / none / c = 0.968",0.356999999999971,1,0.356999999999971,98
"vary_k",10000,97,33,"SVP Gaussian / none / c = 0.968",0.357000000000426,1,0.357000000000426,98
"vary_k",10000,97,34,"SVP Gaussian / none / c = 0.968",0.356999999999971,1,0.356999999999971,98
"vary_k",10000,97,35,"SVP Gaussian / none / c = 0.968",0.360000000000127,1,0.360000000000127,98
"vary_k",10000,97,36,"SVP Gaussian / none / c = 0.968",0.358000000000175,1,0.358000000000175,98
"vary_k",10000,97,37,"SVP Gaussian / none / c = 0.968",0.358999999999924,1,0.358999999999924,98
"vary_k",10000,97,38,"SVP Gaussian / none / c = 0.968",0.358999999999924,1,0.358999999999924,99
"vary_k",10000,97,39,"SVP Gaussian / none / c = 0.968",0.358999999999924,1,0.358999999999924,98
"vary_k",10000,97,40,"SVP Gaussian / none / c = 0.968",0.35799999999972,1,0.35799999999972,98
"vary_k",10000,97,41,"SVP Gaussian / none / c = 0.968",0.358000000000175,1,0.358000000000175,98
"vary_k",10000,97,42,"SVP Gaussian / none / c = 0.968",0.356999999999971,1,0.356999999999971,98
"vary_k",10000,97,43,"SVP Gaussian / none / c = 0.968",0.358999999999924,1,0.358999999999924,98
"vary_k",10000,97,44,"SVP Gaussian / none / c = 0.968",0.356000000000222,1,0.356000000000222,98
"vary_k",10000,97,45,"SVP Gaussian / none / c = 0.968",0.356999999999971,1,0.356999999999971,98
"vary_k",10000,97,46,"SVP Gaussian / none / c = 0.968",0.358999999999924,1,0.358999999999924,99
"vary_k",10000,97,47,"SVP Gaussian / none / c = 0.968",0.358999999999924,1,0.358999999999924,99
"vary_k",10000,97,48,"SVP Gaussian / none / c = 0.968",0.356000000000222,1,0.356000000000222,98
"vary_k",10000,98,13,"SVP Gaussian / none / c = 0.968",0.360000000000127,1,0.360000000000127,99
"vary_k",10000,98,14,"SVP Gaussian / none / c = 0.968",0.358999999999924,1,0.358999999999924,99
"vary_k",10000,98,15,"SVP Gaussian / none / c = 0.968",0.358999999999924,1,0.358999999999924,99
"vary_k",10000,98,16,"SVP Gaussian / none / c = 0.968",0.359999999999673,1,0.359999999999673,100
"vary_k",10000,98,17,"SVP Gaussian / none / c = 0.968",0.358000000000175,1,0.358000000000175,99
"vary_k",10000,98,18,"SVP Gaussian / none / c = 0.968",0.358000000000175,1,0.358000000000175,99
"vary_k",10000,98,19,"SVP Gaussian / none / c = 0.968",0.358000000000175,1,0.358000000000175,100
"vary_k",10000,98,20,"SVP Gaussian / none / c = 0.968",0.358999999999924,1,0.358999999999924,99
"vary_k",10000,98,21,"SVP Gaussian / none / c = 0.968",0.359000000000378,1,0.359000000000378,99
"vary_k",10000,98,22,"SVP Gaussian / none / c = 0.968",0.356999999999971,1,0.356999999999971,99
"vary_k",10000,98,23,"SVP Gaussian / none / c = 0.968",0.356999999999971,1,0.356999999999971,99
"vary_k",10000,98,24,"SVP Gaussian / none / c = 0.968",0.358000000000175,1,0.358000000000175,99
"vary_k",10000,98,25,"SVP Gaussian / none / c = 0.968",0.360000000000127,1,0.360000000000127,99
"vary_k",10000,98,26,"SVP Gaussian / none / c = 0.968",0.358000000000175,1,0.358000000000175,99
"vary_k",10000,98,27,"SVP Gaussian / none / c = 0.968",0.356999999999971,1,0.356999999999971,99
"vary_k",10000,98,28,"SVP Gaussian / none / c = 0.968",0.363000000000284,1,0.363000000000284,99
"vary_k",10000,98,29,"SVP Gaussian / none / c = 0.968",0.358999999999924,1,0.358999999999924,99
"vary_k",10000,98,30,"SVP Gaussian / none / c = 0.968",0.358000000000175,1,0.358000000000175,99
"vary_k",10000,98,31,"SVP Gaussian / none / c = 0.968",0.356999999999971,1,0.356999999999971,99
"vary_k",10000,98,32,"SVP Gaussian / none / c = 0.968",0.360000000000127,1,0.360000000000127,99
"vary_k",10000,98,33,"SVP Gaussian / none / c = 0.968",0.358999999999924,1,0.358999999999924,100
"vary_k",10000,98,34,"SVP Gaussian / none / c = 0.968",0.356999999999971,1,0.356999999999971,99
"vary_k",10000,98,35,"SVP Gaussian / none / c = 0.968",0.358999999999924,1,0.358999999999924,99
"vary_k",10000,98,36,"SVP Gaussian / none / c = 0.968",0.358999999999924,1,0.358999999999924,99
"vary_k",10000,98,37,"SVP Gaussian / none / c = 0.968",0.360000000000127,1,0.360000000000127,99
"vary_k",10000,98,38,"SVP Gaussian / none / c = 0.968",0.360999999999876,1,0.360999999999876,99
"vary_k",10000,98,39,"SVP Gaussian / none / c = 0.968",0.358999999999924,1,0.358999999999924,99
"vary_k",10000,98,40,"SVP Gaussian / none / c = 0.968",0.36200000000008,1,0.36200000000008,99
"vary_k",10000,98,41,"SVP Gaussian / none / c = 0.968",0.362999999999829,1,0.362999999999829,99
"vary_k",10000,98,42,"SVP Gaussian / none / c = 0.968",0.365000000000236,1,0.365000000000236,100
"vary_k",10000,98,43,"SVP Gaussian / none / c = 0.968",0.356999999999971,1,0.356999999999971,99
"vary_k",10000,98,44,"SVP Gaussian / none / c = 0.968",0.358999999999924,1,0.358999999999924,99
"vary_k",10000,98,45,"SVP Gaussian / none / c = 0.968",0.358999999999924,1,0.358999999999924,99
"vary_k",10000,98,46,"SVP Gaussian / none / c = 0.968",0.355999999999767,1,0.355999999999767,99
"vary_k",10000,98,47,"SVP Gaussian / none / c = 0.968",0.358999999999924,1,0.358999999999924,99
"vary_k",10000,98,48,"SVP Gaussian / none / c = 0.968",0.358999999999924,1,0.358999999999924,99
"vary_k",10000,99,13,"SVP Gaussian / none / c = 0.968",0.358000000000175,1,0.358000000000175,100
"vary_k",10000,99,14,"SVP Gaussian / none / c = 0.968",0.358000000000175,1,0.358000000000175,100
"vary_k",10000,99,15,"SVP Gaussian / none / c = 0.968",0.360999999999876,1,0.360999999999876,100
"vary_k",10000,99,16,"SVP Gaussian / none / c = 0.968",0.356999999999971,1,0.356999999999971,100
"vary_k",10000,99,17,"SVP Gaussian / none / c = 0.968",0.35799999999972,1,0.35799999999972,100
"vary_k",10000,99,18,"SVP Gaussian / none / c = 0.968",0.358000000000175,1,0.358000000000175,100
"vary_k",10000,99,19,"SVP Gaussian / none / c = 0.968",0.358000000000175,1,0.358000000000175,100
"vary_k",10000,99,20,"SVP Gaussian / none / c = 0.968",0.360000000000127,1,0.360000000000127,100
"vary_k",10000,99,21,"SVP Gaussian / none / c = 0.968",0.358999999999924,1,0.358999999999924,100
"vary_k",10000,99,22,"SVP Gaussian / none / c = 0.968",0.35799999999972,1,0.35799999999972,100
"vary_k",10000,99,23,"SVP Gaussian / none / c = 0.968",0.356999999999971,1,0.356999999999971,100
"vary_k",10000,99,24,"SVP Gaussian / none / c = 0.968",0.359000000000378,1,0.359000000000378,100
"vary_k",10000,99,25,"SVP Gaussian / none / c = 0.968",0.358999999999924,1,0.358999999999924,100
"vary_k",10000,99,26,"SVP Gaussian / none / c = 0.968",0.356999999999971,1,0.356999999999971,100
"vary_k",10000,99,27,"SVP Gaussian / none / c = 0.968",0.358999999999924,1,0.358999999999924,100
"vary_k",10000,99,28,"SVP Gaussian / none / c = 0.968",0.358000000000175,1,0.358000000000175,100
"vary_k",10000,99,29,"SVP Gaussian / none / c = 0.968",0.358999999999924,1,0.358999999999924,100
"vary_k",10000,99,30,"SVP Gaussian / none / c = 0.968",0.356999999999971,1,0.356999999999971,100
"vary_k",10000,99,31,"SVP Gaussian / none / c = 0.968",0.360000000000127,1,0.360000000000127,100
"vary_k",10000,99,32,"SVP Gaussian / none / c = 0.968",0.358000000000175,1,0.358000000000175,100
"vary_k",10000,99,33,"SVP Gaussian / none / c = 0.968",0.35799999999972,1,0.35799999999972,100
"vary_k",10000,99,34,"SVP Gaussian / none / c = 0.968",0.359999999999673,1,0.359999999999673,100
"vary_k",10000,99,35,"SVP Gaussian / none / c = 0.968",0.357000000000426,1,0.357000000000426,100
"vary_k",10000,99,36,"SVP Gaussian / none / c = 0.968",0.356999999999971,1,0.356999999999971,100
"vary_k",10000,99,37,"SVP Gaussian / none / c = 0.968",0.358000000000175,1,0.358000000000175,100
"vary_k",10000,99,38,"SVP Gaussian / none / c = 0.968",0.359999999999673,1,0.359999999999673,101
"vary_k",10000,99,39,"SVP Gaussian / none / c = 0.968",0.360000000000127,1,0.360000000000127,100
"vary_k",10000,99,40,"SVP Gaussian / none / c = 0.968",0.359000000000378,1,0.359000000000378,100
"vary_k",10000,99,41,"SVP Gaussian / none / c = 0.968",0.360000000000127,1,0.360000000000127,100
"vary_k",10000,99,42,"SVP Gaussian / none / c = 0.968",0.36200000000008,1,0.36200000000008,100
"vary_k",10000,99,43,"SVP Gaussian / none / c = 0.968",0.35799999999972,1,0.35799999999972,100
"vary_k",10000,99,44,"SVP Gaussian / none / c = 0.968",0.356999999999971,1,0.356999999999971,100
"vary_k",10000,99,45,"SVP Gaussian / none / c = 0.968",0.360000000000127,1,0.360000000000127,100
"vary_k",10000,99,46,"SVP Gaussian / none / c = 0.968",0.358999999999924,1,0.358999999999924,100
"vary_k",10000,99,47,"SVP Gaussian / none / c = 0.968",0.359000000000378,1,0.359000000000378,100
"vary_k",10000,99,48,"SVP Gaussian / none / c = 0.968",0.35799999999972,1,0.35799999999972,100
"vary_k",10000,100,13,"SVP Gaussian / none / c = 0.968",0.360000000000127,1,0.360000000000127,101
"vary_k",10000,100,14,"SVP Gaussian / none / c = 0.968",0.35799999999972,1,0.35799999999972,101
"vary_k",10000,100,15,"SVP Gaussian / none / c = 0.968",0.356999999999971,1,0.356999999999971,101
"vary_k",10000,100,16,"SVP Gaussian / none / c = 0.968",0.355000000000018,1,0.355000000000018,101
"vary_k",10000,100,17,"SVP Gaussian / none / c = 0.968",0.358999999999924,1,0.358999999999924,101
"vary_k",10000,100,18,"SVP Gaussian / none / c = 0.968",0.356999999999971,1,0.356999999999971,101
"vary_k",10000,100,19,"SVP Gaussian / none / c = 0.968",0.356999999999971,1,0.356999999999971,102
"vary_k",10000,100,20,"SVP Gaussian / none / c = 0.968",0.358999999999924,1,0.358999999999924,101
"vary_k",10000,100,21,"SVP Gaussian / none / c = 0.968",0.358999999999924,1,0.358999999999924,101
"vary_k",10000,100,22,"SVP Gaussian / none / c = 0.968",0.363000000000284,1,0.363000000000284,101
"vary_k",10000,100,23,"SVP Gaussian / none / c = 0.968",0.360000000000127,1,0.360000000000127,101
"vary_k",10000,100,24,"SVP Gaussian / none / c = 0.968",0.361000000000331,1,0.361000000000331,102
"vary_k",10000,100,25,"SVP Gaussian / none / c = 0.968",0.358000000000175,1,0.358000000000175,101
"vary_k",10000,100,26,"SVP Gaussian / none / c = 0.968",0.356999999999971,1,0.356999999999971,101
"vary_k",10000,100,27,"SVP Gaussian / none / c = 0.968",0.358999999999924,1,0.358999999999924,101
"vary_k",10000,100,28,"SVP Gaussian / none / c = 0.968",0.358000000000175,1,0.358000000000175,102
"vary_k",10000,100,29,"SVP Gaussian / none / c = 0.968",0.358000000000175,1,0.358000000000175,101
"vary_k",10000,100,30,"SVP Gaussian / none / c = 0.968",0.360000000000127,1,0.360000000000127,101
"vary_k",10000,100,31,"SVP Gaussian / none / c = 0.968",0.358999999999924,1,0.358999999999924,101
"vary_k",10000,100,32,"SVP Gaussian / none / c = 0.968",0.356000000000222,1,0.356000000000222,101
"vary_k",10000,100,33,"SVP Gaussian / none / c = 0.968",0.356999999999971,1,0.356999999999971,101
"vary_k",10000,100,34,"SVP Gaussian / none / c = 0.968",0.360000000000127,1,0.360000000000127,101
"vary_k",10000,100,35,"SVP Gaussian / none / c = 0.968",0.358000000000175,1,0.358000000000175,101
"vary_k",10000,100,36,"SVP Gaussian / none / c = 0.968",0.359999999999673,1,0.359999999999673,101
"vary_k",10000,100,37,"SVP Gaussian / none / c = 0.968",0.35799999999972,1,0.35799999999972,101
"vary_k",10000,100,38,"SVP Gaussian / none / c = 0.968",0.358000000000175,1,0.358000000000175,101
"vary_k",10000,100,39,"SVP Gaussian / none / c = 0.968",0.364000000000033,1,0.364000000000033,101
"vary_k",10000,100,40,"SVP Gaussian / none / c = 0.968",0.358999999999924,1,0.358999999999924,101
"vary_k",10000,100,41,"SVP Gaussian / none / c = 0.968",0.360000000000127,1,0.360000000000127,101
"vary_k",10000,100,42,"SVP Gaussian / none / c = 0.968",0.358999999999924,1,0.358999999999924,101
"vary_k",10000,100,43,"SVP Gaussian / none / c = 0.968",0.356000000000222,1,0.356000000000222,101
"vary_k",10000,100,44,"SVP Gaussian / none / c = 0.968",0.356999999999971,1,0.356999999999971,101
"vary_k",10000,100,45,"SVP Gaussian / none / c = 0.968",0.360000000000127,1,0.360000000000127,101
"vary_k",10000,100,46,"SVP Gaussian / none / c = 0.968",0.359000000000378,1,0.359000000000378,101
"vary_k",10000,100,47,"SVP Gaussian / none / c = 0.968",0.358999999999924,1,0.358999999999924,102
"vary_k",10000,100,48,"SVP Gaussian / none / c = 0.968",0.356999999999971,1,0.356999999999971,101
"vary_k",10000,0,1,"PELT",0.035,2,0.07,1
"vary_k",10000,0,2,"PELT",0.046,2,0.092,1
"vary_k",10000,0,3,"PELT",0.091,1,0.091,1
"vary_k",10000,0,4,"PELT",0.0879999999999999,1,0.0879999999999999,1
"vary_k",10000,0,5,"PELT",0.0589999999999999,1,0.0589999999999999,1
"vary_k",10000,0,6,"PELT",0.0435,2,0.087,1
"vary_k",10000,0,7,"PELT",0.0900000000000001,1,0.0900000000000001,1
"vary_k",10000,0,8,"PELT",0.0900000000000001,1,0.0900000000000001,1
"vary_k",10000,0,9,"PELT",0.0820000000000001,1,0.0820000000000001,1
"vary_k",10000,0,10,"PELT",0.0910000000000002,1,0.0910000000000002,1
"vary_k",10000,0,11,"PELT",0.0680000000000001,1,0.0680000000000001,1
"vary_k",10000,0,12,"PELT",0.089,1,0.089,1
"vary_k",10000,1,1,"PELT",0.0335000000000001,2,0.0670000000000002,2
"vary_k",10000,1,2,"PELT",0.0449999999999999,2,0.0899999999999999,2
"vary_k",10000,1,3,"PELT",0.0569999999999999,1,0.0569999999999999,2
"vary_k",10000,1,4,"PELT",0.0519999999999996,1,0.0519999999999996,2
"vary_k",10000,1,5,"PELT",0.0454999999999999,2,0.0909999999999997,2
"vary_k",10000,1,6,"PELT",0.046,2,0.0920000000000001,2
"vary_k",10000,1,7,"PELT",0.0455000000000001,2,0.0910000000000002,2
"vary_k",10000,1,8,"PELT",0.046,2,0.0920000000000001,2
"vary_k",10000,1,9,"PELT",0.0389999999999999,2,0.0779999999999998,2
"vary_k",10000,1,10,"PELT",0.046,2,0.0920000000000001,2
"vary_k",10000,1,11,"PELT",0.0434999999999999,2,0.0869999999999997,2
"vary_k",10000,1,12,"PELT",0.0540000000000003,1,0.0540000000000003,2
"vary_k",10000,2,1,"PELT",0.0265,2,0.0529999999999999,3
"vary_k",10000,2,2,"PELT",0.0236666666666667,3,0.0710000000000002,3
"vary_k",10000,2,3,"PELT",0.0233333333333334,3,0.0700000000000003,3
"vary_k",10000,2,4,"PELT",0.0289999999999999,2,0.0579999999999998,3
"vary_k",10000,2,5,"PELT",0.0250000000000001,3,0.0750000000000002,3
"vary_k",10000,2,6,"PELT",0.0305,2,0.0609999999999999,3
"vary_k",10000,2,7,"PELT",0.0309999999999997,2,0.0619999999999994,3
"vary_k",10000,2,8,"PELT",0.0216666666666665,3,0.0649999999999995,3
"vary_k",10000,2,9,"PELT",0.0290000000000004,2,0.0580000000000007,3
"vary_k",10000,2,10,"PELT",0.0259999999999998,3,0.0779999999999994,3
"vary_k",10000,2,11,"PELT",0.0243333333333335,3,0.0730000000000004,3
"vary_k",10000,2,12,"PELT",0.0259999999999998,2,0.0519999999999996,3
"vary_k",10000,3,1,"PELT",0.0217499999999999,4,0.0869999999999997,4
"vary_k",10000,3,2,"PELT",0.0259999999999998,2,0.0519999999999996,4
"vary_k",10000,3,3,"PELT",0.0206666666666665,3,0.0619999999999994,4
"vary_k",10000,3,4,"PELT",0.0213333333333334,3,0.0640000000000001,4
"vary_k",10000,3,5,"PELT",0.0207499999999998,4,0.0829999999999993,4
"vary_k",10000,3,6,"PELT",0.0200000000000002,3,0.0600000000000005,4
"vary_k",10000,3,7,"PELT",0.0233333333333334,3,0.0700000000000003,4
"vary_k",10000,3,8,"PELT",0.0216666666666665,3,0.0649999999999995,4
"vary_k",10000,3,9,"PELT",0.0199999999999999,3,0.0599999999999996,4
"vary_k",10000,3,10,"PELT",0.018,4,0.0720000000000001,4
"vary_k",10000,3,11,"PELT",0.0213333333333334,3,0.0640000000000001,4
"vary_k",10000,3,12,"PELT",0.0255000000000001,2,0.0510000000000002,4
"vary_k",10000,4,1,"PELT",0.0203333333333333,3,0.0609999999999999,5
"vary_k",10000,4,2,"PELT",0.0154999999999998,4,0.0619999999999994,5
"vary_k",10000,4,3,"PELT",0.0170000000000001,3,0.0510000000000002,5
"vary_k",10000,4,4,"PELT",0.0214999999999999,4,0.0859999999999994,5
"vary_k",10000,4,5,"PELT",0.01675,4,0.0670000000000002,5
"vary_k",10000,4,6,"PELT",0.0166666666666666,6,0.0999999999999996,5
"vary_k",10000,4,7,"PELT",0.0183333333333332,3,0.0549999999999997,5
"vary_k",10000,4,8,"PELT",0.0194999999999999,4,0.0779999999999994,5
"vary_k",10000,4,9,"PELT",0.0157499999999999,4,0.0629999999999997,5
"vary_k",10000,4,10,"PELT",0.01725,4,0.069,5
"vary_k",10000,4,11,"PELT",0.0162500000000003,4,0.0650000000000013,5
"vary_k",10000,4,12,"PELT",0.018666666666667,3,0.0560000000000009,5
"vary_k",10000,5,1,"PELT",0.0145,6,0.0869999999999997,6
"vary_k",10000,5,2,"PELT",0.01275,4,0.0510000000000002,6
"vary_k",10000,5,3,"PELT",0.01525,4,0.0609999999999999,6
"vary_k",10000,5,4,"PELT",0.0139999999999998,4,0.0559999999999992,6
"vary_k",10000,5,5,"PELT",0.0129999999999999,4,0.0519999999999996,6
"vary_k",10000,5,6,"PELT",0.0145,4,0.0579999999999998,6
"vary_k",10000,5,7,"PELT",0.0132500000000002,4,0.0530000000000008,6
"vary_k",10000,5,8,"PELT",0.0137499999999999,4,0.0549999999999997,6
"vary_k",10000,5,9,"PELT",0.0142500000000001,4,0.0570000000000004,6
"vary_k",10000,5,10,"PELT",0.0146666666666665,6,0.0879999999999992,6
"vary_k",10000,5,11,"PELT",0.0129999999999999,4,0.0519999999999996,6
"vary_k",10000,5,12,"PELT",0.0146666666666668,6,0.088000000000001,6
"vary_k",10000,6,1,"PELT",0.0124000000000002,5,0.0620000000000012,7
"vary_k",10000,6,2,"PELT",0.0125,8,0.0999999999999996,7
"vary_k",10000,6,3,"PELT",0.01275,4,0.0510000000000002,7
"vary_k",10000,6,4,"PELT",0.0128333333333333,6,0.077,7
"vary_k",10000,6,5,"PELT",0.0112000000000002,5,0.0560000000000009,7
"vary_k",10000,6,6,"PELT",0.0135000000000001,4,0.0540000000000003,7
"vary_k",10000,6,7,"PELT",0.0117499999999999,8,0.0939999999999994,7
"vary_k",10000,6,8,"PELT",0.0132000000000001,5,0.0660000000000007,7
"vary_k",10000,6,9,"PELT",0.01525,4,0.0609999999999999,7
"vary_k",10000,6,10,"PELT",0.0121250000000002,8,0.0970000000000013,7
"vary_k",10000,6,11,"PELT",0.0115000000000001,8,0.0920000000000005,7
"vary_k",10000,6,12,"PELT",0.0118749999999999,8,0.0949999999999989,7
"vary_k",10000,7,1,"PELT",0.0111249999999998,8,0.0889999999999986,8
"vary_k",10000,7,2,"PELT",0.0106666666666667,6,0.0640000000000001,8
"vary_k",10000,7,3,"PELT",0.0111250000000001,8,0.0890000000000004,8
"vary_k",10000,7,4,"PELT",0.0119999999999997,5,0.0599999999999987,8
"vary_k",10000,7,5,"PELT",0.0112500000000002,8,0.0900000000000016,8
"vary_k",10000,7,6,"PELT",0.0108000000000001,5,0.0540000000000003,8
"vary_k",10000,7,7,"PELT",0.0107999999999997,5,0.0539999999999985,8
"vary_k",10000,7,8,"PELT",0.0111999999999998,5,0.0559999999999992,8
"vary_k",10000,7,9,"PELT",0.0111666666666667,6,0.0670000000000002,8
"vary_k",10000,7,10,"PELT",0.0105000000000001,6,0.0630000000000006,8
"vary_k",10000,7,11,"PELT",0.0110000000000001,6,0.0660000000000007,8
"vary_k",10000,7,12,"PELT",0.01075,8,0.0860000000000003,8
"vary_k",10000,8,1,"PELT",0.0100000000000001,6,0.0600000000000005,9
"vary_k",10000,8,2,"PELT",0.00983333333333321,6,0.0589999999999993,9
"vary_k",10000,8,3,"PELT",0.0100000000000001,6,0.0600000000000005,10
"vary_k",10000,8,4,"PELT",0.0102,5,0.0510000000000002,9
"vary_k",10000,8,5,"PELT",0.01,8,0.0800000000000001,9
"vary_k",10000,8,6,"PELT",0.0106666666666667,6,0.0640000000000001,9
"vary_k",10000,8,7,"PELT",0.0108333333333335,6,0.0650000000000013,9
"vary_k",10000,8,8,"PELT",0.0103,10,0.103,9
"vary_k",10000,8,9,"PELT",0.00916666666666662,6,0.0549999999999997,9
"vary_k",10000,8,10,"PELT",0.0100000000000001,6,0.0600000000000005,9
"vary_k",10000,8,11,"PELT",0.00966666666666664,6,0.0579999999999998,9
"vary_k",10000,8,12,"PELT",0.01,8,0.0800000000000001,9
"vary_k",10000,9,1,"PELT",0.00916666666666662,6,0.0549999999999997,10
"vary_k",10000,9,2,"PELT",0.00899999999999999,10,0.0899999999999999,10
"vary_k",10000,9,3,"PELT",0.00909999999999993,10,0.0909999999999993,10
"vary_k",10000,9,4,"PELT",0.00900000000000004,6,0.0540000000000003,10
"vary_k",10000,9,5,"PELT",0.0103999999999999,5,0.0519999999999996,10
"vary_k",10000,9,6,"PELT",0.00879999999999992,10,0.0879999999999992,10
"vary_k",10000,9,7,"PELT",0.00857142857142864,7,0.0600000000000005,10
"vary_k",10000,9,8,"PELT",0.00933333333333349,6,0.0560000000000009,10
"vary_k",10000,9,9,"PELT",0.00916666666666662,6,0.0549999999999997,10
"vary_k",10000,9,10,"PELT",0.00883333333333317,6,0.052999999999999,10
"vary_k",10000,9,11,"PELT",0.00890000000000004,10,0.0890000000000004,10
"vary_k",10000,9,12,"PELT",0.00875000000000004,8,0.0700000000000003,10
"vary_k",10000,10,1,"PELT",0.00820000000000007,10,0.0820000000000007,11
"vary_k",10000,10,2,"PELT",0.00842857142857158,7,0.059000000000001,11
"vary_k",10000,10,3,"PELT",0.00828571428571426,7,0.0579999999999998,11
"vary_k",10000,10,4,"PELT",0.00800000000000013,7,0.0560000000000009,11
"vary_k",10000,10,5,"PELT",0.00814285714285694,7,0.0569999999999986,11
"vary_k",10000,10,6,"PELT",0.00800000000000013,7,0.0560000000000009,11
"vary_k",10000,10,7,"PELT",0.00816666666666658,12,0.097999999999999,12
"vary_k",10000,10,8,"PELT",0.00828571428571426,7,0.0579999999999998,11
"vary_k",10000,10,9,"PELT",0.00825000000000002,12,0.0990000000000002,11
"vary_k",10000,10,10,"PELT",0.00814285714285694,7,0.0569999999999986,11
"vary_k",10000,10,11,"PELT",0.00771428571428601,7,0.054000000000002,11
"vary_k",10000,10,12,"PELT",0.00849999999999973,6,0.0509999999999984,11
"vary_k",10000,11,1,"PELT",0.00857142857142839,7,0.0599999999999987,12
"vary_k",10000,11,2,"PELT",0.00799999999999963,7,0.0559999999999974,12
"vary_k",10000,11,3,"PELT",0.00757142857142818,7,0.0529999999999973,12
"vary_k",10000,11,4,"PELT",0.0077142857142855,7,0.0539999999999985,12
"vary_k",10000,11,5,"PELT",0.00771428571428601,7,0.054000000000002,12
"vary_k",10000,11,6,"PELT",0.00771428571428601,7,0.054000000000002,12
"vary_k",10000,11,7,"PELT",0.0077142857142855,7,0.0539999999999985,12
"vary_k",10000,11,8,"PELT",0.00712499999999983,8,0.0569999999999986,12
"vary_k",10000,11,9,"PELT",0.00799999999999963,7,0.0559999999999974,12
"vary_k",10000,11,10,"PELT",0.0077142857142855,7,0.0539999999999985,12
"vary_k",10000,11,11,"PELT",0.00757142857142818,7,0.0529999999999973,12
"vary_k",10000,11,12,"PELT",0.00742857142857137,7,0.0519999999999996,12
"vary_k",10000,12,1,"PELT",0.0067857142857142,14,0.0949999999999989,13
"vary_k",10000,12,2,"PELT",0.00714285714285724,7,0.0500000000000007,13
"vary_k",10000,12,3,"PELT",0.0070833333333334,12,0.0850000000000009,13
"vary_k",10000,12,4,"PELT",0.0068333333333334,12,0.0820000000000007,13
"vary_k",10000,12,5,"PELT",0.00712500000000027,8,0.0570000000000022,13
"vary_k",10000,12,6,"PELT",0.00833333333333345,6,0.0500000000000007,13
"vary_k",10000,12,7,"PELT",0.00742857142857137,7,0.0519999999999996,13
"vary_k",10000,12,8,"PELT",0.00757142857142869,7,0.0530000000000008,13
"vary_k",10000,12,9,"PELT",0.0077142857142855,7,0.0539999999999985,13
"vary_k",10000,12,10,"PELT",0.00749999999999999,12,0.0899999999999999,13
"vary_k",10000,12,11,"PELT",0.00714285714285724,7,0.0500000000000007,13
"vary_k",10000,12,12,"PELT",0.00699999999999997,12,0.0839999999999996,13
"vary_k",10000,13,1,"PELT",0.00728571428571405,7,0.0509999999999984,14
"vary_k",10000,13,2,"PELT",0.00664285714285714,14,0.093,14
"vary_k",10000,13,3,"PELT",0.00662499999999966,8,0.0529999999999973,14
"vary_k",10000,13,4,"PELT",0.0067142857142858,14,0.0940000000000012,14
"vary_k",10000,13,5,"PELT",0.00671428571428555,14,0.0939999999999976,14
"vary_k",10000,13,6,"PELT",0.00687499999999996,8,0.0549999999999997,14
"vary_k",10000,13,7,"PELT",0.00719999999999992,10,0.0719999999999992,14
"vary_k",10000,13,8,"PELT",0.00664285714285714,14,0.093,14
"vary_k",10000,13,9,"PELT",0.0066250000000001,8,0.0530000000000008,14
"vary_k",10000,13,10,"PELT",0.00674999999999981,8,0.0539999999999985,14
"vary_k",10000,13,11,"PELT",0.00671428571428555,14,0.0939999999999976,14
"vary_k",10000,13,12,"PELT",0.00685714285714286,14,0.0960000000000001,14
"vary_k",10000,14,1,"PELT",0.0066250000000001,8,0.0530000000000008,15
"vary_k",10000,14,2,"PELT",0.00649999999999982,14,0.0909999999999975,15
"vary_k",10000,14,3,"PELT",0.00649999999999982,14,0.0909999999999975,15
"vary_k",10000,14,4,"PELT",0.00624999999999994,12,0.0749999999999993,15
"vary_k",10000,14,5,"PELT",0.00625000000000009,8,0.0500000000000007,15
"vary_k",10000,14,6,"PELT",0.00625000000000009,8,0.0500000000000007,15
"vary_k",10000,14,7,"PELT",0.00625000000000009,16,0.100000000000001,15
"vary_k",10000,14,8,"PELT",0.00614285714285704,14,0.0859999999999985,15
"vary_k",10000,14,9,"PELT",0.0063749999999998,8,0.0509999999999984,15
"vary_k",10000,14,10,"PELT",0.00629999999999988,10,0.0629999999999988,15
"vary_k",10000,14,11,"PELT",0.00628571428571435,14,0.088000000000001,15
"vary_k",10000,14,12,"PELT",0.00630000000000024,10,0.0630000000000024,15
"vary_k",10000,15,1,"PELT",0.00606250000000008,16,0.0970000000000013,16
"vary_k",10000,15,2,"PELT",0.00662499999999988,16,0.105999999999998,16
"vary_k",10000,15,3,"PELT",0.00614285714285729,14,0.0860000000000021,16
"vary_k",10000,15,4,"PELT",0.00579999999999998,10,0.0579999999999998,16
"vary_k",10000,15,5,"PELT",0.00557142857142853,14,0.0779999999999994,16
"vary_k",10000,15,6,"PELT",0.00585714285714291,14,0.0820000000000007,16
"vary_k",10000,15,7,"PELT",0.0059000000000001,10,0.059000000000001,16
"vary_k",10000,15,8,"PELT",0.00592857142857157,14,0.083000000000002,16
"vary_k",10000,15,9,"PELT",0.00580000000000034,10,0.0580000000000034,16
"vary_k",10000,15,10,"PELT",0.0058125,16,0.093,16
"vary_k",10000,15,11,"PELT",0.00587499999999985,16,0.0939999999999976,16
"vary_k",10000,15,12,"PELT",0.00589999999999975,10,0.0589999999999975,16
"vary_k",10000,16,1,"PELT",0.00549999999999987,14,0.0769999999999982,17
"vary_k",10000,16,2,"PELT",0.00628571428571435,14,0.088000000000001,17
"vary_k",10000,16,3,"PELT",0.00560000000000009,10,0.0560000000000009,18
"vary_k",10000,16,4,"PELT",0.00587500000000007,16,0.0940000000000012,17
"vary_k",10000,16,5,"PELT",0.00569999999999986,10,0.0569999999999986,17
"vary_k",10000,16,6,"PELT",0.00600000000000023,10,0.0600000000000023,17
"vary_k",10000,16,7,"PELT",0.00568749999999985,16,0.0909999999999975,17
"vary_k",10000,16,8,"PELT",0.00568750000000007,16,0.0910000000000011,17
"vary_k",10000,16,9,"PELT",0.00528571428571415,14,0.0739999999999981,17
"vary_k",10000,16,10,"PELT",0.00757142857142818,7,0.0529999999999973,17
"vary_k",10000,16,11,"PELT",0.00742857142857137,7,0.0519999999999996,17
"vary_k",10000,16,12,"PELT",0.0067857142857142,14,0.0949999999999989,17
"vary_k",10000,17,1,"PELT",0.00519999999999996,10,0.0519999999999996,18
"vary_k",10000,17,2,"PELT",0.00530000000000008,10,0.0530000000000008,18
"vary_k",10000,17,3,"PELT",0.00535714285714281,14,0.0749999999999993,18
"vary_k",10000,17,4,"PELT",0.00539999999999985,10,0.0539999999999985,18
"vary_k",10000,17,5,"PELT",0.00549999999999984,16,0.0879999999999974,18
"vary_k",10000,17,6,"PELT",0.0052857142857144,14,0.0740000000000016,18
"vary_k",10000,17,7,"PELT",0.00537499999999991,16,0.0859999999999985,18
"vary_k",10000,17,8,"PELT",0.00529999999999973,10,0.0529999999999973,18
"vary_k",10000,17,9,"PELT",0.00537499999999991,16,0.0859999999999985,18
"vary_k",10000,17,10,"PELT",0.00519999999999996,10,0.0519999999999996,18
"vary_k",10000,17,11,"PELT",0.00543749999999998,16,0.0869999999999997,18
"vary_k",10000,17,12,"PELT",0.0052857142857144,14,0.0740000000000016,18
"vary_k",10000,18,1,"PELT",0.00508333333333333,12,0.0609999999999999,19
"vary_k",10000,18,2,"PELT",0.00508333333333333,12,0.0609999999999999,19
"vary_k",10000,18,3,"PELT",0.00500000000000002,14,0.0700000000000003,19
"vary_k",10000,18,4,"PELT",0.00500000000000007,10,0.0500000000000007,19
"vary_k",10000,18,5,"PELT",0.00519999999999996,10,0.0519999999999996,19
"vary_k",10000,18,6,"PELT",0.00518181818181805,11,0.0569999999999986,19
"vary_k",10000,18,7,"PELT",0.00536363636363614,11,0.0589999999999975,19
"vary_k",10000,18,8,"PELT",0.00506249999999997,16,0.0809999999999995,19
"vary_k",10000,18,9,"PELT",0.00509999999999984,10,0.0509999999999984,19
"vary_k",10000,18,10,"PELT",0.00539999999999985,10,0.0539999999999985,19
"vary_k",10000,18,11,"PELT",0.00519999999999996,10,0.0519999999999996,19
"vary_k",10000,18,12,"PELT",0.00500000000000019,12,0.0600000000000023,19
"vary_k",10000,19,1,"PELT",0.00483333333333362,12,0.0580000000000034,20
"vary_k",10000,19,2,"PELT",0.00484999999999989,20,0.0969999999999978,20
"vary_k",10000,19,3,"PELT",0.00475000000000018,12,0.0570000000000022,20
"vary_k",10000,19,4,"PELT",0.00531249999999983,16,0.0849999999999973,20
"vary_k",10000,19,5,"PELT",0.00499999999999989,12,0.0599999999999987,20
"vary_k",10000,19,6,"PELT",0.00483333333333332,12,0.0579999999999998,20
"vary_k",10000,19,7,"PELT",0.00489999999999995,20,0.097999999999999,20
"vary_k",10000,19,8,"PELT",0.00491666666666675,12,0.059000000000001,20
"vary_k",10000,19,9,"PELT",0.00493750000000004,16,0.0790000000000006,20
"vary_k",10000,19,10,"PELT",0.00483333333333332,12,0.0579999999999998,20
"vary_k",10000,19,11,"PELT",0.00491666666666675,12,0.059000000000001,20
"vary_k",10000,19,12,"PELT",0.00458333333333331,12,0.0549999999999997,20
"vary_k",10000,20,1,"PELT",0.00459999999999994,20,0.0919999999999987,21
"vary_k",10000,20,2,"PELT",0.00466666666666675,12,0.0560000000000009,21
"vary_k",10000,20,3,"PELT",0.00460000000000012,20,0.0920000000000023,21
"vary_k",10000,20,4,"PELT",0.00458333333333331,12,0.0549999999999997,21
"vary_k",10000,20,5,"PELT",0.00465,20,0.093,21
"vary_k",10000,20,6,"PELT",0.00458333333333361,12,0.0550000000000033,21
"vary_k",10000,20,7,"PELT",0.00458333333333331,12,0.0549999999999997,21
"vary_k",10000,20,8,"PELT",0.00470000000000006,20,0.0940000000000012,21
"vary_k",10000,20,9,"PELT",0.00463636363636317,11,0.0509999999999948,22
"vary_k",10000,20,10,"PELT",0.00463636363636317,11,0.0509999999999948,21
"vary_k",10000,20,11,"PELT",0.00468750000000018,16,0.0750000000000028,21
"vary_k",10000,20,12,"PELT",0.00484999999999971,20,0.0969999999999942,21
"vary_k",10000,21,1,"PELT",0.00454545454545429,22,0.0999999999999943,22
"vary_k",10000,21,2,"PELT",0.00518750000000034,16,0.0830000000000055,22
"vary_k",10000,21,3,"PELT",0.00436363636363653,22,0.0960000000000036,22
"vary_k",10000,21,4,"PELT",0.00450000000000017,22,0.0990000000000038,22
"vary_k",10000,21,5,"PELT",0.00450000000000017,16,0.0720000000000027,22
"vary_k",10000,21,6,"PELT",0.00456250000000002,16,0.0730000000000004,22
"vary_k",10000,21,7,"PELT",0.00443749999999987,16,0.070999999999998,22
"vary_k",10000,21,8,"PELT",0.00463636363636381,22,0.102000000000004,22
"vary_k",10000,21,9,"PELT",0.0043333333333333,12,0.0519999999999996,22
"vary_k",10000,21,10,"PELT",0.00455000000000005,20,0.0910000000000011,22
"vary_k",10000,21,11,"PELT",0.00450000000000017,20,0.0900000000000034,22
"vary_k",10000,21,12,"PELT",0.00457142857142858,14,0.0640000000000001,22
"vary_k",10000,22,1,"PELT",0.00549999999999997,10,0.0549999999999997,23
"vary_k",10000,22,2,"PELT",0.00430000000000028,20,0.0860000000000056,23
"vary_k",10000,22,3,"PELT",0.00431818181818177,22,0.0949999999999989,23
"vary_k",10000,22,4,"PELT",0.00435714285714285,14,0.0609999999999999,23
"vary_k",10000,22,5,"PELT",0.00436363636363653,22,0.0960000000000036,23
"vary_k",10000,22,6,"PELT",0.00435000000000016,20,0.0870000000000033,23
"vary_k",10000,22,7,"PELT",0.00440909090909065,22,0.0969999999999942,23
"vary_k",10000,22,8,"PELT",0.00449999999999985,22,0.0989999999999966,23
"vary_k",10000,22,9,"PELT",0.00445454545454541,22,0.097999999999999,24
"vary_k",10000,22,10,"PELT",0.00437500000000002,16,0.0700000000000003,23
"vary_k",10000,22,11,"PELT",0.0043333333333333,12,0.0519999999999996,23
"vary_k",10000,22,12,"PELT",0.0043333333333333,12,0.0519999999999996,23
"vary_k",10000,23,1,"PELT",0.00416666666666702,12,0.0500000000000043,24
"vary_k",10000,23,2,"PELT",0.00414285714285713,14,0.0579999999999998,24
"vary_k",10000,23,3,"PELT",0.00420000000000016,20,0.0840000000000032,24
"vary_k",10000,23,4,"PELT",0.00420000000000016,20,0.0840000000000032,24
"vary_k",10000,23,5,"PELT",0.00421428571428604,14,0.0590000000000046,24
"vary_k",10000,23,6,"PELT",0.00435000000000016,20,0.0870000000000033,24
"vary_k",10000,23,7,"PELT",0.00416666666666702,12,0.0500000000000043,24
"vary_k",10000,23,8,"PELT",0.00414999999999992,20,0.0829999999999984,24
"vary_k",10000,23,9,"PELT",0.00413636363636369,22,0.0910000000000011,24
"vary_k",10000,23,10,"PELT",0.00421428571428554,14,0.0589999999999975,24
"vary_k",10000,23,11,"PELT",0.00416666666666702,12,0.0500000000000043,24
"vary_k",10000,23,12,"PELT",0.00414285714285713,14,0.0579999999999998,24
"vary_k",10000,24,1,"PELT",0.00404166666666672,24,0.0970000000000013,25
"vary_k",10000,24,2,"PELT",0.00404545454545448,22,0.0889999999999986,25
"vary_k",10000,24,3,"PELT",0.003857142857143,14,0.054000000000002,25
"vary_k",10000,24,4,"PELT",0.00400000000000004,22,0.088000000000001,25
"vary_k",10000,24,5,"PELT",0.00409090909090925,22,0.0900000000000034,25
"vary_k",10000,24,6,"PELT",0.00400000000000015,24,0.0960000000000036,25
"vary_k",10000,24,7,"PELT",0.00399999999999981,14,0.0559999999999974,25
"vary_k",10000,24,8,"PELT",0.00404545454545481,22,0.0890000000000057,25
"vary_k",10000,24,9,"PELT",0.00405000000000015,20,0.0810000000000031,25
"vary_k",10000,24,10,"PELT",0.00413636363636369,22,0.0910000000000011,25
"vary_k",10000,24,11,"PELT",0.00399999999999981,14,0.0559999999999974,25
"vary_k",10000,24,12,"PELT",0.00414285714285713,14,0.0579999999999998,25
"vary_k",10000,25,1,"PELT",0.003857142857143,14,0.054000000000002,26
"vary_k",10000,25,2,"PELT",0.003857142857143,14,0.054000000000002,26
"vary_k",10000,25,3,"PELT",0.00392857142857141,14,0.0549999999999997,26
"vary_k",10000,25,4,"PELT",0.00392857142857141,14,0.0549999999999997,26
"vary_k",10000,25,5,"PELT",0.00395000000000003,20,0.0790000000000006,26
"vary_k",10000,25,6,"PELT",0.00378571428571409,14,0.0529999999999973,26
"vary_k",10000,25,7,"PELT",0.003857142857143,14,0.054000000000002,26
"vary_k",10000,25,8,"PELT",0.0038636363636364,22,0.0850000000000009,26
"vary_k",10000,25,9,"PELT",0.00391666666666642,24,0.0939999999999941,26
"vary_k",10000,25,10,"PELT",0.003857142857143,14,0.054000000000002,26
"vary_k",10000,25,11,"PELT",0.003857142857143,14,0.054000000000002,26
"vary_k",10000,25,12,"PELT",0.00405000000000015,20,0.0810000000000031,26
"vary_k",10000,26,1,"PELT",0.00371428571428569,14,0.0519999999999996,27
"vary_k",10000,26,2,"PELT",0.00381818181818196,22,0.0840000000000032,27
"vary_k",10000,26,3,"PELT",0.00378571428571409,14,0.0529999999999973,27
"vary_k",10000,26,4,"PELT",0.0037857142857146,14,0.0530000000000044,27
"vary_k",10000,26,5,"PELT",0.00379166666666671,24,0.0910000000000011,27
"vary_k",10000,26,6,"PELT",0.00371428571428569,14,0.0519999999999996,27
"vary_k",10000,26,7,"PELT",0.0037857142857146,14,0.0530000000000044,27
"vary_k",10000,26,8,"PELT",0.00378571428571409,14,0.0529999999999973,27
"vary_k",10000,26,9,"PELT",0.00378571428571409,14,0.0529999999999973,27
"vary_k",10000,26,10,"PELT",0.00381818181818196,22,0.0840000000000032,27
"vary_k",10000,26,11,"PELT",0.0037857142857146,14,0.0530000000000044,27
"vary_k",10000,26,12,"PELT",0.00364285714285677,14,0.0509999999999948,27
"vary_k",10000,27,1,"PELT",0.00371428571428569,14,0.0519999999999996,28
"vary_k",10000,27,2,"PELT",0.00371428571428569,14,0.0519999999999996,28
"vary_k",10000,27,3,"PELT",0.00364285714285677,14,0.0509999999999948,28
"vary_k",10000,27,4,"PELT",0.00370833333333328,24,0.0889999999999986,28
"vary_k",10000,27,5,"PELT",0.00370000000000026,20,0.0740000000000052,28
"vary_k",10000,27,6,"PELT",0.00371428571428569,14,0.0519999999999996,28
"vary_k",10000,27,7,"PELT",0.00391666666666642,24,0.0939999999999941,28
"vary_k",10000,27,8,"PELT",0.00364285714285728,14,0.0510000000000019,28
"vary_k",10000,27,9,"PELT",0.00371428571428619,14,0.0520000000000067,28
"vary_k",10000,27,10,"PELT",0.00364285714285728,14,0.0510000000000019,28
"vary_k",10000,27,11,"PELT",0.00364285714285677,14,0.0509999999999948,28
"vary_k",10000,27,12,"PELT",0.0037857142857146,14,0.0530000000000044,28
"vary_k",10000,28,1,"PELT",0.00360714285714282,28,0.100999999999999,29
"vary_k",10000,28,2,"PELT",0.00360714285714282,28,0.100999999999999,29
"vary_k",10000,28,3,"PELT",0.00360714285714282,28,0.100999999999999,29
"vary_k",10000,28,4,"PELT",0.00360714285714282,28,0.100999999999999,30
"vary_k",10000,28,5,"PELT",0.00357894736842131,19,0.068000000000005,30
"vary_k",10000,28,6,"PELT",0.00357142857142862,28,0.100000000000001,29
"vary_k",10000,28,7,"PELT",0.00353571428571417,28,0.0989999999999966,29
"vary_k",10000,28,8,"PELT",0.00353571428571442,28,0.0990000000000038,29
"vary_k",10000,28,9,"PELT",0.00353571428571442,28,0.0990000000000038,29
"vary_k",10000,28,10,"PELT",0.00353571428571417,28,0.0989999999999966,29
"vary_k",10000,28,11,"PELT",0.00363157894736818,19,0.0689999999999955,29
"vary_k",10000,28,12,"PELT",0.00354545454545468,22,0.078000000000003,29
"vary_k",10000,29,1,"PELT",0.00349999999999996,28,0.097999999999999,30
"vary_k",10000,29,2,"PELT",0.00349999999999996,28,0.097999999999999,30
"vary_k",10000,29,3,"PELT",0.00364285714285728,14,0.0510000000000019,30
"vary_k",10000,29,4,"PELT",0.00357142857142862,28,0.100000000000001,30
"vary_k",10000,29,5,"PELT",0.00349999999999996,28,0.097999999999999,30
"vary_k",10000,29,6,"PELT",0.00353571428571417,28,0.0989999999999966,30
"vary_k",10000,29,7,"PELT",0.00349999999999996,28,0.097999999999999,31
"vary_k",10000,29,8,"PELT",0.00349999999999996,28,0.097999999999999,30
"vary_k",10000,29,9,"PELT",0.00352631578947369,19,0.0670000000000002,30
"vary_k",10000,29,10,"PELT",0.00347368421052645,19,0.0660000000000025,30
"vary_k",10000,29,11,"PELT",0.0034210526315792,19,0.0650000000000048,30
"vary_k",10000,29,12,"PELT",0.00346428571428576,28,0.0970000000000013,30
"vary_k",10000,30,1,"PELT",0.00339285714285736,28,0.095000000000006,31
"vary_k",10000,30,2,"PELT",0.00336842105263158,19,0.0640000000000001,31
"vary_k",10000,30,3,"PELT",0.0033928571428571,28,0.0949999999999989,31
"vary_k",10000,30,4,"PELT",0.00331578947368434,19,0.0630000000000024,32
"vary_k",10000,30,5,"PELT",0.00339285714285736,28,0.095000000000006,31
"vary_k",10000,30,6,"PELT",0.00332142857142844,28,0.0929999999999964,31
"vary_k",10000,30,7,"PELT",0.0033928571428571,28,0.0949999999999989,31
"vary_k",10000,30,8,"PELT",0.0033928571428571,28,0.0949999999999989,31
"vary_k",10000,30,9,"PELT",0.00336842105263158,19,0.0640000000000001,31
"vary_k",10000,30,10,"PELT",0.0034166666666667,24,0.0820000000000007,31
"vary_k",10000,30,11,"PELT",0.00336842105263158,19,0.0640000000000001,31
"vary_k",10000,30,12,"PELT",0.0033571428571429,28,0.0940000000000012,31
"vary_k",10000,31,1,"PELT",0.00328571428571424,28,0.0919999999999987,32
"vary_k",10000,31,2,"PELT",0.0033571428571429,28,0.0940000000000012,32
"vary_k",10000,31,3,"PELT",0.0034210526315792,19,0.0650000000000048,32
"vary_k",10000,31,4,"PELT",0.00364285714285728,14,0.0510000000000019,32
"vary_k",10000,31,5,"PELT",0.00490909090909077,22,0.107999999999997,32
"vary_k",10000,31,6,"PELT",0.0032727272727274,22,0.0720000000000027,32
"vary_k",10000,31,7,"PELT",0.00347368421052645,19,0.0660000000000025,32
"vary_k",10000,31,8,"PELT",0.00331578947368434,19,0.0630000000000024,32
"vary_k",10000,31,9,"PELT",0.00326315789473709,19,0.0620000000000047,32
"vary_k",10000,31,10,"PELT",0.00331578947368434,19,0.0630000000000024,32
"vary_k",10000,31,11,"PELT",0.00328571428571424,28,0.0919999999999987,32
"vary_k",10000,31,12,"PELT",0.00325000000000004,28,0.0910000000000011,32
"vary_k",10000,32,1,"PELT",0.00321052631578947,19,0.0609999999999999,33
"vary_k",10000,32,2,"PELT",0.00321052631578947,19,0.0609999999999999,33
"vary_k",10000,32,3,"PELT",0.00321052631578947,19,0.0609999999999999,33
"vary_k",10000,32,4,"PELT",0.00315789473684222,19,0.0600000000000023,33
"vary_k",10000,32,5,"PELT",0.00315789473684185,19,0.0599999999999952,33
"vary_k",10000,32,6,"PELT",0.00315789473684185,19,0.0599999999999952,33
"vary_k",10000,32,7,"PELT",0.00321052631578947,19,0.0609999999999999,33
"vary_k",10000,32,8,"PELT",0.00321052631578947,19,0.0609999999999999,33
"vary_k",10000,32,9,"PELT",0.00321428571428558,28,0.0899999999999963,33
"vary_k",10000,32,10,"PELT",0.00317857142857163,28,0.0890000000000057,33
"vary_k",10000,32,11,"PELT",0.00321052631578947,19,0.0609999999999999,33
"vary_k",10000,32,12,"PELT",0.00321428571428558,28,0.0899999999999963,33
"vary_k",10000,33,1,"PELT",0.00315789473684222,19,0.0600000000000023,34
"vary_k",10000,33,2,"PELT",0.00310526315789461,19,0.0589999999999975,34
"vary_k",10000,33,3,"PELT",0.00317857142857163,28,0.0890000000000057,34
"vary_k",10000,33,4,"PELT",0.00314285714285718,28,0.088000000000001,34
"vary_k",10000,33,5,"PELT",0.00310526315789461,19,0.0589999999999975,34
"vary_k",10000,33,6,"PELT",0.0032857142857145,28,0.0920000000000059,34
"vary_k",10000,33,7,"PELT",0.00315789473684222,19,0.0600000000000023,34
"vary_k",10000,33,8,"PELT",0.0034285714285713,28,0.0959999999999965,34
"vary_k",10000,33,9,"PELT",0.00310526315789461,19,0.0589999999999975,35
"vary_k",10000,33,10,"PELT",0.00310526315789461,19,0.0589999999999975,34
"vary_k",10000,33,11,"PELT",0.00307142857142852,28,0.0859999999999985,34
"vary_k",10000,33,12,"PELT",0.00314285714285718,28,0.088000000000001,34
"vary_k",10000,34,1,"PELT",0.00399999999999981,14,0.0559999999999974,35
"vary_k",10000,34,2,"PELT",0.00325000000000004,28,0.0910000000000011,35
"vary_k",10000,34,3,"PELT",0.00305263157894736,19,0.0579999999999998,35
"vary_k",10000,34,4,"PELT",0.00305263157894736,19,0.0579999999999998,35
"vary_k",10000,34,5,"PELT",0.00305263157894736,19,0.0579999999999998,35
"vary_k",10000,34,6,"PELT",0.00307142857142852,28,0.0859999999999985,35
"vary_k",10000,34,7,"PELT",0.00310714285714272,28,0.0869999999999962,36
"vary_k",10000,34,8,"PELT",0.00299999999999974,19,0.056999999999995,35
"vary_k",10000,34,9,"PELT",0.00305263157894736,19,0.0579999999999998,35
"vary_k",10000,34,10,"PELT",0.00305263157894736,19,0.0579999999999998,35
"vary_k",10000,34,11,"PELT",0.00307142857142852,28,0.0859999999999985,35
"vary_k",10000,34,12,"PELT",0.00310526315789461,19,0.0589999999999975,35
"vary_k",10000,35,1,"PELT",0.00294736842105287,19,0.0560000000000045,36
"vary_k",10000,35,2,"PELT",0.00300000000000011,19,0.0570000000000022,36
"vary_k",10000,35,3,"PELT",0.00294736842105249,19,0.0559999999999974,36
"vary_k",10000,35,4,"PELT",0.00300000000000011,19,0.0570000000000022,36
"vary_k",10000,35,5,"PELT",0.00299999999999986,28,0.0839999999999961,36
"vary_k",10000,35,6,"PELT",0.00300000000000011,19,0.0570000000000022,36
"vary_k",10000,35,7,"PELT",0.00294736842105249,19,0.0559999999999974,36
"vary_k",10000,35,8,"PELT",0.00300000000000011,19,0.0570000000000022,37
"vary_k",10000,35,9,"PELT",0.00299999999999974,19,0.056999999999995,36
"vary_k",10000,35,10,"PELT",0.00299999999999974,19,0.056999999999995,36
"vary_k",10000,35,11,"PELT",0.00294736842105287,19,0.0560000000000045,36
"vary_k",10000,35,12,"PELT",0.00300000000000011,19,0.0570000000000022,36
"vary_k",10000,36,1,"PELT",0.00300000000000011,19,0.0570000000000022,37
"vary_k",10000,36,2,"PELT",0.00289473684210525,19,0.0549999999999997,37
"vary_k",10000,36,3,"PELT",0.00307142857142852,28,0.0859999999999985,37
"vary_k",10000,36,4,"PELT",0.00294736842105287,19,0.0560000000000045,37
"vary_k",10000,36,5,"PELT",0.00289473684210525,19,0.0549999999999997,37
"vary_k",10000,36,6,"PELT",0.00294736842105249,19,0.0559999999999974,37
"vary_k",10000,36,7,"PELT",0.00294736842105249,19,0.0559999999999974,37
"vary_k",10000,36,8,"PELT",0.00294736842105249,19,0.0559999999999974,37
"vary_k",10000,36,9,"PELT",0.00289473684210525,19,0.0549999999999997,37
"vary_k",10000,36,10,"PELT",0.00289473684210525,19,0.0549999999999997,37
"vary_k",10000,36,11,"PELT",0.00289473684210525,19,0.0549999999999997,37
"vary_k",10000,36,12,"PELT",0.00296428571428566,28,0.0829999999999984,37
"vary_k",10000,37,1,"PELT",0.002842105263158,19,0.054000000000002,38
"vary_k",10000,37,2,"PELT",0.00291666666666668,24,0.0700000000000003,38
"vary_k",10000,37,3,"PELT",0.00289473684210525,19,0.0549999999999997,38
"vary_k",10000,37,4,"PELT",0.00278947368421038,19,0.0529999999999973,38
"vary_k",10000,37,5,"PELT",0.00278947368421038,19,0.0529999999999973,38
"vary_k",10000,37,6,"PELT",0.00284210526315763,19,0.0539999999999949,38
"vary_k",10000,37,7,"PELT",0.00289473684210525,19,0.0549999999999997,38
"vary_k",10000,37,8,"PELT",0.00292857142857145,28,0.0820000000000007,38
"vary_k",10000,37,9,"PELT",0.00289473684210525,19,0.0549999999999997,38
"vary_k",10000,37,10,"PELT",0.00289473684210525,19,0.0549999999999997,38
"vary_k",10000,37,11,"PELT",0.00289473684210525,19,0.0549999999999997,38
"vary_k",10000,37,12,"PELT",0.00289473684210525,19,0.0549999999999997,38
"vary_k",10000,38,1,"PELT",0.00282142857142859,28,0.0790000000000006,39
"vary_k",10000,38,2,"PELT",0.00284210526315763,19,0.0539999999999949,39
"vary_k",10000,38,3,"PELT",0.00278947368421038,19,0.0529999999999973,39
"vary_k",10000,38,4,"PELT",0.00284210526315763,19,0.0539999999999949,39
"vary_k",10000,38,5,"PELT",0.00278947368421076,19,0.0530000000000044,39
"vary_k",10000,38,6,"PELT",0.00282142857142859,28,0.0790000000000006,39
"vary_k",10000,38,7,"PELT",0.00282142857142859,28,0.0790000000000006,39
"vary_k",10000,38,8,"PELT",0.00278947368421038,19,0.0529999999999973,40
"vary_k",10000,38,9,"PELT",0.002842105263158,19,0.054000000000002,39
"vary_k",10000,38,10,"PELT",0.00278947368421038,19,0.0529999999999973,39
"vary_k",10000,38,11,"PELT",0.00282142857142859,28,0.0790000000000006,39
"vary_k",10000,38,12,"PELT",0.00286363636363647,22,0.0630000000000024,39
"vary_k",10000,39,1,"PELT",0.00278571428571439,28,0.078000000000003,40
"vary_k",10000,39,2,"PELT",0.00289473684210525,19,0.0549999999999997,40
"vary_k",10000,39,3,"PELT",0.00278947368421076,19,0.0530000000000044,40
"vary_k",10000,39,4,"PELT",0.00273684210526314,19,0.0519999999999996,40
"vary_k",10000,39,5,"PELT",0.00273684210526314,19,0.0519999999999996,40
"vary_k",10000,39,6,"PELT",0.00273684210526314,19,0.0519999999999996,40
"vary_k",10000,39,7,"PELT",0.00273684210526351,19,0.0520000000000067,40
"vary_k",10000,39,8,"PELT",0.00273684210526314,19,0.0519999999999996,40
"vary_k",10000,39,9,"PELT",0.00273684210526314,19,0.0519999999999996,40
"vary_k",10000,39,10,"PELT",0.00273684210526314,19,0.0519999999999996,40
"vary_k",10000,39,11,"PELT",0.00273684210526314,19,0.0519999999999996,40
"vary_k",10000,39,12,"PELT",0.002842105263158,19,0.054000000000002,40
"vary_k",10000,40,1,"PELT",0.00268421052631589,19,0.0510000000000019,42
"vary_k",10000,40,2,"PELT",0.00268421052631589,19,0.0510000000000019,41
"vary_k",10000,40,3,"PELT",0.00271428571428573,28,0.0760000000000005,41
"vary_k",10000,40,4,"PELT",0.00268421052631552,19,0.0509999999999948,41
"vary_k",10000,40,5,"PELT",0.00268421052631589,19,0.0510000000000019,41
"vary_k",10000,40,6,"PELT",0.00268421052631589,19,0.0510000000000019,41
"vary_k",10000,40,7,"PELT",0.00268421052631589,19,0.0510000000000019,41
"vary_k",10000,40,8,"PELT",0.00268421052631589,19,0.0510000000000019,41
"vary_k",10000,40,9,"PELT",0.00274999999999994,28,0.0769999999999982,41
"vary_k",10000,40,10,"PELT",0.00273684210526314,19,0.0519999999999996,41
"vary_k",10000,40,11,"PELT",0.00268421052631552,19,0.0509999999999948,41
"vary_k",10000,40,12,"PELT",0.00272727272727283,22,0.0600000000000023,41
"vary_k",10000,41,1,"PELT",0.0026842105263157,38,0.101999999999997,42
"vary_k",10000,41,2,"PELT",0.00268421052631589,19,0.0510000000000019,42
"vary_k",10000,41,3,"PELT",0.00268421052631589,38,0.102000000000004,42
"vary_k",10000,41,4,"PELT",0.00264285714285707,28,0.0739999999999981,42
"vary_k",10000,41,5,"PELT",0.00267857142857153,28,0.0750000000000028,42
"vary_k",10000,41,6,"PELT",0.00271052631578951,38,0.103000000000002,42
"vary_k",10000,41,7,"PELT",0.0038214285714288,28,0.107000000000006,42
"vary_k",10000,41,8,"PELT",0.00268421052631589,38,0.102000000000004,42
"vary_k",10000,41,9,"PELT",0.00263157894736865,19,0.0500000000000043,42
"vary_k",10000,41,10,"PELT",0.00268421052631589,38,0.102000000000004,42
"vary_k",10000,41,11,"PELT",0.00267857142857153,28,0.0750000000000028,42
"vary_k",10000,41,12,"PELT",0.00271052631578933,38,0.102999999999994,42
"vary_k",10000,42,1,"PELT",0.00268421052631589,38,0.102000000000004,43
"vary_k",10000,42,2,"PELT",0.00264285714285707,28,0.0739999999999981,43
"vary_k",10000,42,3,"PELT",0.00263157894736827,38,0.0999999999999943,43
"vary_k",10000,42,4,"PELT",0.00264285714285707,28,0.0739999999999981,43
"vary_k",10000,42,5,"PELT",0.00344736842105264,38,0.131,43
"vary_k",10000,42,6,"PELT",0.00265789473684208,38,0.100999999999999,43
"vary_k",10000,42,7,"PELT",0.00260526315789484,38,0.0990000000000038,43
"vary_k",10000,42,8,"PELT",0.00263157894736902,19,0.0500000000000114,43
"vary_k",10000,42,9,"PELT",0.00263157894736865,38,0.100000000000009,43
"vary_k",10000,42,10,"PELT",0.00264285714285707,28,0.0739999999999981,43
"vary_k",10000,42,11,"PELT",0.00263157894736827,38,0.0999999999999943,43
"vary_k",10000,42,12,"PELT",0.00349999999999988,38,0.132999999999996,43
"vary_k",10000,43,1,"PELT",0.00260714285714262,28,0.0729999999999933,44
"vary_k",10000,43,2,"PELT",0.00260526315789484,38,0.0990000000000038,44
"vary_k",10000,43,3,"PELT",0.00260526315789484,38,0.0990000000000038,44
"vary_k",10000,43,4,"PELT",0.00260714285714312,28,0.0730000000000075,44
"vary_k",10000,43,5,"PELT",0.00257894736842103,38,0.097999999999999,44
"vary_k",10000,43,6,"PELT",0.00273684210526314,38,0.103999999999999,44
"vary_k",10000,43,7,"PELT",0.00257894736842103,38,0.097999999999999,44
"vary_k",10000,43,8,"PELT",0.00260526315789484,38,0.0990000000000038,44
"vary_k",10000,43,9,"PELT",0.00264285714285707,28,0.0739999999999981,44
"vary_k",10000,43,10,"PELT",0.00257894736842103,38,0.097999999999999,44
"vary_k",10000,43,11,"PELT",0.00336842105263158,38,0.128,44
"vary_k",10000,43,12,"PELT",0.00260526315789484,38,0.0990000000000038,44
"vary_k",10000,44,1,"PELT",0.00257142857142867,28,0.0720000000000027,45
"vary_k",10000,44,2,"PELT",0.00252631578947378,38,0.0960000000000036,45
"vary_k",10000,44,3,"PELT",0.00255263157894759,38,0.0970000000000084,45
"vary_k",10000,44,4,"PELT",0.00334210526315777,38,0.126999999999995,45
"vary_k",10000,44,5,"PELT",0.00253571428571421,28,0.070999999999998,45
"vary_k",10000,44,6,"PELT",0.00253571428571421,28,0.070999999999998,45
"vary_k",10000,44,7,"PELT",0.00255263157894722,38,0.0969999999999942,45
"vary_k",10000,44,8,"PELT",0.00252631578947378,38,0.0960000000000036,45
"vary_k",10000,44,9,"PELT",0.00255263157894759,38,0.0970000000000084,45
"vary_k",10000,44,10,"PELT",0.00255263157894759,38,0.0970000000000084,45
"vary_k",10000,44,11,"PELT",0.00336842105263158,38,0.128,45
"vary_k",10000,44,12,"PELT",0.00253571428571421,28,0.070999999999998,45
"vary_k",10000,45,1,"PELT",0.00250000000000026,28,0.0700000000000074,46
"vary_k",10000,45,2,"PELT",0.00260714285714312,28,0.0730000000000075,46
"vary_k",10000,45,3,"PELT",0.00252631578947378,38,0.0960000000000036,46
"vary_k",10000,45,4,"PELT",0.00252631578947378,38,0.0960000000000036,47
"vary_k",10000,45,5,"PELT",0.00250000000000026,28,0.0700000000000074,46
"vary_k",10000,45,6,"PELT",0.00252631578947378,38,0.0960000000000036,46
"vary_k",10000,45,7,"PELT",0.00250000000000026,28,0.0700000000000074,46
"vary_k",10000,45,8,"PELT",0.00250000000000026,28,0.0700000000000074,46
"vary_k",10000,45,9,"PELT",0.00331578947368434,38,0.126000000000005,46
"vary_k",10000,45,10,"PELT",0.00249999999999976,28,0.0699999999999932,46
"vary_k",10000,45,11,"PELT",0.00249999999999997,38,0.0949999999999989,46
"vary_k",10000,45,12,"PELT",0.00249999999999976,28,0.0699999999999932,46
"vary_k",10000,46,1,"PELT",0.00247368421052653,38,0.0940000000000083,47
"vary_k",10000,46,2,"PELT",0.00247368421052653,38,0.0940000000000083,47
"vary_k",10000,46,3,"PELT",0.00250000000000026,28,0.0700000000000074,47
"vary_k",10000,46,4,"PELT",0.00249999999999997,38,0.0949999999999989,47
"vary_k",10000,46,5,"PELT",0.00247368421052616,38,0.0939999999999941,47
"vary_k",10000,46,6,"PELT",0.00246428571428581,28,0.0690000000000026,47
"vary_k",10000,46,7,"PELT",0.00246428571428581,28,0.0690000000000026,47
"vary_k",10000,46,8,"PELT",0.00244736842105272,38,0.0930000000000035,47
"vary_k",10000,46,9,"PELT",0.00247368421052616,38,0.0939999999999941,47
"vary_k",10000,46,10,"PELT",0.00247368421052616,38,0.0939999999999941,47
"vary_k",10000,46,11,"PELT",0.00246428571428581,28,0.0690000000000026,47
"vary_k",10000,46,12,"PELT",0.00336842105263158,38,0.128,47
"vary_k",10000,47,1,"PELT",0.00252631578947378,38,0.0960000000000036,48
"vary_k",10000,47,2,"PELT",0.00242857142857135,28,0.0679999999999978,48
"vary_k",10000,47,3,"PELT",0.00244736842105272,38,0.0930000000000035,48
"vary_k",10000,47,4,"PELT",0.00244736842105272,38,0.0930000000000035,48
"vary_k",10000,47,5,"PELT",0.00244736842105272,38,0.0930000000000035,48
"vary_k",10000,47,6,"PELT",0.00323684210526328,38,0.123000000000005,48
"vary_k",10000,47,7,"PELT",0.00244736842105272,38,0.0930000000000035,48
"vary_k",10000,47,8,"PELT",0.00242857142857135,28,0.0679999999999978,48
"vary_k",10000,47,9,"PELT",0.00242857142857135,28,0.0679999999999978,48
"vary_k",10000,47,10,"PELT",0.00244736842105272,38,0.0930000000000035,48
"vary_k",10000,47,11,"PELT",0.00246428571428581,28,0.0690000000000026,48
"vary_k",10000,47,12,"PELT",0.00242857142857135,28,0.0679999999999978,48
"vary_k",10000,48,1,"PELT",0.0023928571428574,28,0.0670000000000073,49
"vary_k",10000,48,2,"PELT",0.00235714285714244,28,0.0659999999999883,51
"vary_k",10000,48,3,"PELT",0.00239473684210548,38,0.0910000000000082,49
"vary_k",10000,48,4,"PELT",0.00321052631578947,38,0.122,49
"vary_k",10000,48,5,"PELT",0.00239473684210548,38,0.0910000000000082,49
"vary_k",10000,48,6,"PELT",0.0023947368421051,38,0.090999999999994,49
"vary_k",10000,48,7,"PELT",0.00244736842105272,38,0.0930000000000035,49
"vary_k",10000,48,8,"PELT",0.0023928571428574,28,0.0670000000000073,49
"vary_k",10000,48,9,"PELT",0.0023928571428574,28,0.0670000000000073,49
"vary_k",10000,48,10,"PELT",0.0023928571428574,28,0.0670000000000073,49
"vary_k",10000,48,11,"PELT",0.00364285714285728,28,0.102000000000004,49
"vary_k",10000,48,12,"PELT",0.00253571428571421,28,0.070999999999998,49
"vary_k",10000,49,1,"PELT",0.00235714285714295,28,0.0660000000000025,50
"vary_k",10000,49,2,"PELT",0.00247368421052653,38,0.0940000000000083,50
"vary_k",10000,49,3,"PELT",0.00236842105263167,38,0.0900000000000034,50
"vary_k",10000,49,4,"PELT",0.00234210526315823,38,0.0890000000000128,50
"vary_k",10000,49,5,"PELT",0.00236842105263167,38,0.0900000000000034,50
"vary_k",10000,49,6,"PELT",0.00315789473684222,38,0.120000000000005,50
"vary_k",10000,49,7,"PELT",0.00234210526315786,38,0.0889999999999986,50
"vary_k",10000,49,8,"PELT",0.00236842105263167,38,0.0900000000000034,50
"vary_k",10000,49,9,"PELT",0.0023928571428569,28,0.0669999999999931,50
"vary_k",10000,49,10,"PELT",0.00235714285714295,28,0.0660000000000025,50
"vary_k",10000,49,11,"PELT",0.00236842105263167,38,0.0900000000000034,50
"vary_k",10000,49,12,"PELT",0.00318421052631566,38,0.120999999999995,50
"vary_k",10000,50,1,"PELT",0.00234210526315786,38,0.0889999999999986,51
"vary_k",10000,50,2,"PELT",0.00232142857142849,28,0.0649999999999977,51
"vary_k",10000,50,3,"PELT",0.00231578947368405,38,0.0879999999999939,52
"vary_k",10000,50,4,"PELT",0.00234210526315786,38,0.0889999999999986,51
"vary_k",10000,50,5,"PELT",0.00234210526315786,38,0.0889999999999986,51
"vary_k",10000,50,6,"PELT",0.00234210526315786,38,0.0889999999999986,51
"vary_k",10000,50,7,"PELT",0.00234210526315823,38,0.0890000000000128,51
"vary_k",10000,50,8,"PELT",0.00231578947368442,38,0.0880000000000081,51
"vary_k",10000,50,9,"PELT",0.00235714285714295,28,0.0660000000000025,51
"vary_k",10000,50,10,"PELT",0.00236842105263167,38,0.0900000000000034,51
"vary_k",10000,50,11,"PELT",0.00236842105263129,38,0.0899999999999892,52
"vary_k",10000,50,12,"PELT",0.00234210526315786,38,0.0889999999999986,51
"vary_k",10000,51,1,"PELT",0.0023928571428574,28,0.0670000000000073,52
"vary_k",10000,51,2,"PELT",0.00353571428571442,28,0.0990000000000038,52
"vary_k",10000,51,3,"PELT",0.00231578947368442,38,0.0880000000000081,52
"vary_k",10000,51,4,"PELT",0.00232142857142849,28,0.0649999999999977,52
"vary_k",10000,51,5,"PELT",0.00228947368421024,38,0.0869999999999891,52
"vary_k",10000,51,6,"PELT",0.00231578947368442,38,0.0880000000000081,52
"vary_k",10000,51,7,"PELT",0.00232142857142849,28,0.0649999999999977,52
"vary_k",10000,51,8,"PELT",0.00232142857142849,28,0.0649999999999977,52
"vary_k",10000,51,9,"PELT",0.00228947368421061,38,0.0870000000000033,53
"vary_k",10000,51,10,"PELT",0.00228947368421061,38,0.0870000000000033,52
"vary_k",10000,51,11,"PELT",0.00236842105263129,38,0.0899999999999892,52
"vary_k",10000,51,12,"PELT",0.00232142857142849,28,0.0649999999999977,52
"vary_k",10000,52,1,"PELT",0.00228571428571403,28,0.063999999999993,53
"vary_k",10000,52,2,"PELT",0.00228947368421024,38,0.0869999999999891,53
"vary_k",10000,52,3,"PELT",0.0022631578947368,38,0.0859999999999985,53
"vary_k",10000,52,4,"PELT",0.00305263157894736,38,0.116,53
"vary_k",10000,52,5,"PELT",0.00228571428571454,28,0.0640000000000072,53
"vary_k",10000,52,6,"PELT",0.00225000000000009,28,0.0630000000000024,53
"vary_k",10000,52,7,"PELT",0.00226315789473718,38,0.0860000000000127,53
"vary_k",10000,52,8,"PELT",0.0022631578947368,38,0.0859999999999985,53
"vary_k",10000,52,9,"PELT",0.00228571428571403,28,0.063999999999993,53
"vary_k",10000,52,10,"PELT",0.00225000000000009,28,0.0630000000000024,53
"vary_k",10000,52,11,"PELT",0.00228571428571454,28,0.0640000000000072,54
"vary_k",10000,52,12,"PELT",0.0033928571428571,28,0.0949999999999989,53
"vary_k",10000,53,1,"PELT",0.0023928571428574,28,0.0670000000000073,54
"vary_k",10000,53,2,"PELT",0.00225000000000009,28,0.0630000000000024,54
"vary_k",10000,53,3,"PELT",0.00228947368421061,38,0.0870000000000033,55
"vary_k",10000,53,4,"PELT",0.0023928571428574,28,0.0670000000000073,54
"vary_k",10000,53,5,"PELT",0.00223684210526337,38,0.085000000000008,54
"vary_k",10000,53,6,"PELT",0.00221428571428563,28,0.0619999999999976,54
"vary_k",10000,53,7,"PELT",0.00221428571428563,28,0.0619999999999976,54
"vary_k",10000,53,8,"PELT",0.00225000000000009,28,0.0630000000000024,54
"vary_k",10000,53,9,"PELT",0.00221428571428563,28,0.0619999999999976,54
"vary_k",10000,53,10,"PELT",0.00226315789473718,38,0.0860000000000127,54
"vary_k",10000,53,11,"PELT",0.00225000000000009,28,0.0630000000000024,54
"vary_k",10000,53,12,"PELT",0.00332142857142819,28,0.0929999999999893,54
"vary_k",10000,54,1,"PELT",0.00217857142857117,28,0.0609999999999928,55
"vary_k",10000,54,2,"PELT",0.00221428571428563,28,0.0619999999999976,55
"vary_k",10000,54,3,"PELT",0.00221052631578956,38,0.0840000000000032,55
"vary_k",10000,54,4,"PELT",0.00221428571428563,28,0.0619999999999976,55
"vary_k",10000,54,5,"PELT",0.00221428571428614,28,0.0620000000000118,55
"vary_k",10000,54,6,"PELT",0.00221428571428563,28,0.0619999999999976,55
"vary_k",10000,54,7,"PELT",0.00221428571428563,28,0.0619999999999976,55
"vary_k",10000,54,8,"PELT",0.00217857142857168,28,0.061000000000007,55
"vary_k",10000,54,9,"PELT",0.00221052631578956,38,0.0840000000000032,55
"vary_k",10000,54,10,"PELT",0.00223684210526299,38,0.0849999999999937,55
"vary_k",10000,54,11,"PELT",0.00221428571428563,28,0.0619999999999976,55
"vary_k",10000,54,12,"PELT",0.00302631578947392,38,0.115000000000009,55
"vary_k",10000,55,1,"PELT",0.00218421052631575,38,0.0829999999999984,56
"vary_k",10000,55,2,"PELT",0.00221428571428563,28,0.0619999999999976,56
"vary_k",10000,55,3,"PELT",0.00218421052631575,38,0.0829999999999984,56
"vary_k",10000,55,4,"PELT",0.00217857142857168,28,0.061000000000007,56
"vary_k",10000,55,5,"PELT",0.00218421052631575,38,0.0829999999999984,56
"vary_k",10000,55,6,"PELT",0.00221428571428563,28,0.0619999999999976,56
"vary_k",10000,55,7,"PELT",0.00217857142857117,28,0.0609999999999928,56
"vary_k",10000,55,8,"PELT",0.00300000000000011,38,0.114000000000004,56
"vary_k",10000,55,9,"PELT",0.00217857142857168,28,0.061000000000007,56
"vary_k",10000,55,10,"PELT",0.00217857142857168,28,0.061000000000007,56
"vary_k",10000,55,11,"PELT",0.00217857142857168,28,0.061000000000007,56
"vary_k",10000,55,12,"PELT",0.00257894736842103,38,0.097999999999999,56
"vary_k",10000,56,1,"PELT",0.00214285714285672,28,0.0599999999999881,57
"vary_k",10000,56,2,"PELT",0.00215789473684231,38,0.0820000000000078,57
"vary_k",10000,56,3,"PELT",0.00214285714285722,28,0.0600000000000023,57
"vary_k",10000,56,4,"PELT",0.00214285714285722,28,0.0600000000000023,57
"vary_k",10000,56,5,"PELT",0.00324999999999978,28,0.090999999999994,57
"vary_k",10000,56,6,"PELT",0.00215789473684231,38,0.0820000000000078,57
"vary_k",10000,56,7,"PELT",0.00215789473684194,38,0.0819999999999936,57
"vary_k",10000,56,8,"PELT",0.00214285714285722,28,0.0600000000000023,57
"vary_k",10000,56,9,"PELT",0.00215789473684194,38,0.0819999999999936,57
"vary_k",10000,56,10,"PELT",0.0021315789473685,38,0.0810000000000031,57
"vary_k",10000,56,11,"PELT",0.00215789473684194,38,0.0819999999999936,57
"vary_k",10000,56,12,"PELT",0.0029736842105263,38,0.113,57
"vary_k",10000,57,1,"PELT",0.0021315789473685,38,0.0810000000000031,58
"vary_k",10000,57,2,"PELT",0.00210714285714277,28,0.0589999999999975,58
"vary_k",10000,57,3,"PELT",0.0021315789473685,38,0.0810000000000031,58
"vary_k",10000,57,4,"PELT",0.00215789473684194,38,0.0819999999999936,58
"vary_k",10000,57,5,"PELT",0.0021315789473685,38,0.0810000000000031,58
"vary_k",10000,57,6,"PELT",0.00214285714285722,28,0.0600000000000023,58
"vary_k",10000,57,7,"PELT",0.0023928571428569,28,0.0669999999999931,58
"vary_k",10000,57,8,"PELT",0.00210714285714277,28,0.0589999999999975,58
"vary_k",10000,57,9,"PELT",0.0021315789473685,38,0.0810000000000031,58
"vary_k",10000,57,10,"PELT",0.00214285714285672,28,0.0599999999999881,58
"vary_k",10000,57,11,"PELT",0.00214285714285722,28,0.0600000000000023,58
"vary_k",10000,57,12,"PELT",0.00210714285714277,28,0.0589999999999975,59
"vary_k",10000,58,1,"PELT",0.00207142857142882,28,0.0580000000000069,59
"vary_k",10000,58,2,"PELT",0.00210714285714277,28,0.0589999999999975,59
"vary_k",10000,58,3,"PELT",0.00210526315789469,38,0.0799999999999983,59
"vary_k",10000,58,4,"PELT",0.00210526315789469,38,0.0799999999999983,59
"vary_k",10000,58,5,"PELT",0.00214285714285722,28,0.0600000000000023,59
"vary_k",10000,58,6,"PELT",0.00210714285714277,28,0.0589999999999975,59
"vary_k",10000,58,7,"PELT",0.00210714285714277,28,0.0589999999999975,59
"vary_k",10000,58,8,"PELT",0.00210714285714277,28,0.0589999999999975,59
"vary_k",10000,58,9,"PELT",0.00210714285714328,28,0.0590000000000117,59
"vary_k",10000,58,10,"PELT",0.00210714285714277,28,0.0589999999999975,59
"vary_k",10000,58,11,"PELT",0.00210714285714277,28,0.0589999999999975,59
"vary_k",10000,58,12,"PELT",0.00210714285714277,28,0.0589999999999975,60
"vary_k",10000,59,1,"PELT",0.00207142857142882,28,0.0580000000000069,60
"vary_k",10000,59,2,"PELT",0.00207142857142831,28,0.0579999999999927,60
"vary_k",10000,59,3,"PELT",0.00210714285714277,28,0.0589999999999975,60
"vary_k",10000,59,4,"PELT",0.00210714285714277,28,0.0589999999999975,60
"vary_k",10000,59,5,"PELT",0.00207142857142882,28,0.0580000000000069,60
"vary_k",10000,59,6,"PELT",0.00203571428571386,28,0.056999999999988,60
"vary_k",10000,59,7,"PELT",0.00207142857142831,28,0.0579999999999927,60
"vary_k",10000,59,8,"PELT",0.00207142857142882,28,0.0580000000000069,60
"vary_k",10000,59,9,"PELT",0.00207894736842088,38,0.0789999999999935,60
"vary_k",10000,59,10,"PELT",0.00210714285714277,28,0.0589999999999975,61
"vary_k",10000,59,11,"PELT",0.00210714285714277,28,0.0589999999999975,60
"vary_k",10000,59,12,"PELT",0.00210714285714277,28,0.0589999999999975,60
"vary_k",10000,60,1,"PELT",0.00207142857142882,28,0.0580000000000069,61
"vary_k",10000,60,2,"PELT",0.00205263157894745,38,0.078000000000003,61
"vary_k",10000,60,3,"PELT",0.00205263157894707,38,0.0779999999999887,61
"vary_k",10000,60,4,"PELT",0.00203571428571386,28,0.056999999999988,61
"vary_k",10000,60,5,"PELT",0.00205263157894745,38,0.078000000000003,61
"vary_k",10000,60,6,"PELT",0.00207894736842088,38,0.0789999999999935,61
"vary_k",10000,60,7,"PELT",0.00207142857142831,28,0.0579999999999927,61
"vary_k",10000,60,8,"PELT",0.00210714285714277,28,0.0589999999999975,61
"vary_k",10000,60,9,"PELT",0.00205263157894745,38,0.078000000000003,61
"vary_k",10000,60,10,"PELT",0.00205263157894745,38,0.078000000000003,61
"vary_k",10000,60,11,"PELT",0.00207142857142831,28,0.0579999999999927,61
"vary_k",10000,60,12,"PELT",0.00202631578947364,38,0.0769999999999982,61
"vary_k",10000,61,1,"PELT",0.00215789473684231,38,0.0820000000000078,62
"vary_k",10000,61,2,"PELT",0.00203571428571436,28,0.0570000000000022,62
"vary_k",10000,61,3,"PELT",0.00205263157894745,38,0.078000000000003,62
"vary_k",10000,61,4,"PELT",0.00202631578947401,38,0.0770000000000124,62
"vary_k",10000,61,5,"PELT",0.00203571428571436,28,0.0570000000000022,62
"vary_k",10000,61,6,"PELT",0.00203571428571436,28,0.0570000000000022,62
"vary_k",10000,61,7,"PELT",0.00203571428571436,28,0.0570000000000022,62
"vary_k",10000,61,8,"PELT",0.00203571428571436,28,0.0570000000000022,62
"vary_k",10000,61,9,"PELT",0.00203571428571436,28,0.0570000000000022,62
"vary_k",10000,61,10,"PELT",0.00203571428571386,28,0.056999999999988,62
"vary_k",10000,61,11,"PELT",0.00207894736842126,38,0.0790000000000077,62
"vary_k",10000,61,12,"PELT",0.00203571428571436,28,0.0570000000000022,62
"vary_k",10000,62,1,"PELT",0.00202631578947364,38,0.0769999999999982,63
"vary_k",10000,62,2,"PELT",0.00199999999999991,28,0.0559999999999974,63
"vary_k",10000,62,3,"PELT",0.00200000000000041,28,0.0560000000000116,63
"vary_k",10000,62,4,"PELT",0.00199999999999991,28,0.0559999999999974,63
"vary_k",10000,62,5,"PELT",0.00199999999999991,28,0.0559999999999974,63
"vary_k",10000,62,6,"PELT",0.00202631578947364,38,0.0769999999999982,63
"vary_k",10000,62,7,"PELT",0.00203571428571386,28,0.056999999999988,63
"vary_k",10000,62,8,"PELT",0.00200000000000041,28,0.0560000000000116,63
"vary_k",10000,62,9,"PELT",0.00199999999999991,28,0.0559999999999974,63
"vary_k",10000,62,10,"PELT",0.00202631578947401,38,0.0770000000000124,63
"vary_k",10000,62,11,"PELT",0.00199999999999991,28,0.0559999999999974,64
"vary_k",10000,62,12,"PELT",0.00202631578947364,38,0.0769999999999982,63
"vary_k",10000,63,1,"PELT",0.00199999999999991,28,0.0559999999999974,64
"vary_k",10000,63,2,"PELT",0.00197368421052639,38,0.0750000000000028,64
"vary_k",10000,63,3,"PELT",0.00199999999999991,28,0.0559999999999974,64
"vary_k",10000,63,4,"PELT",0.00199999999999991,28,0.0559999999999974,64
"vary_k",10000,63,5,"PELT",0.00196428571428596,28,0.0550000000000068,64
"vary_k",10000,63,6,"PELT",0.00199999999999991,28,0.0559999999999974,64
"vary_k",10000,63,7,"PELT",0.00210526315789469,38,0.0799999999999983,64
"vary_k",10000,63,8,"PELT",0.00196428571428596,28,0.0550000000000068,64
"vary_k",10000,63,9,"PELT",0.00199999999999983,38,0.0759999999999934,64
"vary_k",10000,63,10,"PELT",0.00310714285714297,28,0.0870000000000033,64
"vary_k",10000,63,11,"PELT",0.00199999999999991,28,0.0559999999999974,64
"vary_k",10000,63,12,"PELT",0.00200000000000041,28,0.0560000000000116,64
"vary_k",10000,64,1,"PELT",0.00196428571428596,28,0.0550000000000068,65
"vary_k",10000,64,2,"PELT",0.00196428571428596,28,0.0550000000000068,65
"vary_k",10000,64,3,"PELT",0.00196428571428596,28,0.0550000000000068,65
"vary_k",10000,64,4,"PELT",0.00196428571428596,28,0.0550000000000068,65
"vary_k",10000,64,5,"PELT",0.00196428571428545,28,0.0549999999999926,65
"vary_k",10000,64,6,"PELT",0.00192857142857099,28,0.0539999999999878,65
"vary_k",10000,64,7,"PELT",0.00197368421052639,38,0.0750000000000028,65
"vary_k",10000,64,8,"PELT",0.00196428571428545,28,0.0549999999999926,65
"vary_k",10000,64,9,"PELT",0.00196428571428596,28,0.0550000000000068,65
"vary_k",10000,64,10,"PELT",0.00197368421052639,38,0.0750000000000028,65
"vary_k",10000,64,11,"PELT",0.00196428571428596,28,0.0550000000000068,65
"vary_k",10000,64,12,"PELT",0.00196428571428596,28,0.0550000000000068,65
"vary_k",10000,65,1,"PELT",0.0019285714285715,28,0.054000000000002,66
"vary_k",10000,65,2,"PELT",0.00196428571428545,28,0.0549999999999926,66
"vary_k",10000,65,3,"PELT",0.0019285714285715,28,0.054000000000002,67
"vary_k",10000,65,4,"PELT",0.00196428571428596,28,0.0550000000000068,66
"vary_k",10000,65,5,"PELT",0.00196428571428596,28,0.0550000000000068,66
"vary_k",10000,65,6,"PELT",0.00192105263157914,38,0.0730000000000075,66
"vary_k",10000,65,7,"PELT",0.00196428571428596,28,0.0550000000000068,66
"vary_k",10000,65,8,"PELT",0.00196428571428545,28,0.0549999999999926,66
"vary_k",10000,65,9,"PELT",0.00194736842105258,38,0.0739999999999981,66
"vary_k",10000,65,10,"PELT",0.00196428571428596,28,0.0550000000000068,66
"vary_k",10000,65,11,"PELT",0.00196428571428596,28,0.0550000000000068,66
"vary_k",10000,65,12,"PELT",0.00196428571428596,28,0.0550000000000068,66
"vary_k",10000,66,1,"PELT",0.00192857142857099,28,0.0539999999999878,67
"vary_k",10000,66,2,"PELT",0.00194736842105258,38,0.0739999999999981,67
"vary_k",10000,66,3,"PELT",0.0019285714285715,28,0.054000000000002,67
"vary_k",10000,66,4,"PELT",0.0019285714285715,28,0.054000000000002,67
"vary_k",10000,66,5,"PELT",0.00192105263157877,38,0.0729999999999933,67
"vary_k",10000,66,6,"PELT",0.0019285714285715,28,0.054000000000002,67
"vary_k",10000,66,7,"PELT",0.0019285714285715,28,0.054000000000002,67
"vary_k",10000,66,8,"PELT",0.00192857142857099,28,0.0539999999999878,67
"vary_k",10000,66,9,"PELT",0.0019285714285715,28,0.054000000000002,67
"vary_k",10000,66,10,"PELT",0.0019285714285715,28,0.054000000000002,67
"vary_k",10000,66,11,"PELT",0.00192105263157914,38,0.0730000000000075,67
"vary_k",10000,66,12,"PELT",0.0019285714285715,28,0.054000000000002,67
"vary_k",10000,67,1,"PELT",0.0019285714285715,28,0.054000000000002,68
"vary_k",10000,67,2,"PELT",0.0019285714285715,28,0.054000000000002,68
"vary_k",10000,67,3,"PELT",0.0019285714285715,28,0.054000000000002,68
"vary_k",10000,67,4,"PELT",0.00196428571428596,28,0.0550000000000068,68
"vary_k",10000,67,5,"PELT",0.0019285714285715,28,0.054000000000002,68
"vary_k",10000,67,6,"PELT",0.0019285714285715,28,0.054000000000002,68
"vary_k",10000,67,7,"PELT",0.00203571428571386,28,0.056999999999988,68
"vary_k",10000,67,8,"PELT",0.00192105263157877,38,0.0729999999999933,68
"vary_k",10000,67,9,"PELT",0.0019285714285715,28,0.054000000000002,68
"vary_k",10000,67,10,"PELT",0.00189285714285755,28,0.0530000000000115,68
"vary_k",10000,67,11,"PELT",0.00189285714285705,28,0.0529999999999973,68
"vary_k",10000,67,12,"PELT",0.00189285714285705,28,0.0529999999999973,68
"vary_k",10000,68,1,"PELT",0.00189285714285705,28,0.0529999999999973,69
"vary_k",10000,68,2,"PELT",0.00189285714285755,28,0.0530000000000115,69
"vary_k",10000,68,3,"PELT",0.00189285714285705,28,0.0529999999999973,69
"vary_k",10000,68,4,"PELT",0.00199999999999991,28,0.0559999999999974,69
"vary_k",10000,68,5,"PELT",0.00189285714285705,28,0.0529999999999973,69
"vary_k",10000,68,6,"PELT",0.00189285714285755,28,0.0530000000000115,69
"vary_k",10000,68,7,"PELT",0.00189285714285705,28,0.0529999999999973,69
"vary_k",10000,68,8,"PELT",0.0019285714285715,28,0.054000000000002,69
"vary_k",10000,68,9,"PELT",0.00189285714285755,28,0.0530000000000115,69
"vary_k",10000,68,10,"PELT",0.00189285714285705,28,0.0529999999999973,69
"vary_k",10000,68,11,"PELT",0.00189285714285705,28,0.0529999999999973,69
"vary_k",10000,68,12,"PELT",0.00189285714285705,28,0.0529999999999973,69
"vary_k",10000,69,1,"PELT",0.00192857142857099,28,0.0539999999999878,70
"vary_k",10000,69,2,"PELT",0.00196428571428545,28,0.0549999999999926,70
"vary_k",10000,69,3,"PELT",0.0018571428571431,28,0.0520000000000067,70
"vary_k",10000,69,4,"PELT",0.0018571428571431,28,0.0520000000000067,70
"vary_k",10000,69,5,"PELT",0.0018571428571431,28,0.0520000000000067,70
"vary_k",10000,69,6,"PELT",0.00189285714285755,28,0.0530000000000115,70
"vary_k",10000,69,7,"PELT",0.0018571428571431,28,0.0520000000000067,70
"vary_k",10000,69,8,"PELT",0.00189285714285705,28,0.0529999999999973,70
"vary_k",10000,69,9,"PELT",0.00189285714285755,28,0.0530000000000115,70
"vary_k",10000,69,10,"PELT",0.0018571428571431,28,0.0520000000000067,70
"vary_k",10000,69,11,"PELT",0.00189285714285705,28,0.0529999999999973,70
"vary_k",10000,69,12,"PELT",0.00189285714285705,28,0.0529999999999973,70
"vary_k",10000,70,1,"PELT",0.0018571428571431,28,0.0520000000000067,71
"vary_k",10000,70,2,"PELT",0.0018571428571431,28,0.0520000000000067,71
"vary_k",10000,70,3,"PELT",0.0018571428571431,28,0.0520000000000067,71
"vary_k",10000,70,4,"PELT",0.0018571428571431,28,0.0520000000000067,71
"vary_k",10000,70,5,"PELT",0.00182142857142864,28,0.0510000000000019,71
"vary_k",10000,70,6,"PELT",0.00185714285714259,28,0.0519999999999925,71
"vary_k",10000,70,7,"PELT",0.0018571428571431,28,0.0520000000000067,71
"vary_k",10000,70,8,"PELT",0.0018571428571431,28,0.0520000000000067,71
"vary_k",10000,70,9,"PELT",0.0018571428571431,28,0.0520000000000067,71
"vary_k",10000,70,10,"PELT",0.0018571428571431,28,0.0520000000000067,71
"vary_k",10000,70,11,"PELT",0.0018571428571431,28,0.0520000000000067,71
"vary_k",10000,70,12,"PELT",0.00186842105263153,38,0.070999999999998,71
"vary_k",10000,71,1,"PELT",0.00182142857142813,28,0.0509999999999877,72
"vary_k",10000,71,2,"PELT",0.00182142857142864,28,0.0510000000000019,72
"vary_k",10000,71,3,"PELT",0.0018571428571431,28,0.0520000000000067,72
"vary_k",10000,71,4,"PELT",0.00185714285714259,28,0.0519999999999925,72
"vary_k",10000,71,5,"PELT",0.00182142857142864,28,0.0510000000000019,72
"vary_k",10000,71,6,"PELT",0.0018571428571431,28,0.0520000000000067,72
"vary_k",10000,71,7,"PELT",0.00182142857142864,28,0.0510000000000019,72
"vary_k",10000,71,8,"PELT",0.00182142857142864,28,0.0510000000000019,72
"vary_k",10000,71,9,"PELT",0.0018571428571431,28,0.0520000000000067,72
"vary_k",10000,71,10,"PELT",0.00182142857142864,28,0.0510000000000019,72
"vary_k",10000,71,11,"PELT",0.00182142857142864,28,0.0510000000000019,72
"vary_k",10000,71,12,"PELT",0.00196428571428596,28,0.0550000000000068,73
"vary_k",10000,72,1,"PELT",0.00182142857142864,28,0.0510000000000019,73
"vary_k",10000,72,2,"PELT",0.00182142857142864,28,0.0510000000000019,73
"vary_k",10000,72,3,"PELT",0.0018571428571431,28,0.0520000000000067,73
"vary_k",10000,72,4,"PELT",0.00182142857142864,28,0.0510000000000019,73
"vary_k",10000,72,5,"PELT",0.00203571428571436,28,0.0570000000000022,73
"vary_k",10000,72,6,"PELT",0.00210714285714277,28,0.0589999999999975,73
"vary_k",10000,72,7,"PELT",0.00182142857142864,28,0.0510000000000019,73
"vary_k",10000,72,8,"PELT",0.00182142857142864,28,0.0510000000000019,73
"vary_k",10000,72,9,"PELT",0.00181578947368391,38,0.0689999999999884,73
"vary_k",10000,72,10,"PELT",0.00185714285714259,28,0.0519999999999925,73
"vary_k",10000,72,11,"PELT",0.0018571428571431,28,0.0520000000000067,73
"vary_k",10000,72,12,"PELT",0.00205263157894707,38,0.0779999999999887,73
"vary_k",10000,73,1,"PELT",0.00182142857142864,28,0.0510000000000019,74
"vary_k",10000,73,2,"PELT",0.00182142857142864,28,0.0510000000000019,74
"vary_k",10000,73,3,"PELT",0.00235714285714295,56,0.132000000000005,74
"vary_k",10000,73,4,"PELT",0.00182142857142864,28,0.0510000000000019,74
"vary_k",10000,73,5,"PELT",0.00178571428571469,28,0.0500000000000114,74
"vary_k",10000,73,6,"PELT",0.00180357142857167,56,0.101000000000013,74
"vary_k",10000,73,7,"PELT",0.00180357142857141,56,0.100999999999999,74
"vary_k",10000,73,8,"PELT",0.00181578947368428,38,0.0690000000000026,74
"vary_k",10000,73,9,"PELT",0.00182142857142864,28,0.0510000000000019,74
"vary_k",10000,73,10,"PELT",0.00178571428571469,28,0.0500000000000114,74
"vary_k",10000,73,11,"PELT",0.00182142857142864,28,0.0510000000000019,74
"vary_k",10000,73,12,"PELT",0.00178571428571444,56,0.100000000000009,74
"vary_k",10000,74,1,"PELT",0.00180357142857141,56,0.100999999999999,75
"vary_k",10000,74,2,"PELT",0.00176785714285696,56,0.0989999999999895,75
"vary_k",10000,74,3,"PELT",0.00178571428571418,56,0.0999999999999943,76
"vary_k",10000,74,4,"PELT",0.00182142857142864,28,0.0510000000000019,75
"vary_k",10000,74,5,"PELT",0.00182142857142864,28,0.0510000000000019,76
"vary_k",10000,74,6,"PELT",0.00182142857142864,28,0.0510000000000019,75
"vary_k",10000,74,7,"PELT",0.00191071428571427,56,0.106999999999999,75
"vary_k",10000,74,8,"PELT",0.00182142857142864,56,0.102000000000004,75
"vary_k",10000,74,9,"PELT",0.00178571428571444,56,0.100000000000009,75
"vary_k",10000,74,10,"PELT",0.00178571428571469,28,0.0500000000000114,75
"vary_k",10000,74,11,"PELT",0.00180357142857141,56,0.100999999999999,75
"vary_k",10000,74,12,"PELT",0.00182142857142864,28,0.0510000000000019,75
"vary_k",10000,75,1,"PELT",0.00182142857142864,56,0.102000000000004,76
"vary_k",10000,75,2,"PELT",0.00174999999999998,56,0.097999999999999,76
"vary_k",10000,75,3,"PELT",0.00176785714285721,56,0.0990000000000038,76
"vary_k",10000,75,4,"PELT",0.00178571428571418,56,0.0999999999999943,76
"vary_k",10000,75,5,"PELT",0.00176785714285721,56,0.0990000000000038,76
"vary_k",10000,75,6,"PELT",0.00178571428571469,28,0.0500000000000114,76
"vary_k",10000,75,7,"PELT",0.00176785714285721,56,0.0990000000000038,76
"vary_k",10000,75,8,"PELT",0.00176785714285721,56,0.0990000000000038,76
"vary_k",10000,75,9,"PELT",0.00176785714285721,56,0.0990000000000038,76
"vary_k",10000,75,10,"PELT",0.00196428571428545,28,0.0549999999999926,76
"vary_k",10000,75,11,"PELT",0.00178571428571444,56,0.100000000000009,76
"vary_k",10000,75,12,"PELT",0.00178571428571444,56,0.100000000000009,76
"vary_k",10000,76,1,"PELT",0.00178571428571469,28,0.0500000000000114,77
"vary_k",10000,76,2,"PELT",0.00176785714285696,56,0.0989999999999895,77
"vary_k",10000,76,3,"PELT",0.00176785714285721,56,0.0990000000000038,77
"vary_k",10000,76,4,"PELT",0.00185714285714259,28,0.0519999999999925,77
"vary_k",10000,76,5,"PELT",0.00176785714285721,56,0.0990000000000038,77
"vary_k",10000,76,6,"PELT",0.00185714285714259,28,0.0519999999999925,77
"vary_k",10000,76,7,"PELT",0.00174999999999998,56,0.097999999999999,77
"vary_k",10000,76,8,"PELT",0.00176785714285721,56,0.0990000000000038,78
"vary_k",10000,76,9,"PELT",0.00174999999999998,56,0.097999999999999,77
"vary_k",10000,76,10,"PELT",0.00189285714285705,56,0.105999999999995,77
"vary_k",10000,76,11,"PELT",0.00176785714285721,56,0.0990000000000038,77
"vary_k",10000,76,12,"PELT",0.00178571428571469,28,0.0500000000000114,77
"vary_k",10000,77,1,"PELT",0.00174999999999998,56,0.097999999999999,78
"vary_k",10000,77,2,"PELT",0.00176363636363626,55,0.0969999999999942,78
"vary_k",10000,77,3,"PELT",0.00174999999999998,56,0.097999999999999,78
"vary_k",10000,77,4,"PELT",0.00174999999999998,56,0.097999999999999,78
"vary_k",10000,77,5,"PELT",0.00174999999999998,56,0.097999999999999,78
"vary_k",10000,77,6,"PELT",0.00174999999999998,56,0.097999999999999,78
"vary_k",10000,77,7,"PELT",0.00176363636363626,55,0.0969999999999942,78
"vary_k",10000,77,8,"PELT",0.00174999999999998,56,0.097999999999999,78
"vary_k",10000,77,9,"PELT",0.00230357142857152,56,0.129000000000005,78
"vary_k",10000,77,10,"PELT",0.00174999999999998,56,0.097999999999999,78
"vary_k",10000,77,11,"PELT",0.00174999999999998,56,0.097999999999999,78
"vary_k",10000,77,12,"PELT",0.00174999999999998,56,0.097999999999999,78
"vary_k",10000,78,1,"PELT",0.00178571428571469,28,0.0500000000000114,79
"vary_k",10000,78,2,"PELT",0.00178571428571418,56,0.0999999999999943,79
"vary_k",10000,78,3,"PELT",0.00187500000000007,56,0.105000000000004,79
"vary_k",10000,78,4,"PELT",0.00173214285714275,56,0.0969999999999942,79
"vary_k",10000,78,5,"PELT",0.00173214285714301,56,0.0970000000000084,79
"vary_k",10000,78,6,"PELT",0.00173214285714275,56,0.0969999999999942,79
"vary_k",10000,78,7,"PELT",0.00174999999999998,56,0.097999999999999,80
"vary_k",10000,78,8,"PELT",0.00173214285714301,56,0.0970000000000084,79
"vary_k",10000,78,9,"PELT",0.00173214285714275,56,0.0969999999999942,79
"vary_k",10000,78,10,"PELT",0.00173214285714301,56,0.0970000000000084,79
"vary_k",10000,78,11,"PELT",0.00174999999999998,56,0.097999999999999,79
"vary_k",10000,78,12,"PELT",0.00175000000000024,56,0.0980000000000132,79
"vary_k",10000,79,1,"PELT",0.00171428571428578,56,0.0960000000000036,80
"vary_k",10000,79,2,"PELT",0.00173214285714275,56,0.0969999999999942,80
"vary_k",10000,79,3,"PELT",0.00171428571428578,56,0.0960000000000036,80
"vary_k",10000,79,4,"PELT",0.00173214285714301,56,0.0970000000000084,80
"vary_k",10000,79,5,"PELT",0.00171428571428553,56,0.0959999999999894,80
"vary_k",10000,79,6,"PELT",0.00171428571428553,56,0.0959999999999894,80
"vary_k",10000,79,7,"PELT",0.00174545454545461,55,0.0960000000000036,81
"vary_k",10000,79,8,"PELT",0.00171428571428578,56,0.0960000000000036,80
"vary_k",10000,79,9,"PELT",0.00173214285714275,56,0.0969999999999942,80
"vary_k",10000,79,10,"PELT",0.00173684210526285,38,0.0659999999999883,80
"vary_k",10000,79,11,"PELT",0.00175000000000024,56,0.0980000000000132,80
"vary_k",10000,79,12,"PELT",0.00171428571428553,56,0.0959999999999894,80
"vary_k",10000,80,1,"PELT",0.00171428571428578,56,0.0960000000000036,81
"vary_k",10000,80,2,"PELT",0.00173214285714275,56,0.0969999999999942,81
"vary_k",10000,80,3,"PELT",0.00171428571428553,56,0.0959999999999894,81
"vary_k",10000,80,4,"PELT",0.00171428571428578,56,0.0960000000000036,81
"vary_k",10000,80,5,"PELT",0.00171428571428553,56,0.0959999999999894,81
"vary_k",10000,80,6,"PELT",0.0016964285714288,56,0.0950000000000131,81
"vary_k",10000,80,7,"PELT",0.00171428571428578,56,0.0960000000000036,81
"vary_k",10000,80,8,"PELT",0.00171428571428578,56,0.0960000000000036,81
"vary_k",10000,80,9,"PELT",0.00171428571428578,56,0.0960000000000036,81
"vary_k",10000,80,10,"PELT",0.00171428571428578,56,0.0960000000000036,82
"vary_k",10000,80,11,"PELT",0.00171428571428578,56,0.0960000000000036,82
"vary_k",10000,80,12,"PELT",0.00171428571428553,56,0.0959999999999894,81
"vary_k",10000,81,1,"PELT",0.00171428571428578,56,0.0960000000000036,82
"vary_k",10000,81,2,"PELT",0.00169642857142855,56,0.0949999999999989,82
"vary_k",10000,81,3,"PELT",0.00169642857142855,56,0.0949999999999989,82
"vary_k",10000,81,4,"PELT",0.00226785714285706,56,0.126999999999995,82
"vary_k",10000,81,5,"PELT",0.00182142857142864,56,0.102000000000004,82
"vary_k",10000,81,6,"PELT",0.00182142857142864,28,0.0510000000000019,82
"vary_k",10000,81,7,"PELT",0.0017090909090908,55,0.0939999999999941,82
"vary_k",10000,81,8,"PELT",0.00174545454545461,55,0.0960000000000036,82
"vary_k",10000,81,9,"PELT",0.00169642857142855,56,0.0949999999999989,82
"vary_k",10000,81,10,"PELT",0.00176785714285721,56,0.0990000000000038,82
"vary_k",10000,81,11,"PELT",0.0016964285714288,56,0.0950000000000131,82
"vary_k",10000,81,12,"PELT",0.00170909090909106,55,0.0940000000000083,82
"vary_k",10000,82,1,"PELT",0.00169642857142855,56,0.0949999999999989,83
"vary_k",10000,82,2,"PELT",0.00167857142857132,56,0.0939999999999941,83
"vary_k",10000,82,3,"PELT",0.00167857142857132,56,0.0939999999999941,83
"vary_k",10000,82,4,"PELT",0.00169642857142855,56,0.0949999999999989,83
"vary_k",10000,82,5,"PELT",0.00167857142857158,56,0.0940000000000083,83
"vary_k",10000,82,6,"PELT",0.00167857142857158,56,0.0940000000000083,83
"vary_k",10000,82,7,"PELT",0.00167857142857158,56,0.0940000000000083,83
"vary_k",10000,82,8,"PELT",0.0016607142857141,56,0.0929999999999893,83
"vary_k",10000,82,9,"PELT",0.00169090909090941,55,0.0930000000000177,83
"vary_k",10000,82,10,"PELT",0.00167857142857132,56,0.0939999999999941,83
"vary_k",10000,82,11,"PELT",0.00167857142857183,56,0.0940000000000225,83
"vary_k",10000,82,12,"PELT",0.00169642857142855,56,0.0949999999999989,83
"vary_k",10000,83,1,"PELT",0.00167857142857132,56,0.0939999999999941,84
"vary_k",10000,83,2,"PELT",0.00171428571428578,56,0.0960000000000036,84
"vary_k",10000,83,3,"PELT",0.0016607142857146,56,0.0930000000000177,84
"vary_k",10000,83,4,"PELT",0.00176785714285696,56,0.0989999999999895,84
"vary_k",10000,83,5,"PELT",0.00167857142857132,56,0.0939999999999941,84
"vary_k",10000,83,6,"PELT",0.0016607142857146,56,0.0930000000000177,84
"vary_k",10000,83,7,"PELT",0.0016607142857146,56,0.0930000000000177,84
"vary_k",10000,83,8,"PELT",0.00167272727272699,55,0.0919999999999845,84
"vary_k",10000,83,9,"PELT",0.00167857142857132,56,0.0939999999999941,84
"vary_k",10000,83,10,"PELT",0.00169090909090941,55,0.0930000000000177,84
"vary_k",10000,83,11,"PELT",0.00164285714285737,56,0.092000000000013,84
"vary_k",10000,83,12,"PELT",0.0019285714285715,28,0.054000000000002,84
"vary_k",10000,84,1,"PELT",0.0016607142857146,56,0.0930000000000177,86
"vary_k",10000,84,2,"PELT",0.00167857142857132,56,0.0939999999999941,85
"vary_k",10000,84,3,"PELT",0.00164285714285687,56,0.0919999999999845,85
"vary_k",10000,84,4,"PELT",0.0016607142857146,56,0.0930000000000177,85
"vary_k",10000,84,5,"PELT",0.00164285714285737,56,0.092000000000013,85
"vary_k",10000,84,6,"PELT",0.00167272727272699,55,0.0919999999999845,85
"vary_k",10000,84,7,"PELT",0.0016607142857141,56,0.0929999999999893,85
"vary_k",10000,84,8,"PELT",0.00278571428571439,28,0.078000000000003,85
"vary_k",10000,84,9,"PELT",0.00167857142857132,56,0.0939999999999941,85
"vary_k",10000,84,10,"PELT",0.00182142857142915,28,0.0510000000000161,85
"vary_k",10000,84,11,"PELT",0.0016607142857146,56,0.0930000000000177,85
"vary_k",10000,84,12,"PELT",0.0016607142857146,56,0.0930000000000177,85
"vary_k",10000,85,1,"PELT",0.00165789473684254,38,0.0630000000000166,86
"vary_k",10000,85,2,"PELT",0.00164285714285737,56,0.092000000000013,87
"vary_k",10000,85,3,"PELT",0.00182142857142813,28,0.0509999999999877,86
"vary_k",10000,85,4,"PELT",0.00164285714285687,56,0.0919999999999845,86
"vary_k",10000,85,5,"PELT",0.00167857142857132,56,0.0939999999999941,86
"vary_k",10000,85,6,"PELT",0.0016607142857141,56,0.0929999999999893,86
"vary_k",10000,85,7,"PELT",0.00164285714285687,56,0.0919999999999845,86
"vary_k",10000,85,8,"PELT",0.00164285714285687,56,0.0919999999999845,86
"vary_k",10000,85,9,"PELT",0.00164285714285737,56,0.092000000000013,86
"vary_k",10000,85,10,"PELT",0.00167272727272751,55,0.092000000000013,86
"vary_k",10000,85,11,"PELT",0.0016607142857146,56,0.0930000000000177,86
"vary_k",10000,85,12,"PELT",0.0016607142857146,56,0.0930000000000177,87
"vary_k",10000,86,1,"PELT",0.00162500000000015,56,0.0910000000000082,87
"vary_k",10000,86,2,"PELT",0.00164285714285737,56,0.092000000000013,87
"vary_k",10000,86,3,"PELT",0.00162500000000015,56,0.0910000000000082,87
"vary_k",10000,86,4,"PELT",0.00164285714285737,56,0.092000000000013,87
"vary_k",10000,86,5,"PELT",0.00164285714285737,56,0.092000000000013,88
"vary_k",10000,86,6,"PELT",0.00164285714285737,56,0.092000000000013,88
"vary_k",10000,86,7,"PELT",0.0016545454545456,55,0.0910000000000082,87
"vary_k",10000,86,8,"PELT",0.00162500000000015,56,0.0910000000000082,87
"vary_k",10000,86,9,"PELT",0.00164285714285737,56,0.092000000000013,87
"vary_k",10000,86,10,"PELT",0.00167857142857132,56,0.0939999999999941,87
"vary_k",10000,86,11,"PELT",0.00162499999999964,56,0.0909999999999798,87
"vary_k",10000,86,12,"PELT",0.00174545454545461,55,0.0960000000000036,87
"vary_k",10000,87,1,"PELT",0.00162500000000015,56,0.0910000000000082,88
"vary_k",10000,87,2,"PELT",0.00160714285714292,56,0.0900000000000034,88
"vary_k",10000,87,3,"PELT",0.00162500000000015,56,0.0910000000000082,88
"vary_k",10000,87,4,"PELT",0.00162500000000015,56,0.0910000000000082,88
"vary_k",10000,87,5,"PELT",0.0016545454545456,55,0.0910000000000082,88
"vary_k",10000,87,6,"PELT",0.00160714285714292,56,0.0900000000000034,88
"vary_k",10000,87,7,"PELT",0.00162500000000015,56,0.0910000000000082,88
"vary_k",10000,87,8,"PELT",0.00162499999999964,56,0.0909999999999798,88
"vary_k",10000,87,9,"PELT",0.00162499999999964,56,0.0909999999999798,88
"vary_k",10000,87,10,"PELT",0.0016363636363637,55,0.0900000000000034,88
"vary_k",10000,87,11,"PELT",0.00162500000000015,56,0.0910000000000082,88
"vary_k",10000,87,12,"PELT",0.00162500000000015,56,0.0910000000000082,88
"vary_k",10000,88,1,"PELT",0.00162499999999964,56,0.0909999999999798,89
"vary_k",10000,88,2,"PELT",0.00160714285714292,56,0.0900000000000034,89
"vary_k",10000,88,3,"PELT",0.00161818181818179,55,0.0889999999999986,89
"vary_k",10000,88,4,"PELT",0.00161818181818179,55,0.0889999999999986,89
"vary_k",10000,88,5,"PELT",0.00162500000000015,56,0.0910000000000082,89
"vary_k",10000,88,6,"PELT",0.00225000000000009,56,0.126000000000005,89
"vary_k",10000,88,7,"PELT",0.00169642857142855,56,0.0949999999999989,89
"vary_k",10000,88,8,"PELT",0.0016363636363637,55,0.0900000000000034,89
"vary_k",10000,88,9,"PELT",0.00182142857142915,28,0.0510000000000161,89
"vary_k",10000,88,10,"PELT",0.00160714285714292,56,0.0900000000000034,90
"vary_k",10000,88,11,"PELT",0.00161818181818179,55,0.0889999999999986,89
"vary_k",10000,88,12,"PELT",0.00160714285714292,56,0.0900000000000034,89
"vary_k",10000,89,1,"PELT",0.00162500000000015,56,0.0910000000000082,90
"vary_k",10000,89,2,"PELT",0.00164285714285687,56,0.0919999999999845,90
"vary_k",10000,89,3,"PELT",0.00160714285714292,56,0.0900000000000034,91
"vary_k",10000,89,4,"PELT",0.00161818181818179,55,0.0889999999999986,90
"vary_k",10000,89,5,"PELT",0.00162500000000015,56,0.0910000000000082,91
"vary_k",10000,89,6,"PELT",0.00160714285714292,56,0.0900000000000034,90
"vary_k",10000,89,7,"PELT",0.00158928571428569,56,0.0889999999999986,90
"vary_k",10000,89,8,"PELT",0.00160714285714292,56,0.0900000000000034,90
"vary_k",10000,89,9,"PELT",0.00160714285714292,56,0.0900000000000034,90
"vary_k",10000,89,10,"PELT",0.00160714285714292,56,0.0900000000000034,90
"vary_k",10000,89,11,"PELT",0.00158928571428569,56,0.0889999999999986,90
"vary_k",10000,89,12,"PELT",0.00160714285714292,56,0.0900000000000034,90
"vary_k",10000,90,1,"PELT",0.0015892857142862,56,0.0890000000000271,91
"vary_k",10000,90,2,"PELT",0.00158928571428569,56,0.0889999999999986,91
"vary_k",10000,90,3,"PELT",0.00160714285714292,56,0.0900000000000034,91
"vary_k",10000,90,4,"PELT",0.00160714285714292,56,0.0900000000000034,91
"vary_k",10000,90,5,"PELT",0.00158928571428569,56,0.0889999999999986,92
"vary_k",10000,90,6,"PELT",0.00160526315789492,38,0.061000000000007,91
"vary_k",10000,90,7,"PELT",0.0016607142857146,56,0.0930000000000177,91
"vary_k",10000,90,8,"PELT",0.00167857142857132,56,0.0939999999999941,91
"vary_k",10000,90,9,"PELT",0.00158928571428569,56,0.0889999999999986,91
"vary_k",10000,90,10,"PELT",0.00158928571428569,56,0.0889999999999986,91
"vary_k",10000,90,11,"PELT",0.00169642857142855,56,0.0949999999999989,91
"vary_k",10000,90,12,"PELT",0.00160714285714292,56,0.0900000000000034,91
"vary_k",10000,91,1,"PELT",0.00159999999999989,55,0.0879999999999939,92
"vary_k",10000,91,2,"PELT",0.00159999999999989,55,0.0879999999999939,92
"vary_k",10000,91,3,"PELT",0.00157142857142846,56,0.0879999999999939,92
"vary_k",10000,91,4,"PELT",0.00160714285714292,56,0.0900000000000034,92
"vary_k",10000,91,5,"PELT",0.00158928571428569,56,0.0889999999999986,92
"vary_k",10000,91,6,"PELT",0.00158928571428569,56,0.0889999999999986,92
"vary_k",10000,91,7,"PELT",0.00160714285714292,56,0.0900000000000034,92
"vary_k",10000,91,8,"PELT",0.00158928571428569,56,0.0889999999999986,92
"vary_k",10000,91,9,"PELT",0.00159999999999989,55,0.0879999999999939,92
"vary_k",10000,91,10,"PELT",0.00159999999999989,55,0.0879999999999939,92
"vary_k",10000,91,11,"PELT",0.00158928571428569,56,0.0889999999999986,92
"vary_k",10000,91,12,"PELT",0.00158928571428569,56,0.0889999999999986,92
"vary_k",10000,92,1,"PELT",0.00158928571428569,56,0.0889999999999986,93
"vary_k",10000,92,2,"PELT",0.00157142857142846,56,0.0879999999999939,93
"vary_k",10000,92,3,"PELT",0.0017090909090908,55,0.0939999999999941,93
"vary_k",10000,92,4,"PELT",0.00173214285714301,56,0.0970000000000084,93
"vary_k",10000,92,5,"PELT",0.00216363636363636,55,0.119,93
"vary_k",10000,92,6,"PELT",0.00157142857142846,56,0.0879999999999939,93
"vary_k",10000,92,7,"PELT",0.00158181818181798,55,0.0869999999999891,93
"vary_k",10000,92,8,"PELT",0.00160714285714292,56,0.0900000000000034,94
"vary_k",10000,92,9,"PELT",0.00165454545454509,55,0.0909999999999798,93
"vary_k",10000,92,10,"PELT",0.00157142857142846,56,0.0879999999999939,93
"vary_k",10000,92,11,"PELT",0.00164285714285687,56,0.0919999999999845,93
"vary_k",10000,92,12,"PELT",0.00159999999999989,55,0.0879999999999939,93
"vary_k",10000,93,1,"PELT",0.00157142857142846,56,0.0879999999999939,94
"vary_k",10000,93,2,"PELT",0.00157142857142897,56,0.0880000000000223,94
"vary_k",10000,93,3,"PELT",0.00158181818181798,55,0.0869999999999891,94
"vary_k",10000,93,4,"PELT",0.00157142857142846,56,0.0879999999999939,94
"vary_k",10000,93,5,"PELT",0.00158928571428569,56,0.0889999999999986,94
"vary_k",10000,93,6,"PELT",0.00158181818181798,55,0.0869999999999891,94
"vary_k",10000,93,7,"PELT",0.00157142857142846,56,0.0879999999999939,94
"vary_k",10000,93,8,"PELT",0.00157142857142846,56,0.0879999999999939,94
"vary_k",10000,93,9,"PELT",0.00157142857142897,56,0.0880000000000223,94
"vary_k",10000,93,10,"PELT",0.00159999999999989,55,0.0879999999999939,94
"vary_k",10000,93,11,"PELT",0.00158928571428569,56,0.0889999999999986,94
"vary_k",10000,93,12,"PELT",0.00158928571428569,56,0.0889999999999986,94
"vary_k",10000,94,1,"PELT",0.00158928571428569,56,0.0889999999999986,95
"vary_k",10000,94,2,"PELT",0.00157142857142846,56,0.0879999999999939,95
"vary_k",10000,94,3,"PELT",0.00169090909090941,55,0.0930000000000177,95
"vary_k",10000,94,4,"PELT",0.00157142857142846,56,0.0879999999999939,95
"vary_k",10000,94,5,"PELT",0.00155357142857123,56,0.0869999999999891,95
"vary_k",10000,94,6,"PELT",0.0015636363636366,55,0.0860000000000127,95
"vary_k",10000,94,7,"PELT",0.00155357142857123,56,0.0869999999999891,95
"vary_k",10000,94,8,"PELT",0.0016363636363637,55,0.0900000000000034,95
"vary_k",10000,94,9,"PELT",0.00157142857142846,56,0.0879999999999939,95
"vary_k",10000,94,10,"PELT",0.00155357142857174,56,0.0870000000000175,95
"vary_k",10000,94,11,"PELT",0.00158928571428569,56,0.0889999999999986,95
"vary_k",10000,94,12,"PELT",0.00155357142857174,56,0.0870000000000175,95
"vary_k",10000,95,1,"PELT",0.00155357142857123,56,0.0869999999999891,96
"vary_k",10000,95,2,"PELT",0.00155357142857123,56,0.0869999999999891,96
"vary_k",10000,95,3,"PELT",0.00155357142857123,56,0.0869999999999891,96
"vary_k",10000,95,4,"PELT",0.00156363636363608,55,0.0859999999999843,96
"vary_k",10000,95,5,"PELT",0.00156363636363608,55,0.0859999999999843,97
"vary_k",10000,95,6,"PELT",0.00157142857142897,56,0.0880000000000223,96
"vary_k",10000,95,7,"PELT",0.00155357142857174,56,0.0870000000000175,96
"vary_k",10000,95,8,"PELT",0.00155357142857123,56,0.0869999999999891,96
"vary_k",10000,95,9,"PELT",0.00155357142857123,56,0.0869999999999891,96
"vary_k",10000,95,10,"PELT",0.00156363636363608,55,0.0859999999999843,96
"vary_k",10000,95,11,"PELT",0.00158181818181798,55,0.0869999999999891,96
"vary_k",10000,95,12,"PELT",0.00155357142857123,56,0.0869999999999891,96
"vary_k",10000,96,1,"PELT",0.00158928571428569,56,0.0889999999999986,97
"vary_k",10000,96,2,"PELT",0.00155357142857123,56,0.0869999999999891,97
"vary_k",10000,96,3,"PELT",0.00155357142857123,56,0.0869999999999891,97
"vary_k",10000,96,4,"PELT",0.00155357142857174,56,0.0870000000000175,97
"vary_k",10000,96,5,"PELT",0.00271428571428548,28,0.0759999999999934,97
"vary_k",10000,96,6,"PELT",0.00164285714285737,56,0.092000000000013,97
"vary_k",10000,96,7,"PELT",0.00155357142857174,56,0.0870000000000175,97
"vary_k",10000,96,8,"PELT",0.00153571428571401,56,0.0859999999999843,97
"vary_k",10000,96,9,"PELT",0.00155357142857123,56,0.0869999999999891,97
"vary_k",10000,96,10,"PELT",0.00156363636363608,55,0.0859999999999843,97
"vary_k",10000,96,11,"PELT",0.00155357142857174,56,0.0870000000000175,97
"vary_k",10000,96,12,"PELT",0.00153571428571401,56,0.0859999999999843,97
"vary_k",10000,97,1,"PELT",0.00155357142857174,56,0.0870000000000175,98
"vary_k",10000,97,2,"PELT",0.00155357142857123,56,0.0869999999999891,98
"vary_k",10000,97,3,"PELT",0.00156363636363608,55,0.0859999999999843,98
"vary_k",10000,97,4,"PELT",0.0016607142857146,56,0.0930000000000177,98
"vary_k",10000,97,5,"PELT",0.00153571428571401,56,0.0859999999999843,98
"vary_k",10000,97,6,"PELT",0.00153571428571401,56,0.0859999999999843,98
"vary_k",10000,97,7,"PELT",0.00153571428571451,56,0.0860000000000127,98
"vary_k",10000,97,8,"PELT",0.00153571428571401,56,0.0859999999999843,98
"vary_k",10000,97,9,"PELT",0.00155357142857174,56,0.0870000000000175,98
"vary_k",10000,97,10,"PELT",0.00154545454545469,55,0.085000000000008,98
"vary_k",10000,97,11,"PELT",0.00154545454545469,55,0.085000000000008,98
"vary_k",10000,97,12,"PELT",0.00155357142857123,56,0.0869999999999891,98
"vary_k",10000,98,1,"PELT",0.00155357142857174,56,0.0870000000000175,99
"vary_k",10000,98,2,"PELT",0.00158928571428569,56,0.0889999999999986,99
"vary_k",10000,98,3,"PELT",0.00158928571428569,56,0.0889999999999986,99
"vary_k",10000,98,4,"PELT",0.00153571428571451,56,0.0860000000000127,99
"vary_k",10000,98,5,"PELT",0.00153571428571401,56,0.0859999999999843,99
"vary_k",10000,98,6,"PELT",0.00151785714285728,56,0.085000000000008,99
"vary_k",10000,98,7,"PELT",0.00153571428571451,56,0.0860000000000127,99
"vary_k",10000,98,8,"PELT",0.00153571428571451,56,0.0860000000000127,99
"vary_k",10000,98,9,"PELT",0.00153571428571401,56,0.0859999999999843,99
"vary_k",10000,98,10,"PELT",0.00162500000000015,56,0.0910000000000082,99
"vary_k",10000,98,11,"PELT",0.00153571428571401,56,0.0859999999999843,99
"vary_k",10000,98,12,"PELT",0.00153571428571451,56,0.0860000000000127,99
"vary_k",10000,99,1,"PELT",0.00151785714285728,56,0.085000000000008,100
"vary_k",10000,99,2,"PELT",0.00151785714285678,56,0.0849999999999795,100
"vary_k",10000,99,3,"PELT",0.00158928571428569,56,0.0889999999999986,100
"vary_k",10000,99,4,"PELT",0.00153571428571451,56,0.0860000000000127,100
"vary_k",10000,99,5,"PELT",0.00151785714285728,56,0.085000000000008,101
"vary_k",10000,99,6,"PELT",0.00161818181818179,55,0.0889999999999986,100
"vary_k",10000,99,7,"PELT",0.00151785714285728,56,0.085000000000008,100
"vary_k",10000,99,8,"PELT",0.00153571428571401,56,0.0859999999999843,100
"vary_k",10000,99,9,"PELT",0.00153571428571451,56,0.0860000000000127,100
"vary_k",10000,99,10,"PELT",0.00151785714285728,56,0.085000000000008,100
"vary_k",10000,99,11,"PELT",0.00153571428571401,56,0.0859999999999843,100
"vary_k",10000,99,12,"PELT",0.00162500000000015,56,0.0910000000000082,100
"vary_k",10000,100,1,"PELT",0.00157142857142846,56,0.0879999999999939,101
"vary_k",10000,100,2,"PELT",0.00152727272727279,55,0.0840000000000032,101
"vary_k",10000,100,3,"PELT",0.00260714285714312,28,0.0730000000000075,101
"vary_k",10000,100,4,"PELT",0.00152727272727227,55,0.0839999999999748,101
"vary_k",10000,100,5,"PELT",0.00151785714285678,56,0.0849999999999795,101
"vary_k",10000,100,6,"PELT",0.00151785714285728,56,0.085000000000008,101
"vary_k",10000,100,7,"PELT",0.00152727272727279,55,0.0840000000000032,101
"vary_k",10000,100,8,"PELT",0.00153571428571451,56,0.0860000000000127,101
"vary_k",10000,100,9,"PELT",0.00153571428571451,56,0.0860000000000127,101
"vary_k",10000,100,10,"PELT",0.00152727272727279,55,0.0840000000000032,101
"vary_k",10000,100,11,"PELT",0.00151785714285728,56,0.085000000000008,101
"vary_k",10000,100,12,"PELT",0.00151785714285728,56,0.085000000000008,101
