"pattern","jump","rep","algorithm","Precision","Recall","F1","NumSegments","MSE"
"none",0.1,1,"PELT",1,1,1,1,0.000353505045595295
"none",0.1,1,"SVP",1,1,1,1,0.000353505045595295
"none",0.1,1,"SVP (BIC)",1,1,1,1,0.000353505045595295
"none",0.1,2,"PELT",1,1,1,1,2.63797630850938e-06
"none",0.1,2,"SVP",1,1,1,1,2.63797630850938e-06
"none",0.1,2,"SVP (BIC)",1,1,1,1,2.63797630850938e-06
"none",0.1,3,"PELT",1,1,1,1,0.000174054437519474
"none",0.1,3,"SVP",1,1,1,1,0.000174054437519474
"none",0.1,3,"SVP (BIC)",1,1,1,1,0.000174054437519474
"none",0.1,4,"PELT",1,1,1,1,0.000429240768205477
"none",0.1,4,"SVP",1,1,1,1,0.000429240768205477
"none",0.1,4,"SVP (BIC)",1,1,1,1,0.000429240768205477
"none",0.1,5,"PELT",0.5,1,0.666666666666667,2,0.0190082425132585
"none",0.1,5,"SVP",0.5,1,0.666666666666667,2,0.0190082425132585
"none",0.1,5,"SVP (BIC)",1,1,1,1,0.000659025597476078
"none",0.1,6,"PELT",1,1,1,1,0.000117504427775716
"none",0.1,6,"SVP",1,1,1,1,0.000117504427775716
"none",0.1,6,"SVP (BIC)",1,1,1,1,0.000117504427775716
"none",0.1,7,"PELT",1,1,1,1,0.00152576543303002
"none",0.1,7,"SVP",1,1,1,1,0.00152576543303002
"none",0.1,7,"SVP (BIC)",1,1,1,1,0.00152576543303002
"none",0.1,8,"PELT",1,1,1,1,0.00111963577475978
"none",0.1,8,"SVP",1,1,1,1,0.00111963577475978
"none",0.1,8,"SVP (BIC)",1,1,1,1,0.00111963577475978
"none",0.1,9,"PELT",1,1,1,1,0.000232490529095379
"none",0.1,9,"SVP",1,1,1,1,0.000232490529095379
"none",0.1,9,"SVP (BIC)",1,1,1,1,0.000232490529095379
"none",0.1,10,"PELT",1,1,1,1,0.00234727156329182
"none",0.1,10,"SVP",1,1,1,1,0.00234727156329182
"none",0.1,10,"SVP (BIC)",1,1,1,1,0.00234727156329182
"none",0.1,11,"PELT",1,1,1,1,4.27310972691503e-05
"none",0.1,11,"SVP",1,1,1,1,4.27310972691503e-05
"none",0.1,11,"SVP (BIC)",1,1,1,1,4.27310972691503e-05
"none",0.1,12,"PELT",1,1,1,1,0.00103488429000554
"none",0.1,12,"SVP",1,1,1,1,0.00103488429000554
"none",0.1,12,"SVP (BIC)",1,1,1,1,0.00103488429000554
"none",0.1,13,"PELT",1,1,1,1,0.00450797280017263
"none",0.1,13,"SVP",1,1,1,1,0.00450797280017263
"none",0.1,13,"SVP (BIC)",1,1,1,1,0.00450797280017263
"none",0.1,14,"PELT",1,1,1,1,0.000821217673534055
"none",0.1,14,"SVP",0.5,1,0.666666666666667,2,0.00554712404250895
"none",0.1,14,"SVP (BIC)",1,1,1,1,0.000821217673534055
"none",0.1,15,"PELT",1,1,1,1,0.0014073356385758
"none",0.1,15,"SVP",1,1,1,1,0.0014073356385758
"none",0.1,15,"SVP (BIC)",1,1,1,1,0.0014073356385758
"none",0.1,16,"PELT",1,1,1,1,0.0014027655377221
"none",0.1,16,"SVP",0.5,1,0.666666666666667,2,0.0082686898635125
"none",0.1,16,"SVP (BIC)",1,1,1,1,0.0014027655377221
"none",0.1,17,"PELT",1,1,1,1,0.00257805193717539
"none",0.1,17,"SVP",1,1,1,1,0.00257805193717539
"none",0.1,17,"SVP (BIC)",1,1,1,1,0.00257805193717539
"none",0.1,18,"PELT",1,1,1,1,0.000296736651998262
"none",0.1,18,"SVP",1,1,1,1,0.000296736651998262
"none",0.1,18,"SVP (BIC)",1,1,1,1,0.000296736651998262
"none",0.1,19,"PELT",1,1,1,1,0.000446781729988696
"none",0.1,19,"SVP",1,1,1,1,0.000446781729988696
"none",0.1,19,"SVP (BIC)",1,1,1,1,0.000446781729988696
"none",0.1,20,"PELT",1,1,1,1,0.000101328789998943
"none",0.1,20,"SVP",1,1,1,1,0.000101328789998943
"none",0.1,20,"SVP (BIC)",1,1,1,1,0.000101328789998943
"none",0.1,21,"PELT",1,1,1,1,0.00025201094237025
"none",0.1,21,"SVP",1,1,1,1,0.00025201094237025
"none",0.1,21,"SVP (BIC)",1,1,1,1,0.00025201094237025
"none",0.1,22,"PELT",1,1,1,1,9.19657030199531e-05
"none",0.1,22,"SVP",1,1,1,1,9.19657030199531e-05
"none",0.1,22,"SVP (BIC)",1,1,1,1,9.19657030199531e-05
"none",0.1,23,"PELT",1,1,1,1,0.000485292129371739
"none",0.1,23,"SVP",1,1,1,1,0.000485292129371739
"none",0.1,23,"SVP (BIC)",1,1,1,1,0.000485292129371739
"none",0.1,24,"PELT",1,1,1,1,0.000219997282651361
"none",0.1,24,"SVP",1,1,1,1,0.000219997282651361
"none",0.1,24,"SVP (BIC)",1,1,1,1,0.000219997282651361
"none",0.1,25,"PELT",1,1,1,1,0.00143502982003574
"none",0.1,25,"SVP",1,1,1,1,0.00143502982003574
"none",0.1,25,"SVP (BIC)",1,1,1,1,0.00143502982003574
"none",0.1,26,"PELT",1,1,1,1,0.000731813857796588
"none",0.1,26,"SVP",1,1,1,1,0.000731813857796588
"none",0.1,26,"SVP (BIC)",1,1,1,1,0.000731813857796588
"none",0.1,27,"PELT",1,1,1,1,0.000420863222903267
"none",0.1,27,"SVP",1,1,1,1,0.000420863222903267
"none",0.1,27,"SVP (BIC)",1,1,1,1,0.000420863222903267
"none",0.1,28,"PELT",1,1,1,1,0.000187444641496153
"none",0.1,28,"SVP",1,1,1,1,0.000187444641496153
"none",0.1,28,"SVP (BIC)",1,1,1,1,0.000187444641496153
"none",0.1,29,"PELT",1,1,1,1,0.00101936985304354
"none",0.1,29,"SVP",1,1,1,1,0.00101936985304354
"none",0.1,29,"SVP (BIC)",1,1,1,1,0.00101936985304354
"none",0.1,30,"PELT",1,1,1,1,0.000146034729398192
"none",0.1,30,"SVP",1,1,1,1,0.000146034729398192
"none",0.1,30,"SVP (BIC)",1,1,1,1,0.000146034729398192
"none",0.1,31,"PELT",1,1,1,1,2.23302944693261e-05
"none",0.1,31,"SVP",1,1,1,1,2.23302944693261e-05
"none",0.1,31,"SVP (BIC)",1,1,1,1,2.23302944693261e-05
"none",0.1,32,"PELT",1,1,1,1,0.000126756411878812
"none",0.1,32,"SVP",1,1,1,1,0.000126756411878812
"none",0.1,32,"SVP (BIC)",1,1,1,1,0.000126756411878812
"none",0.1,33,"PELT",1,1,1,1,0.00150103936572225
"none",0.1,33,"SVP",1,1,1,1,0.00150103936572225
"none",0.1,33,"SVP (BIC)",1,1,1,1,0.00150103936572225
"none",0.1,34,"PELT",1,1,1,1,0.00034950563409881
"none",0.1,34,"SVP",1,1,1,1,0.00034950563409881
"none",0.1,34,"SVP (BIC)",1,1,1,1,0.00034950563409881
"none",0.1,35,"PELT",1,1,1,1,0.000391691541603423
"none",0.1,35,"SVP",1,1,1,1,0.000391691541603423
"none",0.1,35,"SVP (BIC)",1,1,1,1,0.000391691541603423
"none",0.1,36,"PELT",1,1,1,1,2.712751573952e-05
"none",0.1,36,"SVP",1,1,1,1,2.712751573952e-05
"none",0.1,36,"SVP (BIC)",1,1,1,1,2.712751573952e-05
"none",0.1,37,"PELT",1,1,1,1,0.00283459273212142
"none",0.1,37,"SVP",1,1,1,1,0.00283459273212142
"none",0.1,37,"SVP (BIC)",1,1,1,1,0.00283459273212142
"none",0.1,38,"PELT",1,1,1,1,5.0726699340614e-05
"none",0.1,38,"SVP",1,1,1,1,5.0726699340614e-05
"none",0.1,38,"SVP (BIC)",1,1,1,1,5.0726699340614e-05
"none",0.1,39,"PELT",1,1,1,1,0.000181230940873783
"none",0.1,39,"SVP",1,1,1,1,0.000181230940873783
"none",0.1,39,"SVP (BIC)",1,1,1,1,0.000181230940873783
"none",0.1,40,"PELT",1,1,1,1,0.000201458168064714
"none",0.1,40,"SVP",1,1,1,1,0.000201458168064714
"none",0.1,40,"SVP (BIC)",1,1,1,1,0.000201458168064714
"none",0.1,41,"PELT",1,1,1,1,0.00105724198032272
"none",0.1,41,"SVP",1,1,1,1,0.00105724198032272
"none",0.1,41,"SVP (BIC)",1,1,1,1,0.00105724198032272
"none",0.1,42,"PELT",1,1,1,1,0.00314016390067837
"none",0.1,42,"SVP",1,1,1,1,0.00314016390067837
"none",0.1,42,"SVP (BIC)",1,1,1,1,0.00314016390067837
"none",0.1,43,"PELT",1,1,1,1,6.25992602748526e-12
"none",0.1,43,"SVP",1,1,1,1,6.25992602748526e-12
"none",0.1,43,"SVP (BIC)",1,1,1,1,6.25992602748526e-12
"none",0.1,44,"PELT",1,1,1,1,3.43182138106176e-05
"none",0.1,44,"SVP",1,1,1,1,3.43182138106176e-05
"none",0.1,44,"SVP (BIC)",1,1,1,1,3.43182138106176e-05
"none",0.1,45,"PELT",1,1,1,1,8.49238731646845e-05
"none",0.1,45,"SVP",1,1,1,1,8.49238731646845e-05
"none",0.1,45,"SVP (BIC)",1,1,1,1,8.49238731646845e-05
"none",0.1,46,"PELT",1,1,1,1,0.00216071054637893
"none",0.1,46,"SVP",1,1,1,1,0.00216071054637893
"none",0.1,46,"SVP (BIC)",1,1,1,1,0.00216071054637893
"none",0.1,47,"PELT",1,1,1,1,2.3980225407771e-05
"none",0.1,47,"SVP",1,1,1,1,2.3980225407771e-05
"none",0.1,47,"SVP (BIC)",1,1,1,1,2.3980225407771e-05
"none",0.1,48,"PELT",1,1,1,1,3.88132627688026e-06
"none",0.1,48,"SVP",1,1,1,1,3.88132627688026e-06
"none",0.1,48,"SVP (BIC)",1,1,1,1,3.88132627688026e-06
"none",0.1,49,"PELT",1,1,1,1,0.00051953554695873
"none",0.1,49,"SVP",1,1,1,1,0.00051953554695873
"none",0.1,49,"SVP (BIC)",1,1,1,1,0.00051953554695873
"none",0.1,50,"PELT",1,1,1,1,0.00017470357665666
"none",0.1,50,"SVP",1,1,1,1,0.00017470357665666
"none",0.1,50,"SVP (BIC)",1,1,1,1,0.00017470357665666
"up",0.1,1,"PELT",0.5,0.125,0.2,2,0.0145276578401462
"up",0.1,1,"SVP",0.5,0.125,0.2,2,0.0145276578401462
"up",0.1,1,"SVP (BIC)",0.5,0.125,0.2,2,0.0145276578401462
"up",0.1,2,"PELT",0.666666666666667,0.25,0.363636363636364,3,0.0137347692323342
"up",0.1,2,"SVP",0.5,0.125,0.2,2,0.018443127406401
"up",0.1,2,"SVP (BIC)",0.5,0.125,0.2,2,0.018443127406401
"up",0.1,3,"PELT",0.5,0.125,0.2,2,0.0206946268912338
"up",0.1,3,"SVP",0.5,0.125,0.2,2,0.0206946268912338
"up",0.1,3,"SVP (BIC)",0.5,0.125,0.2,2,0.0206946268912338
"up",0.1,4,"PELT",0.5,0.125,0.2,2,0.0238682942035998
"up",0.1,4,"SVP",0.5,0.125,0.2,2,0.0238682942035998
"up",0.1,4,"SVP (BIC)",0.5,0.125,0.2,2,0.0238682942035998
"up",0.1,5,"PELT",0.5,0.125,0.2,2,0.0156342200949047
"up",0.1,5,"SVP",0.5,0.125,0.2,2,0.0156342200949047
"up",0.1,5,"SVP (BIC)",0.5,0.125,0.2,2,0.0156342200949047
"up",0.1,6,"PELT",0.333333333333333,0.125,0.181818181818182,3,0.0172377811560732
"up",0.1,6,"SVP",0.5,0.125,0.2,2,0.0355723532511237
"up",0.1,6,"SVP (BIC)",0.5,0.125,0.2,2,0.0355723532511237
"up",0.1,7,"PELT",0.5,0.125,0.2,2,0.0248373129150162
"up",0.1,7,"SVP",0.5,0.125,0.2,2,0.0248373129150162
"up",0.1,7,"SVP (BIC)",0.5,0.125,0.2,2,0.0248373129150162
"up",0.1,8,"PELT",0.5,0.125,0.2,2,0.0169344195684698
"up",0.1,8,"SVP",0.5,0.125,0.2,2,0.0169344195684698
"up",0.1,8,"SVP (BIC)",0.5,0.125,0.2,2,0.0169344195684698
"up",0.1,9,"PELT",0.25,0.125,0.166666666666667,4,0.0284420268034583
"up",0.1,9,"SVP",0.5,0.125,0.2,2,0.0265543838175897
"up",0.1,9,"SVP (BIC)",0.5,0.125,0.2,2,0.0265543838175897
"up",0.1,10,"PELT",0.333333333333333,0.125,0.181818181818182,3,0.0191097730982204
"up",0.1,10,"SVP",0.5,0.125,0.2,2,0.0327156605396387
"up",0.1,10,"SVP (BIC)",0.5,0.125,0.2,2,0.0327156605396387
"up",0.1,11,"PELT",0.5,0.125,0.2,2,0.0149393381690431
"up",0.1,11,"SVP",0.5,0.125,0.2,2,0.0149393381690431
"up",0.1,11,"SVP (BIC)",0.5,0.125,0.2,2,0.0149393381690431
"up",0.1,12,"PELT",0.5,0.125,0.2,2,0.0150232137871312
"up",0.1,12,"SVP",0.5,0.125,0.2,2,0.0150232137871312
"up",0.1,12,"SVP (BIC)",0.5,0.125,0.2,2,0.0150232137871312
"up",0.1,13,"PELT",0.5,0.125,0.2,2,0.0188279131306159
"up",0.1,13,"SVP",0.5,0.125,0.2,2,0.0188279131306159
"up",0.1,13,"SVP (BIC)",0.5,0.125,0.2,2,0.0188279131306159
"up",0.1,14,"PELT",0.5,0.125,0.2,2,0.0209996976852733
"up",0.1,14,"SVP",0.5,0.125,0.2,2,0.0209996976852733
"up",0.1,14,"SVP (BIC)",0.5,0.125,0.2,2,0.0209996976852733
"up",0.1,15,"PELT",0.5,0.125,0.2,2,0.0223587132742314
"up",0.1,15,"SVP",0.5,0.125,0.2,2,0.0223587132742314
"up",0.1,15,"SVP (BIC)",0.5,0.125,0.2,2,0.0223587132742314
"up",0.1,16,"PELT",0.5,0.125,0.2,2,0.013743431222503
"up",0.1,16,"SVP",0.5,0.125,0.2,2,0.013743431222503
"up",0.1,16,"SVP (BIC)",0.5,0.125,0.2,2,0.013743431222503
"up",0.1,17,"PELT",0.666666666666667,0.25,0.363636363636364,3,0.0131320780373736
"up",0.1,17,"SVP",1,0.25,0.4,2,0.015619837675778
"up",0.1,17,"SVP (BIC)",1,0.25,0.4,2,0.015619837675778
"up",0.1,18,"PELT",0.5,0.125,0.2,2,0.0172621227195179
"up",0.1,18,"SVP",0.5,0.125,0.2,2,0.0172621227195179
"up",0.1,18,"SVP (BIC)",0.5,0.125,0.2,2,0.0172621227195179
"up",0.1,19,"PELT",0.333333333333333,0.125,0.181818181818182,3,0.0109308016192625
"up",0.1,19,"SVP",0.5,0.125,0.2,2,0.0181168100202745
"up",0.1,19,"SVP (BIC)",0.5,0.125,0.2,2,0.0181168100202745
"up",0.1,20,"PELT",0.333333333333333,0.125,0.181818181818182,3,0.0177621695622831
"up",0.1,20,"SVP",1,0.25,0.4,2,0.0291352479686429
"up",0.1,20,"SVP (BIC)",0.5,0.125,0.2,2,0.0376942918893611
"up",0.1,21,"PELT",0.333333333333333,0.125,0.181818181818182,3,0.0100416791839188
"up",0.1,21,"SVP",0.5,0.125,0.2,2,0.0144955633132514
"up",0.1,21,"SVP (BIC)",0.5,0.125,0.2,2,0.0144955633132514
"up",0.1,22,"PELT",0.5,0.125,0.2,2,0.0172389741613052
"up",0.1,22,"SVP",0.5,0.125,0.2,2,0.0172389741613052
"up",0.1,22,"SVP (BIC)",0.5,0.125,0.2,2,0.0172389741613052
"up",0.1,23,"PELT",0.5,0.125,0.2,2,0.0198362842460235
"up",0.1,23,"SVP",0.5,0.125,0.2,2,0.0198362842460235
"up",0.1,23,"SVP (BIC)",0.5,0.125,0.2,2,0.0198362842460235
"up",0.1,24,"PELT",0.5,0.125,0.2,2,0.0195810755054524
"up",0.1,24,"SVP",0.5,0.125,0.2,2,0.0195810755054524
"up",0.1,24,"SVP (BIC)",0.5,0.125,0.2,2,0.0195810755054524
"up",0.1,25,"PELT",0.5,0.125,0.2,2,0.0170958370927483
"up",0.1,25,"SVP",0.5,0.125,0.2,2,0.0170958370927483
"up",0.1,25,"SVP (BIC)",0.5,0.125,0.2,2,0.0170958370927483
"up",0.1,26,"PELT",0.5,0.125,0.2,2,0.0171099538293755
"up",0.1,26,"SVP",0.5,0.125,0.2,2,0.0171099538293755
"up",0.1,26,"SVP (BIC)",0.5,0.125,0.2,2,0.0171099538293755
"up",0.1,27,"PELT",0.5,0.125,0.2,2,0.0205359233659969
"up",0.1,27,"SVP",0.5,0.125,0.2,2,0.0205359233659969
"up",0.1,27,"SVP (BIC)",0.5,0.125,0.2,2,0.0205359233659969
"up",0.1,28,"PELT",0.666666666666667,0.25,0.363636363636364,3,0.015751362248736
"up",0.1,28,"SVP",0.5,0.125,0.2,2,0.0333075430319505
"up",0.1,28,"SVP (BIC)",0.5,0.125,0.2,2,0.0333075430319505
"up",0.1,29,"PELT",0.5,0.125,0.2,2,0.0151938203964421
"up",0.1,29,"SVP",0.5,0.125,0.2,2,0.0151938203964421
"up",0.1,29,"SVP (BIC)",0.5,0.125,0.2,2,0.0151938203964421
"up",0.1,30,"PELT",0.333333333333333,0.125,0.181818181818182,3,0.0143576469604985
"up",0.1,30,"SVP",0.5,0.125,0.2,2,0.0168603761248108
"up",0.1,30,"SVP (BIC)",0.5,0.125,0.2,2,0.0168603761248108
"up",0.1,31,"PELT",0.333333333333333,0.125,0.181818181818182,3,0.0099634610641133
"up",0.1,31,"SVP",0.5,0.125,0.2,2,0.0228454302543667
"up",0.1,31,"SVP (BIC)",0.5,0.125,0.2,2,0.0228454302543667
"up",0.1,32,"PELT",0.5,0.125,0.2,2,0.0149597582619824
"up",0.1,32,"SVP",0.5,0.125,0.2,2,0.0149597582619824
"up",0.1,32,"SVP (BIC)",0.5,0.125,0.2,2,0.0149597582619824
"up",0.1,33,"PELT",0.5,0.125,0.2,2,0.015558348623277
"up",0.1,33,"SVP",0.5,0.125,0.2,2,0.015558348623277
"up",0.1,33,"SVP (BIC)",0.5,0.125,0.2,2,0.015558348623277
"up",0.1,34,"PELT",0.5,0.125,0.2,2,0.0155651222503838
"up",0.1,34,"SVP",0.5,0.125,0.2,2,0.0155651222503838
"up",0.1,34,"SVP (BIC)",0.5,0.125,0.2,2,0.0155651222503838
"up",0.1,35,"PELT",0.5,0.125,0.2,2,0.0161504258942657
"up",0.1,35,"SVP",0.5,0.125,0.2,2,0.0161504258942657
"up",0.1,35,"SVP (BIC)",0.5,0.125,0.2,2,0.0161504258942657
"up",0.1,36,"PELT",0.5,0.125,0.2,2,0.0169933962376058
"up",0.1,36,"SVP",0.5,0.125,0.2,2,0.0169933962376058
"up",0.1,36,"SVP (BIC)",0.5,0.125,0.2,2,0.0169933962376058
"up",0.1,37,"PELT",1,0.25,0.4,2,0.0135895767484705
"up",0.1,37,"SVP",1,0.25,0.4,2,0.0135895767484705
"up",0.1,37,"SVP (BIC)",1,0.25,0.4,2,0.0135895767484705
"up",0.1,38,"PELT",0.5,0.125,0.2,2,0.0220151220015656
"up",0.1,38,"SVP",0.5,0.125,0.2,2,0.0220151220015656
"up",0.1,38,"SVP (BIC)",0.5,0.125,0.2,2,0.0220151220015656
"up",0.1,39,"PELT",0.5,0.125,0.2,2,0.0170978866868601
"up",0.1,39,"SVP",0.5,0.125,0.2,2,0.0170978866868601
"up",0.1,39,"SVP (BIC)",1,0.125,0.222222222222222,1,0.0525933612357225
"up",0.1,40,"PELT",0.5,0.125,0.2,2,0.0208253341340936
"up",0.1,40,"SVP",0.5,0.125,0.2,2,0.0208253341340936
"up",0.1,40,"SVP (BIC)",0.5,0.125,0.2,2,0.0208253341340936
"up",0.1,41,"PELT",0.5,0.125,0.2,2,0.0173305583335106
"up",0.1,41,"SVP",0.5,0.125,0.2,2,0.0173305583335106
"up",0.1,41,"SVP (BIC)",0.5,0.125,0.2,2,0.0173305583335106
"up",0.1,42,"PELT",0.5,0.125,0.2,2,0.01513663799514
"up",0.1,42,"SVP",0.5,0.125,0.2,2,0.01513663799514
"up",0.1,42,"SVP (BIC)",0.5,0.125,0.2,2,0.01513663799514
"up",0.1,43,"PELT",0.333333333333333,0.125,0.181818181818182,3,0.0167780868251087
"up",0.1,43,"SVP",0.5,0.125,0.2,2,0.0159128283133486
"up",0.1,43,"SVP (BIC)",0.5,0.125,0.2,2,0.0159128283133486
"up",0.1,44,"PELT",0.5,0.125,0.2,2,0.0147987240159557
"up",0.1,44,"SVP",0.5,0.125,0.2,2,0.0147987240159557
"up",0.1,44,"SVP (BIC)",0.5,0.125,0.2,2,0.0147987240159557
"up",0.1,45,"PELT",0.333333333333333,0.125,0.181818181818182,3,0.00786805734213237
"up",0.1,45,"SVP",0.5,0.125,0.2,2,0.0199329016284107
"up",0.1,45,"SVP (BIC)",0.5,0.125,0.2,2,0.0199329016284107
"up",0.1,46,"PELT",0.5,0.125,0.2,2,0.017205005596683
"up",0.1,46,"SVP",0.5,0.125,0.2,2,0.017205005596683
"up",0.1,46,"SVP (BIC)",0.5,0.125,0.2,2,0.017205005596683
"up",0.1,47,"PELT",1,0.25,0.4,2,0.0205603205509955
"up",0.1,47,"SVP",1,0.25,0.4,2,0.0205603205509955
"up",0.1,47,"SVP (BIC)",1,0.25,0.4,2,0.0205603205509955
"up",0.1,48,"PELT",0.5,0.125,0.2,2,0.0135376214824335
"up",0.1,48,"SVP",0.5,0.125,0.2,2,0.0135376214824335
"up",0.1,48,"SVP (BIC)",0.5,0.125,0.2,2,0.0135376214824335
"up",0.1,49,"PELT",0.5,0.125,0.2,2,0.0165874292380722
"up",0.1,49,"SVP",0.5,0.125,0.2,2,0.0165874292380722
"up",0.1,49,"SVP (BIC)",0.5,0.125,0.2,2,0.0165874292380722
"up",0.1,50,"PELT",0.5,0.125,0.2,2,0.0158804365946025
"up",0.1,50,"SVP",0.5,0.125,0.2,2,0.0158804365946025
"up",0.1,50,"SVP (BIC)",0.5,0.125,0.2,2,0.0158804365946025
"updown",0.1,1,"PELT",1,0.125,0.222222222222222,1,0.00276282953300512
"updown",0.1,1,"SVP",1,0.125,0.222222222222222,1,0.00276282953300512
"updown",0.1,1,"SVP (BIC)",1,0.125,0.222222222222222,1,0.00276282953300512
"updown",0.1,2,"PELT",1,0.125,0.222222222222222,1,0.00250246475564054
"updown",0.1,2,"SVP",1,0.125,0.222222222222222,1,0.00250246475564054
"updown",0.1,2,"SVP (BIC)",1,0.125,0.222222222222222,1,0.00250246475564054
"updown",0.1,3,"PELT",1,0.125,0.222222222222222,1,0.00347611346669805
"updown",0.1,3,"SVP",1,0.125,0.222222222222222,1,0.00347611346669805
"updown",0.1,3,"SVP (BIC)",1,0.125,0.222222222222222,1,0.00347611346669805
"updown",0.1,4,"PELT",1,0.125,0.222222222222222,1,0.00259223570305709
"updown",0.1,4,"SVP",1,0.125,0.222222222222222,1,0.00259223570305709
"updown",0.1,4,"SVP (BIC)",1,0.125,0.222222222222222,1,0.00259223570305709
"updown",0.1,5,"PELT",1,0.125,0.222222222222222,1,0.0025344374758617
"updown",0.1,5,"SVP",1,0.125,0.222222222222222,1,0.0025344374758617
"updown",0.1,5,"SVP (BIC)",1,0.125,0.222222222222222,1,0.0025344374758617
"updown",0.1,6,"PELT",1,0.125,0.222222222222222,1,0.00401616949978142
"updown",0.1,6,"SVP",1,0.125,0.222222222222222,1,0.00401616949978142
"updown",0.1,6,"SVP (BIC)",1,0.125,0.222222222222222,1,0.00401616949978142
"updown",0.1,7,"PELT",1,0.125,0.222222222222222,1,0.00272530967125737
"updown",0.1,7,"SVP",1,0.125,0.222222222222222,1,0.00272530967125737
"updown",0.1,7,"SVP (BIC)",1,0.125,0.222222222222222,1,0.00272530967125737
"updown",0.1,8,"PELT",1,0.125,0.222222222222222,1,0.00302284795735667
"updown",0.1,8,"SVP",1,0.125,0.222222222222222,1,0.00302284795735667
"updown",0.1,8,"SVP (BIC)",1,0.125,0.222222222222222,1,0.00302284795735667
"updown",0.1,9,"PELT",1,0.125,0.222222222222222,1,0.00296366170044745
"updown",0.1,9,"SVP",1,0.125,0.222222222222222,1,0.00296366170044745
"updown",0.1,9,"SVP (BIC)",1,0.125,0.222222222222222,1,0.00296366170044745
"updown",0.1,10,"PELT",1,0.125,0.222222222222222,1,0.00281268489127977
"updown",0.1,10,"SVP",1,0.125,0.222222222222222,1,0.00281268489127977
"updown",0.1,10,"SVP (BIC)",1,0.125,0.222222222222222,1,0.00281268489127977
"updown",0.1,11,"PELT",1,0.125,0.222222222222222,1,0.00272756493228169
"updown",0.1,11,"SVP",1,0.125,0.222222222222222,1,0.00272756493228169
"updown",0.1,11,"SVP (BIC)",1,0.125,0.222222222222222,1,0.00272756493228169
"updown",0.1,12,"PELT",1,0.125,0.222222222222222,1,0.00519292009501248
"updown",0.1,12,"SVP",1,0.125,0.222222222222222,1,0.00519292009501248
"updown",0.1,12,"SVP (BIC)",1,0.125,0.222222222222222,1,0.00519292009501248
"updown",0.1,13,"PELT",1,0.125,0.222222222222222,1,0.00363471639390687
"updown",0.1,13,"SVP",1,0.125,0.222222222222222,1,0.00363471639390687
"updown",0.1,13,"SVP (BIC)",1,0.125,0.222222222222222,1,0.00363471639390687
"updown",0.1,14,"PELT",1,0.125,0.222222222222222,1,0.00273679330078409
"updown",0.1,14,"SVP",1,0.125,0.222222222222222,1,0.00273679330078409
"updown",0.1,14,"SVP (BIC)",1,0.125,0.222222222222222,1,0.00273679330078409
"updown",0.1,15,"PELT",1,0.125,0.222222222222222,1,0.0032466293857367
"updown",0.1,15,"SVP",1,0.125,0.222222222222222,1,0.0032466293857367
"updown",0.1,15,"SVP (BIC)",1,0.125,0.222222222222222,1,0.0032466293857367
"updown",0.1,16,"PELT",1,0.125,0.222222222222222,1,0.00302576946895456
"updown",0.1,16,"SVP",1,0.125,0.222222222222222,1,0.00302576946895456
"updown",0.1,16,"SVP (BIC)",1,0.125,0.222222222222222,1,0.00302576946895456
"updown",0.1,17,"PELT",1,0.125,0.222222222222222,1,0.00412551723941775
"updown",0.1,17,"SVP",1,0.125,0.222222222222222,1,0.00412551723941775
"updown",0.1,17,"SVP (BIC)",1,0.125,0.222222222222222,1,0.00412551723941775
"updown",0.1,18,"PELT",1,0.125,0.222222222222222,1,0.00251850096759261
"updown",0.1,18,"SVP",1,0.125,0.222222222222222,1,0.00251850096759261
"updown",0.1,18,"SVP (BIC)",1,0.125,0.222222222222222,1,0.00251850096759261
"updown",0.1,19,"PELT",1,0.125,0.222222222222222,1,0.00250290676040114
"updown",0.1,19,"SVP",1,0.125,0.222222222222222,1,0.00250290676040114
"updown",0.1,19,"SVP (BIC)",1,0.125,0.222222222222222,1,0.00250290676040114
"updown",0.1,20,"PELT",1,0.125,0.222222222222222,1,0.00251409911066405
"updown",0.1,20,"SVP",1,0.125,0.222222222222222,1,0.00251409911066405
"updown",0.1,20,"SVP (BIC)",1,0.125,0.222222222222222,1,0.00251409911066405
"updown",0.1,21,"PELT",1,0.125,0.222222222222222,1,0.0026842349590623
"updown",0.1,21,"SVP",1,0.125,0.222222222222222,1,0.0026842349590623
"updown",0.1,21,"SVP (BIC)",1,0.125,0.222222222222222,1,0.0026842349590623
"updown",0.1,22,"PELT",1,0.125,0.222222222222222,1,0.00406874464572601
"updown",0.1,22,"SVP",1,0.125,0.222222222222222,1,0.00406874464572601
"updown",0.1,22,"SVP (BIC)",1,0.125,0.222222222222222,1,0.00406874464572601
"updown",0.1,23,"PELT",1,0.125,0.222222222222222,1,0.00254395217133264
"updown",0.1,23,"SVP",1,0.125,0.222222222222222,1,0.00254395217133264
"updown",0.1,23,"SVP (BIC)",1,0.125,0.222222222222222,1,0.00254395217133264
"updown",0.1,24,"PELT",1,0.125,0.222222222222222,1,0.00333834003338457
"updown",0.1,24,"SVP",1,0.125,0.222222222222222,1,0.00333834003338457
"updown",0.1,24,"SVP (BIC)",1,0.125,0.222222222222222,1,0.00333834003338457
"updown",0.1,25,"PELT",1,0.125,0.222222222222222,1,0.0026325460837732
"updown",0.1,25,"SVP",1,0.125,0.222222222222222,1,0.0026325460837732
"updown",0.1,25,"SVP (BIC)",1,0.125,0.222222222222222,1,0.0026325460837732
"updown",0.1,26,"PELT",1,0.125,0.222222222222222,1,0.00281047885297415
"updown",0.1,26,"SVP",1,0.125,0.222222222222222,1,0.00281047885297415
"updown",0.1,26,"SVP (BIC)",1,0.125,0.222222222222222,1,0.00281047885297415
"updown",0.1,27,"PELT",1,0.125,0.222222222222222,1,0.00312381751945002
"updown",0.1,27,"SVP",1,0.125,0.222222222222222,1,0.00312381751945002
"updown",0.1,27,"SVP (BIC)",1,0.125,0.222222222222222,1,0.00312381751945002
"updown",0.1,28,"PELT",1,0.125,0.222222222222222,1,0.00250882337678169
"updown",0.1,28,"SVP",1,0.125,0.222222222222222,1,0.00250882337678169
"updown",0.1,28,"SVP (BIC)",1,0.125,0.222222222222222,1,0.00250882337678169
"updown",0.1,29,"PELT",1,0.125,0.222222222222222,1,0.00253906953343348
"updown",0.1,29,"SVP",1,0.125,0.222222222222222,1,0.00253906953343348
"updown",0.1,29,"SVP (BIC)",1,0.125,0.222222222222222,1,0.00253906953343348
"updown",0.1,30,"PELT",1,0.125,0.222222222222222,1,0.00260182127840474
"updown",0.1,30,"SVP",1,0.125,0.222222222222222,1,0.00260182127840474
"updown",0.1,30,"SVP (BIC)",1,0.125,0.222222222222222,1,0.00260182127840474
"updown",0.1,31,"PELT",1,0.125,0.222222222222222,1,0.0026526801720538
"updown",0.1,31,"SVP",1,0.125,0.222222222222222,1,0.0026526801720538
"updown",0.1,31,"SVP (BIC)",1,0.125,0.222222222222222,1,0.0026526801720538
"updown",0.1,32,"PELT",1,0.125,0.222222222222222,1,0.00256909276324343
"updown",0.1,32,"SVP",1,0.125,0.222222222222222,1,0.00256909276324343
"updown",0.1,32,"SVP (BIC)",1,0.125,0.222222222222222,1,0.00256909276324343
"updown",0.1,33,"PELT",1,0.125,0.222222222222222,1,0.00341420154827575
"updown",0.1,33,"SVP",1,0.125,0.222222222222222,1,0.00341420154827575
"updown",0.1,33,"SVP (BIC)",1,0.125,0.222222222222222,1,0.00341420154827575
"updown",0.1,34,"PELT",1,0.125,0.222222222222222,1,0.00356204812343316
"updown",0.1,34,"SVP",1,0.125,0.222222222222222,1,0.00356204812343316
"updown",0.1,34,"SVP (BIC)",1,0.125,0.222222222222222,1,0.00356204812343316
"updown",0.1,35,"PELT",1,0.125,0.222222222222222,1,0.0046624276334983
"updown",0.1,35,"SVP",1,0.125,0.222222222222222,1,0.0046624276334983
"updown",0.1,35,"SVP (BIC)",1,0.125,0.222222222222222,1,0.0046624276334983
"updown",0.1,36,"PELT",1,0.125,0.222222222222222,1,0.00282614116400763
"updown",0.1,36,"SVP",1,0.125,0.222222222222222,1,0.00282614116400763
"updown",0.1,36,"SVP (BIC)",1,0.125,0.222222222222222,1,0.00282614116400763
"updown",0.1,37,"PELT",1,0.125,0.222222222222222,1,0.00277790664555321
"updown",0.1,37,"SVP",1,0.125,0.222222222222222,1,0.00277790664555321
"updown",0.1,37,"SVP (BIC)",1,0.125,0.222222222222222,1,0.00277790664555321
"updown",0.1,38,"PELT",1,0.125,0.222222222222222,1,0.00261605923158684
"updown",0.1,38,"SVP",1,0.125,0.222222222222222,1,0.00261605923158684
"updown",0.1,38,"SVP (BIC)",1,0.125,0.222222222222222,1,0.00261605923158684
"updown",0.1,39,"PELT",1,0.125,0.222222222222222,1,0.00322770239250972
"updown",0.1,39,"SVP",1,0.125,0.222222222222222,1,0.00322770239250972
"updown",0.1,39,"SVP (BIC)",1,0.125,0.222222222222222,1,0.00322770239250972
"updown",0.1,40,"PELT",1,0.125,0.222222222222222,1,0.00454491988899798
"updown",0.1,40,"SVP",1,0.125,0.222222222222222,1,0.00454491988899798
"updown",0.1,40,"SVP (BIC)",1,0.125,0.222222222222222,1,0.00454491988899798
"updown",0.1,41,"PELT",1,0.125,0.222222222222222,1,0.00274705156074042
"updown",0.1,41,"SVP",1,0.125,0.222222222222222,1,0.00274705156074042
"updown",0.1,41,"SVP (BIC)",1,0.125,0.222222222222222,1,0.00274705156074042
"updown",0.1,42,"PELT",1,0.125,0.222222222222222,1,0.00288335680751101
"updown",0.1,42,"SVP",1,0.125,0.222222222222222,1,0.00288335680751101
"updown",0.1,42,"SVP (BIC)",1,0.125,0.222222222222222,1,0.00288335680751101
"updown",0.1,43,"PELT",1,0.125,0.222222222222222,1,0.00321961930446619
"updown",0.1,43,"SVP",1,0.125,0.222222222222222,1,0.00321961930446619
"updown",0.1,43,"SVP (BIC)",1,0.125,0.222222222222222,1,0.00321961930446619
"updown",0.1,44,"PELT",1,0.125,0.222222222222222,1,0.00284806572138035
"updown",0.1,44,"SVP",1,0.125,0.222222222222222,1,0.00284806572138035
"updown",0.1,44,"SVP (BIC)",1,0.125,0.222222222222222,1,0.00284806572138035
"updown",0.1,45,"PELT",1,0.125,0.222222222222222,1,0.00289399045859666
"updown",0.1,45,"SVP",1,0.125,0.222222222222222,1,0.00289399045859666
"updown",0.1,45,"SVP (BIC)",1,0.125,0.222222222222222,1,0.00289399045859666
"updown",0.1,46,"PELT",1,0.125,0.222222222222222,1,0.00290182056890596
"updown",0.1,46,"SVP",1,0.125,0.222222222222222,1,0.00290182056890596
"updown",0.1,46,"SVP (BIC)",1,0.125,0.222222222222222,1,0.00290182056890596
"updown",0.1,47,"PELT",1,0.125,0.222222222222222,1,0.00524806927860933
"updown",0.1,47,"SVP",1,0.125,0.222222222222222,1,0.00524806927860933
"updown",0.1,47,"SVP (BIC)",1,0.125,0.222222222222222,1,0.00524806927860933
"updown",0.1,48,"PELT",1,0.125,0.222222222222222,1,0.00251045513368442
"updown",0.1,48,"SVP",1,0.125,0.222222222222222,1,0.00251045513368442
"updown",0.1,48,"SVP (BIC)",1,0.125,0.222222222222222,1,0.00251045513368442
"updown",0.1,49,"PELT",1,0.125,0.222222222222222,1,0.00326503516843284
"updown",0.1,49,"SVP",1,0.125,0.222222222222222,1,0.00326503516843284
"updown",0.1,49,"SVP (BIC)",1,0.125,0.222222222222222,1,0.00326503516843284
"updown",0.1,50,"PELT",1,0.125,0.222222222222222,1,0.00543727687731377
"updown",0.1,50,"SVP",1,0.125,0.222222222222222,1,0.00543727687731377
"updown",0.1,50,"SVP (BIC)",1,0.125,0.222222222222222,1,0.00543727687731377
"rand1",0.1,1,"PELT",1,0.125,0.222222222222222,1,0.00418506982422833
"rand1",0.1,1,"SVP",1,0.125,0.222222222222222,1,0.00418506982422833
"rand1",0.1,1,"SVP (BIC)",1,0.125,0.222222222222222,1,0.00418506982422833
"rand1",0.1,2,"PELT",1,0.125,0.222222222222222,1,0.00418506982422833
"rand1",0.1,2,"SVP",1,0.125,0.222222222222222,1,0.00418506982422833
"rand1",0.1,2,"SVP (BIC)",1,0.125,0.222222222222222,1,0.00418506982422833
"rand1",0.1,3,"PELT",1,0.125,0.222222222222222,1,0.00418506982422833
"rand1",0.1,3,"SVP",1,0.125,0.222222222222222,1,0.00418506982422833
"rand1",0.1,3,"SVP (BIC)",1,0.125,0.222222222222222,1,0.00418506982422833
"rand1",0.1,4,"PELT",1,0.125,0.222222222222222,1,0.00418506982422833
"rand1",0.1,4,"SVP",1,0.125,0.222222222222222,1,0.00418506982422833
"rand1",0.1,4,"SVP (BIC)",1,0.125,0.222222222222222,1,0.00418506982422833
"rand1",0.1,5,"PELT",1,0.125,0.222222222222222,1,0.00418506982422833
"rand1",0.1,5,"SVP",1,0.125,0.222222222222222,1,0.00418506982422833
"rand1",0.1,5,"SVP (BIC)",1,0.125,0.222222222222222,1,0.00418506982422833
"rand1",0.1,6,"PELT",1,0.125,0.222222222222222,1,0.00418506982422833
"rand1",0.1,6,"SVP",1,0.125,0.222222222222222,1,0.00418506982422833
"rand1",0.1,6,"SVP (BIC)",1,0.125,0.222222222222222,1,0.00418506982422833
"rand1",0.1,7,"PELT",1,0.125,0.222222222222222,1,0.00418506982422833
"rand1",0.1,7,"SVP",1,0.125,0.222222222222222,1,0.00418506982422833
"rand1",0.1,7,"SVP (BIC)",1,0.125,0.222222222222222,1,0.00418506982422833
"rand1",0.1,8,"PELT",1,0.125,0.222222222222222,1,0.00418506982422833
"rand1",0.1,8,"SVP",1,0.125,0.222222222222222,1,0.00418506982422833
"rand1",0.1,8,"SVP (BIC)",1,0.125,0.222222222222222,1,0.00418506982422833
"rand1",0.1,9,"PELT",1,0.125,0.222222222222222,1,0.00418506982422833
"rand1",0.1,9,"SVP",1,0.125,0.222222222222222,1,0.00418506982422833
"rand1",0.1,9,"SVP (BIC)",1,0.125,0.222222222222222,1,0.00418506982422833
"rand1",0.1,10,"PELT",1,0.125,0.222222222222222,1,0.00418506982422833
"rand1",0.1,10,"SVP",1,0.125,0.222222222222222,1,0.00418506982422833
"rand1",0.1,10,"SVP (BIC)",1,0.125,0.222222222222222,1,0.00418506982422833
"rand1",0.1,11,"PELT",1,0.125,0.222222222222222,1,0.00418506982422833
"rand1",0.1,11,"SVP",1,0.125,0.222222222222222,1,0.00418506982422833
"rand1",0.1,11,"SVP (BIC)",1,0.125,0.222222222222222,1,0.00418506982422833
"rand1",0.1,12,"PELT",1,0.125,0.222222222222222,1,0.00418506982422833
"rand1",0.1,12,"SVP",1,0.125,0.222222222222222,1,0.00418506982422833
"rand1",0.1,12,"SVP (BIC)",1,0.125,0.222222222222222,1,0.00418506982422833
"rand1",0.1,13,"PELT",1,0.125,0.222222222222222,1,0.00418506982422833
"rand1",0.1,13,"SVP",1,0.125,0.222222222222222,1,0.00418506982422833
"rand1",0.1,13,"SVP (BIC)",1,0.125,0.222222222222222,1,0.00418506982422833
"rand1",0.1,14,"PELT",1,0.125,0.222222222222222,1,0.00418506982422833
"rand1",0.1,14,"SVP",1,0.125,0.222222222222222,1,0.00418506982422833
"rand1",0.1,14,"SVP (BIC)",1,0.125,0.222222222222222,1,0.00418506982422833
"rand1",0.1,15,"PELT",1,0.125,0.222222222222222,1,0.00418506982422833
"rand1",0.1,15,"SVP",1,0.125,0.222222222222222,1,0.00418506982422833
"rand1",0.1,15,"SVP (BIC)",1,0.125,0.222222222222222,1,0.00418506982422833
"rand1",0.1,16,"PELT",1,0.125,0.222222222222222,1,0.00418506982422833
"rand1",0.1,16,"SVP",1,0.125,0.222222222222222,1,0.00418506982422833
"rand1",0.1,16,"SVP (BIC)",1,0.125,0.222222222222222,1,0.00418506982422833
"rand1",0.1,17,"PELT",1,0.125,0.222222222222222,1,0.00418506982422833
"rand1",0.1,17,"SVP",1,0.125,0.222222222222222,1,0.00418506982422833
"rand1",0.1,17,"SVP (BIC)",1,0.125,0.222222222222222,1,0.00418506982422833
"rand1",0.1,18,"PELT",1,0.125,0.222222222222222,1,0.00418506982422833
"rand1",0.1,18,"SVP",1,0.125,0.222222222222222,1,0.00418506982422833
"rand1",0.1,18,"SVP (BIC)",1,0.125,0.222222222222222,1,0.00418506982422833
"rand1",0.1,19,"PELT",1,0.125,0.222222222222222,1,0.00418506982422833
"rand1",0.1,19,"SVP",1,0.125,0.222222222222222,1,0.00418506982422833
"rand1",0.1,19,"SVP (BIC)",1,0.125,0.222222222222222,1,0.00418506982422833
"rand1",0.1,20,"PELT",1,0.125,0.222222222222222,1,0.00418506982422833
"rand1",0.1,20,"SVP",1,0.125,0.222222222222222,1,0.00418506982422833
"rand1",0.1,20,"SVP (BIC)",1,0.125,0.222222222222222,1,0.00418506982422833
"rand1",0.1,21,"PELT",1,0.125,0.222222222222222,1,0.00418506982422833
"rand1",0.1,21,"SVP",1,0.125,0.222222222222222,1,0.00418506982422833
"rand1",0.1,21,"SVP (BIC)",1,0.125,0.222222222222222,1,0.00418506982422833
"rand1",0.1,22,"PELT",1,0.125,0.222222222222222,1,0.00418506982422833
"rand1",0.1,22,"SVP",1,0.125,0.222222222222222,1,0.00418506982422833
"rand1",0.1,22,"SVP (BIC)",1,0.125,0.222222222222222,1,0.00418506982422833
"rand1",0.1,23,"PELT",1,0.125,0.222222222222222,1,0.00418506982422833
"rand1",0.1,23,"SVP",1,0.125,0.222222222222222,1,0.00418506982422833
"rand1",0.1,23,"SVP (BIC)",1,0.125,0.222222222222222,1,0.00418506982422833
"rand1",0.1,24,"PELT",1,0.125,0.222222222222222,1,0.00418506982422833
"rand1",0.1,24,"SVP",1,0.125,0.222222222222222,1,0.00418506982422833
"rand1",0.1,24,"SVP (BIC)",1,0.125,0.222222222222222,1,0.00418506982422833
"rand1",0.1,25,"PELT",1,0.125,0.222222222222222,1,0.00418506982422833
"rand1",0.1,25,"SVP",1,0.125,0.222222222222222,1,0.00418506982422833
"rand1",0.1,25,"SVP (BIC)",1,0.125,0.222222222222222,1,0.00418506982422833
"rand1",0.1,26,"PELT",1,0.125,0.222222222222222,1,0.00418506982422833
"rand1",0.1,26,"SVP",1,0.125,0.222222222222222,1,0.00418506982422833
"rand1",0.1,26,"SVP (BIC)",1,0.125,0.222222222222222,1,0.00418506982422833
"rand1",0.1,27,"PELT",1,0.125,0.222222222222222,1,0.00418506982422833
"rand1",0.1,27,"SVP",1,0.125,0.222222222222222,1,0.00418506982422833
"rand1",0.1,27,"SVP (BIC)",1,0.125,0.222222222222222,1,0.00418506982422833
"rand1",0.1,28,"PELT",1,0.125,0.222222222222222,1,0.00418506982422833
"rand1",0.1,28,"SVP",1,0.125,0.222222222222222,1,0.00418506982422833
"rand1",0.1,28,"SVP (BIC)",1,0.125,0.222222222222222,1,0.00418506982422833
"rand1",0.1,29,"PELT",1,0.125,0.222222222222222,1,0.00418506982422833
"rand1",0.1,29,"SVP",1,0.125,0.222222222222222,1,0.00418506982422833
"rand1",0.1,29,"SVP (BIC)",1,0.125,0.222222222222222,1,0.00418506982422833
"rand1",0.1,30,"PELT",1,0.125,0.222222222222222,1,0.00418506982422833
"rand1",0.1,30,"SVP",1,0.125,0.222222222222222,1,0.00418506982422833
"rand1",0.1,30,"SVP (BIC)",1,0.125,0.222222222222222,1,0.00418506982422833
"rand1",0.1,31,"PELT",1,0.125,0.222222222222222,1,0.00418506982422833
"rand1",0.1,31,"SVP",1,0.125,0.222222222222222,1,0.00418506982422833
"rand1",0.1,31,"SVP (BIC)",1,0.125,0.222222222222222,1,0.00418506982422833
"rand1",0.1,32,"PELT",1,0.125,0.222222222222222,1,0.00418506982422833
"rand1",0.1,32,"SVP",1,0.125,0.222222222222222,1,0.00418506982422833
"rand1",0.1,32,"SVP (BIC)",1,0.125,0.222222222222222,1,0.00418506982422833
"rand1",0.1,33,"PELT",1,0.125,0.222222222222222,1,0.00418506982422833
"rand1",0.1,33,"SVP",1,0.125,0.222222222222222,1,0.00418506982422833
"rand1",0.1,33,"SVP (BIC)",1,0.125,0.222222222222222,1,0.00418506982422833
"rand1",0.1,34,"PELT",1,0.125,0.222222222222222,1,0.00418506982422833
"rand1",0.1,34,"SVP",1,0.125,0.222222222222222,1,0.00418506982422833
"rand1",0.1,34,"SVP (BIC)",1,0.125,0.222222222222222,1,0.00418506982422833
"rand1",0.1,35,"PELT",1,0.125,0.222222222222222,1,0.00418506982422833
"rand1",0.1,35,"SVP",1,0.125,0.222222222222222,1,0.00418506982422833
"rand1",0.1,35,"SVP (BIC)",1,0.125,0.222222222222222,1,0.00418506982422833
"rand1",0.1,36,"PELT",1,0.125,0.222222222222222,1,0.00418506982422833
"rand1",0.1,36,"SVP",1,0.125,0.222222222222222,1,0.00418506982422833
"rand1",0.1,36,"SVP (BIC)",1,0.125,0.222222222222222,1,0.00418506982422833
"rand1",0.1,37,"PELT",1,0.125,0.222222222222222,1,0.00418506982422833
"rand1",0.1,37,"SVP",1,0.125,0.222222222222222,1,0.00418506982422833
"rand1",0.1,37,"SVP (BIC)",1,0.125,0.222222222222222,1,0.00418506982422833
"rand1",0.1,38,"PELT",1,0.125,0.222222222222222,1,0.00418506982422833
"rand1",0.1,38,"SVP",1,0.125,0.222222222222222,1,0.00418506982422833
"rand1",0.1,38,"SVP (BIC)",1,0.125,0.222222222222222,1,0.00418506982422833
"rand1",0.1,39,"PELT",1,0.125,0.222222222222222,1,0.00418506982422833
"rand1",0.1,39,"SVP",1,0.125,0.222222222222222,1,0.00418506982422833
"rand1",0.1,39,"SVP (BIC)",1,0.125,0.222222222222222,1,0.00418506982422833
"rand1",0.1,40,"PELT",1,0.125,0.222222222222222,1,0.00418506982422833
"rand1",0.1,40,"SVP",1,0.125,0.222222222222222,1,0.00418506982422833
"rand1",0.1,40,"SVP (BIC)",1,0.125,0.222222222222222,1,0.00418506982422833
"rand1",0.1,41,"PELT",1,0.125,0.222222222222222,1,0.00418506982422833
"rand1",0.1,41,"SVP",1,0.125,0.222222222222222,1,0.00418506982422833
"rand1",0.1,41,"SVP (BIC)",1,0.125,0.222222222222222,1,0.00418506982422833
"rand1",0.1,42,"PELT",1,0.125,0.222222222222222,1,0.00418506982422833
"rand1",0.1,42,"SVP",1,0.125,0.222222222222222,1,0.00418506982422833
"rand1",0.1,42,"SVP (BIC)",1,0.125,0.222222222222222,1,0.00418506982422833
"rand1",0.1,43,"PELT",1,0.125,0.222222222222222,1,0.00418506982422833
"rand1",0.1,43,"SVP",1,0.125,0.222222222222222,1,0.00418506982422833
"rand1",0.1,43,"SVP (BIC)",1,0.125,0.222222222222222,1,0.00418506982422833
"rand1",0.1,44,"PELT",1,0.125,0.222222222222222,1,0.00418506982422833
"rand1",0.1,44,"SVP",1,0.125,0.222222222222222,1,0.00418506982422833
"rand1",0.1,44,"SVP (BIC)",1,0.125,0.222222222222222,1,0.00418506982422833
"rand1",0.1,45,"PELT",1,0.125,0.222222222222222,1,0.00418506982422833
"rand1",0.1,45,"SVP",1,0.125,0.222222222222222,1,0.00418506982422833
"rand1",0.1,45,"SVP (BIC)",1,0.125,0.222222222222222,1,0.00418506982422833
"rand1",0.1,46,"PELT",1,0.125,0.222222222222222,1,0.00418506982422833
"rand1",0.1,46,"SVP",1,0.125,0.222222222222222,1,0.00418506982422833
"rand1",0.1,46,"SVP (BIC)",1,0.125,0.222222222222222,1,0.00418506982422833
"rand1",0.1,47,"PELT",1,0.125,0.222222222222222,1,0.00418506982422833
"rand1",0.1,47,"SVP",1,0.125,0.222222222222222,1,0.00418506982422833
"rand1",0.1,47,"SVP (BIC)",1,0.125,0.222222222222222,1,0.00418506982422833
"rand1",0.1,48,"PELT",1,0.125,0.222222222222222,1,0.00418506982422833
"rand1",0.1,48,"SVP",1,0.125,0.222222222222222,1,0.00418506982422833
"rand1",0.1,48,"SVP (BIC)",1,0.125,0.222222222222222,1,0.00418506982422833
"rand1",0.1,49,"PELT",1,0.125,0.222222222222222,1,0.00418506982422833
"rand1",0.1,49,"SVP",1,0.125,0.222222222222222,1,0.00418506982422833
"rand1",0.1,49,"SVP (BIC)",1,0.125,0.222222222222222,1,0.00418506982422833
"rand1",0.1,50,"PELT",1,0.125,0.222222222222222,1,0.00418506982422833
"rand1",0.1,50,"SVP",1,0.125,0.222222222222222,1,0.00418506982422833
"rand1",0.1,50,"SVP (BIC)",1,0.125,0.222222222222222,1,0.00418506982422833
"none",0.2,1,"PELT",1,1,1,1,8.97132064978896e-07
"none",0.2,1,"SVP",1,1,1,1,8.97132064978896e-07
"none",0.2,1,"SVP (BIC)",1,1,1,1,8.97132064978896e-07
"none",0.2,2,"PELT",1,1,1,1,0.000323371610028675
"none",0.2,2,"SVP",1,1,1,1,0.000323371610028675
"none",0.2,2,"SVP (BIC)",1,1,1,1,0.000323371610028675
"none",0.2,3,"PELT",1,1,1,1,2.1664846651701e-07
"none",0.2,3,"SVP",1,1,1,1,2.1664846651701e-07
"none",0.2,3,"SVP (BIC)",1,1,1,1,2.1664846651701e-07
"none",0.2,4,"PELT",1,1,1,1,2.7596339361003e-05
"none",0.2,4,"SVP",1,1,1,1,2.7596339361003e-05
"none",0.2,4,"SVP (BIC)",1,1,1,1,2.7596339361003e-05
"none",0.2,5,"PELT",1,1,1,1,0.000580324539516699
"none",0.2,5,"SVP",1,1,1,1,0.000580324539516699
"none",0.2,5,"SVP (BIC)",1,1,1,1,0.000580324539516699
"none",0.2,6,"PELT",1,1,1,1,0.000499854004347956
"none",0.2,6,"SVP",1,1,1,1,0.000499854004347956
"none",0.2,6,"SVP (BIC)",1,1,1,1,0.000499854004347956
"none",0.2,7,"PELT",1,1,1,1,3.47863453931734e-06
"none",0.2,7,"SVP",1,1,1,1,3.47863453931734e-06
"none",0.2,7,"SVP (BIC)",1,1,1,1,3.47863453931734e-06
"none",0.2,8,"PELT",1,1,1,1,0.00949982814934523
"none",0.2,8,"SVP",1,1,1,1,0.00949982814934523
"none",0.2,8,"SVP (BIC)",1,1,1,1,0.00949982814934523
"none",0.2,9,"PELT",1,1,1,1,0.000671584091347013
"none",0.2,9,"SVP",1,1,1,1,0.000671584091347013
"none",0.2,9,"SVP (BIC)",1,1,1,1,0.000671584091347013
"none",0.2,10,"PELT",1,1,1,1,1.09929910973998e-06
"none",0.2,10,"SVP",1,1,1,1,1.09929910973998e-06
"none",0.2,10,"SVP (BIC)",1,1,1,1,1.09929910973998e-06
"none",0.2,11,"PELT",1,1,1,1,0.00237942068066588
"none",0.2,11,"SVP",1,1,1,1,0.00237942068066588
"none",0.2,11,"SVP (BIC)",1,1,1,1,0.00237942068066588
"none",0.2,12,"PELT",1,1,1,1,0.000672057638499175
"none",0.2,12,"SVP",1,1,1,1,0.000672057638499175
"none",0.2,12,"SVP (BIC)",1,1,1,1,0.000672057638499175
"none",0.2,13,"PELT",1,1,1,1,0.000617882604477272
"none",0.2,13,"SVP",1,1,1,1,0.000617882604477272
"none",0.2,13,"SVP (BIC)",1,1,1,1,0.000617882604477272
"none",0.2,14,"PELT",1,1,1,1,0.000542028788152844
"none",0.2,14,"SVP",1,1,1,1,0.000542028788152844
"none",0.2,14,"SVP (BIC)",1,1,1,1,0.000542028788152844
"none",0.2,15,"PELT",1,1,1,1,0.00146862021999
"none",0.2,15,"SVP",1,1,1,1,0.00146862021999
"none",0.2,15,"SVP (BIC)",1,1,1,1,0.00146862021999
"none",0.2,16,"PELT",1,1,1,1,0.000446515291362876
"none",0.2,16,"SVP",1,1,1,1,0.000446515291362876
"none",0.2,16,"SVP (BIC)",1,1,1,1,0.000446515291362876
"none",0.2,17,"PELT",1,1,1,1,0.00110196110703688
"none",0.2,17,"SVP",1,1,1,1,0.00110196110703688
"none",0.2,17,"SVP (BIC)",1,1,1,1,0.00110196110703688
"none",0.2,18,"PELT",1,1,1,1,2.52411076465027e-06
"none",0.2,18,"SVP",1,1,1,1,2.52411076465027e-06
"none",0.2,18,"SVP (BIC)",1,1,1,1,2.52411076465027e-06
"none",0.2,19,"PELT",1,1,1,1,3.44325101648689e-05
"none",0.2,19,"SVP",1,1,1,1,3.44325101648689e-05
"none",0.2,19,"SVP (BIC)",1,1,1,1,3.44325101648689e-05
"none",0.2,20,"PELT",1,1,1,1,0.00201294029907525
"none",0.2,20,"SVP",1,1,1,1,0.00201294029907525
"none",0.2,20,"SVP (BIC)",1,1,1,1,0.00201294029907525
"none",0.2,21,"PELT",1,1,1,1,0.000323782765762063
"none",0.2,21,"SVP",1,1,1,1,0.000323782765762063
"none",0.2,21,"SVP (BIC)",1,1,1,1,0.000323782765762063
"none",0.2,22,"PELT",1,1,1,1,0.000974958989486734
"none",0.2,22,"SVP",1,1,1,1,0.000974958989486734
"none",0.2,22,"SVP (BIC)",1,1,1,1,0.000974958989486734
"none",0.2,23,"PELT",1,1,1,1,8.1071206955019e-07
"none",0.2,23,"SVP",1,1,1,1,8.1071206955019e-07
"none",0.2,23,"SVP (BIC)",1,1,1,1,8.1071206955019e-07
"none",0.2,24,"PELT",1,1,1,1,0.000464220668562922
"none",0.2,24,"SVP",1,1,1,1,0.000464220668562922
"none",0.2,24,"SVP (BIC)",1,1,1,1,0.000464220668562922
"none",0.2,25,"PELT",1,1,1,1,0.000692689989283383
"none",0.2,25,"SVP",1,1,1,1,0.000692689989283383
"none",0.2,25,"SVP (BIC)",1,1,1,1,0.000692689989283383
"none",0.2,26,"PELT",1,1,1,1,0.000388919256642068
"none",0.2,26,"SVP",1,1,1,1,0.000388919256642068
"none",0.2,26,"SVP (BIC)",1,1,1,1,0.000388919256642068
"none",0.2,27,"PELT",1,1,1,1,0.000515832441182205
"none",0.2,27,"SVP",1,1,1,1,0.000515832441182205
"none",0.2,27,"SVP (BIC)",1,1,1,1,0.000515832441182205
"none",0.2,28,"PELT",1,1,1,1,9.2959744325992e-05
"none",0.2,28,"SVP",1,1,1,1,9.2959744325992e-05
"none",0.2,28,"SVP (BIC)",1,1,1,1,9.2959744325992e-05
"none",0.2,29,"PELT",0.5,1,0.666666666666667,2,0.0155167606704471
"none",0.2,29,"SVP",1,1,1,1,0.000755256364549926
"none",0.2,29,"SVP (BIC)",1,1,1,1,0.000755256364549926
"none",0.2,30,"PELT",1,1,1,1,0.00148758803775875
"none",0.2,30,"SVP",1,1,1,1,0.00148758803775875
"none",0.2,30,"SVP (BIC)",1,1,1,1,0.00148758803775875
"none",0.2,31,"PELT",1,1,1,1,0.000863734156391527
"none",0.2,31,"SVP",1,1,1,1,0.000863734156391527
"none",0.2,31,"SVP (BIC)",1,1,1,1,0.000863734156391527
"none",0.2,32,"PELT",1,1,1,1,0.000347980223066081
"none",0.2,32,"SVP",1,1,1,1,0.000347980223066081
"none",0.2,32,"SVP (BIC)",1,1,1,1,0.000347980223066081
"none",0.2,33,"PELT",1,1,1,1,0.000760698210535291
"none",0.2,33,"SVP",1,1,1,1,0.000760698210535291
"none",0.2,33,"SVP (BIC)",1,1,1,1,0.000760698210535291
"none",0.2,34,"PELT",1,1,1,1,0.000458223268952822
"none",0.2,34,"SVP",1,1,1,1,0.000458223268952822
"none",0.2,34,"SVP (BIC)",1,1,1,1,0.000458223268952822
"none",0.2,35,"PELT",1,1,1,1,0.003118784857213
"none",0.2,35,"SVP",1,1,1,1,0.003118784857213
"none",0.2,35,"SVP (BIC)",1,1,1,1,0.003118784857213
"none",0.2,36,"PELT",1,1,1,1,0.00042970469122149
"none",0.2,36,"SVP",1,1,1,1,0.00042970469122149
"none",0.2,36,"SVP (BIC)",1,1,1,1,0.00042970469122149
"none",0.2,37,"PELT",1,1,1,1,4.70910637179435e-05
"none",0.2,37,"SVP",1,1,1,1,4.70910637179435e-05
"none",0.2,37,"SVP (BIC)",1,1,1,1,4.70910637179435e-05
"none",0.2,38,"PELT",1,1,1,1,8.41531823417799e-05
"none",0.2,38,"SVP",0.5,1,0.666666666666667,2,0.00380888617547979
"none",0.2,38,"SVP (BIC)",1,1,1,1,8.41531823417799e-05
"none",0.2,39,"PELT",1,1,1,1,0.000470808953769543
"none",0.2,39,"SVP",1,1,1,1,0.000470808953769543
"none",0.2,39,"SVP (BIC)",1,1,1,1,0.000470808953769543
"none",0.2,40,"PELT",1,1,1,1,0.00319621480313787
"none",0.2,40,"SVP",0.5,1,0.666666666666667,2,0.00584903780886529
"none",0.2,40,"SVP (BIC)",1,1,1,1,0.00319621480313787
"none",0.2,41,"PELT",1,1,1,1,0.00132600972236826
"none",0.2,41,"SVP",1,1,1,1,0.00132600972236826
"none",0.2,41,"SVP (BIC)",1,1,1,1,0.00132600972236826
"none",0.2,42,"PELT",1,1,1,1,0.000806314945088947
"none",0.2,42,"SVP",1,1,1,1,0.000806314945088947
"none",0.2,42,"SVP (BIC)",1,1,1,1,0.000806314945088947
"none",0.2,43,"PELT",1,1,1,1,4.27647844364636e-05
"none",0.2,43,"SVP",1,1,1,1,4.27647844364636e-05
"none",0.2,43,"SVP (BIC)",1,1,1,1,4.27647844364636e-05
"none",0.2,44,"PELT",1,1,1,1,0.000217611174423291
"none",0.2,44,"SVP",1,1,1,1,0.000217611174423291
"none",0.2,44,"SVP (BIC)",1,1,1,1,0.000217611174423291
"none",0.2,45,"PELT",1,1,1,1,0.000962677479876797
"none",0.2,45,"SVP",1,1,1,1,0.000962677479876797
"none",0.2,45,"SVP (BIC)",1,1,1,1,0.000962677479876797
"none",0.2,46,"PELT",1,1,1,1,0.00458882933548212
"none",0.2,46,"SVP",1,1,1,1,0.00458882933548212
"none",0.2,46,"SVP (BIC)",1,1,1,1,0.00458882933548212
"none",0.2,47,"PELT",1,1,1,1,0.00528572806824941
"none",0.2,47,"SVP",1,1,1,1,0.00528572806824941
"none",0.2,47,"SVP (BIC)",1,1,1,1,0.00528572806824941
"none",0.2,48,"PELT",0.5,1,0.666666666666667,2,0.0154060293958986
"none",0.2,48,"SVP",1,1,1,1,0.000428050765992677
"none",0.2,48,"SVP (BIC)",1,1,1,1,0.000428050765992677
"none",0.2,49,"PELT",1,1,1,1,0.00130038449486008
"none",0.2,49,"SVP",1,1,1,1,0.00130038449486008
"none",0.2,49,"SVP (BIC)",1,1,1,1,0.00130038449486008
"none",0.2,50,"PELT",1,1,1,1,0.000122608396945597
"none",0.2,50,"SVP",1,1,1,1,0.000122608396945597
"none",0.2,50,"SVP (BIC)",1,1,1,1,0.000122608396945597
"up",0.2,1,"PELT",0.333333333333333,0.125,0.181818181818182,3,0.0388649073742663
"up",0.2,1,"SVP",0.333333333333333,0.125,0.181818181818182,3,0.0388649073742663
"up",0.2,1,"SVP (BIC)",0.333333333333333,0.125,0.181818181818182,3,0.0388649073742663
"up",0.2,2,"PELT",0.25,0.125,0.166666666666667,4,0.0314999545721753
"up",0.2,2,"SVP",0.333333333333333,0.125,0.181818181818182,3,0.0327966942798829
"up",0.2,2,"SVP (BIC)",0.5,0.125,0.2,2,0.050954531449363
"up",0.2,3,"PELT",0.333333333333333,0.125,0.181818181818182,3,0.0363822240515077
"up",0.2,3,"SVP",0.333333333333333,0.125,0.181818181818182,3,0.0363822240515077
"up",0.2,3,"SVP (BIC)",0.333333333333333,0.125,0.181818181818182,3,0.0363822240515077
"up",0.2,4,"PELT",0.333333333333333,0.125,0.181818181818182,3,0.0265834365833174
"up",0.2,4,"SVP",0.333333333333333,0.125,0.181818181818182,3,0.0265834365833174
"up",0.2,4,"SVP (BIC)",0.333333333333333,0.125,0.181818181818182,3,0.0265834365833174
"up",0.2,5,"PELT",0.25,0.125,0.166666666666667,4,0.0523843477019335
"up",0.2,5,"SVP",0.333333333333333,0.125,0.181818181818182,3,0.0309399126861746
"up",0.2,5,"SVP (BIC)",0.5,0.125,0.2,2,0.0639353931724432
"up",0.2,6,"PELT",0.666666666666667,0.25,0.363636363636364,3,0.0262693093050285
"up",0.2,6,"SVP",0.666666666666667,0.25,0.363636363636364,3,0.0262693093050285
"up",0.2,6,"SVP (BIC)",0.5,0.125,0.2,2,0.0569558286466421
"up",0.2,7,"PELT",0.333333333333333,0.125,0.181818181818182,3,0.0271065693890001
"up",0.2,7,"SVP",0.333333333333333,0.125,0.181818181818182,3,0.0271065693890001
"up",0.2,7,"SVP (BIC)",0.5,0.125,0.2,2,0.059174186450895
"up",0.2,8,"PELT",0.25,0.125,0.166666666666667,4,0.0251191238788686
"up",0.2,8,"SVP",0.333333333333333,0.125,0.181818181818182,3,0.0356931414740166
"up",0.2,8,"SVP (BIC)",0.333333333333333,0.125,0.181818181818182,3,0.0356931414740166
"up",0.2,9,"PELT",0.666666666666667,0.25,0.363636363636364,3,0.0282495239484232
"up",0.2,9,"SVP",0.666666666666667,0.25,0.363636363636364,3,0.0282495239484232
"up",0.2,9,"SVP (BIC)",0.666666666666667,0.25,0.363636363636364,3,0.0282495239484232
"up",0.2,10,"PELT",0.333333333333333,0.125,0.181818181818182,3,0.0256030641443488
"up",0.2,10,"SVP",0.5,0.125,0.2,2,0.0541930909850582
"up",0.2,10,"SVP (BIC)",0.5,0.125,0.2,2,0.0541930909850582
"up",0.2,11,"PELT",0.25,0.125,0.166666666666667,4,0.0232965133777763
"up",0.2,11,"SVP",0.333333333333333,0.125,0.181818181818182,3,0.02850084429705
"up",0.2,11,"SVP (BIC)",0.333333333333333,0.125,0.181818181818182,3,0.02850084429705
"up",0.2,12,"PELT",0.25,0.125,0.166666666666667,4,0.0252820986260364
"up",0.2,12,"SVP",0.333333333333333,0.125,0.181818181818182,3,0.0328996594552273
"up",0.2,12,"SVP (BIC)",0.333333333333333,0.125,0.181818181818182,3,0.0328996594552273
"up",0.2,13,"PELT",0.25,0.125,0.166666666666667,4,0.0373589553968614
"up",0.2,13,"SVP",0.333333333333333,0.125,0.181818181818182,3,0.0446945531367471
"up",0.2,13,"SVP (BIC)",0.5,0.125,0.2,2,0.0727198199001386
"up",0.2,14,"PELT",0.333333333333333,0.125,0.181818181818182,3,0.0338507217318427
"up",0.2,14,"SVP",0.333333333333333,0.125,0.181818181818182,3,0.0338507217318427
"up",0.2,14,"SVP (BIC)",0.333333333333333,0.125,0.181818181818182,3,0.0338507217318427
"up",0.2,15,"PELT",0.5,0.25,0.333333333333333,4,0.0192619976217876
"up",0.2,15,"SVP",0.666666666666667,0.25,0.363636363636364,3,0.0371263404783967
"up",0.2,15,"SVP (BIC)",0.5,0.125,0.2,2,0.0576472202878811
"up",0.2,16,"PELT",0.333333333333333,0.125,0.181818181818182,3,0.0290165800090082
"up",0.2,16,"SVP",0.333333333333333,0.125,0.181818181818182,3,0.0290165800090082
"up",0.2,16,"SVP (BIC)",0.5,0.125,0.2,2,0.0525226406429307
"up",0.2,17,"PELT",0.333333333333333,0.125,0.181818181818182,3,0.0258756019346244
"up",0.2,17,"SVP",0.333333333333333,0.125,0.181818181818182,3,0.0258756019346244
"up",0.2,17,"SVP (BIC)",0.333333333333333,0.125,0.181818181818182,3,0.0258756019346244
"up",0.2,18,"PELT",0.333333333333333,0.125,0.181818181818182,3,0.0354538124190046
"up",0.2,18,"SVP",0.333333333333333,0.125,0.181818181818182,3,0.0354538124190046
"up",0.2,18,"SVP (BIC)",0.5,0.125,0.2,2,0.0532834164527696
"up",0.2,19,"PELT",0.333333333333333,0.125,0.181818181818182,3,0.038855332864254
"up",0.2,19,"SVP",0.333333333333333,0.125,0.181818181818182,3,0.038855332864254
"up",0.2,19,"SVP (BIC)",0.5,0.125,0.2,2,0.0645172200168361
"up",0.2,20,"PELT",0.25,0.125,0.166666666666667,4,0.0289073318385694
"up",0.2,20,"SVP",0.25,0.125,0.166666666666667,4,0.0289073318385694
"up",0.2,20,"SVP (BIC)",0.333333333333333,0.125,0.181818181818182,3,0.0442600519605549
"up",0.2,21,"PELT",0.333333333333333,0.125,0.181818181818182,3,0.0340822143644237
"up",0.2,21,"SVP",0.333333333333333,0.125,0.181818181818182,3,0.0340822143644237
"up",0.2,21,"SVP (BIC)",0.333333333333333,0.125,0.181818181818182,3,0.0340822143644237
"up",0.2,22,"PELT",0.285714285714286,0.25,0.266666666666667,7,0.0560818955157209
"up",0.2,22,"SVP",0.5,0.25,0.333333333333333,4,0.0189265618334759
"up",0.2,22,"SVP (BIC)",0.5,0.125,0.2,2,0.0562065651300022
"up",0.2,23,"PELT",0.25,0.125,0.166666666666667,4,0.0592987866755511
"up",0.2,23,"SVP",0.333333333333333,0.125,0.181818181818182,3,0.0273557729966763
"up",0.2,23,"SVP (BIC)",0.5,0.125,0.2,2,0.0561807512602959
"up",0.2,24,"PELT",0.333333333333333,0.125,0.181818181818182,3,0.0261451611749997
"up",0.2,24,"SVP",0.333333333333333,0.125,0.181818181818182,3,0.0261451611749997
"up",0.2,24,"SVP (BIC)",0.5,0.125,0.2,2,0.0583096719805727
"up",0.2,25,"PELT",0.25,0.125,0.166666666666667,4,0.0355350917024133
"up",0.2,25,"SVP",0.666666666666667,0.25,0.363636363636364,3,0.0256827958555459
"up",0.2,25,"SVP (BIC)",0.5,0.125,0.2,2,0.0546597886301355
"up",0.2,26,"PELT",0.25,0.125,0.166666666666667,4,0.0223671016669339
"up",0.2,26,"SVP",0.333333333333333,0.125,0.181818181818182,3,0.029733190586117
"up",0.2,26,"SVP (BIC)",0.5,0.125,0.2,2,0.0536732246660622
"up",0.2,27,"PELT",0.333333333333333,0.125,0.181818181818182,3,0.0351097298523846
"up",0.2,27,"SVP",0.333333333333333,0.125,0.181818181818182,3,0.0351097298523846
"up",0.2,27,"SVP (BIC)",0.333333333333333,0.125,0.181818181818182,3,0.0351097298523846
"up",0.2,28,"PELT",0.666666666666667,0.25,0.363636363636364,3,0.0256840682972862
"up",0.2,28,"SVP",0.666666666666667,0.25,0.363636363636364,3,0.0256840682972862
"up",0.2,28,"SVP (BIC)",0.666666666666667,0.25,0.363636363636364,3,0.0256840682972862
"up",0.2,29,"PELT",0.333333333333333,0.125,0.181818181818182,3,0.0329254703760917
"up",0.2,29,"SVP",0.5,0.125,0.2,2,0.0564262746441874
"up",0.2,29,"SVP (BIC)",0.5,0.125,0.2,2,0.0564262746441874
"up",0.2,30,"PELT",0.333333333333333,0.125,0.181818181818182,3,0.0351805609624607
"up",0.2,30,"SVP",0.5,0.125,0.2,2,0.0577887635419571
"up",0.2,30,"SVP (BIC)",0.5,0.125,0.2,2,0.0577887635419571
"up",0.2,31,"PELT",0.333333333333333,0.125,0.181818181818182,3,0.0338622129011363
"up",0.2,31,"SVP",0.333333333333333,0.125,0.181818181818182,3,0.0338622129011363
"up",0.2,31,"SVP (BIC)",0.5,0.125,0.2,2,0.0564037670088216
"up",0.2,32,"PELT",0.25,0.125,0.166666666666667,4,0.0186314146600123
"up",0.2,32,"SVP",0.333333333333333,0.125,0.181818181818182,3,0.0287517339811403
"up",0.2,32,"SVP (BIC)",0.333333333333333,0.125,0.181818181818182,3,0.0287517339811403
"up",0.2,33,"PELT",0.5,0.25,0.333333333333333,4,0.0170825432738979
"up",0.2,33,"SVP",0.333333333333333,0.125,0.181818181818182,3,0.0248965391646696
"up",0.2,33,"SVP (BIC)",0.5,0.125,0.2,2,0.0520175622688877
"up",0.2,34,"PELT",0.333333333333333,0.125,0.181818181818182,3,0.0305290342185916
"up",0.2,34,"SVP",0.333333333333333,0.125,0.181818181818182,3,0.0305290342185916
"up",0.2,34,"SVP (BIC)",0.5,0.125,0.2,2,0.0562303032908058
"up",0.2,35,"PELT",0.25,0.125,0.166666666666667,4,0.0253049025431208
"up",0.2,35,"SVP",0.666666666666667,0.25,0.363636363636364,3,0.037295570079829
"up",0.2,35,"SVP (BIC)",0.5,0.125,0.2,2,0.052879923265728
"up",0.2,36,"PELT",0.25,0.125,0.166666666666667,4,0.0263150972901215
"up",0.2,36,"SVP",0.333333333333333,0.125,0.181818181818182,3,0.0316569504794486
"up",0.2,36,"SVP (BIC)",0.333333333333333,0.125,0.181818181818182,3,0.0315834195982029
"up",0.2,37,"PELT",0.333333333333333,0.125,0.181818181818182,3,0.0257933425410373
"up",0.2,37,"SVP",0.333333333333333,0.125,0.181818181818182,3,0.0257933425410373
"up",0.2,37,"SVP (BIC)",0.5,0.125,0.2,2,0.0532481155411885
"up",0.2,38,"PELT",0.333333333333333,0.125,0.181818181818182,3,0.0281867618953493
"up",0.2,38,"SVP",0.333333333333333,0.125,0.181818181818182,3,0.0281867618953493
"up",0.2,38,"SVP (BIC)",0.333333333333333,0.125,0.181818181818182,3,0.0281867618953493
"up",0.2,39,"PELT",0.25,0.125,0.166666666666667,4,0.021648115418385
"up",0.2,39,"SVP",0.333333333333333,0.125,0.181818181818182,3,0.0287954511160666
"up",0.2,39,"SVP (BIC)",0.333333333333333,0.125,0.181818181818182,3,0.0287954511160666
"up",0.2,40,"PELT",0.333333333333333,0.125,0.181818181818182,3,0.0361666226551339
"up",0.2,40,"SVP",0.333333333333333,0.125,0.181818181818182,3,0.0361666226551339
"up",0.2,40,"SVP (BIC)",0.333333333333333,0.125,0.181818181818182,3,0.0361666226551339
"up",0.2,41,"PELT",0.333333333333333,0.125,0.181818181818182,3,0.0283050376481251
"up",0.2,41,"SVP",0.333333333333333,0.125,0.181818181818182,3,0.0283050376481251
"up",0.2,41,"SVP (BIC)",0.333333333333333,0.125,0.181818181818182,3,0.0283050376481251
"up",0.2,42,"PELT",0.25,0.125,0.166666666666667,4,0.0367937366997296
"up",0.2,42,"SVP",0.333333333333333,0.125,0.181818181818182,3,0.0303500805384443
"up",0.2,42,"SVP (BIC)",0.333333333333333,0.125,0.181818181818182,3,0.0303500805384443
"up",0.2,43,"PELT",0.25,0.125,0.166666666666667,4,0.0295667509850236
"up",0.2,43,"SVP",0.666666666666667,0.25,0.363636363636364,3,0.0384847083988239
"up",0.2,43,"SVP (BIC)",0.333333333333333,0.125,0.181818181818182,3,0.0323258725195282
"up",0.2,44,"PELT",0.333333333333333,0.125,0.181818181818182,3,0.0300828546630089
"up",0.2,44,"SVP",0.25,0.125,0.166666666666667,4,0.027481450452849
"up",0.2,44,"SVP (BIC)",0.333333333333333,0.125,0.181818181818182,3,0.0300828546630089
"up",0.2,45,"PELT",0.333333333333333,0.125,0.181818181818182,3,0.0328102162035707
"up",0.2,45,"SVP",0.333333333333333,0.125,0.181818181818182,3,0.0328102162035707
"up",0.2,45,"SVP (BIC)",0.333333333333333,0.125,0.181818181818182,3,0.0328102162035707
"up",0.2,46,"PELT",0.333333333333333,0.125,0.181818181818182,3,0.0285594049811417
"up",0.2,46,"SVP",0.333333333333333,0.125,0.181818181818182,3,0.0285594049811417
"up",0.2,46,"SVP (BIC)",0.5,0.125,0.2,2,0.0586145527983507
"up",0.2,47,"PELT",0.333333333333333,0.125,0.181818181818182,3,0.0385946059035067
"up",0.2,47,"SVP",0.5,0.125,0.2,2,0.0592410490646108
"up",0.2,47,"SVP (BIC)",0.5,0.125,0.2,2,0.0592410490646108
"up",0.2,48,"PELT",0.25,0.125,0.166666666666667,4,0.0307187654009483
"up",0.2,48,"SVP",0.333333333333333,0.125,0.181818181818182,3,0.0310094127184589
"up",0.2,48,"SVP (BIC)",0.5,0.125,0.2,2,0.0624027935823961
"up",0.2,49,"PELT",0.2,0.125,0.153846153846154,5,0.0406031214152134
"up",0.2,49,"SVP",0.333333333333333,0.125,0.181818181818182,3,0.0346792662344848
"up",0.2,49,"SVP (BIC)",0.5,0.125,0.2,2,0.0571920020472571
"up",0.2,50,"PELT",0.333333333333333,0.125,0.181818181818182,3,0.0388769799861766
"up",0.2,50,"SVP",0.333333333333333,0.125,0.181818181818182,3,0.0388769799861766
"up",0.2,50,"SVP (BIC)",0.333333333333333,0.125,0.181818181818182,3,0.0388769799861766
"updown",0.2,1,"PELT",0.5,0.125,0.2,2,0.0240573070410249
"updown",0.2,1,"SVP",0.5,0.125,0.2,2,0.0240573070410249
"updown",0.2,1,"SVP (BIC)",1,0.125,0.222222222222222,1,0.0100038683913478
"updown",0.2,2,"PELT",1,0.125,0.222222222222222,1,0.0102348126840663
"updown",0.2,2,"SVP",1,0.125,0.222222222222222,1,0.0102348126840663
"updown",0.2,2,"SVP (BIC)",1,0.125,0.222222222222222,1,0.0102348126840663
"updown",0.2,3,"PELT",1,0.125,0.222222222222222,1,0.0102899325255199
"updown",0.2,3,"SVP",1,0.125,0.222222222222222,1,0.0102899325255199
"updown",0.2,3,"SVP (BIC)",1,0.125,0.222222222222222,1,0.0102899325255199
"updown",0.2,4,"PELT",1,0.125,0.222222222222222,1,0.0107399373016595
"updown",0.2,4,"SVP",1,0.125,0.222222222222222,1,0.0107399373016595
"updown",0.2,4,"SVP (BIC)",1,0.125,0.222222222222222,1,0.0107399373016595
"updown",0.2,5,"PELT",1,0.125,0.222222222222222,1,0.0112382628254828
"updown",0.2,5,"SVP",1,0.125,0.222222222222222,1,0.0112382628254828
"updown",0.2,5,"SVP (BIC)",1,0.125,0.222222222222222,1,0.0112382628254828
"updown",0.2,6,"PELT",1,0.125,0.222222222222222,1,0.0112095479891019
"updown",0.2,6,"SVP",1,0.125,0.222222222222222,1,0.0112095479891019
"updown",0.2,6,"SVP (BIC)",1,0.125,0.222222222222222,1,0.0112095479891019
"updown",0.2,7,"PELT",1,0.125,0.222222222222222,1,0.0100562915381979
"updown",0.2,7,"SVP",1,0.125,0.222222222222222,1,0.0100562915381979
"updown",0.2,7,"SVP (BIC)",1,0.125,0.222222222222222,1,0.0100562915381979
"updown",0.2,8,"PELT",1,0.125,0.222222222222222,1,0.010244690705298
"updown",0.2,8,"SVP",1,0.125,0.222222222222222,1,0.010244690705298
"updown",0.2,8,"SVP (BIC)",1,0.125,0.222222222222222,1,0.010244690705298
"updown",0.2,9,"PELT",1,0.125,0.222222222222222,1,0.0101776880165002
"updown",0.2,9,"SVP",1,0.125,0.222222222222222,1,0.0101776880165002
"updown",0.2,9,"SVP (BIC)",1,0.125,0.222222222222222,1,0.0101776880165002
"updown",0.2,10,"PELT",1,0.125,0.222222222222222,1,0.0112871505257622
"updown",0.2,10,"SVP",1,0.125,0.222222222222222,1,0.0112871505257622
"updown",0.2,10,"SVP (BIC)",1,0.125,0.222222222222222,1,0.0112871505257622
"updown",0.2,11,"PELT",1,0.125,0.222222222222222,1,0.0120568964155187
"updown",0.2,11,"SVP",1,0.125,0.222222222222222,1,0.0120568964155187
"updown",0.2,11,"SVP (BIC)",1,0.125,0.222222222222222,1,0.0120568964155187
"updown",0.2,12,"PELT",1,0.125,0.222222222222222,1,0.0113411036775267
"updown",0.2,12,"SVP",1,0.125,0.222222222222222,1,0.0113411036775267
"updown",0.2,12,"SVP (BIC)",1,0.125,0.222222222222222,1,0.0113411036775267
"updown",0.2,13,"PELT",1,0.125,0.222222222222222,1,0.0141503196214089
"updown",0.2,13,"SVP",1,0.125,0.222222222222222,1,0.0141503196214089
"updown",0.2,13,"SVP (BIC)",1,0.125,0.222222222222222,1,0.0141503196214089
"updown",0.2,14,"PELT",1,0.125,0.222222222222222,1,0.0153210256004375
"updown",0.2,14,"SVP",1,0.125,0.222222222222222,1,0.0153210256004375
"updown",0.2,14,"SVP (BIC)",1,0.125,0.222222222222222,1,0.0153210256004375
"updown",0.2,15,"PELT",1,0.125,0.222222222222222,1,0.0144294671572267
"updown",0.2,15,"SVP",1,0.125,0.222222222222222,1,0.0144294671572267
"updown",0.2,15,"SVP (BIC)",1,0.125,0.222222222222222,1,0.0144294671572267
"updown",0.2,16,"PELT",1,0.125,0.222222222222222,1,0.0136798584422385
"updown",0.2,16,"SVP",1,0.125,0.222222222222222,1,0.0136798584422385
"updown",0.2,16,"SVP (BIC)",1,0.125,0.222222222222222,1,0.0136798584422385
"updown",0.2,17,"PELT",1,0.125,0.222222222222222,1,0.0100313430751131
"updown",0.2,17,"SVP",1,0.125,0.222222222222222,1,0.0100313430751131
"updown",0.2,17,"SVP (BIC)",1,0.125,0.222222222222222,1,0.0100313430751131
"updown",0.2,18,"PELT",1,0.125,0.222222222222222,1,0.0100053775600509
"updown",0.2,18,"SVP",1,0.125,0.222222222222222,1,0.0100053775600509
"updown",0.2,18,"SVP (BIC)",1,0.125,0.222222222222222,1,0.0100053775600509
"updown",0.2,19,"PELT",1,0.125,0.222222222222222,1,0.0100057626621185
"updown",0.2,19,"SVP",1,0.125,0.222222222222222,1,0.0100057626621185
"updown",0.2,19,"SVP (BIC)",1,0.125,0.222222222222222,1,0.0100057626621185
"updown",0.2,20,"PELT",1,0.125,0.222222222222222,1,0.0100542561387576
"updown",0.2,20,"SVP",1,0.125,0.222222222222222,1,0.0100542561387576
"updown",0.2,20,"SVP (BIC)",1,0.125,0.222222222222222,1,0.0100542561387576
"updown",0.2,21,"PELT",1,0.125,0.222222222222222,1,0.0102987807403669
"updown",0.2,21,"SVP",1,0.125,0.222222222222222,1,0.0102987807403669
"updown",0.2,21,"SVP (BIC)",1,0.125,0.222222222222222,1,0.0102987807403669
"updown",0.2,22,"PELT",1,0.125,0.222222222222222,1,0.0101978915260408
"updown",0.2,22,"SVP",1,0.125,0.222222222222222,1,0.0101978915260408
"updown",0.2,22,"SVP (BIC)",1,0.125,0.222222222222222,1,0.0101978915260408
"updown",0.2,23,"PELT",1,0.125,0.222222222222222,1,0.0104811451300462
"updown",0.2,23,"SVP",1,0.125,0.222222222222222,1,0.0104811451300462
"updown",0.2,23,"SVP (BIC)",1,0.125,0.222222222222222,1,0.0104811451300462
"updown",0.2,24,"PELT",1,0.125,0.222222222222222,1,0.0113384850659162
"updown",0.2,24,"SVP",1,0.125,0.222222222222222,1,0.0113384850659162
"updown",0.2,24,"SVP (BIC)",1,0.125,0.222222222222222,1,0.0113384850659162
"updown",0.2,25,"PELT",1,0.125,0.222222222222222,1,0.0100817586288152
"updown",0.2,25,"SVP",1,0.125,0.222222222222222,1,0.0100817586288152
"updown",0.2,25,"SVP (BIC)",1,0.125,0.222222222222222,1,0.0100817586288152
"updown",0.2,26,"PELT",1,0.125,0.222222222222222,1,0.0162361593499824
"updown",0.2,26,"SVP",1,0.125,0.222222222222222,1,0.0162361593499824
"updown",0.2,26,"SVP (BIC)",1,0.125,0.222222222222222,1,0.0162361593499824
"updown",0.2,27,"PELT",1,0.125,0.222222222222222,1,0.010053182349205
"updown",0.2,27,"SVP",1,0.125,0.222222222222222,1,0.010053182349205
"updown",0.2,27,"SVP (BIC)",1,0.125,0.222222222222222,1,0.010053182349205
"updown",0.2,28,"PELT",1,0.125,0.222222222222222,1,0.010871376251687
"updown",0.2,28,"SVP",1,0.125,0.222222222222222,1,0.010871376251687
"updown",0.2,28,"SVP (BIC)",1,0.125,0.222222222222222,1,0.010871376251687
"updown",0.2,29,"PELT",1,0.125,0.222222222222222,1,0.0100580862702847
"updown",0.2,29,"SVP",1,0.125,0.222222222222222,1,0.0100580862702847
"updown",0.2,29,"SVP (BIC)",1,0.125,0.222222222222222,1,0.0100580862702847
"updown",0.2,30,"PELT",1,0.125,0.222222222222222,1,0.010832171258034
"updown",0.2,30,"SVP",1,0.125,0.222222222222222,1,0.010832171258034
"updown",0.2,30,"SVP (BIC)",1,0.125,0.222222222222222,1,0.010832171258034
"updown",0.2,31,"PELT",1,0.125,0.222222222222222,1,0.0100346744838218
"updown",0.2,31,"SVP",1,0.125,0.222222222222222,1,0.0100346744838218
"updown",0.2,31,"SVP (BIC)",1,0.125,0.222222222222222,1,0.0100346744838218
"updown",0.2,32,"PELT",1,0.125,0.222222222222222,1,0.0101612892891258
"updown",0.2,32,"SVP",1,0.125,0.222222222222222,1,0.0101612892891258
"updown",0.2,32,"SVP (BIC)",1,0.125,0.222222222222222,1,0.0101612892891258
"updown",0.2,33,"PELT",1,0.125,0.222222222222222,1,0.0101459022352973
"updown",0.2,33,"SVP",1,0.125,0.222222222222222,1,0.0101459022352973
"updown",0.2,33,"SVP (BIC)",1,0.125,0.222222222222222,1,0.0101459022352973
"updown",0.2,34,"PELT",1,0.125,0.222222222222222,1,0.0122254614138279
"updown",0.2,34,"SVP",1,0.125,0.222222222222222,1,0.0122254614138279
"updown",0.2,34,"SVP (BIC)",1,0.125,0.222222222222222,1,0.0122254614138279
"updown",0.2,35,"PELT",1,0.125,0.222222222222222,1,0.0109379450348137
"updown",0.2,35,"SVP",0.5,0.125,0.2,2,0.0116344815661957
"updown",0.2,35,"SVP (BIC)",1,0.125,0.222222222222222,1,0.0109379450348137
"updown",0.2,36,"PELT",1,0.125,0.222222222222222,1,0.0110569492195976
"updown",0.2,36,"SVP",1,0.125,0.222222222222222,1,0.0110569492195976
"updown",0.2,36,"SVP (BIC)",1,0.125,0.222222222222222,1,0.0110569492195976
"updown",0.2,37,"PELT",1,0.125,0.222222222222222,1,0.0131430311255893
"updown",0.2,37,"SVP",1,0.125,0.222222222222222,1,0.0131430311255893
"updown",0.2,37,"SVP (BIC)",1,0.125,0.222222222222222,1,0.0131430311255893
"updown",0.2,38,"PELT",1,0.125,0.222222222222222,1,0.0104607949806115
"updown",0.2,38,"SVP",1,0.125,0.222222222222222,1,0.0104607949806115
"updown",0.2,38,"SVP (BIC)",1,0.125,0.222222222222222,1,0.0104607949806115
"updown",0.2,39,"PELT",1,0.125,0.222222222222222,1,0.0101448943868976
"updown",0.2,39,"SVP",1,0.125,0.222222222222222,1,0.0101448943868976
"updown",0.2,39,"SVP (BIC)",1,0.125,0.222222222222222,1,0.0101448943868976
"updown",0.2,40,"PELT",1,0.125,0.222222222222222,1,0.0142135750432931
"updown",0.2,40,"SVP",1,0.125,0.222222222222222,1,0.0142135750432931
"updown",0.2,40,"SVP (BIC)",1,0.125,0.222222222222222,1,0.0142135750432931
"updown",0.2,41,"PELT",1,0.125,0.222222222222222,1,0.0113747525493973
"updown",0.2,41,"SVP",1,0.125,0.222222222222222,1,0.0113747525493973
"updown",0.2,41,"SVP (BIC)",1,0.125,0.222222222222222,1,0.0113747525493973
"updown",0.2,42,"PELT",1,0.125,0.222222222222222,1,0.0103580405251828
"updown",0.2,42,"SVP",1,0.125,0.222222222222222,1,0.0103580405251828
"updown",0.2,42,"SVP (BIC)",1,0.125,0.222222222222222,1,0.0103580405251828
"updown",0.2,43,"PELT",1,0.125,0.222222222222222,1,0.0112111083755035
"updown",0.2,43,"SVP",1,0.125,0.222222222222222,1,0.0112111083755035
"updown",0.2,43,"SVP (BIC)",1,0.125,0.222222222222222,1,0.0112111083755035
"updown",0.2,44,"PELT",1,0.125,0.222222222222222,1,0.010363256512288
"updown",0.2,44,"SVP",1,0.125,0.222222222222222,1,0.010363256512288
"updown",0.2,44,"SVP (BIC)",1,0.125,0.222222222222222,1,0.010363256512288
"updown",0.2,45,"PELT",1,0.125,0.222222222222222,1,0.010003690859716
"updown",0.2,45,"SVP",1,0.125,0.222222222222222,1,0.010003690859716
"updown",0.2,45,"SVP (BIC)",1,0.125,0.222222222222222,1,0.010003690859716
"updown",0.2,46,"PELT",1,0.125,0.222222222222222,1,0.0144587860839293
"updown",0.2,46,"SVP",1,0.125,0.222222222222222,1,0.0144587860839293
"updown",0.2,46,"SVP (BIC)",1,0.125,0.222222222222222,1,0.0144587860839293
"updown",0.2,47,"PELT",1,0.125,0.222222222222222,1,0.0101511710212417
"updown",0.2,47,"SVP",1,0.125,0.222222222222222,1,0.0101511710212417
"updown",0.2,47,"SVP (BIC)",1,0.125,0.222222222222222,1,0.0101511710212417
"updown",0.2,48,"PELT",1,0.125,0.222222222222222,1,0.0103617458893355
"updown",0.2,48,"SVP",1,0.125,0.222222222222222,1,0.0103617458893355
"updown",0.2,48,"SVP (BIC)",1,0.125,0.222222222222222,1,0.0103617458893355
"updown",0.2,49,"PELT",1,0.125,0.222222222222222,1,0.0102379678966457
"updown",0.2,49,"SVP",1,0.125,0.222222222222222,1,0.0102379678966457
"updown",0.2,49,"SVP (BIC)",1,0.125,0.222222222222222,1,0.0102379678966457
"updown",0.2,50,"PELT",1,0.125,0.222222222222222,1,0.0105182365172579
"updown",0.2,50,"SVP",1,0.125,0.222222222222222,1,0.0105182365172579
"updown",0.2,50,"SVP (BIC)",1,0.125,0.222222222222222,1,0.0105182365172579
"rand1",0.2,1,"PELT",1,0.125,0.222222222222222,1,0.0159395215134939
"rand1",0.2,1,"SVP",1,0.125,0.222222222222222,1,0.0159395215134939
"rand1",0.2,1,"SVP (BIC)",1,0.125,0.222222222222222,1,0.0159395215134939
"rand1",0.2,2,"PELT",1,0.125,0.222222222222222,1,0.0159395215134939
"rand1",0.2,2,"SVP",1,0.125,0.222222222222222,1,0.0159395215134939
"rand1",0.2,2,"SVP (BIC)",1,0.125,0.222222222222222,1,0.0159395215134939
"rand1",0.2,3,"PELT",1,0.125,0.222222222222222,1,0.0159395215134939
"rand1",0.2,3,"SVP",1,0.125,0.222222222222222,1,0.0159395215134939
"rand1",0.2,3,"SVP (BIC)",1,0.125,0.222222222222222,1,0.0159395215134939
"rand1",0.2,4,"PELT",1,0.125,0.222222222222222,1,0.0159395215134939
"rand1",0.2,4,"SVP",1,0.125,0.222222222222222,1,0.0159395215134939
"rand1",0.2,4,"SVP (BIC)",1,0.125,0.222222222222222,1,0.0159395215134939
"rand1",0.2,5,"PELT",1,0.125,0.222222222222222,1,0.0159395215134939
"rand1",0.2,5,"SVP",1,0.125,0.222222222222222,1,0.0159395215134939
"rand1",0.2,5,"SVP (BIC)",1,0.125,0.222222222222222,1,0.0159395215134939
"rand1",0.2,6,"PELT",1,0.125,0.222222222222222,1,0.0159395215134939
"rand1",0.2,6,"SVP",1,0.125,0.222222222222222,1,0.0159395215134939
"rand1",0.2,6,"SVP (BIC)",1,0.125,0.222222222222222,1,0.0159395215134939
"rand1",0.2,7,"PELT",1,0.125,0.222222222222222,1,0.0159395215134939
"rand1",0.2,7,"SVP",1,0.125,0.222222222222222,1,0.0159395215134939
"rand1",0.2,7,"SVP (BIC)",1,0.125,0.222222222222222,1,0.0159395215134939
"rand1",0.2,8,"PELT",1,0.125,0.222222222222222,1,0.0159395215134939
"rand1",0.2,8,"SVP",1,0.125,0.222222222222222,1,0.0159395215134939
"rand1",0.2,8,"SVP (BIC)",1,0.125,0.222222222222222,1,0.0159395215134939
"rand1",0.2,9,"PELT",1,0.125,0.222222222222222,1,0.0159395215134939
"rand1",0.2,9,"SVP",1,0.125,0.222222222222222,1,0.0159395215134939
"rand1",0.2,9,"SVP (BIC)",1,0.125,0.222222222222222,1,0.0159395215134939
"rand1",0.2,10,"PELT",1,0.125,0.222222222222222,1,0.0159395215134939
"rand1",0.2,10,"SVP",1,0.125,0.222222222222222,1,0.0159395215134939
"rand1",0.2,10,"SVP (BIC)",1,0.125,0.222222222222222,1,0.0159395215134939
"rand1",0.2,11,"PELT",1,0.125,0.222222222222222,1,0.0159395215134939
"rand1",0.2,11,"SVP",1,0.125,0.222222222222222,1,0.0159395215134939
"rand1",0.2,11,"SVP (BIC)",1,0.125,0.222222222222222,1,0.0159395215134939
"rand1",0.2,12,"PELT",1,0.125,0.222222222222222,1,0.0159395215134939
"rand1",0.2,12,"SVP",1,0.125,0.222222222222222,1,0.0159395215134939
"rand1",0.2,12,"SVP (BIC)",1,0.125,0.222222222222222,1,0.0159395215134939
"rand1",0.2,13,"PELT",1,0.125,0.222222222222222,1,0.0159395215134939
"rand1",0.2,13,"SVP",1,0.125,0.222222222222222,1,0.0159395215134939
"rand1",0.2,13,"SVP (BIC)",1,0.125,0.222222222222222,1,0.0159395215134939
"rand1",0.2,14,"PELT",1,0.125,0.222222222222222,1,0.0159395215134939
"rand1",0.2,14,"SVP",1,0.125,0.222222222222222,1,0.0159395215134939
"rand1",0.2,14,"SVP (BIC)",1,0.125,0.222222222222222,1,0.0159395215134939
"rand1",0.2,15,"PELT",1,0.125,0.222222222222222,1,0.0159395215134939
"rand1",0.2,15,"SVP",1,0.125,0.222222222222222,1,0.0159395215134939
"rand1",0.2,15,"SVP (BIC)",1,0.125,0.222222222222222,1,0.0159395215134939
"rand1",0.2,16,"PELT",1,0.125,0.222222222222222,1,0.0159395215134939
"rand1",0.2,16,"SVP",1,0.125,0.222222222222222,1,0.0159395215134939
"rand1",0.2,16,"SVP (BIC)",1,0.125,0.222222222222222,1,0.0159395215134939
"rand1",0.2,17,"PELT",1,0.125,0.222222222222222,1,0.0159395215134939
"rand1",0.2,17,"SVP",1,0.125,0.222222222222222,1,0.0159395215134939
"rand1",0.2,17,"SVP (BIC)",1,0.125,0.222222222222222,1,0.0159395215134939
"rand1",0.2,18,"PELT",1,0.125,0.222222222222222,1,0.0159395215134939
"rand1",0.2,18,"SVP",1,0.125,0.222222222222222,1,0.0159395215134939
"rand1",0.2,18,"SVP (BIC)",1,0.125,0.222222222222222,1,0.0159395215134939
"rand1",0.2,19,"PELT",1,0.125,0.222222222222222,1,0.0159395215134939
"rand1",0.2,19,"SVP",1,0.125,0.222222222222222,1,0.0159395215134939
"rand1",0.2,19,"SVP (BIC)",1,0.125,0.222222222222222,1,0.0159395215134939
"rand1",0.2,20,"PELT",1,0.125,0.222222222222222,1,0.0159395215134939
"rand1",0.2,20,"SVP",1,0.125,0.222222222222222,1,0.0159395215134939
"rand1",0.2,20,"SVP (BIC)",1,0.125,0.222222222222222,1,0.0159395215134939
"rand1",0.2,21,"PELT",1,0.125,0.222222222222222,1,0.0159395215134939
"rand1",0.2,21,"SVP",1,0.125,0.222222222222222,1,0.0159395215134939
"rand1",0.2,21,"SVP (BIC)",1,0.125,0.222222222222222,1,0.0159395215134939
"rand1",0.2,22,"PELT",1,0.125,0.222222222222222,1,0.0159395215134939
"rand1",0.2,22,"SVP",1,0.125,0.222222222222222,1,0.0159395215134939
"rand1",0.2,22,"SVP (BIC)",1,0.125,0.222222222222222,1,0.0159395215134939
"rand1",0.2,23,"PELT",1,0.125,0.222222222222222,1,0.0159395215134939
"rand1",0.2,23,"SVP",1,0.125,0.222222222222222,1,0.0159395215134939
"rand1",0.2,23,"SVP (BIC)",1,0.125,0.222222222222222,1,0.0159395215134939
"rand1",0.2,24,"PELT",1,0.125,0.222222222222222,1,0.0159395215134939
"rand1",0.2,24,"SVP",1,0.125,0.222222222222222,1,0.0159395215134939
"rand1",0.2,24,"SVP (BIC)",1,0.125,0.222222222222222,1,0.0159395215134939
"rand1",0.2,25,"PELT",1,0.125,0.222222222222222,1,0.0159395215134939
"rand1",0.2,25,"SVP",1,0.125,0.222222222222222,1,0.0159395215134939
"rand1",0.2,25,"SVP (BIC)",1,0.125,0.222222222222222,1,0.0159395215134939
"rand1",0.2,26,"PELT",1,0.125,0.222222222222222,1,0.0159395215134939
"rand1",0.2,26,"SVP",1,0.125,0.222222222222222,1,0.0159395215134939
"rand1",0.2,26,"SVP (BIC)",1,0.125,0.222222222222222,1,0.0159395215134939
"rand1",0.2,27,"PELT",1,0.125,0.222222222222222,1,0.0159395215134939
"rand1",0.2,27,"SVP",1,0.125,0.222222222222222,1,0.0159395215134939
"rand1",0.2,27,"SVP (BIC)",1,0.125,0.222222222222222,1,0.0159395215134939
"rand1",0.2,28,"PELT",1,0.125,0.222222222222222,1,0.0159395215134939
"rand1",0.2,28,"SVP",1,0.125,0.222222222222222,1,0.0159395215134939
"rand1",0.2,28,"SVP (BIC)",1,0.125,0.222222222222222,1,0.0159395215134939
"rand1",0.2,29,"PELT",1,0.125,0.222222222222222,1,0.0159395215134939
"rand1",0.2,29,"SVP",1,0.125,0.222222222222222,1,0.0159395215134939
"rand1",0.2,29,"SVP (BIC)",1,0.125,0.222222222222222,1,0.0159395215134939
"rand1",0.2,30,"PELT",1,0.125,0.222222222222222,1,0.0159395215134939
"rand1",0.2,30,"SVP",1,0.125,0.222222222222222,1,0.0159395215134939
"rand1",0.2,30,"SVP (BIC)",1,0.125,0.222222222222222,1,0.0159395215134939
"rand1",0.2,31,"PELT",1,0.125,0.222222222222222,1,0.0159395215134939
"rand1",0.2,31,"SVP",1,0.125,0.222222222222222,1,0.0159395215134939
"rand1",0.2,31,"SVP (BIC)",1,0.125,0.222222222222222,1,0.0159395215134939
"rand1",0.2,32,"PELT",1,0.125,0.222222222222222,1,0.0159395215134939
"rand1",0.2,32,"SVP",1,0.125,0.222222222222222,1,0.0159395215134939
"rand1",0.2,32,"SVP (BIC)",1,0.125,0.222222222222222,1,0.0159395215134939
"rand1",0.2,33,"PELT",1,0.125,0.222222222222222,1,0.0159395215134939
"rand1",0.2,33,"SVP",1,0.125,0.222222222222222,1,0.0159395215134939
"rand1",0.2,33,"SVP (BIC)",1,0.125,0.222222222222222,1,0.0159395215134939
"rand1",0.2,34,"PELT",1,0.125,0.222222222222222,1,0.0159395215134939
"rand1",0.2,34,"SVP",1,0.125,0.222222222222222,1,0.0159395215134939
"rand1",0.2,34,"SVP (BIC)",1,0.125,0.222222222222222,1,0.0159395215134939
"rand1",0.2,35,"PELT",1,0.125,0.222222222222222,1,0.0159395215134939
"rand1",0.2,35,"SVP",1,0.125,0.222222222222222,1,0.0159395215134939
"rand1",0.2,35,"SVP (BIC)",1,0.125,0.222222222222222,1,0.0159395215134939
"rand1",0.2,36,"PELT",1,0.125,0.222222222222222,1,0.0159395215134939
"rand1",0.2,36,"SVP",1,0.125,0.222222222222222,1,0.0159395215134939
"rand1",0.2,36,"SVP (BIC)",1,0.125,0.222222222222222,1,0.0159395215134939
"rand1",0.2,37,"PELT",1,0.125,0.222222222222222,1,0.0159395215134939
"rand1",0.2,37,"SVP",1,0.125,0.222222222222222,1,0.0159395215134939
"rand1",0.2,37,"SVP (BIC)",1,0.125,0.222222222222222,1,0.0159395215134939
"rand1",0.2,38,"PELT",1,0.125,0.222222222222222,1,0.0159395215134939
"rand1",0.2,38,"SVP",1,0.125,0.222222222222222,1,0.0159395215134939
"rand1",0.2,38,"SVP (BIC)",1,0.125,0.222222222222222,1,0.0159395215134939
"rand1",0.2,39,"PELT",1,0.125,0.222222222222222,1,0.0159395215134939
"rand1",0.2,39,"SVP",1,0.125,0.222222222222222,1,0.0159395215134939
"rand1",0.2,39,"SVP (BIC)",1,0.125,0.222222222222222,1,0.0159395215134939
"rand1",0.2,40,"PELT",1,0.125,0.222222222222222,1,0.0159395215134939
"rand1",0.2,40,"SVP",1,0.125,0.222222222222222,1,0.0159395215134939
"rand1",0.2,40,"SVP (BIC)",1,0.125,0.222222222222222,1,0.0159395215134939
"rand1",0.2,41,"PELT",1,0.125,0.222222222222222,1,0.0159395215134939
"rand1",0.2,41,"SVP",1,0.125,0.222222222222222,1,0.0159395215134939
"rand1",0.2,41,"SVP (BIC)",1,0.125,0.222222222222222,1,0.0159395215134939
"rand1",0.2,42,"PELT",1,0.125,0.222222222222222,1,0.0159395215134939
"rand1",0.2,42,"SVP",1,0.125,0.222222222222222,1,0.0159395215134939
"rand1",0.2,42,"SVP (BIC)",1,0.125,0.222222222222222,1,0.0159395215134939
"rand1",0.2,43,"PELT",1,0.125,0.222222222222222,1,0.0159395215134939
"rand1",0.2,43,"SVP",1,0.125,0.222222222222222,1,0.0159395215134939
"rand1",0.2,43,"SVP (BIC)",1,0.125,0.222222222222222,1,0.0159395215134939
"rand1",0.2,44,"PELT",1,0.125,0.222222222222222,1,0.0159395215134939
"rand1",0.2,44,"SVP",1,0.125,0.222222222222222,1,0.0159395215134939
"rand1",0.2,44,"SVP (BIC)",1,0.125,0.222222222222222,1,0.0159395215134939
"rand1",0.2,45,"PELT",1,0.125,0.222222222222222,1,0.0159395215134939
"rand1",0.2,45,"SVP",1,0.125,0.222222222222222,1,0.0159395215134939
"rand1",0.2,45,"SVP (BIC)",1,0.125,0.222222222222222,1,0.0159395215134939
"rand1",0.2,46,"PELT",1,0.125,0.222222222222222,1,0.0159395215134939
"rand1",0.2,46,"SVP",1,0.125,0.222222222222222,1,0.0159395215134939
"rand1",0.2,46,"SVP (BIC)",1,0.125,0.222222222222222,1,0.0159395215134939
"rand1",0.2,47,"PELT",1,0.125,0.222222222222222,1,0.0159395215134939
"rand1",0.2,47,"SVP",1,0.125,0.222222222222222,1,0.0159395215134939
"rand1",0.2,47,"SVP (BIC)",1,0.125,0.222222222222222,1,0.0159395215134939
"rand1",0.2,48,"PELT",1,0.125,0.222222222222222,1,0.0159395215134939
"rand1",0.2,48,"SVP",1,0.125,0.222222222222222,1,0.0159395215134939
"rand1",0.2,48,"SVP (BIC)",1,0.125,0.222222222222222,1,0.0159395215134939
"rand1",0.2,49,"PELT",1,0.125,0.222222222222222,1,0.0159395215134939
"rand1",0.2,49,"SVP",1,0.125,0.222222222222222,1,0.0159395215134939
"rand1",0.2,49,"SVP (BIC)",1,0.125,0.222222222222222,1,0.0159395215134939
"rand1",0.2,50,"PELT",1,0.125,0.222222222222222,1,0.0159395215134939
"rand1",0.2,50,"SVP",1,0.125,0.222222222222222,1,0.0159395215134939
"rand1",0.2,50,"SVP (BIC)",1,0.125,0.222222222222222,1,0.0159395215134939
"none",0.3,1,"PELT",1,1,1,1,3.50746790653849e-05
"none",0.3,1,"SVP",1,1,1,1,3.50746790653849e-05
"none",0.3,1,"SVP (BIC)",1,1,1,1,3.50746790653849e-05
"none",0.3,2,"PELT",1,1,1,1,5.89846172256558e-07
"none",0.3,2,"SVP",1,1,1,1,5.89846172256558e-07
"none",0.3,2,"SVP (BIC)",1,1,1,1,5.89846172256558e-07
"none",0.3,3,"PELT",1,1,1,1,0.00339318412058555
"none",0.3,3,"SVP",1,1,1,1,0.00339318412058555
"none",0.3,3,"SVP (BIC)",1,1,1,1,0.00339318412058555
"none",0.3,4,"PELT",1,1,1,1,0.000394010370755457
"none",0.3,4,"SVP",1,1,1,1,0.000394010370755457
"none",0.3,4,"SVP (BIC)",1,1,1,1,0.000394010370755457
"none",0.3,5,"PELT",1,1,1,1,0.00112799841370231
"none",0.3,5,"SVP",1,1,1,1,0.00112799841370231
"none",0.3,5,"SVP (BIC)",1,1,1,1,0.00112799841370231
"none",0.3,6,"PELT",1,1,1,1,4.7654690472502e-05
"none",0.3,6,"SVP",1,1,1,1,4.7654690472502e-05
"none",0.3,6,"SVP (BIC)",1,1,1,1,4.7654690472502e-05
"none",0.3,7,"PELT",1,1,1,1,0.000623995411903747
"none",0.3,7,"SVP",1,1,1,1,0.000623995411903747
"none",0.3,7,"SVP (BIC)",1,1,1,1,0.000623995411903747
"none",0.3,8,"PELT",1,1,1,1,0.00350664802102409
"none",0.3,8,"SVP",1,1,1,1,0.00350664802102409
"none",0.3,8,"SVP (BIC)",1,1,1,1,0.00350664802102409
"none",0.3,9,"PELT",1,1,1,1,0.000119985752763022
"none",0.3,9,"SVP",1,1,1,1,0.000119985752763022
"none",0.3,9,"SVP (BIC)",1,1,1,1,0.000119985752763022
"none",0.3,10,"PELT",1,1,1,1,0.00291720037459987
"none",0.3,10,"SVP",1,1,1,1,0.00291720037459987
"none",0.3,10,"SVP (BIC)",1,1,1,1,0.00291720037459987
"none",0.3,11,"PELT",1,1,1,1,0.000786520365590119
"none",0.3,11,"SVP",1,1,1,1,0.000786520365590119
"none",0.3,11,"SVP (BIC)",1,1,1,1,0.000786520365590119
"none",0.3,12,"PELT",1,1,1,1,0.000669227240302413
"none",0.3,12,"SVP",1,1,1,1,0.000669227240302413
"none",0.3,12,"SVP (BIC)",1,1,1,1,0.000669227240302413
"none",0.3,13,"PELT",1,1,1,1,0.000617648598738786
"none",0.3,13,"SVP",1,1,1,1,0.000617648598738786
"none",0.3,13,"SVP (BIC)",1,1,1,1,0.000617648598738786
"none",0.3,14,"PELT",1,1,1,1,4.043432441514e-06
"none",0.3,14,"SVP",1,1,1,1,4.043432441514e-06
"none",0.3,14,"SVP (BIC)",1,1,1,1,4.043432441514e-06
"none",0.3,15,"PELT",1,1,1,1,0.00119657135393512
"none",0.3,15,"SVP",1,1,1,1,0.00119657135393512
"none",0.3,15,"SVP (BIC)",1,1,1,1,0.00119657135393512
"none",0.3,16,"PELT",1,1,1,1,0.00238489996299858
"none",0.3,16,"SVP",1,1,1,1,0.00238489996299858
"none",0.3,16,"SVP (BIC)",1,1,1,1,0.00238489996299858
"none",0.3,17,"PELT",1,1,1,1,0.000400501447717089
"none",0.3,17,"SVP",1,1,1,1,0.000400501447717089
"none",0.3,17,"SVP (BIC)",1,1,1,1,0.000400501447717089
"none",0.3,18,"PELT",1,1,1,1,0.00125664574837385
"none",0.3,18,"SVP",1,1,1,1,0.00125664574837385
"none",0.3,18,"SVP (BIC)",1,1,1,1,0.00125664574837385
"none",0.3,19,"PELT",1,1,1,1,1.57858747826069e-05
"none",0.3,19,"SVP",1,1,1,1,1.57858747826069e-05
"none",0.3,19,"SVP (BIC)",1,1,1,1,1.57858747826069e-05
"none",0.3,20,"PELT",1,1,1,1,0.000394997184025818
"none",0.3,20,"SVP",1,1,1,1,0.000394997184025818
"none",0.3,20,"SVP (BIC)",1,1,1,1,0.000394997184025818
"none",0.3,21,"PELT",1,1,1,1,0.000160546675343722
"none",0.3,21,"SVP",1,1,1,1,0.000160546675343722
"none",0.3,21,"SVP (BIC)",1,1,1,1,0.000160546675343722
"none",0.3,22,"PELT",1,1,1,1,0.00273152074842745
"none",0.3,22,"SVP",1,1,1,1,0.00273152074842745
"none",0.3,22,"SVP (BIC)",1,1,1,1,0.00273152074842745
"none",0.3,23,"PELT",1,1,1,1,0.00132847659408754
"none",0.3,23,"SVP",1,1,1,1,0.00132847659408754
"none",0.3,23,"SVP (BIC)",1,1,1,1,0.00132847659408754
"none",0.3,24,"PELT",1,1,1,1,5.07297200510404e-06
"none",0.3,24,"SVP",1,1,1,1,5.07297200510404e-06
"none",0.3,24,"SVP (BIC)",1,1,1,1,5.07297200510404e-06
"none",0.3,25,"PELT",1,1,1,1,0.000106045198355992
"none",0.3,25,"SVP",1,1,1,1,0.000106045198355992
"none",0.3,25,"SVP (BIC)",1,1,1,1,0.000106045198355992
"none",0.3,26,"PELT",1,1,1,1,0.000466078522254627
"none",0.3,26,"SVP",1,1,1,1,0.000466078522254627
"none",0.3,26,"SVP (BIC)",1,1,1,1,0.000466078522254627
"none",0.3,27,"PELT",1,1,1,1,0.00187510262942026
"none",0.3,27,"SVP",1,1,1,1,0.00187510262942026
"none",0.3,27,"SVP (BIC)",1,1,1,1,0.00187510262942026
"none",0.3,28,"PELT",1,1,1,1,0.00216567749536594
"none",0.3,28,"SVP",1,1,1,1,0.00216567749536594
"none",0.3,28,"SVP (BIC)",1,1,1,1,0.00216567749536594
"none",0.3,29,"PELT",1,1,1,1,0.00556717888866273
"none",0.3,29,"SVP",1,1,1,1,0.00556717888866273
"none",0.3,29,"SVP (BIC)",1,1,1,1,0.00556717888866273
"none",0.3,30,"PELT",1,1,1,1,0.000505088082701902
"none",0.3,30,"SVP",1,1,1,1,0.000505088082701902
"none",0.3,30,"SVP (BIC)",1,1,1,1,0.000505088082701902
"none",0.3,31,"PELT",1,1,1,1,2.42365120994954e-05
"none",0.3,31,"SVP",1,1,1,1,2.42365120994954e-05
"none",0.3,31,"SVP (BIC)",1,1,1,1,2.42365120994954e-05
"none",0.3,32,"PELT",1,1,1,1,0.00238334733251636
"none",0.3,32,"SVP",1,1,1,1,0.00238334733251636
"none",0.3,32,"SVP (BIC)",1,1,1,1,0.00238334733251636
"none",0.3,33,"PELT",1,1,1,1,8.08361021275555e-05
"none",0.3,33,"SVP",1,1,1,1,8.08361021275555e-05
"none",0.3,33,"SVP (BIC)",1,1,1,1,8.08361021275555e-05
"none",0.3,34,"PELT",1,1,1,1,0.000122189745794095
"none",0.3,34,"SVP",1,1,1,1,0.000122189745794095
"none",0.3,34,"SVP (BIC)",1,1,1,1,0.000122189745794095
"none",0.3,35,"PELT",1,1,1,1,0.00164718685490672
"none",0.3,35,"SVP",1,1,1,1,0.00164718685490672
"none",0.3,35,"SVP (BIC)",1,1,1,1,0.00164718685490672
"none",0.3,36,"PELT",1,1,1,1,0.00240059440191142
"none",0.3,36,"SVP",1,1,1,1,0.00240059440191142
"none",0.3,36,"SVP (BIC)",1,1,1,1,0.00240059440191142
"none",0.3,37,"PELT",1,1,1,1,0.00075439445076631
"none",0.3,37,"SVP",1,1,1,1,0.00075439445076631
"none",0.3,37,"SVP (BIC)",1,1,1,1,0.00075439445076631
"none",0.3,38,"PELT",1,1,1,1,0.000101170215020172
"none",0.3,38,"SVP",0.5,1,0.666666666666667,2,0.0077796169266094
"none",0.3,38,"SVP (BIC)",1,1,1,1,0.000101170215020172
"none",0.3,39,"PELT",1,1,1,1,0.00299288355892917
"none",0.3,39,"SVP",1,1,1,1,0.00299288355892917
"none",0.3,39,"SVP (BIC)",1,1,1,1,0.00299288355892917
"none",0.3,40,"PELT",1,1,1,1,0.0070516892002881
"none",0.3,40,"SVP",1,1,1,1,0.0070516892002881
"none",0.3,40,"SVP (BIC)",1,1,1,1,0.0070516892002881
"none",0.3,41,"PELT",1,1,1,1,0.000241911157253195
"none",0.3,41,"SVP",1,1,1,1,0.000241911157253195
"none",0.3,41,"SVP (BIC)",1,1,1,1,0.000241911157253195
"none",0.3,42,"PELT",1,1,1,1,0.000379707400806672
"none",0.3,42,"SVP",1,1,1,1,0.000379707400806672
"none",0.3,42,"SVP (BIC)",1,1,1,1,0.000379707400806672
"none",0.3,43,"PELT",1,1,1,1,0.00162239953810268
"none",0.3,43,"SVP",1,1,1,1,0.00162239953810268
"none",0.3,43,"SVP (BIC)",1,1,1,1,0.00162239953810268
"none",0.3,44,"PELT",1,1,1,1,0.000230852606854033
"none",0.3,44,"SVP",1,1,1,1,0.000230852606854033
"none",0.3,44,"SVP (BIC)",1,1,1,1,0.000230852606854033
"none",0.3,45,"PELT",1,1,1,1,0.000699475116850361
"none",0.3,45,"SVP",1,1,1,1,0.000699475116850361
"none",0.3,45,"SVP (BIC)",1,1,1,1,0.000699475116850361
"none",0.3,46,"PELT",1,1,1,1,0.000612161573826537
"none",0.3,46,"SVP",1,1,1,1,0.000612161573826537
"none",0.3,46,"SVP (BIC)",1,1,1,1,0.000612161573826537
"none",0.3,47,"PELT",1,1,1,1,2.25715368975778e-05
"none",0.3,47,"SVP",1,1,1,1,2.25715368975778e-05
"none",0.3,47,"SVP (BIC)",1,1,1,1,2.25715368975778e-05
"none",0.3,48,"PELT",1,1,1,1,0.000105619392854946
"none",0.3,48,"SVP",1,1,1,1,0.000105619392854946
"none",0.3,48,"SVP (BIC)",1,1,1,1,0.000105619392854946
"none",0.3,49,"PELT",1,1,1,1,5.65303006387116e-05
"none",0.3,49,"SVP",1,1,1,1,5.65303006387116e-05
"none",0.3,49,"SVP (BIC)",1,1,1,1,5.65303006387116e-05
"none",0.3,50,"PELT",1,1,1,1,6.76158084391399e-05
"none",0.3,50,"SVP",1,1,1,1,6.76158084391399e-05
"none",0.3,50,"SVP (BIC)",1,1,1,1,6.76158084391399e-05
"up",0.3,1,"PELT",0.2,0.125,0.153846153846154,5,0.0335737018580027
"up",0.3,1,"SVP",0.25,0.125,0.166666666666667,4,0.0488466338228627
"up",0.3,1,"SVP (BIC)",0.333333333333333,0.125,0.181818181818182,3,0.0596118694811212
"up",0.3,2,"PELT",0.25,0.125,0.166666666666667,4,0.0506149635018292
"up",0.3,2,"SVP",0.333333333333333,0.125,0.181818181818182,3,0.068650567467478
"up",0.3,2,"SVP (BIC)",0.5,0.125,0.2,2,0.120475897536675
"up",0.3,3,"PELT",0.2,0.125,0.153846153846154,5,0.0330071185906557
"up",0.3,3,"SVP",0.333333333333333,0.125,0.181818181818182,3,0.062291961843539
"up",0.3,3,"SVP (BIC)",0.333333333333333,0.125,0.181818181818182,3,0.062291961843539
"up",0.3,4,"PELT",0.25,0.125,0.166666666666667,4,0.0471998200810943
"up",0.3,4,"SVP",0.25,0.125,0.166666666666667,4,0.0471998200810943
"up",0.3,4,"SVP (BIC)",0.25,0.125,0.166666666666667,4,0.0471998200810943
"up",0.3,5,"PELT",0.166666666666667,0.125,0.142857142857143,6,0.054751069543115
"up",0.3,5,"SVP",0.25,0.125,0.166666666666667,4,0.0449931401047559
"up",0.3,5,"SVP (BIC)",0.333333333333333,0.125,0.181818181818182,3,0.0572281235566671
"up",0.3,6,"PELT",0.5,0.25,0.333333333333333,4,0.0320142393899751
"up",0.3,6,"SVP",0.333333333333333,0.125,0.181818181818182,3,0.0610892174795378
"up",0.3,6,"SVP (BIC)",0.333333333333333,0.125,0.181818181818182,3,0.0610892174795378
"up",0.3,7,"PELT",0.25,0.125,0.166666666666667,4,0.0472990812527461
"up",0.3,7,"SVP",0.666666666666667,0.25,0.363636363636364,3,0.0585537966669862
"up",0.3,7,"SVP (BIC)",0.666666666666667,0.25,0.363636363636364,3,0.0585537966669862
"up",0.3,8,"PELT",0.333333333333333,0.125,0.181818181818182,3,0.0568754615980948
"up",0.3,8,"SVP",0.333333333333333,0.125,0.181818181818182,3,0.0591123442851793
"up",0.3,8,"SVP (BIC)",0.333333333333333,0.125,0.181818181818182,3,0.0568754615980948
"up",0.3,9,"PELT",0.25,0.125,0.166666666666667,4,0.0449185673984782
"up",0.3,9,"SVP",0.25,0.125,0.166666666666667,4,0.0449185673984782
"up",0.3,9,"SVP (BIC)",0.333333333333333,0.125,0.181818181818182,3,0.0654760039099037
"up",0.3,10,"PELT",0.25,0.125,0.166666666666667,4,0.0280028916456237
"up",0.3,10,"SVP",0.333333333333333,0.125,0.181818181818182,3,0.0605686100121608
"up",0.3,10,"SVP (BIC)",0.333333333333333,0.125,0.181818181818182,3,0.0590728492807938
"up",0.3,11,"PELT",0.25,0.125,0.166666666666667,4,0.0452929575544566
"up",0.3,11,"SVP",0.333333333333333,0.125,0.181818181818182,3,0.0602948523388036
"up",0.3,11,"SVP (BIC)",0.333333333333333,0.125,0.181818181818182,3,0.0602948523388036
"up",0.3,12,"PELT",0.4,0.25,0.307692307692308,5,0.0663614828620031
"up",0.3,12,"SVP",0.666666666666667,0.25,0.363636363636364,3,0.0575258559236372
"up",0.3,12,"SVP (BIC)",0.666666666666667,0.25,0.363636363636364,3,0.0580060244748571
"up",0.3,13,"PELT",0.4,0.25,0.307692307692308,5,0.0606423287014948
"up",0.3,13,"SVP",0.75,0.375,0.5,4,0.0337786173664409
"up",0.3,13,"SVP (BIC)",0.75,0.375,0.5,4,0.0337786173664409
"up",0.3,14,"PELT",0.4,0.25,0.307692307692308,5,0.0560256677426155
"up",0.3,14,"SVP",0.666666666666667,0.25,0.363636363636364,3,0.0659465359243357
"up",0.3,14,"SVP (BIC)",0.666666666666667,0.25,0.363636363636364,3,0.0659465359243357
"up",0.3,15,"PELT",0.2,0.125,0.153846153846154,5,0.0255938025968416
"up",0.3,15,"SVP",0.333333333333333,0.125,0.181818181818182,3,0.057041418279536
"up",0.3,15,"SVP (BIC)",0.333333333333333,0.125,0.181818181818182,3,0.057041418279536
"up",0.3,16,"PELT",0.25,0.125,0.166666666666667,4,0.0482300800005876
"up",0.3,16,"SVP",0.333333333333333,0.125,0.181818181818182,3,0.0576100862352393
"up",0.3,16,"SVP (BIC)",0.333333333333333,0.125,0.181818181818182,3,0.0576100862352393
"up",0.3,17,"PELT",0.5,0.25,0.333333333333333,4,0.0612491707683899
"up",0.3,17,"SVP",0.5,0.25,0.333333333333333,4,0.0612491707683899
"up",0.3,17,"SVP (BIC)",0.5,0.25,0.333333333333333,4,0.0612491707683899
"up",0.3,18,"PELT",0.4,0.25,0.307692307692308,5,0.0290330481092168
"up",0.3,18,"SVP",0.25,0.125,0.166666666666667,4,0.0494671336576211
"up",0.3,18,"SVP (BIC)",0.666666666666667,0.25,0.363636363636364,3,0.060344986457937
"up",0.3,19,"PELT",0.5,0.25,0.333333333333333,4,0.0342361340405254
"up",0.3,19,"SVP",0.5,0.25,0.333333333333333,4,0.0342361340405254
"up",0.3,19,"SVP (BIC)",0.333333333333333,0.125,0.181818181818182,3,0.063995578619515
"up",0.3,20,"PELT",0.2,0.125,0.153846153846154,5,0.0287339789036632
"up",0.3,20,"SVP",0.333333333333333,0.125,0.181818181818182,3,0.0600252651284598
"up",0.3,20,"SVP (BIC)",0.333333333333333,0.125,0.181818181818182,3,0.0600252651284598
"up",0.3,21,"PELT",0.25,0.125,0.166666666666667,4,0.0402121452323582
"up",0.3,21,"SVP",0.333333333333333,0.125,0.181818181818182,3,0.0609430203298559
"up",0.3,21,"SVP (BIC)",0.333333333333333,0.125,0.181818181818182,3,0.0609430203298559
"up",0.3,22,"PELT",0.5,0.25,0.333333333333333,4,0.0250837216328178
"up",0.3,22,"SVP",0.333333333333333,0.125,0.181818181818182,3,0.0572324589810708
"up",0.3,22,"SVP (BIC)",0.333333333333333,0.125,0.181818181818182,3,0.0572324589810708
"up",0.3,23,"PELT",0.2,0.125,0.153846153846154,5,0.0325487134637735
"up",0.3,23,"SVP",0.25,0.125,0.166666666666667,4,0.0378181124027085
"up",0.3,23,"SVP (BIC)",0.333333333333333,0.125,0.181818181818182,3,0.0607182429470366
"up",0.3,24,"PELT",0.25,0.125,0.166666666666667,4,0.0384486725815395
"up",0.3,24,"SVP",0.25,0.125,0.166666666666667,4,0.0384486725815395
"up",0.3,24,"SVP (BIC)",0.333333333333333,0.125,0.181818181818182,3,0.0621492435971317
"up",0.3,25,"PELT",0.5,0.25,0.333333333333333,4,0.0449812597969887
"up",0.3,25,"SVP",0.5,0.25,0.333333333333333,4,0.0449812597969887
"up",0.3,25,"SVP (BIC)",0.333333333333333,0.125,0.181818181818182,3,0.0844279584201872
"up",0.3,26,"PELT",0.25,0.125,0.166666666666667,4,0.0482981104111017
"up",0.3,26,"SVP",0.25,0.125,0.166666666666667,4,0.0482981104111017
"up",0.3,26,"SVP (BIC)",0.666666666666667,0.25,0.363636363636364,3,0.0600519232926066
"up",0.3,27,"PELT",0.2,0.125,0.153846153846154,5,0.0342899134206192
"up",0.3,27,"SVP",0.333333333333333,0.125,0.181818181818182,3,0.0659646892562053
"up",0.3,27,"SVP (BIC)",0.333333333333333,0.125,0.181818181818182,3,0.0680301393678456
"up",0.3,28,"PELT",0.333333333333333,0.25,0.285714285714286,6,0.036860833645392
"up",0.3,28,"SVP",0.25,0.125,0.166666666666667,4,0.0545182161852437
"up",0.3,28,"SVP (BIC)",0.25,0.125,0.166666666666667,4,0.0545182161852437
"up",0.3,29,"PELT",0.25,0.125,0.166666666666667,4,0.0374164476810104
"up",0.3,29,"SVP",0.333333333333333,0.125,0.181818181818182,3,0.0708642913839214
"up",0.3,29,"SVP (BIC)",0.333333333333333,0.125,0.181818181818182,3,0.0708642913839214
"up",0.3,30,"PELT",0.25,0.125,0.166666666666667,4,0.0373001119523413
"up",0.3,30,"SVP",0.333333333333333,0.125,0.181818181818182,3,0.056291357086987
"up",0.3,30,"SVP (BIC)",0.333333333333333,0.125,0.181818181818182,3,0.067804595158005
"up",0.3,31,"PELT",0.75,0.375,0.5,4,0.0445749063880612
"up",0.3,31,"SVP",0.666666666666667,0.25,0.363636363636364,3,0.0608098746837828
"up",0.3,31,"SVP (BIC)",0.666666666666667,0.25,0.363636363636364,3,0.0608098746837828
"up",0.3,32,"PELT",0.4,0.25,0.307692307692308,5,0.0305507924816128
"up",0.3,32,"SVP",0.25,0.125,0.166666666666667,4,0.0381471301740386
"up",0.3,32,"SVP (BIC)",0.333333333333333,0.125,0.181818181818182,3,0.0645337550396615
"up",0.3,33,"PELT",0.4,0.25,0.307692307692308,5,0.0257583050853748
"up",0.3,33,"SVP",0.333333333333333,0.125,0.181818181818182,3,0.0578764871134699
"up",0.3,33,"SVP (BIC)",0.333333333333333,0.125,0.181818181818182,3,0.0578764871134699
"up",0.3,34,"PELT",0.25,0.125,0.166666666666667,4,0.0400880875625742
"up",0.3,34,"SVP",0.333333333333333,0.125,0.181818181818182,3,0.0587397722040478
"up",0.3,34,"SVP (BIC)",0.333333333333333,0.125,0.181818181818182,3,0.0537393294026672
"up",0.3,35,"PELT",0.25,0.125,0.166666666666667,4,0.03732390613024
"up",0.3,35,"SVP",0.666666666666667,0.25,0.363636363636364,3,0.0557429086182518
"up",0.3,35,"SVP (BIC)",0.333333333333333,0.125,0.181818181818182,3,0.0686520646891725
"up",0.3,36,"PELT",0.2,0.125,0.153846153846154,5,0.0326525590113978
"up",0.3,36,"SVP",0.333333333333333,0.125,0.181818181818182,3,0.0586346230143778
"up",0.3,36,"SVP (BIC)",0.333333333333333,0.125,0.181818181818182,3,0.0741383887867669
"up",0.3,37,"PELT",0.75,0.375,0.5,4,0.0393738715173339
"up",0.3,37,"SVP",0.666666666666667,0.25,0.363636363636364,3,0.0628792257386699
"up",0.3,37,"SVP (BIC)",0.666666666666667,0.25,0.363636363636364,3,0.0628792257386699
"up",0.3,38,"PELT",0.25,0.125,0.166666666666667,4,0.0441594722231869
"up",0.3,38,"SVP",0.333333333333333,0.125,0.181818181818182,3,0.0681027190566843
"up",0.3,38,"SVP (BIC)",0.333333333333333,0.125,0.181818181818182,3,0.0681027190566843
"up",0.3,39,"PELT",0.5,0.25,0.333333333333333,4,0.0381966294489455
"up",0.3,39,"SVP",0.333333333333333,0.125,0.181818181818182,3,0.0546670366957957
"up",0.3,39,"SVP (BIC)",0.666666666666667,0.25,0.363636363636364,3,0.0541256245568598
"up",0.3,40,"PELT",0.5,0.25,0.333333333333333,4,0.0512539567922409
"up",0.3,40,"SVP",0.5,0.25,0.333333333333333,4,0.0512539567922409
"up",0.3,40,"SVP (BIC)",0.666666666666667,0.25,0.363636363636364,3,0.0863937125137193
"up",0.3,41,"PELT",0.25,0.125,0.166666666666667,4,0.0329040305801648
"up",0.3,41,"SVP",0.25,0.125,0.166666666666667,4,0.0329040305801648
"up",0.3,41,"SVP (BIC)",0.333333333333333,0.125,0.181818181818182,3,0.0742743291933966
"up",0.3,42,"PELT",0.75,0.375,0.5,4,0.0323738193691284
"up",0.3,42,"SVP",0.333333333333333,0.125,0.181818181818182,3,0.0573379514069575
"up",0.3,42,"SVP (BIC)",0.333333333333333,0.125,0.181818181818182,3,0.0573379514069575
"up",0.3,43,"PELT",0.5,0.25,0.333333333333333,4,0.040702105165066
"up",0.3,43,"SVP",0.666666666666667,0.25,0.363636363636364,3,0.0601089504324892
"up",0.3,43,"SVP (BIC)",0.666666666666667,0.25,0.363636363636364,3,0.0601089504324892
"up",0.3,44,"PELT",0.25,0.125,0.166666666666667,4,0.0413668010771139
"up",0.3,44,"SVP",0.333333333333333,0.125,0.181818181818182,3,0.0567091538608022
"up",0.3,44,"SVP (BIC)",0.333333333333333,0.125,0.181818181818182,3,0.0567091538608022
"up",0.3,45,"PELT",0.25,0.125,0.166666666666667,4,0.0442797412593586
"up",0.3,45,"SVP",0.333333333333333,0.125,0.181818181818182,3,0.0793468241416397
"up",0.3,45,"SVP (BIC)",0.333333333333333,0.125,0.181818181818182,3,0.0817839792459545
"up",0.3,46,"PELT",0.75,0.375,0.5,4,0.036843664892453
"up",0.3,46,"SVP",0.666666666666667,0.25,0.363636363636364,3,0.0615189834928687
"up",0.3,46,"SVP (BIC)",0.666666666666667,0.25,0.363636363636364,3,0.0540591748050845
"up",0.3,47,"PELT",0.333333333333333,0.125,0.181818181818182,3,0.069697453061863
"up",0.3,47,"SVP",0.333333333333333,0.125,0.181818181818182,3,0.069697453061863
"up",0.3,47,"SVP (BIC)",0.5,0.125,0.2,2,0.124560394882042
"up",0.3,48,"PELT",0.5,0.25,0.333333333333333,4,0.0389175278879078
"up",0.3,48,"SVP",0.5,0.25,0.333333333333333,4,0.0389175278879078
"up",0.3,48,"SVP (BIC)",0.666666666666667,0.25,0.363636363636364,3,0.0620181242866471
"up",0.3,49,"PELT",0.25,0.125,0.166666666666667,4,0.0500455813454077
"up",0.3,49,"SVP",0.25,0.125,0.166666666666667,4,0.0500455813454077
"up",0.3,49,"SVP (BIC)",0.333333333333333,0.125,0.181818181818182,3,0.055863059383843
"up",0.3,50,"PELT",0.5,0.25,0.333333333333333,4,0.0399814591495016
"up",0.3,50,"SVP",0.5,0.25,0.333333333333333,4,0.0399814591495016
"up",0.3,50,"SVP (BIC)",0.666666666666667,0.25,0.363636363636364,3,0.0607148374036614
"updown",0.3,1,"PELT",1,0.125,0.222222222222222,1,0.0237028613102524
"updown",0.3,1,"SVP",1,0.125,0.222222222222222,1,0.0237028613102524
"updown",0.3,1,"SVP (BIC)",1,0.125,0.222222222222222,1,0.0237028613102524
"updown",0.3,2,"PELT",1,0.125,0.222222222222222,1,0.0227794139362535
"updown",0.3,2,"SVP",1,0.125,0.222222222222222,1,0.0227794139362535
"updown",0.3,2,"SVP (BIC)",1,0.125,0.222222222222222,1,0.0227794139362535
"updown",0.3,3,"PELT",0.333333333333333,0.125,0.181818181818182,3,0.0484524158713952
"updown",0.3,3,"SVP",0.5,0.125,0.2,2,0.0281932380101469
"updown",0.3,3,"SVP (BIC)",0.5,0.125,0.2,2,0.0279837882302745
"updown",0.3,4,"PELT",0.5,0.125,0.2,2,0.025618748980144
"updown",0.3,4,"SVP",0.5,0.125,0.2,2,0.025618748980144
"updown",0.3,4,"SVP (BIC)",1,0.125,0.222222222222222,1,0.02255749755656
"updown",0.3,5,"PELT",0.333333333333333,0.125,0.181818181818182,3,0.0411602627252431
"updown",0.3,5,"SVP",0.5,0.125,0.2,2,0.0218349001243809
"updown",0.3,5,"SVP (BIC)",1,0.125,0.222222222222222,1,0.0231723743891738
"updown",0.3,6,"PELT",1,0.125,0.222222222222222,1,0.0225729218855505
"updown",0.3,6,"SVP",1,0.125,0.222222222222222,1,0.0225729218855505
"updown",0.3,6,"SVP (BIC)",1,0.125,0.222222222222222,1,0.0225729218855505
"updown",0.3,7,"PELT",1,0.125,0.222222222222222,1,0.0233456287109272
"updown",0.3,7,"SVP",0.5,0.125,0.2,2,0.0231031395299442
"updown",0.3,7,"SVP (BIC)",1,0.125,0.222222222222222,1,0.0233456287109272
"updown",0.3,8,"PELT",1,0.125,0.222222222222222,1,0.0233820168049062
"updown",0.3,8,"SVP",1,0.125,0.222222222222222,1,0.0233820168049062
"updown",0.3,8,"SVP (BIC)",1,0.125,0.222222222222222,1,0.0233820168049062
"updown",0.3,9,"PELT",1,0.125,0.222222222222222,1,0.022732753536105
"updown",0.3,9,"SVP",1,0.125,0.222222222222222,1,0.022732753536105
"updown",0.3,9,"SVP (BIC)",1,0.125,0.222222222222222,1,0.022732753536105
"updown",0.3,10,"PELT",1,0.125,0.222222222222222,1,0.0225597358228783
"updown",0.3,10,"SVP",1,0.125,0.222222222222222,1,0.0225597358228783
"updown",0.3,10,"SVP (BIC)",1,0.125,0.222222222222222,1,0.0225597358228783
"updown",0.3,11,"PELT",1,0.125,0.222222222222222,1,0.0233659565312901
"updown",0.3,11,"SVP",1,0.125,0.222222222222222,1,0.0233659565312901
"updown",0.3,11,"SVP (BIC)",1,0.125,0.222222222222222,1,0.0233659565312901
"updown",0.3,12,"PELT",1,0.125,0.222222222222222,1,0.0259488083247112
"updown",0.3,12,"SVP",0.5,0.125,0.2,2,0.0256417036471826
"updown",0.3,12,"SVP (BIC)",1,0.125,0.222222222222222,1,0.0259488083247112
"updown",0.3,13,"PELT",1,0.125,0.222222222222222,1,0.0262862012660788
"updown",0.3,13,"SVP",1,0.125,0.222222222222222,1,0.0262862012660788
"updown",0.3,13,"SVP (BIC)",1,0.125,0.222222222222222,1,0.0262862012660788
"updown",0.3,14,"PELT",1,0.125,0.222222222222222,1,0.0225250359493314
"updown",0.3,14,"SVP",0.5,0.125,0.2,2,0.0301698908581904
"updown",0.3,14,"SVP (BIC)",1,0.125,0.222222222222222,1,0.0225250359493314
"updown",0.3,15,"PELT",1,0.125,0.222222222222222,1,0.024675426787708
"updown",0.3,15,"SVP",1,0.125,0.222222222222222,1,0.024675426787708
"updown",0.3,15,"SVP (BIC)",1,0.125,0.222222222222222,1,0.024675426787708
"updown",0.3,16,"PELT",1,0.125,0.222222222222222,1,0.0247349436044502
"updown",0.3,16,"SVP",1,0.125,0.222222222222222,1,0.0247349436044502
"updown",0.3,16,"SVP (BIC)",1,0.125,0.222222222222222,1,0.0247349436044502
"updown",0.3,17,"PELT",1,0.125,0.222222222222222,1,0.0229855718491666
"updown",0.3,17,"SVP",1,0.125,0.222222222222222,1,0.0229855718491666
"updown",0.3,17,"SVP (BIC)",1,0.125,0.222222222222222,1,0.0229855718491666
"updown",0.3,18,"PELT",1,0.125,0.222222222222222,1,0.0231681860810969
"updown",0.3,18,"SVP",1,0.125,0.222222222222222,1,0.0231681860810969
"updown",0.3,18,"SVP (BIC)",1,0.125,0.222222222222222,1,0.0231681860810969
"updown",0.3,19,"PELT",1,0.125,0.222222222222222,1,0.0229477546725642
"updown",0.3,19,"SVP",1,0.125,0.222222222222222,1,0.0229477546725642
"updown",0.3,19,"SVP (BIC)",1,0.125,0.222222222222222,1,0.0229477546725642
"updown",0.3,20,"PELT",1,0.125,0.222222222222222,1,0.023851682226628
"updown",0.3,20,"SVP",1,0.125,0.222222222222222,1,0.023851682226628
"updown",0.3,20,"SVP (BIC)",1,0.125,0.222222222222222,1,0.023851682226628
"updown",0.3,21,"PELT",1,0.125,0.222222222222222,1,0.0230481223646422
"updown",0.3,21,"SVP",1,0.125,0.222222222222222,1,0.0230481223646422
"updown",0.3,21,"SVP (BIC)",1,0.125,0.222222222222222,1,0.0230481223646422
"updown",0.3,22,"PELT",1,0.125,0.222222222222222,1,0.0228307521034811
"updown",0.3,22,"SVP",1,0.125,0.222222222222222,1,0.0228307521034811
"updown",0.3,22,"SVP (BIC)",1,0.125,0.222222222222222,1,0.0228307521034811
"updown",0.3,23,"PELT",1,0.125,0.222222222222222,1,0.0230051658267104
"updown",0.3,23,"SVP",1,0.125,0.222222222222222,1,0.0230051658267104
"updown",0.3,23,"SVP (BIC)",1,0.125,0.222222222222222,1,0.0230051658267104
"updown",0.3,24,"PELT",1,0.125,0.222222222222222,1,0.0240185087785431
"updown",0.3,24,"SVP",1,0.125,0.222222222222222,1,0.0240185087785431
"updown",0.3,24,"SVP (BIC)",1,0.125,0.222222222222222,1,0.0240185087785431
"updown",0.3,25,"PELT",1,0.125,0.222222222222222,1,0.0233076930887127
"updown",0.3,25,"SVP",1,0.125,0.222222222222222,1,0.0233076930887127
"updown",0.3,25,"SVP (BIC)",1,0.125,0.222222222222222,1,0.0233076930887127
"updown",0.3,26,"PELT",0.333333333333333,0.125,0.181818181818182,3,0.0338030178304682
"updown",0.3,26,"SVP",0.5,0.125,0.2,2,0.0207395905944427
"updown",0.3,26,"SVP (BIC)",0.5,0.125,0.2,2,0.0207395905944427
"updown",0.3,27,"PELT",1,0.125,0.222222222222222,1,0.0243112262544241
"updown",0.3,27,"SVP",1,0.125,0.222222222222222,1,0.0243112262544241
"updown",0.3,27,"SVP (BIC)",1,0.125,0.222222222222222,1,0.0243112262544241
"updown",0.3,28,"PELT",1,0.125,0.222222222222222,1,0.0230748134535836
"updown",0.3,28,"SVP",1,0.125,0.222222222222222,1,0.0230748134535836
"updown",0.3,28,"SVP (BIC)",1,0.125,0.222222222222222,1,0.0230748134535836
"updown",0.3,29,"PELT",1,0.125,0.222222222222222,1,0.0241926876463384
"updown",0.3,29,"SVP",1,0.125,0.222222222222222,1,0.0241926876463384
"updown",0.3,29,"SVP (BIC)",1,0.125,0.222222222222222,1,0.0241926876463384
"updown",0.3,30,"PELT",1,0.125,0.222222222222222,1,0.0244248406209416
"updown",0.3,30,"SVP",0.666666666666667,0.25,0.363636363636364,3,0.0326047505544465
"updown",0.3,30,"SVP (BIC)",1,0.125,0.222222222222222,1,0.0244248406209416
"updown",0.3,31,"PELT",0.5,0.125,0.2,2,0.0298756084756327
"updown",0.3,31,"SVP",0.5,0.125,0.2,2,0.0298756084756327
"updown",0.3,31,"SVP (BIC)",1,0.125,0.222222222222222,1,0.0229835336392472
"updown",0.3,32,"PELT",1,0.25,0.4,2,0.0298347421901477
"updown",0.3,32,"SVP",1,0.125,0.222222222222222,1,0.0226748168509119
"updown",0.3,32,"SVP (BIC)",1,0.125,0.222222222222222,1,0.0226748168509119
"updown",0.3,33,"PELT",1,0.125,0.222222222222222,1,0.0280476287847427
"updown",0.3,33,"SVP",1,0.125,0.222222222222222,1,0.0280476287847427
"updown",0.3,33,"SVP (BIC)",1,0.125,0.222222222222222,1,0.0280476287847427
"updown",0.3,34,"PELT",1,0.125,0.222222222222222,1,0.0228366524517465
"updown",0.3,34,"SVP",1,0.125,0.222222222222222,1,0.0228366524517465
"updown",0.3,34,"SVP (BIC)",1,0.125,0.222222222222222,1,0.0228366524517465
"updown",0.3,35,"PELT",1,0.125,0.222222222222222,1,0.0232019439870214
"updown",0.3,35,"SVP",1,0.125,0.222222222222222,1,0.0232019439870214
"updown",0.3,35,"SVP (BIC)",1,0.125,0.222222222222222,1,0.0232019439870214
"updown",0.3,36,"PELT",1,0.125,0.222222222222222,1,0.0225267023924292
"updown",0.3,36,"SVP",1,0.125,0.222222222222222,1,0.0225267023924292
"updown",0.3,36,"SVP (BIC)",1,0.125,0.222222222222222,1,0.0225267023924292
"updown",0.3,37,"PELT",1,0.125,0.222222222222222,1,0.0230766291546778
"updown",0.3,37,"SVP",1,0.125,0.222222222222222,1,0.0230766291546778
"updown",0.3,37,"SVP (BIC)",1,0.125,0.222222222222222,1,0.0230766291546778
"updown",0.3,38,"PELT",1,0.125,0.222222222222222,1,0.0225814141318384
"updown",0.3,38,"SVP",1,0.125,0.222222222222222,1,0.0225814141318384
"updown",0.3,38,"SVP (BIC)",1,0.125,0.222222222222222,1,0.0225814141318384
"updown",0.3,39,"PELT",1,0.125,0.222222222222222,1,0.0243224343390834
"updown",0.3,39,"SVP",1,0.125,0.222222222222222,1,0.0243224343390834
"updown",0.3,39,"SVP (BIC)",1,0.125,0.222222222222222,1,0.0243224343390834
"updown",0.3,40,"PELT",1,0.125,0.222222222222222,1,0.0225351885995111
"updown",0.3,40,"SVP",1,0.125,0.222222222222222,1,0.0225351885995111
"updown",0.3,40,"SVP (BIC)",1,0.125,0.222222222222222,1,0.0225351885995111
"updown",0.3,41,"PELT",0.5,0.125,0.2,2,0.0269449973560739
"updown",0.3,41,"SVP",1,0.125,0.222222222222222,1,0.0242797234980327
"updown",0.3,41,"SVP (BIC)",1,0.125,0.222222222222222,1,0.0242797234980327
"updown",0.3,42,"PELT",1,0.125,0.222222222222222,1,0.0226995105837336
"updown",0.3,42,"SVP",1,0.125,0.222222222222222,1,0.0226995105837336
"updown",0.3,42,"SVP (BIC)",1,0.125,0.222222222222222,1,0.0226995105837336
"updown",0.3,43,"PELT",0.5,0.125,0.2,2,0.0248789492630315
"updown",0.3,43,"SVP",1,0.125,0.222222222222222,1,0.0240015125442708
"updown",0.3,43,"SVP (BIC)",1,0.125,0.222222222222222,1,0.0240015125442708
"updown",0.3,44,"PELT",0.25,0.125,0.166666666666667,4,0.0632984785976666
"updown",0.3,44,"SVP",0.5,0.125,0.2,2,0.0355456211349675
"updown",0.3,44,"SVP (BIC)",0.5,0.125,0.2,2,0.0378296981309759
"updown",0.3,45,"PELT",1,0.125,0.222222222222222,1,0.0230636038415776
"updown",0.3,45,"SVP",1,0.125,0.222222222222222,1,0.0230636038415776
"updown",0.3,45,"SVP (BIC)",1,0.125,0.222222222222222,1,0.0230636038415776
"updown",0.3,46,"PELT",1,0.125,0.222222222222222,1,0.0279987606190014
"updown",0.3,46,"SVP",1,0.125,0.222222222222222,1,0.0279987606190014
"updown",0.3,46,"SVP (BIC)",1,0.125,0.222222222222222,1,0.0279987606190014
"updown",0.3,47,"PELT",1,0.125,0.222222222222222,1,0.0225731339793746
"updown",0.3,47,"SVP",1,0.125,0.222222222222222,1,0.0225731339793746
"updown",0.3,47,"SVP (BIC)",1,0.125,0.222222222222222,1,0.0225731339793746
"updown",0.3,48,"PELT",1,0.125,0.222222222222222,1,0.0226847040941619
"updown",0.3,48,"SVP",1,0.125,0.222222222222222,1,0.0226847040941619
"updown",0.3,48,"SVP (BIC)",1,0.125,0.222222222222222,1,0.0226847040941619
"updown",0.3,49,"PELT",1,0.125,0.222222222222222,1,0.0225330769573491
"updown",0.3,49,"SVP",1,0.125,0.222222222222222,1,0.0225330769573491
"updown",0.3,49,"SVP (BIC)",1,0.125,0.222222222222222,1,0.0225330769573491
"updown",0.3,50,"PELT",1,0.125,0.222222222222222,1,0.0226584255797967
"updown",0.3,50,"SVP",1,0.125,0.222222222222222,1,0.0226584255797967
"updown",0.3,50,"SVP (BIC)",1,0.125,0.222222222222222,1,0.0226584255797967
"rand1",0.3,1,"PELT",1,0.125,0.222222222222222,1,0.0355302743289362
"rand1",0.3,1,"SVP",0.5,0.125,0.2,2,0.0232556695891765
"rand1",0.3,1,"SVP (BIC)",1,0.125,0.222222222222222,1,0.0355302743289362
"rand1",0.3,2,"PELT",1,0.125,0.222222222222222,1,0.0355302743289362
"rand1",0.3,2,"SVP",0.5,0.125,0.2,2,0.0232556695891765
"rand1",0.3,2,"SVP (BIC)",1,0.125,0.222222222222222,1,0.0355302743289362
"rand1",0.3,3,"PELT",1,0.125,0.222222222222222,1,0.0355302743289362
"rand1",0.3,3,"SVP",0.5,0.125,0.2,2,0.0232556695891765
"rand1",0.3,3,"SVP (BIC)",1,0.125,0.222222222222222,1,0.0355302743289362
"rand1",0.3,4,"PELT",1,0.125,0.222222222222222,1,0.0355302743289362
"rand1",0.3,4,"SVP",0.5,0.125,0.2,2,0.0232556695891765
"rand1",0.3,4,"SVP (BIC)",1,0.125,0.222222222222222,1,0.0355302743289362
"rand1",0.3,5,"PELT",1,0.125,0.222222222222222,1,0.0355302743289362
"rand1",0.3,5,"SVP",0.5,0.125,0.2,2,0.0232556695891765
"rand1",0.3,5,"SVP (BIC)",1,0.125,0.222222222222222,1,0.0355302743289362
"rand1",0.3,6,"PELT",1,0.125,0.222222222222222,1,0.0355302743289362
"rand1",0.3,6,"SVP",0.5,0.125,0.2,2,0.0232556695891765
"rand1",0.3,6,"SVP (BIC)",1,0.125,0.222222222222222,1,0.0355302743289362
"rand1",0.3,7,"PELT",1,0.125,0.222222222222222,1,0.0355302743289362
"rand1",0.3,7,"SVP",0.5,0.125,0.2,2,0.0232556695891765
"rand1",0.3,7,"SVP (BIC)",1,0.125,0.222222222222222,1,0.0355302743289362
"rand1",0.3,8,"PELT",1,0.125,0.222222222222222,1,0.0355302743289362
"rand1",0.3,8,"SVP",0.5,0.125,0.2,2,0.0232556695891765
"rand1",0.3,8,"SVP (BIC)",1,0.125,0.222222222222222,1,0.0355302743289362
"rand1",0.3,9,"PELT",1,0.125,0.222222222222222,1,0.0355302743289362
"rand1",0.3,9,"SVP",0.5,0.125,0.2,2,0.0232556695891765
"rand1",0.3,9,"SVP (BIC)",1,0.125,0.222222222222222,1,0.0355302743289362
"rand1",0.3,10,"PELT",1,0.125,0.222222222222222,1,0.0355302743289362
"rand1",0.3,10,"SVP",0.5,0.125,0.2,2,0.0232556695891765
"rand1",0.3,10,"SVP (BIC)",1,0.125,0.222222222222222,1,0.0355302743289362
"rand1",0.3,11,"PELT",1,0.125,0.222222222222222,1,0.0355302743289362
"rand1",0.3,11,"SVP",0.5,0.125,0.2,2,0.0232556695891765
"rand1",0.3,11,"SVP (BIC)",1,0.125,0.222222222222222,1,0.0355302743289362
"rand1",0.3,12,"PELT",1,0.125,0.222222222222222,1,0.0355302743289362
"rand1",0.3,12,"SVP",0.5,0.125,0.2,2,0.0232556695891765
"rand1",0.3,12,"SVP (BIC)",1,0.125,0.222222222222222,1,0.0355302743289362
"rand1",0.3,13,"PELT",1,0.125,0.222222222222222,1,0.0355302743289362
"rand1",0.3,13,"SVP",0.5,0.125,0.2,2,0.0232556695891765
"rand1",0.3,13,"SVP (BIC)",1,0.125,0.222222222222222,1,0.0355302743289362
"rand1",0.3,14,"PELT",1,0.125,0.222222222222222,1,0.0355302743289362
"rand1",0.3,14,"SVP",0.5,0.125,0.2,2,0.0232556695891765
"rand1",0.3,14,"SVP (BIC)",1,0.125,0.222222222222222,1,0.0355302743289362
"rand1",0.3,15,"PELT",1,0.125,0.222222222222222,1,0.0355302743289362
"rand1",0.3,15,"SVP",0.5,0.125,0.2,2,0.0232556695891765
"rand1",0.3,15,"SVP (BIC)",1,0.125,0.222222222222222,1,0.0355302743289362
"rand1",0.3,16,"PELT",1,0.125,0.222222222222222,1,0.0355302743289362
"rand1",0.3,16,"SVP",0.5,0.125,0.2,2,0.0232556695891765
"rand1",0.3,16,"SVP (BIC)",1,0.125,0.222222222222222,1,0.0355302743289362
"rand1",0.3,17,"PELT",1,0.125,0.222222222222222,1,0.0355302743289362
"rand1",0.3,17,"SVP",0.5,0.125,0.2,2,0.0232556695891765
"rand1",0.3,17,"SVP (BIC)",1,0.125,0.222222222222222,1,0.0355302743289362
"rand1",0.3,18,"PELT",1,0.125,0.222222222222222,1,0.0355302743289362
"rand1",0.3,18,"SVP",0.5,0.125,0.2,2,0.0232556695891765
"rand1",0.3,18,"SVP (BIC)",1,0.125,0.222222222222222,1,0.0355302743289362
"rand1",0.3,19,"PELT",1,0.125,0.222222222222222,1,0.0355302743289362
"rand1",0.3,19,"SVP",0.5,0.125,0.2,2,0.0232556695891765
"rand1",0.3,19,"SVP (BIC)",1,0.125,0.222222222222222,1,0.0355302743289362
"rand1",0.3,20,"PELT",1,0.125,0.222222222222222,1,0.0355302743289362
"rand1",0.3,20,"SVP",0.5,0.125,0.2,2,0.0232556695891765
"rand1",0.3,20,"SVP (BIC)",1,0.125,0.222222222222222,1,0.0355302743289362
"rand1",0.3,21,"PELT",1,0.125,0.222222222222222,1,0.0355302743289362
"rand1",0.3,21,"SVP",0.5,0.125,0.2,2,0.0232556695891765
"rand1",0.3,21,"SVP (BIC)",1,0.125,0.222222222222222,1,0.0355302743289362
"rand1",0.3,22,"PELT",1,0.125,0.222222222222222,1,0.0355302743289362
"rand1",0.3,22,"SVP",0.5,0.125,0.2,2,0.0232556695891765
"rand1",0.3,22,"SVP (BIC)",1,0.125,0.222222222222222,1,0.0355302743289362
"rand1",0.3,23,"PELT",1,0.125,0.222222222222222,1,0.0355302743289362
"rand1",0.3,23,"SVP",0.5,0.125,0.2,2,0.0232556695891765
"rand1",0.3,23,"SVP (BIC)",1,0.125,0.222222222222222,1,0.0355302743289362
"rand1",0.3,24,"PELT",1,0.125,0.222222222222222,1,0.0355302743289362
"rand1",0.3,24,"SVP",0.5,0.125,0.2,2,0.0232556695891765
"rand1",0.3,24,"SVP (BIC)",1,0.125,0.222222222222222,1,0.0355302743289362
"rand1",0.3,25,"PELT",1,0.125,0.222222222222222,1,0.0355302743289362
"rand1",0.3,25,"SVP",0.5,0.125,0.2,2,0.0232556695891765
"rand1",0.3,25,"SVP (BIC)",1,0.125,0.222222222222222,1,0.0355302743289362
"rand1",0.3,26,"PELT",1,0.125,0.222222222222222,1,0.0355302743289362
"rand1",0.3,26,"SVP",0.5,0.125,0.2,2,0.0232556695891765
"rand1",0.3,26,"SVP (BIC)",1,0.125,0.222222222222222,1,0.0355302743289362
"rand1",0.3,27,"PELT",1,0.125,0.222222222222222,1,0.0355302743289362
"rand1",0.3,27,"SVP",0.5,0.125,0.2,2,0.0232556695891765
"rand1",0.3,27,"SVP (BIC)",1,0.125,0.222222222222222,1,0.0355302743289362
"rand1",0.3,28,"PELT",1,0.125,0.222222222222222,1,0.0355302743289362
"rand1",0.3,28,"SVP",0.5,0.125,0.2,2,0.0232556695891765
"rand1",0.3,28,"SVP (BIC)",1,0.125,0.222222222222222,1,0.0355302743289362
"rand1",0.3,29,"PELT",1,0.125,0.222222222222222,1,0.0355302743289362
"rand1",0.3,29,"SVP",0.5,0.125,0.2,2,0.0232556695891765
"rand1",0.3,29,"SVP (BIC)",1,0.125,0.222222222222222,1,0.0355302743289362
"rand1",0.3,30,"PELT",1,0.125,0.222222222222222,1,0.0355302743289362
"rand1",0.3,30,"SVP",0.5,0.125,0.2,2,0.0232556695891765
"rand1",0.3,30,"SVP (BIC)",1,0.125,0.222222222222222,1,0.0355302743289362
"rand1",0.3,31,"PELT",1,0.125,0.222222222222222,1,0.0355302743289362
"rand1",0.3,31,"SVP",0.5,0.125,0.2,2,0.0232556695891765
"rand1",0.3,31,"SVP (BIC)",1,0.125,0.222222222222222,1,0.0355302743289362
"rand1",0.3,32,"PELT",1,0.125,0.222222222222222,1,0.0355302743289362
"rand1",0.3,32,"SVP",0.5,0.125,0.2,2,0.0232556695891765
"rand1",0.3,32,"SVP (BIC)",1,0.125,0.222222222222222,1,0.0355302743289362
"rand1",0.3,33,"PELT",1,0.125,0.222222222222222,1,0.0355302743289362
"rand1",0.3,33,"SVP",0.5,0.125,0.2,2,0.0232556695891765
"rand1",0.3,33,"SVP (BIC)",1,0.125,0.222222222222222,1,0.0355302743289362
"rand1",0.3,34,"PELT",1,0.125,0.222222222222222,1,0.0355302743289362
"rand1",0.3,34,"SVP",0.5,0.125,0.2,2,0.0232556695891765
"rand1",0.3,34,"SVP (BIC)",1,0.125,0.222222222222222,1,0.0355302743289362
"rand1",0.3,35,"PELT",1,0.125,0.222222222222222,1,0.0355302743289362
"rand1",0.3,35,"SVP",0.5,0.125,0.2,2,0.0232556695891765
"rand1",0.3,35,"SVP (BIC)",1,0.125,0.222222222222222,1,0.0355302743289362
"rand1",0.3,36,"PELT",1,0.125,0.222222222222222,1,0.0355302743289362
"rand1",0.3,36,"SVP",0.5,0.125,0.2,2,0.0232556695891765
"rand1",0.3,36,"SVP (BIC)",1,0.125,0.222222222222222,1,0.0355302743289362
"rand1",0.3,37,"PELT",1,0.125,0.222222222222222,1,0.0355302743289362
"rand1",0.3,37,"SVP",0.5,0.125,0.2,2,0.0232556695891765
"rand1",0.3,37,"SVP (BIC)",1,0.125,0.222222222222222,1,0.0355302743289362
"rand1",0.3,38,"PELT",1,0.125,0.222222222222222,1,0.0355302743289362
"rand1",0.3,38,"SVP",0.5,0.125,0.2,2,0.0232556695891765
"rand1",0.3,38,"SVP (BIC)",1,0.125,0.222222222222222,1,0.0355302743289362
"rand1",0.3,39,"PELT",1,0.125,0.222222222222222,1,0.0355302743289362
"rand1",0.3,39,"SVP",0.5,0.125,0.2,2,0.0232556695891765
"rand1",0.3,39,"SVP (BIC)",1,0.125,0.222222222222222,1,0.0355302743289362
"rand1",0.3,40,"PELT",1,0.125,0.222222222222222,1,0.0355302743289362
"rand1",0.3,40,"SVP",0.5,0.125,0.2,2,0.0232556695891765
"rand1",0.3,40,"SVP (BIC)",1,0.125,0.222222222222222,1,0.0355302743289362
"rand1",0.3,41,"PELT",1,0.125,0.222222222222222,1,0.0355302743289362
"rand1",0.3,41,"SVP",0.5,0.125,0.2,2,0.0232556695891765
"rand1",0.3,41,"SVP (BIC)",1,0.125,0.222222222222222,1,0.0355302743289362
"rand1",0.3,42,"PELT",1,0.125,0.222222222222222,1,0.0355302743289362
"rand1",0.3,42,"SVP",0.5,0.125,0.2,2,0.0232556695891765
"rand1",0.3,42,"SVP (BIC)",1,0.125,0.222222222222222,1,0.0355302743289362
"rand1",0.3,43,"PELT",1,0.125,0.222222222222222,1,0.0355302743289362
"rand1",0.3,43,"SVP",0.5,0.125,0.2,2,0.0232556695891765
"rand1",0.3,43,"SVP (BIC)",1,0.125,0.222222222222222,1,0.0355302743289362
"rand1",0.3,44,"PELT",1,0.125,0.222222222222222,1,0.0355302743289362
"rand1",0.3,44,"SVP",0.5,0.125,0.2,2,0.0232556695891765
"rand1",0.3,44,"SVP (BIC)",1,0.125,0.222222222222222,1,0.0355302743289362
"rand1",0.3,45,"PELT",1,0.125,0.222222222222222,1,0.0355302743289362
"rand1",0.3,45,"SVP",0.5,0.125,0.2,2,0.0232556695891765
"rand1",0.3,45,"SVP (BIC)",1,0.125,0.222222222222222,1,0.0355302743289362
"rand1",0.3,46,"PELT",1,0.125,0.222222222222222,1,0.0355302743289362
"rand1",0.3,46,"SVP",0.5,0.125,0.2,2,0.0232556695891765
"rand1",0.3,46,"SVP (BIC)",1,0.125,0.222222222222222,1,0.0355302743289362
"rand1",0.3,47,"PELT",1,0.125,0.222222222222222,1,0.0355302743289362
"rand1",0.3,47,"SVP",0.5,0.125,0.2,2,0.0232556695891765
"rand1",0.3,47,"SVP (BIC)",1,0.125,0.222222222222222,1,0.0355302743289362
"rand1",0.3,48,"PELT",1,0.125,0.222222222222222,1,0.0355302743289362
"rand1",0.3,48,"SVP",0.5,0.125,0.2,2,0.0232556695891765
"rand1",0.3,48,"SVP (BIC)",1,0.125,0.222222222222222,1,0.0355302743289362
"rand1",0.3,49,"PELT",1,0.125,0.222222222222222,1,0.0355302743289362
"rand1",0.3,49,"SVP",0.5,0.125,0.2,2,0.0232556695891765
"rand1",0.3,49,"SVP (BIC)",1,0.125,0.222222222222222,1,0.0355302743289362
"rand1",0.3,50,"PELT",1,0.125,0.222222222222222,1,0.0355302743289362
"rand1",0.3,50,"SVP",0.5,0.125,0.2,2,0.0232556695891765
"rand1",0.3,50,"SVP (BIC)",1,0.125,0.222222222222222,1,0.0355302743289362
"none",0.4,1,"PELT",1,1,1,1,0.00538933055620191
"none",0.4,1,"SVP",0.5,1,0.666666666666667,2,0.00701236765812406
"none",0.4,1,"SVP (BIC)",1,1,1,1,0.00538933055620191
"none",0.4,2,"PELT",1,1,1,1,0.000299875445444089
"none",0.4,2,"SVP",1,1,1,1,0.000299875445444089
"none",0.4,2,"SVP (BIC)",1,1,1,1,0.000299875445444089
"none",0.4,3,"PELT",1,1,1,1,5.22685039528573e-05
"none",0.4,3,"SVP",1,1,1,1,5.22685039528573e-05
"none",0.4,3,"SVP (BIC)",1,1,1,1,5.22685039528573e-05
"none",0.4,4,"PELT",1,1,1,1,9.52438293871366e-05
"none",0.4,4,"SVP",1,1,1,1,9.52438293871366e-05
"none",0.4,4,"SVP (BIC)",1,1,1,1,9.52438293871366e-05
"none",0.4,5,"PELT",1,1,1,1,0.000145959593654019
"none",0.4,5,"SVP",1,1,1,1,0.000145959593654019
"none",0.4,5,"SVP (BIC)",1,1,1,1,0.000145959593654019
"none",0.4,6,"PELT",1,1,1,1,0.00720578198269256
"none",0.4,6,"SVP",1,1,1,1,0.00720578198269256
"none",0.4,6,"SVP (BIC)",1,1,1,1,0.00720578198269256
"none",0.4,7,"PELT",1,1,1,1,1.74678749123782e-05
"none",0.4,7,"SVP",1,1,1,1,1.74678749123782e-05
"none",0.4,7,"SVP (BIC)",1,1,1,1,1.74678749123782e-05
"none",0.4,8,"PELT",1,1,1,1,0.00704249182273005
"none",0.4,8,"SVP",1,1,1,1,0.00704249182273005
"none",0.4,8,"SVP (BIC)",1,1,1,1,0.00704249182273005
"none",0.4,9,"PELT",1,1,1,1,0.000441331978602548
"none",0.4,9,"SVP",1,1,1,1,0.000441331978602548
"none",0.4,9,"SVP (BIC)",1,1,1,1,0.000441331978602548
"none",0.4,10,"PELT",1,1,1,1,1.01205771628685e-05
"none",0.4,10,"SVP",1,1,1,1,1.01205771628685e-05
"none",0.4,10,"SVP (BIC)",1,1,1,1,1.01205771628685e-05
"none",0.4,11,"PELT",1,1,1,1,0.000768945103284604
"none",0.4,11,"SVP",1,1,1,1,0.000768945103284604
"none",0.4,11,"SVP (BIC)",1,1,1,1,0.000768945103284604
"none",0.4,12,"PELT",1,1,1,1,0.000387734760569513
"none",0.4,12,"SVP",1,1,1,1,0.000387734760569513
"none",0.4,12,"SVP (BIC)",1,1,1,1,0.000387734760569513
"none",0.4,13,"PELT",1,1,1,1,0.00146869934920934
"none",0.4,13,"SVP",1,1,1,1,0.00146869934920934
"none",0.4,13,"SVP (BIC)",1,1,1,1,0.00146869934920934
"none",0.4,14,"PELT",1,1,1,1,5.45711360650983e-05
"none",0.4,14,"SVP",1,1,1,1,5.45711360650983e-05
"none",0.4,14,"SVP (BIC)",1,1,1,1,5.45711360650983e-05
"none",0.4,15,"PELT",1,1,1,1,1.94378949910344e-06
"none",0.4,15,"SVP",1,1,1,1,1.94378949910344e-06
"none",0.4,15,"SVP (BIC)",1,1,1,1,1.94378949910344e-06
"none",0.4,16,"PELT",1,1,1,1,6.8436755236735e-05
"none",0.4,16,"SVP",1,1,1,1,6.8436755236735e-05
"none",0.4,16,"SVP (BIC)",1,1,1,1,6.8436755236735e-05
"none",0.4,17,"PELT",1,1,1,1,0.000224100789342012
"none",0.4,17,"SVP",1,1,1,1,0.000224100789342012
"none",0.4,17,"SVP (BIC)",1,1,1,1,0.000224100789342012
"none",0.4,18,"PELT",1,1,1,1,0.00148860113381146
"none",0.4,18,"SVP",1,1,1,1,0.00148860113381146
"none",0.4,18,"SVP (BIC)",1,1,1,1,0.00148860113381146
"none",0.4,19,"PELT",1,1,1,1,0.000370981961244919
"none",0.4,19,"SVP",1,1,1,1,0.000370981961244919
"none",0.4,19,"SVP (BIC)",1,1,1,1,0.000370981961244919
"none",0.4,20,"PELT",1,1,1,1,0.000810809266740612
"none",0.4,20,"SVP",1,1,1,1,0.000810809266740612
"none",0.4,20,"SVP (BIC)",1,1,1,1,0.000810809266740612
"none",0.4,21,"PELT",1,1,1,1,0.000300280907815061
"none",0.4,21,"SVP",1,1,1,1,0.000300280907815061
"none",0.4,21,"SVP (BIC)",1,1,1,1,0.000300280907815061
"none",0.4,22,"PELT",1,1,1,1,0.00675396066068356
"none",0.4,22,"SVP",1,1,1,1,0.00675396066068356
"none",0.4,22,"SVP (BIC)",1,1,1,1,0.00675396066068356
"none",0.4,23,"PELT",1,1,1,1,0.0010449737520604
"none",0.4,23,"SVP",1,1,1,1,0.0010449737520604
"none",0.4,23,"SVP (BIC)",1,1,1,1,0.0010449737520604
"none",0.4,24,"PELT",1,1,1,1,0.000246046655585603
"none",0.4,24,"SVP",1,1,1,1,0.000246046655585603
"none",0.4,24,"SVP (BIC)",1,1,1,1,0.000246046655585603
"none",0.4,25,"PELT",1,1,1,1,0.000356398886704014
"none",0.4,25,"SVP",1,1,1,1,0.000356398886704014
"none",0.4,25,"SVP (BIC)",1,1,1,1,0.000356398886704014
"none",0.4,26,"PELT",1,1,1,1,0.0043568879714277
"none",0.4,26,"SVP",1,1,1,1,0.0043568879714277
"none",0.4,26,"SVP (BIC)",1,1,1,1,0.0043568879714277
"none",0.4,27,"PELT",1,1,1,1,5.68551540326007e-05
"none",0.4,27,"SVP",1,1,1,1,5.68551540326007e-05
"none",0.4,27,"SVP (BIC)",1,1,1,1,5.68551540326007e-05
"none",0.4,28,"PELT",1,1,1,1,9.09142065984721e-07
"none",0.4,28,"SVP",1,1,1,1,9.09142065984721e-07
"none",0.4,28,"SVP (BIC)",1,1,1,1,9.09142065984721e-07
"none",0.4,29,"PELT",1,1,1,1,0.000645869479268002
"none",0.4,29,"SVP",1,1,1,1,0.000645869479268002
"none",0.4,29,"SVP (BIC)",1,1,1,1,0.000645869479268002
"none",0.4,30,"PELT",1,1,1,1,0.00230215972831963
"none",0.4,30,"SVP",1,1,1,1,0.00230215972831963
"none",0.4,30,"SVP (BIC)",1,1,1,1,0.00230215972831963
"none",0.4,31,"PELT",1,1,1,1,0.00185130843504023
"none",0.4,31,"SVP",1,1,1,1,0.00185130843504023
"none",0.4,31,"SVP (BIC)",1,1,1,1,0.00185130843504023
"none",0.4,32,"PELT",1,1,1,1,0.000396469037752263
"none",0.4,32,"SVP",1,1,1,1,0.000396469037752263
"none",0.4,32,"SVP (BIC)",1,1,1,1,0.000396469037752263
"none",0.4,33,"PELT",1,1,1,1,0.00122313200486457
"none",0.4,33,"SVP",1,1,1,1,0.00122313200486457
"none",0.4,33,"SVP (BIC)",1,1,1,1,0.00122313200486457
"none",0.4,34,"PELT",1,1,1,1,0.00016419853385902
"none",0.4,34,"SVP",1,1,1,1,0.00016419853385902
"none",0.4,34,"SVP (BIC)",1,1,1,1,0.00016419853385902
"none",0.4,35,"PELT",1,1,1,1,0.000475625149022738
"none",0.4,35,"SVP",1,1,1,1,0.000475625149022738
"none",0.4,35,"SVP (BIC)",1,1,1,1,0.000475625149022738
"none",0.4,36,"PELT",1,1,1,1,0.00254535742776135
"none",0.4,36,"SVP",1,1,1,1,0.00254535742776135
"none",0.4,36,"SVP (BIC)",1,1,1,1,0.00254535742776135
"none",0.4,37,"PELT",1,1,1,1,0.000395328523931211
"none",0.4,37,"SVP",1,1,1,1,0.000395328523931211
"none",0.4,37,"SVP (BIC)",1,1,1,1,0.000395328523931211
"none",0.4,38,"PELT",1,1,1,1,7.49674838126536e-05
"none",0.4,38,"SVP",1,1,1,1,7.49674838126536e-05
"none",0.4,38,"SVP (BIC)",1,1,1,1,7.49674838126536e-05
"none",0.4,39,"PELT",1,1,1,1,0.00028592948547713
"none",0.4,39,"SVP",1,1,1,1,0.00028592948547713
"none",0.4,39,"SVP (BIC)",1,1,1,1,0.00028592948547713
"none",0.4,40,"PELT",1,1,1,1,0.000200867294065891
"none",0.4,40,"SVP",1,1,1,1,0.000200867294065891
"none",0.4,40,"SVP (BIC)",1,1,1,1,0.000200867294065891
"none",0.4,41,"PELT",1,1,1,1,0.00114392131828261
"none",0.4,41,"SVP",1,1,1,1,0.00114392131828261
"none",0.4,41,"SVP (BIC)",1,1,1,1,0.00114392131828261
"none",0.4,42,"PELT",1,1,1,1,0.00028362244220638
"none",0.4,42,"SVP",1,1,1,1,0.00028362244220638
"none",0.4,42,"SVP (BIC)",1,1,1,1,0.00028362244220638
"none",0.4,43,"PELT",1,1,1,1,0.000151207139792664
"none",0.4,43,"SVP",1,1,1,1,0.000151207139792664
"none",0.4,43,"SVP (BIC)",1,1,1,1,0.000151207139792664
"none",0.4,44,"PELT",1,1,1,1,8.1152175659402e-05
"none",0.4,44,"SVP",1,1,1,1,8.1152175659402e-05
"none",0.4,44,"SVP (BIC)",1,1,1,1,8.1152175659402e-05
"none",0.4,45,"PELT",1,1,1,1,0.000356275036171334
"none",0.4,45,"SVP",1,1,1,1,0.000356275036171334
"none",0.4,45,"SVP (BIC)",1,1,1,1,0.000356275036171334
"none",0.4,46,"PELT",1,1,1,1,0.0016640617770073
"none",0.4,46,"SVP",1,1,1,1,0.0016640617770073
"none",0.4,46,"SVP (BIC)",1,1,1,1,0.0016640617770073
"none",0.4,47,"PELT",1,1,1,1,0.000108815122941738
"none",0.4,47,"SVP",1,1,1,1,0.000108815122941738
"none",0.4,47,"SVP (BIC)",1,1,1,1,0.000108815122941738
"none",0.4,48,"PELT",1,1,1,1,0.000335765248551928
"none",0.4,48,"SVP",1,1,1,1,0.000335765248551928
"none",0.4,48,"SVP (BIC)",1,1,1,1,0.000335765248551928
"none",0.4,49,"PELT",1,1,1,1,0.000843973259274868
"none",0.4,49,"SVP",1,1,1,1,0.000843973259274868
"none",0.4,49,"SVP (BIC)",1,1,1,1,0.000843973259274868
"none",0.4,50,"PELT",1,1,1,1,0.000130929272941854
"none",0.4,50,"SVP",1,1,1,1,0.000130929272941854
"none",0.4,50,"SVP (BIC)",1,1,1,1,0.000130929272941854
"up",0.4,1,"PELT",0.6,0.375,0.461538461538462,5,0.0369203720797019
"up",0.4,1,"SVP",0.6,0.375,0.461538461538462,5,0.0369203720797019
"up",0.4,1,"SVP (BIC)",0.5,0.25,0.333333333333333,4,0.0683969402754766
"up",0.4,2,"PELT",0.2,0.125,0.153846153846154,5,0.0502508927494066
"up",0.4,2,"SVP",0.25,0.125,0.166666666666667,4,0.0827464985115322
"up",0.4,2,"SVP (BIC)",0.25,0.125,0.166666666666667,4,0.0653261877300286
"up",0.4,3,"PELT",0.2,0.125,0.153846153846154,5,0.0468147967501772
"up",0.4,3,"SVP",0.25,0.125,0.166666666666667,4,0.0523130261410519
"up",0.4,3,"SVP (BIC)",0.25,0.125,0.166666666666667,4,0.0523130261410519
"up",0.4,4,"PELT",0.4,0.25,0.307692307692308,5,0.0493314067186859
"up",0.4,4,"SVP",0.5,0.25,0.333333333333333,4,0.0631382534627811
"up",0.4,4,"SVP (BIC)",0.5,0.25,0.333333333333333,4,0.0631382534627811
"up",0.4,5,"PELT",0.4,0.25,0.307692307692308,5,0.0365115679204234
"up",0.4,5,"SVP",0.25,0.125,0.166666666666667,4,0.0670763050988783
"up",0.4,5,"SVP (BIC)",0.333333333333333,0.125,0.181818181818182,3,0.0958716411150812
"up",0.4,6,"PELT",0.25,0.125,0.166666666666667,4,0.0697648314407658
"up",0.4,6,"SVP",0.333333333333333,0.125,0.181818181818182,3,0.100770629167281
"up",0.4,6,"SVP (BIC)",0.333333333333333,0.125,0.181818181818182,3,0.0962145128618828
"up",0.4,7,"PELT",0.2,0.125,0.153846153846154,5,0.0570752147701046
"up",0.4,7,"SVP",0.25,0.125,0.166666666666667,4,0.0704999521376129
"up",0.4,7,"SVP (BIC)",0.25,0.125,0.166666666666667,4,0.0956783486430434
"up",0.4,8,"PELT",0.4,0.25,0.307692307692308,5,0.0416526219693369
"up",0.4,8,"SVP",0.5,0.25,0.333333333333333,4,0.0528444147023958
"up",0.4,8,"SVP (BIC)",0.5,0.25,0.333333333333333,4,0.0528444147023958
"up",0.4,9,"PELT",0.5,0.375,0.428571428571429,6,0.0477737281552746
"up",0.4,9,"SVP",0.2,0.125,0.153846153846154,5,0.0678396063992341
"up",0.4,9,"SVP (BIC)",0.5,0.25,0.333333333333333,4,0.0589143708550531
"up",0.4,10,"PELT",0.285714285714286,0.25,0.266666666666667,7,0.0611930413920705
"up",0.4,10,"SVP",0.5,0.25,0.333333333333333,4,0.0715291465690847
"up",0.4,10,"SVP (BIC)",0.75,0.375,0.5,4,0.0453196563940418
"up",0.4,11,"PELT",0.4,0.25,0.307692307692308,5,0.0473680174717311
"up",0.4,11,"SVP",0.75,0.375,0.5,4,0.0520609412449973
"up",0.4,11,"SVP (BIC)",0.75,0.375,0.5,4,0.0520609412449973
"up",0.4,12,"PELT",0.6,0.375,0.461538461538462,5,0.0378605692587497
"up",0.4,12,"SVP",0.6,0.375,0.461538461538462,5,0.0378605692587497
"up",0.4,12,"SVP (BIC)",0.75,0.375,0.5,4,0.0679981352586731
"up",0.4,13,"PELT",0.4,0.25,0.307692307692308,5,0.044614626726585
"up",0.4,13,"SVP",0.666666666666667,0.25,0.363636363636364,3,0.0961913269139853
"up",0.4,13,"SVP (BIC)",0.666666666666667,0.25,0.363636363636364,3,0.0961913269139853
"up",0.4,14,"PELT",0.666666666666667,0.5,0.571428571428572,6,0.0332117953909907
"up",0.4,14,"SVP",0.6,0.375,0.461538461538462,5,0.0470089758282237
"up",0.4,14,"SVP (BIC)",0.5,0.25,0.333333333333333,4,0.0731020163460206
"up",0.4,15,"PELT",0.333333333333333,0.25,0.285714285714286,6,0.03789303007642
"up",0.4,15,"SVP",0.4,0.25,0.307692307692308,5,0.0491049995273588
"up",0.4,15,"SVP (BIC)",0.25,0.125,0.166666666666667,4,0.0745585140587411
"up",0.4,16,"PELT",0.166666666666667,0.125,0.142857142857143,6,0.0511508032502027
"up",0.4,16,"SVP",0.2,0.125,0.153846153846154,5,0.0362416523369428
"up",0.4,16,"SVP (BIC)",0.25,0.125,0.166666666666667,4,0.0501785148688652
"up",0.4,17,"PELT",0.2,0.125,0.153846153846154,5,0.0620717943658309
"up",0.4,17,"SVP",0.25,0.125,0.166666666666667,4,0.0742989920384705
"up",0.4,17,"SVP (BIC)",0.25,0.125,0.166666666666667,4,0.0742989920384705
"up",0.4,18,"PELT",0.5,0.25,0.333333333333333,4,0.0438061633411759
"up",0.4,18,"SVP",0.5,0.25,0.333333333333333,4,0.0438061633411759
"up",0.4,18,"SVP (BIC)",0.5,0.25,0.333333333333333,4,0.0438061633411759
"up",0.4,19,"PELT",0.4,0.25,0.307692307692308,5,0.0376473141311337
"up",0.4,19,"SVP",0.5,0.25,0.333333333333333,4,0.0699656584680414
"up",0.4,19,"SVP (BIC)",0.5,0.25,0.333333333333333,4,0.0699656584680414
"up",0.4,20,"PELT",0.25,0.125,0.166666666666667,4,0.0651583535699551
"up",0.4,20,"SVP",0.25,0.125,0.166666666666667,4,0.0651583535699551
"up",0.4,20,"SVP (BIC)",0.333333333333333,0.125,0.181818181818182,3,0.105441823705366
"up",0.4,21,"PELT",0.2,0.125,0.153846153846154,5,0.0570534809351927
"up",0.4,21,"SVP",0.25,0.125,0.166666666666667,4,0.0596289180262179
"up",0.4,21,"SVP (BIC)",0.25,0.125,0.166666666666667,4,0.0596289180262179
"up",0.4,22,"PELT",0.4,0.25,0.307692307692308,5,0.051820919548065
"up",0.4,22,"SVP",0.25,0.125,0.166666666666667,4,0.0768659316194842
"up",0.4,22,"SVP (BIC)",0.25,0.125,0.166666666666667,4,0.0763025214907765
"up",0.4,23,"PELT",0.2,0.125,0.153846153846154,5,0.0480455048016544
"up",0.4,23,"SVP",0.25,0.125,0.166666666666667,4,0.0780718288460629
"up",0.4,23,"SVP (BIC)",0.25,0.125,0.166666666666667,4,0.0751063647183603
"up",0.4,24,"PELT",0.5,0.375,0.428571428571429,6,0.0330029939602925
"up",0.4,24,"SVP",0.25,0.125,0.166666666666667,4,0.0761557413058843
"up",0.4,24,"SVP (BIC)",0.25,0.125,0.166666666666667,4,0.0672961580084708
"up",0.4,25,"PELT",0.2,0.125,0.153846153846154,5,0.0476639478027797
"up",0.4,25,"SVP",0.25,0.125,0.166666666666667,4,0.0614377702173379
"up",0.4,25,"SVP (BIC)",0.5,0.25,0.333333333333333,4,0.063540000959454
"up",0.4,26,"PELT",0.2,0.125,0.153846153846154,5,0.0452154154061286
"up",0.4,26,"SVP",0.2,0.125,0.153846153846154,5,0.0452154154061286
"up",0.4,26,"SVP (BIC)",0.25,0.125,0.166666666666667,4,0.0767891863428774
"up",0.4,27,"PELT",0.4,0.25,0.307692307692308,5,0.0472399087125496
"up",0.4,27,"SVP",0.5,0.25,0.333333333333333,4,0.0760824812915462
"up",0.4,27,"SVP (BIC)",0.333333333333333,0.125,0.181818181818182,3,0.106266375299048
"up",0.4,28,"PELT",0.2,0.125,0.153846153846154,5,0.064448433057212
"up",0.4,28,"SVP",0.5,0.25,0.333333333333333,4,0.0662382394082716
"up",0.4,28,"SVP (BIC)",0.5,0.25,0.333333333333333,4,0.0662382394082716
"up",0.4,29,"PELT",0.2,0.125,0.153846153846154,5,0.0486241010088427
"up",0.4,29,"SVP",0.5,0.25,0.333333333333333,4,0.0537145491787472
"up",0.4,29,"SVP (BIC)",0.333333333333333,0.125,0.181818181818182,3,0.113574690385034
"up",0.4,30,"PELT",0.166666666666667,0.125,0.142857142857143,6,0.0490584399945633
"up",0.4,30,"SVP",0.2,0.125,0.153846153846154,5,0.0749329085199979
"up",0.4,30,"SVP (BIC)",0.5,0.25,0.333333333333333,4,0.0891157404616164
"up",0.4,31,"PELT",0.25,0.125,0.166666666666667,4,0.0507571532375549
"up",0.4,31,"SVP",0.25,0.125,0.166666666666667,4,0.0507571532375549
"up",0.4,31,"SVP (BIC)",0.25,0.125,0.166666666666667,4,0.0507571532375549
"up",0.4,32,"PELT",0.2,0.125,0.153846153846154,5,0.0438488513664026
"up",0.4,32,"SVP",0.25,0.125,0.166666666666667,4,0.0542409953857629
"up",0.4,32,"SVP (BIC)",0.25,0.125,0.166666666666667,4,0.0542409953857629
"up",0.4,33,"PELT",0.2,0.125,0.153846153846154,5,0.0464390728038283
"up",0.4,33,"SVP",0.25,0.125,0.166666666666667,4,0.0769017219174261
"up",0.4,33,"SVP (BIC)",0.5,0.25,0.333333333333333,4,0.0698298875991205
"up",0.4,34,"PELT",0.5,0.25,0.333333333333333,4,0.0565572703540324
"up",0.4,34,"SVP",0.5,0.25,0.333333333333333,4,0.0565572703540324
"up",0.4,34,"SVP (BIC)",0.333333333333333,0.125,0.181818181818182,3,0.0938851315723731
"up",0.4,35,"PELT",0.2,0.125,0.153846153846154,5,0.0481917993317856
"up",0.4,35,"SVP",0.5,0.25,0.333333333333333,4,0.0522120276458046
"up",0.4,35,"SVP (BIC)",0.5,0.25,0.333333333333333,4,0.0522120276458046
"up",0.4,36,"PELT",0.4,0.25,0.307692307692308,5,0.0457985823171036
"up",0.4,36,"SVP",0.4,0.25,0.307692307692308,5,0.0457985823171036
"up",0.4,36,"SVP (BIC)",0.5,0.25,0.333333333333333,4,0.0728075726370991
"up",0.4,37,"PELT",0.6,0.375,0.461538461538462,5,0.0423272663278827
"up",0.4,37,"SVP",0.5,0.25,0.333333333333333,4,0.0491711083940362
"up",0.4,37,"SVP (BIC)",0.25,0.125,0.166666666666667,4,0.0717194104047333
"up",0.4,38,"PELT",0.2,0.125,0.153846153846154,5,0.0516873883301893
"up",0.4,38,"SVP",0.2,0.125,0.153846153846154,5,0.0516873883301893
"up",0.4,38,"SVP (BIC)",0.5,0.25,0.333333333333333,4,0.0583847515635715
"up",0.4,39,"PELT",0.5,0.25,0.333333333333333,4,0.0703294159453782
"up",0.4,39,"SVP",0.5,0.25,0.333333333333333,4,0.0703294159453782
"up",0.4,39,"SVP (BIC)",0.5,0.25,0.333333333333333,4,0.0703294159453782
"up",0.4,40,"PELT",0.6,0.375,0.461538461538462,5,0.044584512733149
"up",0.4,40,"SVP",0.5,0.25,0.333333333333333,4,0.0575232810701336
"up",0.4,40,"SVP (BIC)",0.5,0.25,0.333333333333333,4,0.0575232810701336
"up",0.4,41,"PELT",0.25,0.125,0.166666666666667,4,0.0459891724321568
"up",0.4,41,"SVP",0.25,0.125,0.166666666666667,4,0.0459891724321568
"up",0.4,41,"SVP (BIC)",0.25,0.125,0.166666666666667,4,0.0459891724321568
"up",0.4,42,"PELT",0.25,0.125,0.166666666666667,4,0.0536431993632868
"up",0.4,42,"SVP",0.25,0.125,0.166666666666667,4,0.0536431993632868
"up",0.4,42,"SVP (BIC)",0.333333333333333,0.125,0.181818181818182,3,0.10805498330281
"up",0.4,43,"PELT",0.2,0.125,0.153846153846154,5,0.0514818321063104
"up",0.4,43,"SVP",0.25,0.125,0.166666666666667,4,0.0760483487782656
"up",0.4,43,"SVP (BIC)",0.25,0.125,0.166666666666667,4,0.0760483487782656
"up",0.4,44,"PELT",0.6,0.375,0.461538461538462,5,0.0426062405428199
"up",0.4,44,"SVP",0.6,0.375,0.461538461538462,5,0.0426062405428199
"up",0.4,44,"SVP (BIC)",0.666666666666667,0.25,0.363636363636364,3,0.0992548278607349
"up",0.4,45,"PELT",0.4,0.25,0.307692307692308,5,0.0440744422304476
"up",0.4,45,"SVP",0.5,0.25,0.333333333333333,4,0.0584885104417574
"up",0.4,45,"SVP (BIC)",0.25,0.125,0.166666666666667,4,0.0724777742889289
"up",0.4,46,"PELT",0.2,0.125,0.153846153846154,5,0.051437824485007
"up",0.4,46,"SVP",0.2,0.125,0.153846153846154,5,0.051437824485007
"up",0.4,46,"SVP (BIC)",0.25,0.125,0.166666666666667,4,0.076664521864493
"up",0.4,47,"PELT",0.2,0.125,0.153846153846154,5,0.0511626665413007
"up",0.4,47,"SVP",0.2,0.125,0.153846153846154,5,0.0511626665413007
"up",0.4,47,"SVP (BIC)",0.25,0.125,0.166666666666667,4,0.0810241381228844
"up",0.4,48,"PELT",0.2,0.125,0.153846153846154,5,0.048002384657396
"up",0.4,48,"SVP",0.2,0.125,0.153846153846154,5,0.048002384657396
"up",0.4,48,"SVP (BIC)",0.5,0.25,0.333333333333333,4,0.0563446486170587
"up",0.4,49,"PELT",0.4,0.25,0.307692307692308,5,0.043234582815389
"up",0.4,49,"SVP",0.5,0.25,0.333333333333333,4,0.0625875362244334
"up",0.4,49,"SVP (BIC)",0.5,0.25,0.333333333333333,4,0.0562601877295237
"up",0.4,50,"PELT",0.4,0.25,0.307692307692308,5,0.0461647718590619
"up",0.4,50,"SVP",0.5,0.25,0.333333333333333,4,0.059177963912435
"up",0.4,50,"SVP (BIC)",0.5,0.25,0.333333333333333,4,0.059177963912435
"updown",0.4,1,"PELT",0.5,0.125,0.2,2,0.0473193423419868
"updown",0.4,1,"SVP",0.5,0.125,0.2,2,0.0473193423419868
"updown",0.4,1,"SVP (BIC)",0.5,0.125,0.2,2,0.0473193423419868
"updown",0.4,2,"PELT",1,0.125,0.222222222222222,1,0.0400229092757504
"updown",0.4,2,"SVP",1,0.125,0.222222222222222,1,0.0400229092757504
"updown",0.4,2,"SVP (BIC)",1,0.125,0.222222222222222,1,0.0400229092757504
"updown",0.4,3,"PELT",0.5,0.125,0.2,2,0.0456821120675471
"updown",0.4,3,"SVP",0.5,0.125,0.2,2,0.0456821120675471
"updown",0.4,3,"SVP (BIC)",1,0.125,0.222222222222222,1,0.042028907261469
"updown",0.4,4,"PELT",1,0.125,0.222222222222222,1,0.0436350476705898
"updown",0.4,4,"SVP",0.5,0.125,0.2,2,0.0471080485457967
"updown",0.4,4,"SVP (BIC)",1,0.125,0.222222222222222,1,0.0436350476705898
"updown",0.4,5,"PELT",0.25,0.125,0.166666666666667,4,0.0642123400042483
"updown",0.4,5,"SVP",0.333333333333333,0.125,0.181818181818182,3,0.0429215291012886
"updown",0.4,5,"SVP (BIC)",1,0.125,0.222222222222222,1,0.04090685929204
"updown",0.4,6,"PELT",1,0.125,0.222222222222222,1,0.0414057963570248
"updown",0.4,6,"SVP",1,0.125,0.222222222222222,1,0.0414057963570248
"updown",0.4,6,"SVP (BIC)",1,0.125,0.222222222222222,1,0.0414057963570248
"updown",0.4,7,"PELT",0.666666666666667,0.25,0.363636363636364,3,0.0516735816238787
"updown",0.4,7,"SVP",0.333333333333333,0.125,0.181818181818182,3,0.0550498627523355
"updown",0.4,7,"SVP (BIC)",0.5,0.125,0.2,2,0.0366293573951824
"updown",0.4,8,"PELT",1,0.125,0.222222222222222,1,0.0402799958818088
"updown",0.4,8,"SVP",0.5,0.125,0.2,2,0.0432247889324202
"updown",0.4,8,"SVP (BIC)",1,0.125,0.222222222222222,1,0.0402799958818088
"updown",0.4,9,"PELT",0.5,0.125,0.2,2,0.0378525437764226
"updown",0.4,9,"SVP",1,0.125,0.222222222222222,1,0.04033507815553
"updown",0.4,9,"SVP (BIC)",1,0.125,0.222222222222222,1,0.04033507815553
"updown",0.4,10,"PELT",1,0.125,0.222222222222222,1,0.0402434486368021
"updown",0.4,10,"SVP",1,0.125,0.222222222222222,1,0.0402434486368021
"updown",0.4,10,"SVP (BIC)",1,0.125,0.222222222222222,1,0.0402434486368021
"updown",0.4,11,"PELT",0.333333333333333,0.125,0.181818181818182,3,0.0510935978495706
"updown",0.4,11,"SVP",0.5,0.125,0.2,2,0.0430305783501795
"updown",0.4,11,"SVP (BIC)",0.5,0.125,0.2,2,0.0447162723274229
"updown",0.4,12,"PELT",0.333333333333333,0.125,0.181818181818182,3,0.0638244128628337
"updown",0.4,12,"SVP",0.5,0.125,0.2,2,0.0405893847587072
"updown",0.4,12,"SVP (BIC)",0.5,0.125,0.2,2,0.0359617700146415
"updown",0.4,13,"PELT",1,0.125,0.222222222222222,1,0.0410809391270948
"updown",0.4,13,"SVP",1,0.125,0.222222222222222,1,0.0410809391270948
"updown",0.4,13,"SVP (BIC)",1,0.125,0.222222222222222,1,0.0410809391270948
"updown",0.4,14,"PELT",1,0.125,0.222222222222222,1,0.0403439787052424
"updown",0.4,14,"SVP",0.5,0.125,0.2,2,0.0398079789981843
"updown",0.4,14,"SVP (BIC)",1,0.125,0.222222222222222,1,0.0403439787052424
"updown",0.4,15,"PELT",1,0.125,0.222222222222222,1,0.0401515335074963
"updown",0.4,15,"SVP",0.333333333333333,0.125,0.181818181818182,3,0.041469810165872
"updown",0.4,15,"SVP (BIC)",1,0.125,0.222222222222222,1,0.0401515335074963
"updown",0.4,16,"PELT",0.333333333333333,0.125,0.181818181818182,3,0.0499786944521484
"updown",0.4,16,"SVP",0.5,0.125,0.2,2,0.0375468171173378
"updown",0.4,16,"SVP (BIC)",1,0.125,0.222222222222222,1,0.0401164750109274
"updown",0.4,17,"PELT",1,0.125,0.222222222222222,1,0.0401795403106767
"updown",0.4,17,"SVP",1,0.125,0.222222222222222,1,0.0401795403106767
"updown",0.4,17,"SVP (BIC)",1,0.125,0.222222222222222,1,0.0401795403106767
"updown",0.4,18,"PELT",0.5,0.125,0.2,2,0.0425422736927454
"updown",0.4,18,"SVP",0.5,0.125,0.2,2,0.0425422736927454
"updown",0.4,18,"SVP (BIC)",1,0.125,0.222222222222222,1,0.0401862151697436
"updown",0.4,19,"PELT",0.25,0.125,0.166666666666667,4,0.0514817113252413
"updown",0.4,19,"SVP",0.333333333333333,0.125,0.181818181818182,3,0.041659135921432
"updown",0.4,19,"SVP (BIC)",1,0.125,0.222222222222222,1,0.0422270833438652
"updown",0.4,20,"PELT",1,0.125,0.222222222222222,1,0.040011038863329
"updown",0.4,20,"SVP",1,0.125,0.222222222222222,1,0.040011038863329
"updown",0.4,20,"SVP (BIC)",1,0.125,0.222222222222222,1,0.040011038863329
"updown",0.4,21,"PELT",0.333333333333333,0.125,0.181818181818182,3,0.0632252444209544
"updown",0.4,21,"SVP",0.5,0.125,0.2,2,0.0474283079276389
"updown",0.4,21,"SVP (BIC)",0.5,0.125,0.2,2,0.0474283079276389
"updown",0.4,22,"PELT",1,0.125,0.222222222222222,1,0.0401830983923989
"updown",0.4,22,"SVP",0.5,0.125,0.2,2,0.0461528801124143
"updown",0.4,22,"SVP (BIC)",1,0.125,0.222222222222222,1,0.0401830983923989
"updown",0.4,23,"PELT",1,0.125,0.222222222222222,1,0.0409177993985047
"updown",0.4,23,"SVP",1,0.125,0.222222222222222,1,0.0409177993985047
"updown",0.4,23,"SVP (BIC)",1,0.125,0.222222222222222,1,0.0409177993985047
"updown",0.4,24,"PELT",0.5,0.25,0.333333333333333,4,0.046093129375609
"updown",0.4,24,"SVP",0.5,0.125,0.2,2,0.0394466102681524
"updown",0.4,24,"SVP (BIC)",0.5,0.125,0.2,2,0.0406801056141686
"updown",0.4,25,"PELT",1,0.125,0.222222222222222,1,0.0413007483617251
"updown",0.4,25,"SVP",0.5,0.125,0.2,2,0.0450024116339828
"updown",0.4,25,"SVP (BIC)",1,0.125,0.222222222222222,1,0.0413007483617251
"updown",0.4,26,"PELT",1,0.125,0.222222222222222,1,0.0425275951914396
"updown",0.4,26,"SVP",1,0.125,0.222222222222222,1,0.0425275951914396
"updown",0.4,26,"SVP (BIC)",1,0.125,0.222222222222222,1,0.0425275951914396
"updown",0.4,27,"PELT",0.5,0.125,0.2,2,0.0389316077783519
"updown",0.4,27,"SVP",0.5,0.125,0.2,2,0.0389316077783519
"updown",0.4,27,"SVP (BIC)",1,0.125,0.222222222222222,1,0.0410571163338944
"updown",0.4,28,"PELT",1,0.125,0.222222222222222,1,0.043462754836864
"updown",0.4,28,"SVP",0.5,0.125,0.2,2,0.0398013845712642
"updown",0.4,28,"SVP (BIC)",1,0.125,0.222222222222222,1,0.043462754836864
"updown",0.4,29,"PELT",0.5,0.125,0.2,2,0.0435269534053276
"updown",0.4,29,"SVP",0.5,0.125,0.2,2,0.0424836699615525
"updown",0.4,29,"SVP (BIC)",0.5,0.125,0.2,2,0.0435269534053276
"updown",0.4,30,"PELT",1,0.125,0.222222222222222,1,0.0404836187071003
"updown",0.4,30,"SVP",0.5,0.125,0.2,2,0.0471983927673858
"updown",0.4,30,"SVP (BIC)",1,0.125,0.222222222222222,1,0.0404836187071003
"updown",0.4,31,"PELT",1,0.125,0.222222222222222,1,0.0409587752707965
"updown",0.4,31,"SVP",0.5,0.125,0.2,2,0.0404243031686453
"updown",0.4,31,"SVP (BIC)",1,0.125,0.222222222222222,1,0.0409587752707965
"updown",0.4,32,"PELT",1,0.125,0.222222222222222,1,0.0402116547914024
"updown",0.4,32,"SVP",1,0.125,0.222222222222222,1,0.0402116547914024
"updown",0.4,32,"SVP (BIC)",1,0.125,0.222222222222222,1,0.0402116547914024
"updown",0.4,33,"PELT",1,0.125,0.222222222222222,1,0.0400574988024237
"updown",0.4,33,"SVP",1,0.125,0.222222222222222,1,0.0400574988024237
"updown",0.4,33,"SVP (BIC)",1,0.125,0.222222222222222,1,0.0400574988024237
"updown",0.4,34,"PELT",1,0.125,0.222222222222222,1,0.0401818179170509
"updown",0.4,34,"SVP",0.666666666666667,0.25,0.363636363636364,3,0.0362967689922606
"updown",0.4,34,"SVP (BIC)",1,0.125,0.222222222222222,1,0.0401818179170509
"updown",0.4,35,"PELT",1,0.125,0.222222222222222,1,0.0415396742837396
"updown",0.4,35,"SVP",1,0.125,0.222222222222222,1,0.0415396742837396
"updown",0.4,35,"SVP (BIC)",1,0.125,0.222222222222222,1,0.0415396742837396
"updown",0.4,36,"PELT",1,0.125,0.222222222222222,1,0.04024157386938
"updown",0.4,36,"SVP",1,0.125,0.222222222222222,1,0.04024157386938
"updown",0.4,36,"SVP (BIC)",1,0.125,0.222222222222222,1,0.04024157386938
"updown",0.4,37,"PELT",0.5,0.125,0.2,2,0.0524792583963413
"updown",0.4,37,"SVP",0.5,0.125,0.2,2,0.0524792583963413
"updown",0.4,37,"SVP (BIC)",1,0.125,0.222222222222222,1,0.0405927549976116
"updown",0.4,38,"PELT",1,0.125,0.222222222222222,1,0.0409184892464186
"updown",0.4,38,"SVP",0.5,0.125,0.2,2,0.0388744389727092
"updown",0.4,38,"SVP (BIC)",1,0.125,0.222222222222222,1,0.0409184892464186
"updown",0.4,39,"PELT",0.333333333333333,0.125,0.181818181818182,3,0.0439849987099417
"updown",0.4,39,"SVP",0.5,0.125,0.2,2,0.0415949706191936
"updown",0.4,39,"SVP (BIC)",1,0.125,0.222222222222222,1,0.040002111038644
"updown",0.4,40,"PELT",1,0.125,0.222222222222222,1,0.0400432041282949
"updown",0.4,40,"SVP",1,0.125,0.222222222222222,1,0.0400432041282949
"updown",0.4,40,"SVP (BIC)",1,0.125,0.222222222222222,1,0.0400432041282949
"updown",0.4,41,"PELT",1,0.25,0.4,2,0.0371618668725929
"updown",0.4,41,"SVP",0.5,0.125,0.2,2,0.0428866810801798
"updown",0.4,41,"SVP (BIC)",1,0.125,0.222222222222222,1,0.0403253728921506
"updown",0.4,42,"PELT",0.285714285714286,0.25,0.266666666666667,7,0.0454587078233535
"updown",0.4,42,"SVP",0.5,0.25,0.333333333333333,4,0.0439603690943202
"updown",0.4,42,"SVP (BIC)",0.5,0.125,0.2,2,0.0427074679261968
"updown",0.4,43,"PELT",1,0.125,0.222222222222222,1,0.0402644053067681
"updown",0.4,43,"SVP",0.333333333333333,0.125,0.181818181818182,3,0.0375280739904211
"updown",0.4,43,"SVP (BIC)",1,0.125,0.222222222222222,1,0.0402644053067681
"updown",0.4,44,"PELT",0.333333333333333,0.125,0.181818181818182,3,0.0428828166329361
"updown",0.4,44,"SVP",0.5,0.125,0.2,2,0.0369980934111267
"updown",0.4,44,"SVP (BIC)",0.5,0.125,0.2,2,0.0365484754958005
"updown",0.4,45,"PELT",1,0.125,0.222222222222222,1,0.0419392240663575
"updown",0.4,45,"SVP",1,0.125,0.222222222222222,1,0.0419392240663575
"updown",0.4,45,"SVP (BIC)",1,0.125,0.222222222222222,1,0.0419392240663575
"updown",0.4,46,"PELT",0.5,0.125,0.2,2,0.0506718375154327
"updown",0.4,46,"SVP",1,0.125,0.222222222222222,1,0.0410364984398415
"updown",0.4,46,"SVP (BIC)",1,0.125,0.222222222222222,1,0.0410364984398415
"updown",0.4,47,"PELT",0.5,0.25,0.333333333333333,4,0.0492294112495133
"updown",0.4,47,"SVP",0.5,0.125,0.2,2,0.042139703967672
"updown",0.4,47,"SVP (BIC)",1,0.25,0.4,2,0.0417998916502702
"updown",0.4,48,"PELT",0.5,0.125,0.2,2,0.0504953122269435
"updown",0.4,48,"SVP",1,0.25,0.4,2,0.0450412156464532
"updown",0.4,48,"SVP (BIC)",1,0.125,0.222222222222222,1,0.0407418354587847
"updown",0.4,49,"PELT",1,0.125,0.222222222222222,1,0.0402192640177738
"updown",0.4,49,"SVP",1,0.125,0.222222222222222,1,0.0402192640177738
"updown",0.4,49,"SVP (BIC)",1,0.125,0.222222222222222,1,0.0402192640177738
"updown",0.4,50,"PELT",1,0.125,0.222222222222222,1,0.040513597135891
"updown",0.4,50,"SVP",1,0.125,0.222222222222222,1,0.040513597135891
"updown",0.4,50,"SVP (BIC)",1,0.125,0.222222222222222,1,0.040513597135891
"rand1",0.4,1,"PELT",0.333333333333333,0.125,0.181818181818182,3,0.02891610451315
"rand1",0.4,1,"SVP",0.5,0.125,0.2,2,0.0411324833360716
"rand1",0.4,1,"SVP (BIC)",0.5,0.125,0.2,2,0.0411324833360716
"rand1",0.4,2,"PELT",0.333333333333333,0.125,0.181818181818182,3,0.02891610451315
"rand1",0.4,2,"SVP",0.5,0.125,0.2,2,0.0411324833360716
"rand1",0.4,2,"SVP (BIC)",0.5,0.125,0.2,2,0.0411324833360716
"rand1",0.4,3,"PELT",0.333333333333333,0.125,0.181818181818182,3,0.02891610451315
"rand1",0.4,3,"SVP",0.5,0.125,0.2,2,0.0411324833360716
"rand1",0.4,3,"SVP (BIC)",0.5,0.125,0.2,2,0.0411324833360716
"rand1",0.4,4,"PELT",0.333333333333333,0.125,0.181818181818182,3,0.02891610451315
"rand1",0.4,4,"SVP",0.5,0.125,0.2,2,0.0411324833360716
"rand1",0.4,4,"SVP (BIC)",0.5,0.125,0.2,2,0.0411324833360716
"rand1",0.4,5,"PELT",0.333333333333333,0.125,0.181818181818182,3,0.02891610451315
"rand1",0.4,5,"SVP",0.5,0.125,0.2,2,0.0411324833360716
"rand1",0.4,5,"SVP (BIC)",0.5,0.125,0.2,2,0.0411324833360716
"rand1",0.4,6,"PELT",0.333333333333333,0.125,0.181818181818182,3,0.02891610451315
"rand1",0.4,6,"SVP",0.5,0.125,0.2,2,0.0411324833360716
"rand1",0.4,6,"SVP (BIC)",0.5,0.125,0.2,2,0.0411324833360716
"rand1",0.4,7,"PELT",0.333333333333333,0.125,0.181818181818182,3,0.02891610451315
"rand1",0.4,7,"SVP",0.5,0.125,0.2,2,0.0411324833360716
"rand1",0.4,7,"SVP (BIC)",0.5,0.125,0.2,2,0.0411324833360716
"rand1",0.4,8,"PELT",0.333333333333333,0.125,0.181818181818182,3,0.02891610451315
"rand1",0.4,8,"SVP",0.5,0.125,0.2,2,0.0411324833360716
"rand1",0.4,8,"SVP (BIC)",0.5,0.125,0.2,2,0.0411324833360716
"rand1",0.4,9,"PELT",0.333333333333333,0.125,0.181818181818182,3,0.02891610451315
"rand1",0.4,9,"SVP",0.5,0.125,0.2,2,0.0411324833360716
"rand1",0.4,9,"SVP (BIC)",0.5,0.125,0.2,2,0.0411324833360716
"rand1",0.4,10,"PELT",0.333333333333333,0.125,0.181818181818182,3,0.02891610451315
"rand1",0.4,10,"SVP",0.5,0.125,0.2,2,0.0411324833360716
"rand1",0.4,10,"SVP (BIC)",0.5,0.125,0.2,2,0.0411324833360716
"rand1",0.4,11,"PELT",0.333333333333333,0.125,0.181818181818182,3,0.02891610451315
"rand1",0.4,11,"SVP",0.5,0.125,0.2,2,0.0411324833360716
"rand1",0.4,11,"SVP (BIC)",0.5,0.125,0.2,2,0.0411324833360716
"rand1",0.4,12,"PELT",0.333333333333333,0.125,0.181818181818182,3,0.02891610451315
"rand1",0.4,12,"SVP",0.5,0.125,0.2,2,0.0411324833360716
"rand1",0.4,12,"SVP (BIC)",0.5,0.125,0.2,2,0.0411324833360716
"rand1",0.4,13,"PELT",0.333333333333333,0.125,0.181818181818182,3,0.02891610451315
"rand1",0.4,13,"SVP",0.5,0.125,0.2,2,0.0411324833360716
"rand1",0.4,13,"SVP (BIC)",0.5,0.125,0.2,2,0.0411324833360716
"rand1",0.4,14,"PELT",0.333333333333333,0.125,0.181818181818182,3,0.02891610451315
"rand1",0.4,14,"SVP",0.5,0.125,0.2,2,0.0411324833360716
"rand1",0.4,14,"SVP (BIC)",0.5,0.125,0.2,2,0.0411324833360716
"rand1",0.4,15,"PELT",0.333333333333333,0.125,0.181818181818182,3,0.02891610451315
"rand1",0.4,15,"SVP",0.5,0.125,0.2,2,0.0411324833360716
"rand1",0.4,15,"SVP (BIC)",0.5,0.125,0.2,2,0.0411324833360716
"rand1",0.4,16,"PELT",0.333333333333333,0.125,0.181818181818182,3,0.02891610451315
"rand1",0.4,16,"SVP",0.5,0.125,0.2,2,0.0411324833360716
"rand1",0.4,16,"SVP (BIC)",0.5,0.125,0.2,2,0.0411324833360716
"rand1",0.4,17,"PELT",0.333333333333333,0.125,0.181818181818182,3,0.02891610451315
"rand1",0.4,17,"SVP",0.5,0.125,0.2,2,0.0411324833360716
"rand1",0.4,17,"SVP (BIC)",0.5,0.125,0.2,2,0.0411324833360716
"rand1",0.4,18,"PELT",0.333333333333333,0.125,0.181818181818182,3,0.02891610451315
"rand1",0.4,18,"SVP",0.5,0.125,0.2,2,0.0411324833360716
"rand1",0.4,18,"SVP (BIC)",0.5,0.125,0.2,2,0.0411324833360716
"rand1",0.4,19,"PELT",0.333333333333333,0.125,0.181818181818182,3,0.02891610451315
"rand1",0.4,19,"SVP",0.5,0.125,0.2,2,0.0411324833360716
"rand1",0.4,19,"SVP (BIC)",0.5,0.125,0.2,2,0.0411324833360716
"rand1",0.4,20,"PELT",0.333333333333333,0.125,0.181818181818182,3,0.02891610451315
"rand1",0.4,20,"SVP",0.5,0.125,0.2,2,0.0411324833360716
"rand1",0.4,20,"SVP (BIC)",0.5,0.125,0.2,2,0.0411324833360716
"rand1",0.4,21,"PELT",0.333333333333333,0.125,0.181818181818182,3,0.02891610451315
"rand1",0.4,21,"SVP",0.5,0.125,0.2,2,0.0411324833360716
"rand1",0.4,21,"SVP (BIC)",0.5,0.125,0.2,2,0.0411324833360716
"rand1",0.4,22,"PELT",0.333333333333333,0.125,0.181818181818182,3,0.02891610451315
"rand1",0.4,22,"SVP",0.5,0.125,0.2,2,0.0411324833360716
"rand1",0.4,22,"SVP (BIC)",0.5,0.125,0.2,2,0.0411324833360716
"rand1",0.4,23,"PELT",0.333333333333333,0.125,0.181818181818182,3,0.02891610451315
"rand1",0.4,23,"SVP",0.5,0.125,0.2,2,0.0411324833360716
"rand1",0.4,23,"SVP (BIC)",0.5,0.125,0.2,2,0.0411324833360716
"rand1",0.4,24,"PELT",0.333333333333333,0.125,0.181818181818182,3,0.02891610451315
"rand1",0.4,24,"SVP",0.5,0.125,0.2,2,0.0411324833360716
"rand1",0.4,24,"SVP (BIC)",0.5,0.125,0.2,2,0.0411324833360716
"rand1",0.4,25,"PELT",0.333333333333333,0.125,0.181818181818182,3,0.02891610451315
"rand1",0.4,25,"SVP",0.5,0.125,0.2,2,0.0411324833360716
"rand1",0.4,25,"SVP (BIC)",0.5,0.125,0.2,2,0.0411324833360716
"rand1",0.4,26,"PELT",0.333333333333333,0.125,0.181818181818182,3,0.02891610451315
"rand1",0.4,26,"SVP",0.5,0.125,0.2,2,0.0411324833360716
"rand1",0.4,26,"SVP (BIC)",0.5,0.125,0.2,2,0.0411324833360716
"rand1",0.4,27,"PELT",0.333333333333333,0.125,0.181818181818182,3,0.02891610451315
"rand1",0.4,27,"SVP",0.5,0.125,0.2,2,0.0411324833360716
"rand1",0.4,27,"SVP (BIC)",0.5,0.125,0.2,2,0.0411324833360716
"rand1",0.4,28,"PELT",0.333333333333333,0.125,0.181818181818182,3,0.02891610451315
"rand1",0.4,28,"SVP",0.5,0.125,0.2,2,0.0411324833360716
"rand1",0.4,28,"SVP (BIC)",0.5,0.125,0.2,2,0.0411324833360716
"rand1",0.4,29,"PELT",0.333333333333333,0.125,0.181818181818182,3,0.02891610451315
"rand1",0.4,29,"SVP",0.5,0.125,0.2,2,0.0411324833360716
"rand1",0.4,29,"SVP (BIC)",0.5,0.125,0.2,2,0.0411324833360716
"rand1",0.4,30,"PELT",0.333333333333333,0.125,0.181818181818182,3,0.02891610451315
"rand1",0.4,30,"SVP",0.5,0.125,0.2,2,0.0411324833360716
"rand1",0.4,30,"SVP (BIC)",0.5,0.125,0.2,2,0.0411324833360716
"rand1",0.4,31,"PELT",0.333333333333333,0.125,0.181818181818182,3,0.02891610451315
"rand1",0.4,31,"SVP",0.5,0.125,0.2,2,0.0411324833360716
"rand1",0.4,31,"SVP (BIC)",0.5,0.125,0.2,2,0.0411324833360716
"rand1",0.4,32,"PELT",0.333333333333333,0.125,0.181818181818182,3,0.02891610451315
"rand1",0.4,32,"SVP",0.5,0.125,0.2,2,0.0411324833360716
"rand1",0.4,32,"SVP (BIC)",0.5,0.125,0.2,2,0.0411324833360716
"rand1",0.4,33,"PELT",0.333333333333333,0.125,0.181818181818182,3,0.02891610451315
"rand1",0.4,33,"SVP",0.5,0.125,0.2,2,0.0411324833360716
"rand1",0.4,33,"SVP (BIC)",0.5,0.125,0.2,2,0.0411324833360716
"rand1",0.4,34,"PELT",0.333333333333333,0.125,0.181818181818182,3,0.02891610451315
"rand1",0.4,34,"SVP",0.5,0.125,0.2,2,0.0411324833360716
"rand1",0.4,34,"SVP (BIC)",0.5,0.125,0.2,2,0.0411324833360716
"rand1",0.4,35,"PELT",0.333333333333333,0.125,0.181818181818182,3,0.02891610451315
"rand1",0.4,35,"SVP",0.5,0.125,0.2,2,0.0411324833360716
"rand1",0.4,35,"SVP (BIC)",0.5,0.125,0.2,2,0.0411324833360716
"rand1",0.4,36,"PELT",0.333333333333333,0.125,0.181818181818182,3,0.02891610451315
"rand1",0.4,36,"SVP",0.5,0.125,0.2,2,0.0411324833360716
"rand1",0.4,36,"SVP (BIC)",0.5,0.125,0.2,2,0.0411324833360716
"rand1",0.4,37,"PELT",0.333333333333333,0.125,0.181818181818182,3,0.02891610451315
"rand1",0.4,37,"SVP",0.5,0.125,0.2,2,0.0411324833360716
"rand1",0.4,37,"SVP (BIC)",0.5,0.125,0.2,2,0.0411324833360716
"rand1",0.4,38,"PELT",0.333333333333333,0.125,0.181818181818182,3,0.02891610451315
"rand1",0.4,38,"SVP",0.5,0.125,0.2,2,0.0411324833360716
"rand1",0.4,38,"SVP (BIC)",0.5,0.125,0.2,2,0.0411324833360716
"rand1",0.4,39,"PELT",0.333333333333333,0.125,0.181818181818182,3,0.02891610451315
"rand1",0.4,39,"SVP",0.5,0.125,0.2,2,0.0411324833360716
"rand1",0.4,39,"SVP (BIC)",0.5,0.125,0.2,2,0.0411324833360716
"rand1",0.4,40,"PELT",0.333333333333333,0.125,0.181818181818182,3,0.02891610451315
"rand1",0.4,40,"SVP",0.5,0.125,0.2,2,0.0411324833360716
"rand1",0.4,40,"SVP (BIC)",0.5,0.125,0.2,2,0.0411324833360716
"rand1",0.4,41,"PELT",0.333333333333333,0.125,0.181818181818182,3,0.02891610451315
"rand1",0.4,41,"SVP",0.5,0.125,0.2,2,0.0411324833360716
"rand1",0.4,41,"SVP (BIC)",0.5,0.125,0.2,2,0.0411324833360716
"rand1",0.4,42,"PELT",0.333333333333333,0.125,0.181818181818182,3,0.02891610451315
"rand1",0.4,42,"SVP",0.5,0.125,0.2,2,0.0411324833360716
"rand1",0.4,42,"SVP (BIC)",0.5,0.125,0.2,2,0.0411324833360716
"rand1",0.4,43,"PELT",0.333333333333333,0.125,0.181818181818182,3,0.02891610451315
"rand1",0.4,43,"SVP",0.5,0.125,0.2,2,0.0411324833360716
"rand1",0.4,43,"SVP (BIC)",0.5,0.125,0.2,2,0.0411324833360716
"rand1",0.4,44,"PELT",0.333333333333333,0.125,0.181818181818182,3,0.02891610451315
"rand1",0.4,44,"SVP",0.5,0.125,0.2,2,0.0411324833360716
"rand1",0.4,44,"SVP (BIC)",0.5,0.125,0.2,2,0.0411324833360716
"rand1",0.4,45,"PELT",0.333333333333333,0.125,0.181818181818182,3,0.02891610451315
"rand1",0.4,45,"SVP",0.5,0.125,0.2,2,0.0411324833360716
"rand1",0.4,45,"SVP (BIC)",0.5,0.125,0.2,2,0.0411324833360716
"rand1",0.4,46,"PELT",0.333333333333333,0.125,0.181818181818182,3,0.02891610451315
"rand1",0.4,46,"SVP",0.5,0.125,0.2,2,0.0411324833360716
"rand1",0.4,46,"SVP (BIC)",0.5,0.125,0.2,2,0.0411324833360716
"rand1",0.4,47,"PELT",0.333333333333333,0.125,0.181818181818182,3,0.02891610451315
"rand1",0.4,47,"SVP",0.5,0.125,0.2,2,0.0411324833360716
"rand1",0.4,47,"SVP (BIC)",0.5,0.125,0.2,2,0.0411324833360716
"rand1",0.4,48,"PELT",0.333333333333333,0.125,0.181818181818182,3,0.02891610451315
"rand1",0.4,48,"SVP",0.5,0.125,0.2,2,0.0411324833360716
"rand1",0.4,48,"SVP (BIC)",0.5,0.125,0.2,2,0.0411324833360716
"rand1",0.4,49,"PELT",0.333333333333333,0.125,0.181818181818182,3,0.02891610451315
"rand1",0.4,49,"SVP",0.5,0.125,0.2,2,0.0411324833360716
"rand1",0.4,49,"SVP (BIC)",0.5,0.125,0.2,2,0.0411324833360716
"rand1",0.4,50,"PELT",0.333333333333333,0.125,0.181818181818182,3,0.02891610451315
"rand1",0.4,50,"SVP",0.5,0.125,0.2,2,0.0411324833360716
"rand1",0.4,50,"SVP (BIC)",0.5,0.125,0.2,2,0.0411324833360716
"none",0.5,1,"PELT",1,1,1,1,0.000289741956808424
"none",0.5,1,"SVP",1,1,1,1,0.000289741956808424
"none",0.5,1,"SVP (BIC)",1,1,1,1,0.000289741956808424
"none",0.5,2,"PELT",1,1,1,1,0.000307387661297003
"none",0.5,2,"SVP",1,1,1,1,0.000307387661297003
"none",0.5,2,"SVP (BIC)",1,1,1,1,0.000307387661297003
"none",0.5,3,"PELT",1,1,1,1,0.0016732881094627
"none",0.5,3,"SVP",1,1,1,1,0.0016732881094627
"none",0.5,3,"SVP (BIC)",1,1,1,1,0.0016732881094627
"none",0.5,4,"PELT",1,1,1,1,0.000574971018709802
"none",0.5,4,"SVP",1,1,1,1,0.000574971018709802
"none",0.5,4,"SVP (BIC)",1,1,1,1,0.000574971018709802
"none",0.5,5,"PELT",1,1,1,1,0.000381769545809095
"none",0.5,5,"SVP",1,1,1,1,0.000381769545809095
"none",0.5,5,"SVP (BIC)",1,1,1,1,0.000381769545809095
"none",0.5,6,"PELT",1,1,1,1,0.000758305037388604
"none",0.5,6,"SVP",1,1,1,1,0.000758305037388604
"none",0.5,6,"SVP (BIC)",1,1,1,1,0.000758305037388604
"none",0.5,7,"PELT",1,1,1,1,3.76446252925157e-05
"none",0.5,7,"SVP",1,1,1,1,3.76446252925157e-05
"none",0.5,7,"SVP (BIC)",1,1,1,1,3.76446252925157e-05
"none",0.5,8,"PELT",1,1,1,1,0.00218483128029764
"none",0.5,8,"SVP",1,1,1,1,0.00218483128029764
"none",0.5,8,"SVP (BIC)",1,1,1,1,0.00218483128029764
"none",0.5,9,"PELT",1,1,1,1,0.00131123841817038
"none",0.5,9,"SVP",1,1,1,1,0.00131123841817038
"none",0.5,9,"SVP (BIC)",1,1,1,1,0.00131123841817038
"none",0.5,10,"PELT",1,1,1,1,0.00308455559764147
"none",0.5,10,"SVP",1,1,1,1,0.00308455559764147
"none",0.5,10,"SVP (BIC)",1,1,1,1,0.00308455559764147
"none",0.5,11,"PELT",1,1,1,1,0.000634559317013347
"none",0.5,11,"SVP",1,1,1,1,0.000634559317013347
"none",0.5,11,"SVP (BIC)",1,1,1,1,0.000634559317013347
"none",0.5,12,"PELT",1,1,1,1,0.000663219810519973
"none",0.5,12,"SVP",1,1,1,1,0.000663219810519973
"none",0.5,12,"SVP (BIC)",1,1,1,1,0.000663219810519973
"none",0.5,13,"PELT",1,1,1,1,0.00200168151798793
"none",0.5,13,"SVP",1,1,1,1,0.00200168151798793
"none",0.5,13,"SVP (BIC)",1,1,1,1,0.00200168151798793
"none",0.5,14,"PELT",1,1,1,1,5.22893482628241e-05
"none",0.5,14,"SVP",1,1,1,1,5.22893482628241e-05
"none",0.5,14,"SVP (BIC)",1,1,1,1,5.22893482628241e-05
"none",0.5,15,"PELT",1,1,1,1,0.000334147285727718
"none",0.5,15,"SVP",1,1,1,1,0.000334147285727718
"none",0.5,15,"SVP (BIC)",1,1,1,1,0.000334147285727718
"none",0.5,16,"PELT",1,1,1,1,0.00225359514909141
"none",0.5,16,"SVP",1,1,1,1,0.00225359514909141
"none",0.5,16,"SVP (BIC)",1,1,1,1,0.00225359514909141
"none",0.5,17,"PELT",1,1,1,1,0.0010063748711283
"none",0.5,17,"SVP",1,1,1,1,0.0010063748711283
"none",0.5,17,"SVP (BIC)",1,1,1,1,0.0010063748711283
"none",0.5,18,"PELT",1,1,1,1,0.000613824688552982
"none",0.5,18,"SVP",1,1,1,1,0.000613824688552982
"none",0.5,18,"SVP (BIC)",1,1,1,1,0.000613824688552982
"none",0.5,19,"PELT",1,1,1,1,0.00153685587867629
"none",0.5,19,"SVP",1,1,1,1,0.00153685587867629
"none",0.5,19,"SVP (BIC)",1,1,1,1,0.00153685587867629
"none",0.5,20,"PELT",1,1,1,1,3.11822206856725e-06
"none",0.5,20,"SVP",1,1,1,1,3.11822206856725e-06
"none",0.5,20,"SVP (BIC)",1,1,1,1,3.11822206856725e-06
"none",0.5,21,"PELT",1,1,1,1,0.000648017307524662
"none",0.5,21,"SVP",1,1,1,1,0.000648017307524662
"none",0.5,21,"SVP (BIC)",1,1,1,1,0.000648017307524662
"none",0.5,22,"PELT",1,1,1,1,0.000496967965470216
"none",0.5,22,"SVP",1,1,1,1,0.000496967965470216
"none",0.5,22,"SVP (BIC)",1,1,1,1,0.000496967965470216
"none",0.5,23,"PELT",1,1,1,1,0.0027052109201628
"none",0.5,23,"SVP",1,1,1,1,0.0027052109201628
"none",0.5,23,"SVP (BIC)",1,1,1,1,0.0027052109201628
"none",0.5,24,"PELT",1,1,1,1,0.000228661982969939
"none",0.5,24,"SVP",0.5,1,0.666666666666667,2,0.00855959460860045
"none",0.5,24,"SVP (BIC)",1,1,1,1,0.000228661982969939
"none",0.5,25,"PELT",1,1,1,1,0.00291651879340334
"none",0.5,25,"SVP",1,1,1,1,0.00291651879340334
"none",0.5,25,"SVP (BIC)",1,1,1,1,0.00291651879340334
"none",0.5,26,"PELT",1,1,1,1,0.00156231715111356
"none",0.5,26,"SVP",1,1,1,1,0.00156231715111356
"none",0.5,26,"SVP (BIC)",1,1,1,1,0.00156231715111356
"none",0.5,27,"PELT",1,1,1,1,0.00407027413934064
"none",0.5,27,"SVP",1,1,1,1,0.00407027413934064
"none",0.5,27,"SVP (BIC)",1,1,1,1,0.00407027413934064
"none",0.5,28,"PELT",1,1,1,1,0.00293929076105309
"none",0.5,28,"SVP",1,1,1,1,0.00293929076105309
"none",0.5,28,"SVP (BIC)",1,1,1,1,0.00293929076105309
"none",0.5,29,"PELT",1,1,1,1,0.000487096788224194
"none",0.5,29,"SVP",1,1,1,1,0.000487096788224194
"none",0.5,29,"SVP (BIC)",1,1,1,1,0.000487096788224194
"none",0.5,30,"PELT",1,1,1,1,0.000167297584846994
"none",0.5,30,"SVP",1,1,1,1,0.000167297584846994
"none",0.5,30,"SVP (BIC)",1,1,1,1,0.000167297584846994
"none",0.5,31,"PELT",1,1,1,1,0.000545425811788323
"none",0.5,31,"SVP",1,1,1,1,0.000545425811788323
"none",0.5,31,"SVP (BIC)",1,1,1,1,0.000545425811788323
"none",0.5,32,"PELT",1,1,1,1,0.00058838203113885
"none",0.5,32,"SVP",1,1,1,1,0.00058838203113885
"none",0.5,32,"SVP (BIC)",1,1,1,1,0.00058838203113885
"none",0.5,33,"PELT",1,1,1,1,0.000933425825043647
"none",0.5,33,"SVP",1,1,1,1,0.000933425825043647
"none",0.5,33,"SVP (BIC)",1,1,1,1,0.000933425825043647
"none",0.5,34,"PELT",1,1,1,1,1.93826506457423e-05
"none",0.5,34,"SVP",1,1,1,1,1.93826506457423e-05
"none",0.5,34,"SVP (BIC)",1,1,1,1,1.93826506457423e-05
"none",0.5,35,"PELT",1,1,1,1,0.00146620098545433
"none",0.5,35,"SVP",1,1,1,1,0.00146620098545433
"none",0.5,35,"SVP (BIC)",1,1,1,1,0.00146620098545433
"none",0.5,36,"PELT",1,1,1,1,0.000218429651536657
"none",0.5,36,"SVP",1,1,1,1,0.000218429651536657
"none",0.5,36,"SVP (BIC)",1,1,1,1,0.000218429651536657
"none",0.5,37,"PELT",1,1,1,1,0.00711329505579259
"none",0.5,37,"SVP",1,1,1,1,0.00711329505579259
"none",0.5,37,"SVP (BIC)",1,1,1,1,0.00711329505579259
"none",0.5,38,"PELT",1,1,1,1,0.00032068457683619
"none",0.5,38,"SVP",1,1,1,1,0.00032068457683619
"none",0.5,38,"SVP (BIC)",1,1,1,1,0.00032068457683619
"none",0.5,39,"PELT",1,1,1,1,2.93285418476135e-05
"none",0.5,39,"SVP",1,1,1,1,2.93285418476135e-05
"none",0.5,39,"SVP (BIC)",1,1,1,1,2.93285418476135e-05
"none",0.5,40,"PELT",1,1,1,1,0.00223980797576234
"none",0.5,40,"SVP",1,1,1,1,0.00223980797576234
"none",0.5,40,"SVP (BIC)",1,1,1,1,0.00223980797576234
"none",0.5,41,"PELT",1,1,1,1,0.000774770336780679
"none",0.5,41,"SVP",1,1,1,1,0.000774770336780679
"none",0.5,41,"SVP (BIC)",1,1,1,1,0.000774770336780679
"none",0.5,42,"PELT",1,1,1,1,4.9719438531077e-05
"none",0.5,42,"SVP",1,1,1,1,4.9719438531077e-05
"none",0.5,42,"SVP (BIC)",1,1,1,1,4.9719438531077e-05
"none",0.5,43,"PELT",1,1,1,1,6.40430236678548e-05
"none",0.5,43,"SVP",1,1,1,1,6.40430236678548e-05
"none",0.5,43,"SVP (BIC)",1,1,1,1,6.40430236678548e-05
"none",0.5,44,"PELT",1,1,1,1,0.00361042891803792
"none",0.5,44,"SVP",1,1,1,1,0.00361042891803792
"none",0.5,44,"SVP (BIC)",1,1,1,1,0.00361042891803792
"none",0.5,45,"PELT",1,1,1,1,0.00282227636725409
"none",0.5,45,"SVP",1,1,1,1,0.00282227636725409
"none",0.5,45,"SVP (BIC)",1,1,1,1,0.00282227636725409
"none",0.5,46,"PELT",1,1,1,1,0.0013850388654353
"none",0.5,46,"SVP",1,1,1,1,0.0013850388654353
"none",0.5,46,"SVP (BIC)",1,1,1,1,0.0013850388654353
"none",0.5,47,"PELT",1,1,1,1,0.00168487769080013
"none",0.5,47,"SVP",1,1,1,1,0.00168487769080013
"none",0.5,47,"SVP (BIC)",1,1,1,1,0.00168487769080013
"none",0.5,48,"PELT",1,1,1,1,0.000960417793203617
"none",0.5,48,"SVP",1,1,1,1,0.000960417793203617
"none",0.5,48,"SVP (BIC)",1,1,1,1,0.000960417793203617
"none",0.5,49,"PELT",1,1,1,1,0.00178548707057113
"none",0.5,49,"SVP",1,1,1,1,0.00178548707057113
"none",0.5,49,"SVP (BIC)",1,1,1,1,0.00178548707057113
"none",0.5,50,"PELT",1,1,1,1,0.00113993799123449
"none",0.5,50,"SVP",1,1,1,1,0.00113993799123449
"none",0.5,50,"SVP (BIC)",1,1,1,1,0.00113993799123449
"up",0.5,1,"PELT",0.571428571428571,0.5,0.533333333333333,7,0.0283404420292886
"up",0.5,1,"SVP",0.6,0.375,0.461538461538462,5,0.0684398928198274
"up",0.5,1,"SVP (BIC)",0.6,0.375,0.461538461538462,5,0.0684398928198274
"up",0.5,2,"PELT",0.75,0.375,0.5,4,0.0742219914444138
"up",0.5,2,"SVP",0.75,0.375,0.5,4,0.0742219914444138
"up",0.5,2,"SVP (BIC)",0.75,0.375,0.5,4,0.0742219914444138
"up",0.5,3,"PELT",0.6,0.375,0.461538461538462,5,0.0582314639235923
"up",0.5,3,"SVP",0.6,0.375,0.461538461538462,5,0.0582314639235923
"up",0.5,3,"SVP (BIC)",0.5,0.25,0.333333333333333,4,0.0706113130422032
"up",0.5,4,"PELT",0.333333333333333,0.25,0.285714285714286,6,0.0622543869618049
"up",0.5,4,"SVP",0.333333333333333,0.25,0.285714285714286,6,0.0622543869618049
"up",0.5,4,"SVP (BIC)",0.2,0.125,0.153846153846154,5,0.0926035362017823
"up",0.5,5,"PELT",0.4,0.25,0.307692307692308,5,0.0603262759689778
"up",0.5,5,"SVP",0.4,0.25,0.307692307692308,5,0.0603262759689778
"up",0.5,5,"SVP (BIC)",0.5,0.25,0.333333333333333,4,0.096559000195507
"up",0.5,6,"PELT",0.166666666666667,0.125,0.142857142857143,6,0.047566905659752
"up",0.5,6,"SVP",0.6,0.375,0.461538461538462,5,0.0532272475813707
"up",0.5,6,"SVP (BIC)",0.5,0.25,0.333333333333333,4,0.0747460496565352
"up",0.5,7,"PELT",0.166666666666667,0.125,0.142857142857143,6,0.0586494886584717
"up",0.5,7,"SVP",0.5,0.25,0.333333333333333,4,0.0961824409940567
"up",0.5,7,"SVP (BIC)",0.5,0.25,0.333333333333333,4,0.0862764688814876
"up",0.5,8,"PELT",0.428571428571429,0.375,0.4,7,0.037911375737251
"up",0.5,8,"SVP",0.4,0.25,0.307692307692308,5,0.0595122808970821
"up",0.5,8,"SVP (BIC)",0.5,0.25,0.333333333333333,4,0.0787457493735965
"up",0.5,9,"PELT",0.5,0.375,0.428571428571429,6,0.0417443934659002
"up",0.5,9,"SVP",0.4,0.25,0.307692307692308,5,0.0566750600225825
"up",0.5,9,"SVP (BIC)",0.5,0.25,0.333333333333333,4,0.0720727860678812
"up",0.5,10,"PELT",0.166666666666667,0.125,0.142857142857143,6,0.0511118161084801
"up",0.5,10,"SVP",0.4,0.25,0.307692307692308,5,0.0770686589389504
"up",0.5,10,"SVP (BIC)",0.5,0.25,0.333333333333333,4,0.0894129464537727
"up",0.5,11,"PELT",0.4,0.25,0.307692307692308,5,0.0667136072042517
"up",0.5,11,"SVP",0.4,0.25,0.307692307692308,5,0.0667136072042517
"up",0.5,11,"SVP (BIC)",0.25,0.125,0.166666666666667,4,0.10427127536893
"up",0.5,12,"PELT",0.5,0.375,0.428571428571429,6,0.0526389014846884
"up",0.5,12,"SVP",0.4,0.25,0.307692307692308,5,0.0713291165578755
"up",0.5,12,"SVP (BIC)",0.6,0.375,0.461538461538462,5,0.0639728652064095
"up",0.5,13,"PELT",0.4,0.25,0.307692307692308,5,0.0546142488496679
"up",0.5,13,"SVP",0.4,0.25,0.307692307692308,5,0.0546142488496679
"up",0.5,13,"SVP (BIC)",0.75,0.375,0.5,4,0.0677101152875307
"up",0.5,14,"PELT",0.5,0.375,0.428571428571429,6,0.0483706962188969
"up",0.5,14,"SVP",0.5,0.375,0.428571428571429,6,0.0483706962188969
"up",0.5,14,"SVP (BIC)",0.6,0.375,0.461538461538462,5,0.0604892611198015
"up",0.5,15,"PELT",0.5,0.375,0.428571428571429,6,0.0459329423405459
"up",0.5,15,"SVP",0.6,0.375,0.461538461538462,5,0.058491065833172
"up",0.5,15,"SVP (BIC)",0.5,0.25,0.333333333333333,4,0.0887451435387123
"up",0.5,16,"PELT",0.166666666666667,0.125,0.142857142857143,6,0.0504251138305963
"up",0.5,16,"SVP",0.25,0.125,0.166666666666667,4,0.0969095844806236
"up",0.5,16,"SVP (BIC)",0.25,0.125,0.166666666666667,4,0.0969095844806236
"up",0.5,17,"PELT",0.4,0.25,0.307692307692308,5,0.0553988720711315
"up",0.5,17,"SVP",0.5,0.25,0.333333333333333,4,0.0749268727067157
"up",0.5,17,"SVP (BIC)",0.5,0.25,0.333333333333333,4,0.0749268727067157
"up",0.5,18,"PELT",0.333333333333333,0.25,0.285714285714286,6,0.0528724486092559
"up",0.5,18,"SVP",0.4,0.25,0.307692307692308,5,0.0643365328396877
"up",0.5,18,"SVP (BIC)",0.25,0.125,0.166666666666667,4,0.0958957210441425
"up",0.5,19,"PELT",0.333333333333333,0.25,0.285714285714286,6,0.0435027476497004
"up",0.5,19,"SVP",0.6,0.375,0.461538461538462,5,0.0559965314143115
"up",0.5,19,"SVP (BIC)",0.75,0.375,0.5,4,0.0709329932955064
"up",0.5,20,"PELT",0.333333333333333,0.25,0.285714285714286,6,0.0649889624678917
"up",0.5,20,"SVP",0.333333333333333,0.25,0.285714285714286,6,0.0649889624678917
"up",0.5,20,"SVP (BIC)",0.25,0.125,0.166666666666667,4,0.121937277692754
"up",0.5,21,"PELT",0.5,0.375,0.428571428571429,6,0.0497510402961285
"up",0.5,21,"SVP",0.6,0.375,0.461538461538462,5,0.0674236603584803
"up",0.5,21,"SVP (BIC)",0.25,0.125,0.166666666666667,4,0.12188753888988
"up",0.5,22,"PELT",0.5,0.375,0.428571428571429,6,0.0410727926568417
"up",0.5,22,"SVP",0.6,0.375,0.461538461538462,5,0.0699951341584127
"up",0.5,22,"SVP (BIC)",0.25,0.125,0.166666666666667,4,0.122396126650654
"up",0.5,23,"PELT",0.5,0.375,0.428571428571429,6,0.0566838316888725
"up",0.5,23,"SVP",0.6,0.375,0.461538461538462,5,0.0700561120658459
"up",0.5,23,"SVP (BIC)",0.6,0.375,0.461538461538462,5,0.0700561120658459
"up",0.5,24,"PELT",0.75,0.375,0.5,4,0.0683992715753108
"up",0.5,24,"SVP",0.75,0.375,0.5,4,0.0683992715753108
"up",0.5,24,"SVP (BIC)",0.75,0.375,0.5,4,0.0683992715753108
"up",0.5,25,"PELT",0.2,0.125,0.153846153846154,5,0.0689021127713406
"up",0.5,25,"SVP",0.2,0.125,0.153846153846154,5,0.0689021127713406
"up",0.5,25,"SVP (BIC)",0.25,0.125,0.166666666666667,4,0.0864932714243807
"up",0.5,26,"PELT",0.4,0.25,0.307692307692308,5,0.0658499746610307
"up",0.5,26,"SVP",0.4,0.25,0.307692307692308,5,0.0658499746610307
"up",0.5,26,"SVP (BIC)",0.5,0.25,0.333333333333333,4,0.0973401984136924
"up",0.5,27,"PELT",0.6,0.375,0.461538461538462,5,0.0622724552844454
"up",0.5,27,"SVP",0.5,0.25,0.333333333333333,4,0.079369626092073
"up",0.5,27,"SVP (BIC)",0.5,0.25,0.333333333333333,4,0.079369626092073
"up",0.5,28,"PELT",0.4,0.25,0.307692307692308,5,0.0806991314638913
"up",0.5,28,"SVP",0.4,0.25,0.307692307692308,5,0.0806991314638913
"up",0.5,28,"SVP (BIC)",0.4,0.25,0.307692307692308,5,0.0806991314638913
"up",0.5,29,"PELT",0.333333333333333,0.25,0.285714285714286,6,0.0622010674133989
"up",0.5,29,"SVP",0.2,0.125,0.153846153846154,5,0.0782761668865092
"up",0.5,29,"SVP (BIC)",0.2,0.125,0.153846153846154,5,0.0782761668865092
"up",0.5,30,"PELT",0.285714285714286,0.25,0.266666666666667,7,0.0312955274263624
"up",0.5,30,"SVP",0.4,0.25,0.307692307692308,5,0.069361553175365
"up",0.5,30,"SVP (BIC)",0.4,0.25,0.307692307692308,5,0.069361553175365
"up",0.5,31,"PELT",0.2,0.125,0.153846153846154,5,0.0809310630040284
"up",0.5,31,"SVP",0.2,0.125,0.153846153846154,5,0.0809310630040284
"up",0.5,31,"SVP (BIC)",0.5,0.25,0.333333333333333,4,0.0884469136488383
"up",0.5,32,"PELT",0.4,0.25,0.307692307692308,5,0.0677780376672097
"up",0.5,32,"SVP",0.5,0.25,0.333333333333333,4,0.0906930466284209
"up",0.5,32,"SVP (BIC)",0.5,0.25,0.333333333333333,4,0.0906930466284209
"up",0.5,33,"PELT",0.333333333333333,0.25,0.285714285714286,6,0.050224441415369
"up",0.5,33,"SVP",0.4,0.25,0.307692307692308,5,0.0695433202401177
"up",0.5,33,"SVP (BIC)",0.5,0.25,0.333333333333333,4,0.0695097864556713
"up",0.5,34,"PELT",0.666666666666667,0.5,0.571428571428572,6,0.0462935013915972
"up",0.5,34,"SVP",0.8,0.5,0.615384615384615,5,0.0605878388291465
"up",0.5,34,"SVP (BIC)",0.25,0.125,0.166666666666667,4,0.113642045629318
"up",0.5,35,"PELT",0.333333333333333,0.25,0.285714285714286,6,0.0527574346309004
"up",0.5,35,"SVP",0.5,0.25,0.333333333333333,4,0.0782724326316199
"up",0.5,35,"SVP (BIC)",0.5,0.25,0.333333333333333,4,0.0816975081471634
"up",0.5,36,"PELT",0.142857142857143,0.125,0.133333333333333,7,0.0457355041594513
"up",0.5,36,"SVP",0.25,0.125,0.166666666666667,4,0.102254238635137
"up",0.5,36,"SVP (BIC)",0.25,0.125,0.166666666666667,4,0.102254238635137
"up",0.5,37,"PELT",0.5,0.375,0.428571428571429,6,0.0533092854603246
"up",0.5,37,"SVP",0.4,0.25,0.307692307692308,5,0.0721007418582697
"up",0.5,37,"SVP (BIC)",0.6,0.375,0.461538461538462,5,0.0668467295533933
"up",0.5,38,"PELT",0.333333333333333,0.25,0.285714285714286,6,0.0531510035711138
"up",0.5,38,"SVP",0.6,0.375,0.461538461538462,5,0.0714183742728293
"up",0.5,38,"SVP (BIC)",0.4,0.25,0.307692307692308,5,0.0837026934235182
"up",0.5,39,"PELT",0.333333333333333,0.25,0.285714285714286,6,0.0428117645799345
"up",0.5,39,"SVP",0.4,0.25,0.307692307692308,5,0.0589553360517283
"up",0.5,39,"SVP (BIC)",0.25,0.125,0.166666666666667,4,0.0731134169689051
"up",0.5,40,"PELT",0.833333333333333,0.625,0.714285714285714,6,0.0489230328148989
"up",0.5,40,"SVP",0.8,0.5,0.615384615384615,5,0.0601124064497514
"up",0.5,40,"SVP (BIC)",0.8,0.5,0.615384615384615,5,0.0628220253450728
"up",0.5,41,"PELT",0.333333333333333,0.25,0.285714285714286,6,0.0506146263111661
"up",0.5,41,"SVP",0.6,0.375,0.461538461538462,5,0.064365456508454
"up",0.5,41,"SVP (BIC)",0.5,0.25,0.333333333333333,4,0.0799225365276038
"up",0.5,42,"PELT",0.4,0.25,0.307692307692308,5,0.0656320975457538
"up",0.5,42,"SVP",0.4,0.25,0.307692307692308,5,0.0656320975457538
"up",0.5,42,"SVP (BIC)",0.5,0.25,0.333333333333333,4,0.0758478960403705
"up",0.5,43,"PELT",0.6,0.375,0.461538461538462,5,0.061798149609403
"up",0.5,43,"SVP",0.5,0.25,0.333333333333333,4,0.077807970161217
"up",0.5,43,"SVP (BIC)",0.5,0.25,0.333333333333333,4,0.0741126774784001
"up",0.5,44,"PELT",0.2,0.125,0.153846153846154,5,0.0625608679976035
"up",0.5,44,"SVP",0.25,0.125,0.166666666666667,4,0.0791771205665286
"up",0.5,44,"SVP (BIC)",0.25,0.125,0.166666666666667,4,0.0950552549480693
"up",0.5,45,"PELT",0.5,0.375,0.428571428571429,6,0.0525856581125483
"up",0.5,45,"SVP",0.5,0.25,0.333333333333333,4,0.106059606698029
"up",0.5,45,"SVP (BIC)",0.5,0.25,0.333333333333333,4,0.088366534758269
"up",0.5,46,"PELT",0.5,0.375,0.428571428571429,6,0.0453384496163045
"up",0.5,46,"SVP",0.4,0.25,0.307692307692308,5,0.0618643656701684
"up",0.5,46,"SVP (BIC)",0.25,0.125,0.166666666666667,4,0.0895551868414222
"up",0.5,47,"PELT",0.428571428571429,0.375,0.4,7,0.0439921321803157
"up",0.5,47,"SVP",0.4,0.25,0.307692307692308,5,0.0796686390360285
"up",0.5,47,"SVP (BIC)",0.25,0.125,0.166666666666667,4,0.095560951071483
"up",0.5,48,"PELT",0.4,0.25,0.307692307692308,5,0.0601309674356573
"up",0.5,48,"SVP",0.4,0.25,0.307692307692308,5,0.0601309674356573
"up",0.5,48,"SVP (BIC)",0.25,0.125,0.166666666666667,4,0.111407596812241
"up",0.5,49,"PELT",0.666666666666667,0.5,0.571428571428572,6,0.0367270165042236
"up",0.5,49,"SVP",1,0.625,0.769230769230769,5,0.047868872306755
"up",0.5,49,"SVP (BIC)",1,0.5,0.666666666666667,4,0.0635551334707709
"up",0.5,50,"PELT",0.2,0.125,0.153846153846154,5,0.0741307778255537
"up",0.5,50,"SVP",0.2,0.125,0.153846153846154,5,0.0741307778255537
"up",0.5,50,"SVP (BIC)",0.25,0.125,0.166666666666667,4,0.110480671006923
"updown",0.5,1,"PELT",0.5,0.125,0.2,2,0.061196370394836
"updown",0.5,1,"SVP",0.5,0.125,0.2,2,0.061196370394836
"updown",0.5,1,"SVP (BIC)",1,0.125,0.222222222222222,1,0.066657730660648
"updown",0.5,2,"PELT",1,0.25,0.4,2,0.0554354333058864
"updown",0.5,2,"SVP",1,0.25,0.4,2,0.0554354333058864
"updown",0.5,2,"SVP (BIC)",1,0.25,0.4,2,0.0554354333058864
"updown",0.5,3,"PELT",0.5,0.125,0.2,2,0.0568423588772614
"updown",0.5,3,"SVP",0.5,0.125,0.2,2,0.0568423588772614
"updown",0.5,3,"SVP (BIC)",1,0.125,0.222222222222222,1,0.0625853528561091
"updown",0.5,4,"PELT",1,0.125,0.222222222222222,1,0.0651939716571286
"updown",0.5,4,"SVP",0.5,0.125,0.2,2,0.0665499682538783
"updown",0.5,4,"SVP (BIC)",1,0.125,0.222222222222222,1,0.0651939716571286
"updown",0.5,5,"PELT",0.25,0.125,0.166666666666667,4,0.065004985068759
"updown",0.5,5,"SVP",1,0.125,0.222222222222222,1,0.0629687931705795
"updown",0.5,5,"SVP (BIC)",1,0.125,0.222222222222222,1,0.0629687931705795
"updown",0.5,6,"PELT",0.666666666666667,0.25,0.363636363636364,3,0.0732124552794831
"updown",0.5,6,"SVP",0.666666666666667,0.25,0.363636363636364,3,0.0732124552794831
"updown",0.5,6,"SVP (BIC)",0.5,0.125,0.2,2,0.0597984392956237
"updown",0.5,7,"PELT",0.333333333333333,0.25,0.285714285714286,6,0.049817163494023
"updown",0.5,7,"SVP",0.25,0.125,0.166666666666667,4,0.0656682319988024
"updown",0.5,7,"SVP (BIC)",0.5,0.125,0.2,2,0.0605036833950369
"updown",0.5,8,"PELT",1,0.125,0.222222222222222,1,0.0637113865040778
"updown",0.5,8,"SVP",1,0.125,0.222222222222222,1,0.0637113865040778
"updown",0.5,8,"SVP (BIC)",1,0.125,0.222222222222222,1,0.0637113865040778
"updown",0.5,9,"PELT",0.5,0.125,0.2,2,0.0622778773318379
"updown",0.5,9,"SVP",0.5,0.125,0.2,2,0.0622778773318379
"updown",0.5,9,"SVP (BIC)",0.5,0.125,0.2,2,0.0622778773318379
"updown",0.5,10,"PELT",0.375,0.375,0.375,8,0.0286172845682361
"updown",0.5,10,"SVP",0.5,0.125,0.2,2,0.0607515477191477
"updown",0.5,10,"SVP (BIC)",1,0.125,0.222222222222222,1,0.0625200493532444
"updown",0.5,11,"PELT",1,0.125,0.222222222222222,1,0.0625993257344305
"updown",0.5,11,"SVP",1,0.125,0.222222222222222,1,0.0625993257344305
"updown",0.5,11,"SVP (BIC)",1,0.125,0.222222222222222,1,0.0625993257344305
"updown",0.5,12,"PELT",0.5,0.125,0.2,2,0.0597939493665303
"updown",0.5,12,"SVP",0.5,0.125,0.2,2,0.0597939493665303
"updown",0.5,12,"SVP (BIC)",1,0.125,0.222222222222222,1,0.0646005435919493
"updown",0.5,13,"PELT",0.25,0.125,0.166666666666667,4,0.0728611236613873
"updown",0.5,13,"SVP",0.5,0.125,0.2,2,0.0595025089007417
"updown",0.5,13,"SVP (BIC)",0.5,0.125,0.2,2,0.0595025089007417
"updown",0.5,14,"PELT",1,0.125,0.222222222222222,1,0.062934829892167
"updown",0.5,14,"SVP",0.5,0.125,0.2,2,0.0607496090927494
"updown",0.5,14,"SVP (BIC)",1,0.125,0.222222222222222,1,0.062934829892167
"updown",0.5,15,"PELT",0.333333333333333,0.25,0.285714285714286,6,0.0549713392388954
"updown",0.5,15,"SVP",0.333333333333333,0.125,0.181818181818182,3,0.06666079076497
"updown",0.5,15,"SVP (BIC)",0.5,0.125,0.2,2,0.068406344108586
"updown",0.5,16,"PELT",1,0.125,0.222222222222222,1,0.0626378422771163
"updown",0.5,16,"SVP",0.5,0.125,0.2,2,0.0594110898623629
"updown",0.5,16,"SVP (BIC)",1,0.125,0.222222222222222,1,0.0626378422771163
"updown",0.5,17,"PELT",1,0.25,0.4,2,0.0545005770228855
"updown",0.5,17,"SVP",0.666666666666667,0.25,0.363636363636364,3,0.0525857321357372
"updown",0.5,17,"SVP (BIC)",1,0.125,0.222222222222222,1,0.0626456390214084
"updown",0.5,18,"PELT",0.5,0.5,0.5,8,0.0373240068649166
"updown",0.5,18,"SVP",1,0.25,0.4,2,0.0745125042505395
"updown",0.5,18,"SVP (BIC)",1,0.125,0.222222222222222,1,0.0691957108532997
"updown",0.5,19,"PELT",0.5,0.25,0.333333333333333,4,0.0540802437622199
"updown",0.5,19,"SVP",0.5,0.125,0.2,2,0.0589662594834874
"updown",0.5,19,"SVP (BIC)",1,0.125,0.222222222222222,1,0.0633639665554077
"updown",0.5,20,"PELT",0.333333333333333,0.25,0.285714285714286,6,0.0509182877365177
"updown",0.5,20,"SVP",0.25,0.125,0.166666666666667,4,0.0554242737209967
"updown",0.5,20,"SVP (BIC)",0.5,0.125,0.2,2,0.0564572127374311
"updown",0.5,21,"PELT",1,0.125,0.222222222222222,1,0.0626307519693591
"updown",0.5,21,"SVP",0.5,0.125,0.2,2,0.0597131863626547
"updown",0.5,21,"SVP (BIC)",1,0.125,0.222222222222222,1,0.0626307519693591
"updown",0.5,22,"PELT",0.2,0.125,0.153846153846154,5,0.0650986041656798
"updown",0.5,22,"SVP",0.5,0.125,0.2,2,0.0628893226189843
"updown",0.5,22,"SVP (BIC)",0.5,0.125,0.2,2,0.0655480075901367
"updown",0.5,23,"PELT",1,0.25,0.4,2,0.0583396234645448
"updown",0.5,23,"SVP",1,0.25,0.4,2,0.0583396234645448
"updown",0.5,23,"SVP (BIC)",1,0.25,0.4,2,0.0583396234645448
"updown",0.5,24,"PELT",0.333333333333333,0.125,0.181818181818182,3,0.0846040346810304
"updown",0.5,24,"SVP",0.5,0.125,0.2,2,0.0633842973804308
"updown",0.5,24,"SVP (BIC)",1,0.125,0.222222222222222,1,0.0628035994056135
"updown",0.5,25,"PELT",0.25,0.125,0.166666666666667,4,0.050321385973552
"updown",0.5,25,"SVP",1,0.25,0.4,2,0.0537104882011691
"updown",0.5,25,"SVP (BIC)",1,0.125,0.222222222222222,1,0.0625188907028527
"updown",0.5,26,"PELT",0.5,0.125,0.2,2,0.0579203581223367
"updown",0.5,26,"SVP",0.5,0.125,0.2,2,0.0579203581223367
"updown",0.5,26,"SVP (BIC)",1,0.125,0.222222222222222,1,0.0631267527127742
"updown",0.5,27,"PELT",1,0.125,0.222222222222222,1,0.0626194146137644
"updown",0.5,27,"SVP",0.5,0.125,0.2,2,0.0637611676214332
"updown",0.5,27,"SVP (BIC)",1,0.125,0.222222222222222,1,0.0626194146137644
"updown",0.5,28,"PELT",1,0.125,0.222222222222222,1,0.0654129944487258
"updown",0.5,28,"SVP",1,0.125,0.222222222222222,1,0.0654129944487258
"updown",0.5,28,"SVP (BIC)",1,0.125,0.222222222222222,1,0.0654129944487258
"updown",0.5,29,"PELT",0.5,0.25,0.333333333333333,4,0.0495590319222728
"updown",0.5,29,"SVP",0.5,0.125,0.2,2,0.0614903976757644
"updown",0.5,29,"SVP (BIC)",1,0.125,0.222222222222222,1,0.066698841817162
"updown",0.5,30,"PELT",0.8,0.5,0.615384615384615,5,0.04202763430482
"updown",0.5,30,"SVP",0.333333333333333,0.125,0.181818181818182,3,0.0609587895946023
"updown",0.5,30,"SVP (BIC)",1,0.125,0.222222222222222,1,0.0625071985964663
"updown",0.5,31,"PELT",0.5,0.125,0.2,2,0.0582154605744465
"updown",0.5,31,"SVP",1,0.125,0.222222222222222,1,0.062501299167667
"updown",0.5,31,"SVP (BIC)",1,0.125,0.222222222222222,1,0.062501299167667
"updown",0.5,32,"PELT",0.5,0.375,0.428571428571429,6,0.0390711187780761
"updown",0.5,32,"SVP",0.333333333333333,0.125,0.181818181818182,3,0.0618593478256155
"updown",0.5,32,"SVP (BIC)",0.5,0.125,0.2,2,0.0618812978497363
"updown",0.5,33,"PELT",0.4,0.25,0.307692307692308,5,0.0483780419327456
"updown",0.5,33,"SVP",1,0.25,0.4,2,0.0538654753411011
"updown",0.5,33,"SVP (BIC)",1,0.125,0.222222222222222,1,0.0625063407897503
"updown",0.5,34,"PELT",1,0.125,0.222222222222222,1,0.0629194027988703
"updown",0.5,34,"SVP",1,0.125,0.222222222222222,1,0.0629194027988703
"updown",0.5,34,"SVP (BIC)",1,0.125,0.222222222222222,1,0.0629194027988703
"updown",0.5,35,"PELT",0.5,0.25,0.333333333333333,4,0.0538852949692826
"updown",0.5,35,"SVP",0.5,0.125,0.2,2,0.0685877956060672
"updown",0.5,35,"SVP (BIC)",0.5,0.125,0.2,2,0.0697269874892056
"updown",0.5,36,"PELT",1,0.25,0.4,2,0.0592485253213568
"updown",0.5,36,"SVP",1,0.25,0.4,2,0.0592485253213568
"updown",0.5,36,"SVP (BIC)",1,0.25,0.4,2,0.0592485253213568
"updown",0.5,37,"PELT",0.625,0.625,0.625,8,0.0328130470628632
"updown",0.5,37,"SVP",0.25,0.125,0.166666666666667,4,0.0529946950358138
"updown",0.5,37,"SVP (BIC)",0.5,0.125,0.2,2,0.0573668178796373
"updown",0.5,38,"PELT",0.5,0.125,0.2,2,0.059418681828185
"updown",0.5,38,"SVP",1,0.125,0.222222222222222,1,0.0629122423067249
"updown",0.5,38,"SVP (BIC)",1,0.125,0.222222222222222,1,0.0629122423067249
"updown",0.5,39,"PELT",0.375,0.375,0.375,8,0.0507123314912925
"updown",0.5,39,"SVP",0.666666666666667,0.25,0.363636363636364,3,0.064346573586955
"updown",0.5,39,"SVP (BIC)",1,0.25,0.4,2,0.0609212542355648
"updown",0.5,40,"PELT",0.5,0.375,0.428571428571429,6,0.0367739715458983
"updown",0.5,40,"SVP",0.333333333333333,0.125,0.181818181818182,3,0.0569027015354444
"updown",0.5,40,"SVP (BIC)",0.5,0.125,0.2,2,0.0570778096511787
"updown",0.5,41,"PELT",1,0.25,0.4,2,0.0551259177446022
"updown",0.5,41,"SVP",1,0.125,0.222222222222222,1,0.0629306005511631
"updown",0.5,41,"SVP (BIC)",1,0.125,0.222222222222222,1,0.0629306005511631
"updown",0.5,42,"PELT",0.5,0.125,0.2,2,0.0620199223190972
"updown",0.5,42,"SVP",0.5,0.125,0.2,2,0.0620199223190972
"updown",0.5,42,"SVP (BIC)",1,0.125,0.222222222222222,1,0.0655447173833115
"updown",0.5,43,"PELT",1,0.125,0.222222222222222,1,0.0629070571997917
"updown",0.5,43,"SVP",0.5,0.125,0.2,2,0.0568520216231462
"updown",0.5,43,"SVP (BIC)",1,0.125,0.222222222222222,1,0.0629070571997917
"updown",0.5,44,"PELT",1,0.125,0.222222222222222,1,0.0627183520910039
"updown",0.5,44,"SVP",0.5,0.125,0.2,2,0.0628504904922895
"updown",0.5,44,"SVP (BIC)",1,0.125,0.222222222222222,1,0.0627183520910039
"updown",0.5,45,"PELT",0.666666666666667,0.5,0.571428571428572,6,0.0372072240274969
"updown",0.5,45,"SVP",0.5,0.125,0.2,2,0.0623761609445037
"updown",0.5,45,"SVP (BIC)",1,0.125,0.222222222222222,1,0.0631316418643463
"updown",0.5,46,"PELT",1,0.125,0.222222222222222,1,0.0626045337058473
"updown",0.5,46,"SVP",1,0.125,0.222222222222222,1,0.0626045337058473
"updown",0.5,46,"SVP (BIC)",1,0.125,0.222222222222222,1,0.0626045337058473
"updown",0.5,47,"PELT",0.25,0.25,0.25,8,0.024078129228087
"updown",0.5,47,"SVP",0.5,0.125,0.2,2,0.0612634003317915
"updown",0.5,47,"SVP (BIC)",0.5,0.125,0.2,2,0.0586445562731455
"updown",0.5,48,"PELT",0.333333333333333,0.25,0.285714285714286,6,0.0640159055202233
"updown",0.5,48,"SVP",0.666666666666667,0.25,0.363636363636364,3,0.0545319920282814
"updown",0.5,48,"SVP (BIC)",1,0.25,0.4,2,0.0625775282095121
"updown",0.5,49,"PELT",0.666666666666667,0.25,0.363636363636364,3,0.0606462148715098
"updown",0.5,49,"SVP",0.5,0.125,0.2,2,0.0634900269923249
"updown",0.5,49,"SVP (BIC)",0.5,0.125,0.2,2,0.0615250489518133
"updown",0.5,50,"PELT",1,0.125,0.222222222222222,1,0.0636145977941267
"updown",0.5,50,"SVP",0.5,0.125,0.2,2,0.0552529405601365
"updown",0.5,50,"SVP (BIC)",1,0.125,0.222222222222222,1,0.0636145977941267
"rand1",0.5,1,"PELT",0.333333333333333,0.125,0.181818181818182,3,0.0309088545701344
"rand1",0.5,1,"SVP",0.5,0.125,0.2,2,0.0652979267210972
"rand1",0.5,1,"SVP (BIC)",0.5,0.125,0.2,2,0.0605094978403892
"rand1",0.5,2,"PELT",0.333333333333333,0.125,0.181818181818182,3,0.0309088545701344
"rand1",0.5,2,"SVP",0.5,0.125,0.2,2,0.0652979267210972
"rand1",0.5,2,"SVP (BIC)",0.5,0.125,0.2,2,0.0605094978403892
"rand1",0.5,3,"PELT",0.333333333333333,0.125,0.181818181818182,3,0.0309088545701344
"rand1",0.5,3,"SVP",0.5,0.125,0.2,2,0.0652979267210972
"rand1",0.5,3,"SVP (BIC)",0.5,0.125,0.2,2,0.0605094978403892
"rand1",0.5,4,"PELT",0.333333333333333,0.125,0.181818181818182,3,0.0309088545701344
"rand1",0.5,4,"SVP",0.5,0.125,0.2,2,0.0652979267210972
"rand1",0.5,4,"SVP (BIC)",0.5,0.125,0.2,2,0.0605094978403892
"rand1",0.5,5,"PELT",0.333333333333333,0.125,0.181818181818182,3,0.0309088545701344
"rand1",0.5,5,"SVP",0.5,0.125,0.2,2,0.0652979267210972
"rand1",0.5,5,"SVP (BIC)",0.5,0.125,0.2,2,0.0605094978403892
"rand1",0.5,6,"PELT",0.333333333333333,0.125,0.181818181818182,3,0.0309088545701344
"rand1",0.5,6,"SVP",0.5,0.125,0.2,2,0.0652979267210972
"rand1",0.5,6,"SVP (BIC)",0.5,0.125,0.2,2,0.0605094978403892
"rand1",0.5,7,"PELT",0.333333333333333,0.125,0.181818181818182,3,0.0309088545701344
"rand1",0.5,7,"SVP",0.5,0.125,0.2,2,0.0652979267210972
"rand1",0.5,7,"SVP (BIC)",0.5,0.125,0.2,2,0.0605094978403892
"rand1",0.5,8,"PELT",0.333333333333333,0.125,0.181818181818182,3,0.0309088545701344
"rand1",0.5,8,"SVP",0.5,0.125,0.2,2,0.0652979267210972
"rand1",0.5,8,"SVP (BIC)",0.5,0.125,0.2,2,0.0605094978403892
"rand1",0.5,9,"PELT",0.333333333333333,0.125,0.181818181818182,3,0.0309088545701344
"rand1",0.5,9,"SVP",0.5,0.125,0.2,2,0.0652979267210972
"rand1",0.5,9,"SVP (BIC)",0.5,0.125,0.2,2,0.0605094978403892
"rand1",0.5,10,"PELT",0.333333333333333,0.125,0.181818181818182,3,0.0309088545701344
"rand1",0.5,10,"SVP",0.5,0.125,0.2,2,0.0652979267210972
"rand1",0.5,10,"SVP (BIC)",0.5,0.125,0.2,2,0.0605094978403892
"rand1",0.5,11,"PELT",0.333333333333333,0.125,0.181818181818182,3,0.0309088545701344
"rand1",0.5,11,"SVP",0.5,0.125,0.2,2,0.0652979267210972
"rand1",0.5,11,"SVP (BIC)",0.5,0.125,0.2,2,0.0605094978403892
"rand1",0.5,12,"PELT",0.333333333333333,0.125,0.181818181818182,3,0.0309088545701344
"rand1",0.5,12,"SVP",0.5,0.125,0.2,2,0.0652979267210972
"rand1",0.5,12,"SVP (BIC)",0.5,0.125,0.2,2,0.0605094978403892
"rand1",0.5,13,"PELT",0.333333333333333,0.125,0.181818181818182,3,0.0309088545701344
"rand1",0.5,13,"SVP",0.5,0.125,0.2,2,0.0652979267210972
"rand1",0.5,13,"SVP (BIC)",0.5,0.125,0.2,2,0.0605094978403892
"rand1",0.5,14,"PELT",0.333333333333333,0.125,0.181818181818182,3,0.0309088545701344
"rand1",0.5,14,"SVP",0.5,0.125,0.2,2,0.0652979267210972
"rand1",0.5,14,"SVP (BIC)",0.5,0.125,0.2,2,0.0605094978403892
"rand1",0.5,15,"PELT",0.333333333333333,0.125,0.181818181818182,3,0.0309088545701344
"rand1",0.5,15,"SVP",0.5,0.125,0.2,2,0.0652979267210972
"rand1",0.5,15,"SVP (BIC)",0.5,0.125,0.2,2,0.0605094978403892
"rand1",0.5,16,"PELT",0.333333333333333,0.125,0.181818181818182,3,0.0309088545701344
"rand1",0.5,16,"SVP",0.5,0.125,0.2,2,0.0652979267210972
"rand1",0.5,16,"SVP (BIC)",0.5,0.125,0.2,2,0.0605094978403892
"rand1",0.5,17,"PELT",0.333333333333333,0.125,0.181818181818182,3,0.0309088545701344
"rand1",0.5,17,"SVP",0.5,0.125,0.2,2,0.0652979267210972
"rand1",0.5,17,"SVP (BIC)",0.5,0.125,0.2,2,0.0605094978403892
"rand1",0.5,18,"PELT",0.333333333333333,0.125,0.181818181818182,3,0.0309088545701344
"rand1",0.5,18,"SVP",0.5,0.125,0.2,2,0.0652979267210972
"rand1",0.5,18,"SVP (BIC)",0.5,0.125,0.2,2,0.0605094978403892
"rand1",0.5,19,"PELT",0.333333333333333,0.125,0.181818181818182,3,0.0309088545701344
"rand1",0.5,19,"SVP",0.5,0.125,0.2,2,0.0652979267210972
"rand1",0.5,19,"SVP (BIC)",0.5,0.125,0.2,2,0.0605094978403892
"rand1",0.5,20,"PELT",0.333333333333333,0.125,0.181818181818182,3,0.0309088545701344
"rand1",0.5,20,"SVP",0.5,0.125,0.2,2,0.0652979267210972
"rand1",0.5,20,"SVP (BIC)",0.5,0.125,0.2,2,0.0605094978403892
"rand1",0.5,21,"PELT",0.333333333333333,0.125,0.181818181818182,3,0.0309088545701344
"rand1",0.5,21,"SVP",0.5,0.125,0.2,2,0.0652979267210972
"rand1",0.5,21,"SVP (BIC)",0.5,0.125,0.2,2,0.0605094978403892
"rand1",0.5,22,"PELT",0.333333333333333,0.125,0.181818181818182,3,0.0309088545701344
"rand1",0.5,22,"SVP",0.5,0.125,0.2,2,0.0652979267210972
"rand1",0.5,22,"SVP (BIC)",0.5,0.125,0.2,2,0.0605094978403892
"rand1",0.5,23,"PELT",0.333333333333333,0.125,0.181818181818182,3,0.0309088545701344
"rand1",0.5,23,"SVP",0.5,0.125,0.2,2,0.0652979267210972
"rand1",0.5,23,"SVP (BIC)",0.5,0.125,0.2,2,0.0605094978403892
"rand1",0.5,24,"PELT",0.333333333333333,0.125,0.181818181818182,3,0.0309088545701344
"rand1",0.5,24,"SVP",0.5,0.125,0.2,2,0.0652979267210972
"rand1",0.5,24,"SVP (BIC)",0.5,0.125,0.2,2,0.0605094978403892
"rand1",0.5,25,"PELT",0.333333333333333,0.125,0.181818181818182,3,0.0309088545701344
"rand1",0.5,25,"SVP",0.5,0.125,0.2,2,0.0652979267210972
"rand1",0.5,25,"SVP (BIC)",0.5,0.125,0.2,2,0.0605094978403892
"rand1",0.5,26,"PELT",0.333333333333333,0.125,0.181818181818182,3,0.0309088545701344
"rand1",0.5,26,"SVP",0.5,0.125,0.2,2,0.0652979267210972
"rand1",0.5,26,"SVP (BIC)",0.5,0.125,0.2,2,0.0605094978403892
"rand1",0.5,27,"PELT",0.333333333333333,0.125,0.181818181818182,3,0.0309088545701344
"rand1",0.5,27,"SVP",0.5,0.125,0.2,2,0.0652979267210972
"rand1",0.5,27,"SVP (BIC)",0.5,0.125,0.2,2,0.0605094978403892
"rand1",0.5,28,"PELT",0.333333333333333,0.125,0.181818181818182,3,0.0309088545701344
"rand1",0.5,28,"SVP",0.5,0.125,0.2,2,0.0652979267210972
"rand1",0.5,28,"SVP (BIC)",0.5,0.125,0.2,2,0.0605094978403892
"rand1",0.5,29,"PELT",0.333333333333333,0.125,0.181818181818182,3,0.0309088545701344
"rand1",0.5,29,"SVP",0.5,0.125,0.2,2,0.0652979267210972
"rand1",0.5,29,"SVP (BIC)",0.5,0.125,0.2,2,0.0605094978403892
"rand1",0.5,30,"PELT",0.333333333333333,0.125,0.181818181818182,3,0.0309088545701344
"rand1",0.5,30,"SVP",0.5,0.125,0.2,2,0.0652979267210972
"rand1",0.5,30,"SVP (BIC)",0.5,0.125,0.2,2,0.0605094978403892
"rand1",0.5,31,"PELT",0.333333333333333,0.125,0.181818181818182,3,0.0309088545701344
"rand1",0.5,31,"SVP",0.5,0.125,0.2,2,0.0652979267210972
"rand1",0.5,31,"SVP (BIC)",0.5,0.125,0.2,2,0.0605094978403892
"rand1",0.5,32,"PELT",0.333333333333333,0.125,0.181818181818182,3,0.0309088545701344
"rand1",0.5,32,"SVP",0.5,0.125,0.2,2,0.0652979267210972
"rand1",0.5,32,"SVP (BIC)",0.5,0.125,0.2,2,0.0605094978403892
"rand1",0.5,33,"PELT",0.333333333333333,0.125,0.181818181818182,3,0.0309088545701344
"rand1",0.5,33,"SVP",0.5,0.125,0.2,2,0.0652979267210972
"rand1",0.5,33,"SVP (BIC)",0.5,0.125,0.2,2,0.0605094978403892
"rand1",0.5,34,"PELT",0.333333333333333,0.125,0.181818181818182,3,0.0309088545701344
"rand1",0.5,34,"SVP",0.5,0.125,0.2,2,0.0652979267210972
"rand1",0.5,34,"SVP (BIC)",0.5,0.125,0.2,2,0.0605094978403892
"rand1",0.5,35,"PELT",0.333333333333333,0.125,0.181818181818182,3,0.0309088545701344
"rand1",0.5,35,"SVP",0.5,0.125,0.2,2,0.0652979267210972
"rand1",0.5,35,"SVP (BIC)",0.5,0.125,0.2,2,0.0605094978403892
"rand1",0.5,36,"PELT",0.333333333333333,0.125,0.181818181818182,3,0.0309088545701344
"rand1",0.5,36,"SVP",0.5,0.125,0.2,2,0.0652979267210972
"rand1",0.5,36,"SVP (BIC)",0.5,0.125,0.2,2,0.0605094978403892
"rand1",0.5,37,"PELT",0.333333333333333,0.125,0.181818181818182,3,0.0309088545701344
"rand1",0.5,37,"SVP",0.5,0.125,0.2,2,0.0652979267210972
"rand1",0.5,37,"SVP (BIC)",0.5,0.125,0.2,2,0.0605094978403892
"rand1",0.5,38,"PELT",0.333333333333333,0.125,0.181818181818182,3,0.0309088545701344
"rand1",0.5,38,"SVP",0.5,0.125,0.2,2,0.0652979267210972
"rand1",0.5,38,"SVP (BIC)",0.5,0.125,0.2,2,0.0605094978403892
"rand1",0.5,39,"PELT",0.333333333333333,0.125,0.181818181818182,3,0.0309088545701344
"rand1",0.5,39,"SVP",0.5,0.125,0.2,2,0.0652979267210972
"rand1",0.5,39,"SVP (BIC)",0.5,0.125,0.2,2,0.0605094978403892
"rand1",0.5,40,"PELT",0.333333333333333,0.125,0.181818181818182,3,0.0309088545701344
"rand1",0.5,40,"SVP",0.5,0.125,0.2,2,0.0652979267210972
"rand1",0.5,40,"SVP (BIC)",0.5,0.125,0.2,2,0.0605094978403892
"rand1",0.5,41,"PELT",0.333333333333333,0.125,0.181818181818182,3,0.0309088545701344
"rand1",0.5,41,"SVP",0.5,0.125,0.2,2,0.0652979267210972
"rand1",0.5,41,"SVP (BIC)",0.5,0.125,0.2,2,0.0605094978403892
"rand1",0.5,42,"PELT",0.333333333333333,0.125,0.181818181818182,3,0.0309088545701344
"rand1",0.5,42,"SVP",0.5,0.125,0.2,2,0.0652979267210972
"rand1",0.5,42,"SVP (BIC)",0.5,0.125,0.2,2,0.0605094978403892
"rand1",0.5,43,"PELT",0.333333333333333,0.125,0.181818181818182,3,0.0309088545701344
"rand1",0.5,43,"SVP",0.5,0.125,0.2,2,0.0652979267210972
"rand1",0.5,43,"SVP (BIC)",0.5,0.125,0.2,2,0.0605094978403892
"rand1",0.5,44,"PELT",0.333333333333333,0.125,0.181818181818182,3,0.0309088545701344
"rand1",0.5,44,"SVP",0.5,0.125,0.2,2,0.0652979267210972
"rand1",0.5,44,"SVP (BIC)",0.5,0.125,0.2,2,0.0605094978403892
"rand1",0.5,45,"PELT",0.333333333333333,0.125,0.181818181818182,3,0.0309088545701344
"rand1",0.5,45,"SVP",0.5,0.125,0.2,2,0.0652979267210972
"rand1",0.5,45,"SVP (BIC)",0.5,0.125,0.2,2,0.0605094978403892
"rand1",0.5,46,"PELT",0.333333333333333,0.125,0.181818181818182,3,0.0309088545701344
"rand1",0.5,46,"SVP",0.5,0.125,0.2,2,0.0652979267210972
"rand1",0.5,46,"SVP (BIC)",0.5,0.125,0.2,2,0.0605094978403892
"rand1",0.5,47,"PELT",0.333333333333333,0.125,0.181818181818182,3,0.0309088545701344
"rand1",0.5,47,"SVP",0.5,0.125,0.2,2,0.0652979267210972
"rand1",0.5,47,"SVP (BIC)",0.5,0.125,0.2,2,0.0605094978403892
"rand1",0.5,48,"PELT",0.333333333333333,0.125,0.181818181818182,3,0.0309088545701344
"rand1",0.5,48,"SVP",0.5,0.125,0.2,2,0.0652979267210972
"rand1",0.5,48,"SVP (BIC)",0.5,0.125,0.2,2,0.0605094978403892
"rand1",0.5,49,"PELT",0.333333333333333,0.125,0.181818181818182,3,0.0309088545701344
"rand1",0.5,49,"SVP",0.5,0.125,0.2,2,0.0652979267210972
"rand1",0.5,49,"SVP (BIC)",0.5,0.125,0.2,2,0.0605094978403892
"rand1",0.5,50,"PELT",0.333333333333333,0.125,0.181818181818182,3,0.0309088545701344
"rand1",0.5,50,"SVP",0.5,0.125,0.2,2,0.0652979267210972
"rand1",0.5,50,"SVP (BIC)",0.5,0.125,0.2,2,0.0605094978403892
"none",0.6,1,"PELT",1,1,1,1,0.000673597925268414
"none",0.6,1,"SVP",1,1,1,1,0.000673597925268414
"none",0.6,1,"SVP (BIC)",1,1,1,1,0.000673597925268414
"none",0.6,2,"PELT",1,1,1,1,0.000254040839134613
"none",0.6,2,"SVP",1,1,1,1,0.000254040839134613
"none",0.6,2,"SVP (BIC)",1,1,1,1,0.000254040839134613
"none",0.6,3,"PELT",1,1,1,1,1.06749774031189e-07
"none",0.6,3,"SVP",1,1,1,1,1.06749774031189e-07
"none",0.6,3,"SVP (BIC)",1,1,1,1,1.06749774031189e-07
"none",0.6,4,"PELT",1,1,1,1,0.000157545642815948
"none",0.6,4,"SVP",1,1,1,1,0.000157545642815948
"none",0.6,4,"SVP (BIC)",1,1,1,1,0.000157545642815948
"none",0.6,5,"PELT",1,1,1,1,0.00060462048161867
"none",0.6,5,"SVP",1,1,1,1,0.00060462048161867
"none",0.6,5,"SVP (BIC)",1,1,1,1,0.00060462048161867
"none",0.6,6,"PELT",1,1,1,1,0.0027732757783634
"none",0.6,6,"SVP",0.5,1,0.666666666666667,2,0.00473327124398084
"none",0.6,6,"SVP (BIC)",1,1,1,1,0.0027732757783634
"none",0.6,7,"PELT",1,1,1,1,0.000371832208157403
"none",0.6,7,"SVP",1,1,1,1,0.000371832208157403
"none",0.6,7,"SVP (BIC)",1,1,1,1,0.000371832208157403
"none",0.6,8,"PELT",1,1,1,1,0.0014874410124232
"none",0.6,8,"SVP",1,1,1,1,0.0014874410124232
"none",0.6,8,"SVP (BIC)",1,1,1,1,0.0014874410124232
"none",0.6,9,"PELT",1,1,1,1,0.00018153137554813
"none",0.6,9,"SVP",1,1,1,1,0.00018153137554813
"none",0.6,9,"SVP (BIC)",1,1,1,1,0.00018153137554813
"none",0.6,10,"PELT",1,1,1,1,0.00101745391075063
"none",0.6,10,"SVP",1,1,1,1,0.00101745391075063
"none",0.6,10,"SVP (BIC)",1,1,1,1,0.00101745391075063
"none",0.6,11,"PELT",1,1,1,1,0.00127703366612502
"none",0.6,11,"SVP",1,1,1,1,0.00127703366612502
"none",0.6,11,"SVP (BIC)",1,1,1,1,0.00127703366612502
"none",0.6,12,"PELT",1,1,1,1,1.94692245285855e-06
"none",0.6,12,"SVP",1,1,1,1,1.94692245285855e-06
"none",0.6,12,"SVP (BIC)",1,1,1,1,1.94692245285855e-06
"none",0.6,13,"PELT",1,1,1,1,0.000137923589160432
"none",0.6,13,"SVP",1,1,1,1,0.000137923589160432
"none",0.6,13,"SVP (BIC)",1,1,1,1,0.000137923589160432
"none",0.6,14,"PELT",1,1,1,1,0.00274053756121203
"none",0.6,14,"SVP",1,1,1,1,0.00274053756121203
"none",0.6,14,"SVP (BIC)",1,1,1,1,0.00274053756121203
"none",0.6,15,"PELT",1,1,1,1,3.39160065650371e-05
"none",0.6,15,"SVP",1,1,1,1,3.39160065650371e-05
"none",0.6,15,"SVP (BIC)",1,1,1,1,3.39160065650371e-05
"none",0.6,16,"PELT",1,1,1,1,0.00146522249885965
"none",0.6,16,"SVP",1,1,1,1,0.00146522249885965
"none",0.6,16,"SVP (BIC)",1,1,1,1,0.00146522249885965
"none",0.6,17,"PELT",1,1,1,1,0.0112210201545216
"none",0.6,17,"SVP",1,1,1,1,0.0112210201545216
"none",0.6,17,"SVP (BIC)",1,1,1,1,0.0112210201545216
"none",0.6,18,"PELT",1,1,1,1,0.000113754406974975
"none",0.6,18,"SVP",1,1,1,1,0.000113754406974975
"none",0.6,18,"SVP (BIC)",1,1,1,1,0.000113754406974975
"none",0.6,19,"PELT",1,1,1,1,0.000137410464337636
"none",0.6,19,"SVP",1,1,1,1,0.000137410464337636
"none",0.6,19,"SVP (BIC)",1,1,1,1,0.000137410464337636
"none",0.6,20,"PELT",1,1,1,1,9.78474229449889e-05
"none",0.6,20,"SVP",1,1,1,1,9.78474229449889e-05
"none",0.6,20,"SVP (BIC)",1,1,1,1,9.78474229449889e-05
"none",0.6,21,"PELT",1,1,1,1,0.00115207030654411
"none",0.6,21,"SVP",1,1,1,1,0.00115207030654411
"none",0.6,21,"SVP (BIC)",1,1,1,1,0.00115207030654411
"none",0.6,22,"PELT",1,1,1,1,1.09909509542768e-05
"none",0.6,22,"SVP",1,1,1,1,1.09909509542768e-05
"none",0.6,22,"SVP (BIC)",1,1,1,1,1.09909509542768e-05
"none",0.6,23,"PELT",1,1,1,1,0.00014672070774688
"none",0.6,23,"SVP",1,1,1,1,0.00014672070774688
"none",0.6,23,"SVP (BIC)",1,1,1,1,0.00014672070774688
"none",0.6,24,"PELT",1,1,1,1,0.000869496780492491
"none",0.6,24,"SVP",1,1,1,1,0.000869496780492491
"none",0.6,24,"SVP (BIC)",1,1,1,1,0.000869496780492491
"none",0.6,25,"PELT",1,1,1,1,0.000130070036324375
"none",0.6,25,"SVP",1,1,1,1,0.000130070036324375
"none",0.6,25,"SVP (BIC)",1,1,1,1,0.000130070036324375
"none",0.6,26,"PELT",1,1,1,1,0.000125221909180877
"none",0.6,26,"SVP",1,1,1,1,0.000125221909180877
"none",0.6,26,"SVP (BIC)",1,1,1,1,0.000125221909180877
"none",0.6,27,"PELT",1,1,1,1,0.000718575166954516
"none",0.6,27,"SVP",1,1,1,1,0.000718575166954516
"none",0.6,27,"SVP (BIC)",1,1,1,1,0.000718575166954516
"none",0.6,28,"PELT",1,1,1,1,2.31841503775804e-05
"none",0.6,28,"SVP",1,1,1,1,2.31841503775804e-05
"none",0.6,28,"SVP (BIC)",1,1,1,1,2.31841503775804e-05
"none",0.6,29,"PELT",1,1,1,1,0.0029305298721814
"none",0.6,29,"SVP",1,1,1,1,0.0029305298721814
"none",0.6,29,"SVP (BIC)",1,1,1,1,0.0029305298721814
"none",0.6,30,"PELT",1,1,1,1,3.94605955008204e-05
"none",0.6,30,"SVP",1,1,1,1,3.94605955008204e-05
"none",0.6,30,"SVP (BIC)",1,1,1,1,3.94605955008204e-05
"none",0.6,31,"PELT",1,1,1,1,0.000215953047596817
"none",0.6,31,"SVP",1,1,1,1,0.000215953047596817
"none",0.6,31,"SVP (BIC)",1,1,1,1,0.000215953047596817
"none",0.6,32,"PELT",1,1,1,1,0.000722814748694582
"none",0.6,32,"SVP",1,1,1,1,0.000722814748694582
"none",0.6,32,"SVP (BIC)",1,1,1,1,0.000722814748694582
"none",0.6,33,"PELT",1,1,1,1,0.000197311209510552
"none",0.6,33,"SVP",1,1,1,1,0.000197311209510552
"none",0.6,33,"SVP (BIC)",1,1,1,1,0.000197311209510552
"none",0.6,34,"PELT",1,1,1,1,0.000869158824401254
"none",0.6,34,"SVP",1,1,1,1,0.000869158824401254
"none",0.6,34,"SVP (BIC)",1,1,1,1,0.000869158824401254
"none",0.6,35,"PELT",1,1,1,1,0.00228123014929197
"none",0.6,35,"SVP",1,1,1,1,0.00228123014929197
"none",0.6,35,"SVP (BIC)",1,1,1,1,0.00228123014929197
"none",0.6,36,"PELT",0.5,1,0.666666666666667,2,0.0182328924496387
"none",0.6,36,"SVP",1,1,1,1,0.000748409060095036
"none",0.6,36,"SVP (BIC)",1,1,1,1,0.000748409060095036
"none",0.6,37,"PELT",1,1,1,1,7.64322930905555e-05
"none",0.6,37,"SVP",1,1,1,1,7.64322930905555e-05
"none",0.6,37,"SVP (BIC)",1,1,1,1,7.64322930905555e-05
"none",0.6,38,"PELT",1,1,1,1,0.00151328811687856
"none",0.6,38,"SVP",1,1,1,1,0.00151328811687856
"none",0.6,38,"SVP (BIC)",1,1,1,1,0.00151328811687856
"none",0.6,39,"PELT",1,1,1,1,5.99704356962717e-05
"none",0.6,39,"SVP",1,1,1,1,5.99704356962717e-05
"none",0.6,39,"SVP (BIC)",1,1,1,1,5.99704356962717e-05
"none",0.6,40,"PELT",1,1,1,1,0.00142573968866797
"none",0.6,40,"SVP",1,1,1,1,0.00142573968866797
"none",0.6,40,"SVP (BIC)",1,1,1,1,0.00142573968866797
"none",0.6,41,"PELT",1,1,1,1,0.00183253453087825
"none",0.6,41,"SVP",1,1,1,1,0.00183253453087825
"none",0.6,41,"SVP (BIC)",1,1,1,1,0.00183253453087825
"none",0.6,42,"PELT",1,1,1,1,0.0046796264881419
"none",0.6,42,"SVP",1,1,1,1,0.0046796264881419
"none",0.6,42,"SVP (BIC)",1,1,1,1,0.0046796264881419
"none",0.6,43,"PELT",1,1,1,1,3.75684175207651e-07
"none",0.6,43,"SVP",1,1,1,1,3.75684175207651e-07
"none",0.6,43,"SVP (BIC)",1,1,1,1,3.75684175207651e-07
"none",0.6,44,"PELT",1,1,1,1,0.000880527016799713
"none",0.6,44,"SVP",1,1,1,1,0.000880527016799713
"none",0.6,44,"SVP (BIC)",1,1,1,1,0.000880527016799713
"none",0.6,45,"PELT",1,1,1,1,0.000212584129369685
"none",0.6,45,"SVP",1,1,1,1,0.000212584129369685
"none",0.6,45,"SVP (BIC)",1,1,1,1,0.000212584129369685
"none",0.6,46,"PELT",1,1,1,1,0.00795462743522672
"none",0.6,46,"SVP",1,1,1,1,0.00795462743522672
"none",0.6,46,"SVP (BIC)",1,1,1,1,0.00795462743522672
"none",0.6,47,"PELT",1,1,1,1,7.53701714230585e-05
"none",0.6,47,"SVP",1,1,1,1,7.53701714230585e-05
"none",0.6,47,"SVP (BIC)",1,1,1,1,7.53701714230585e-05
"none",0.6,48,"PELT",1,1,1,1,0.000396161417679941
"none",0.6,48,"SVP",1,1,1,1,0.000396161417679941
"none",0.6,48,"SVP (BIC)",1,1,1,1,0.000396161417679941
"none",0.6,49,"PELT",1,1,1,1,0.00410969237061488
"none",0.6,49,"SVP",1,1,1,1,0.00410969237061488
"none",0.6,49,"SVP (BIC)",1,1,1,1,0.00410969237061488
"none",0.6,50,"PELT",0.5,1,0.666666666666667,2,0.0178738432328959
"none",0.6,50,"SVP",1,1,1,1,0.0032190282018739
"none",0.6,50,"SVP (BIC)",1,1,1,1,0.0032190282018739
"up",0.6,1,"PELT",0.571428571428571,0.5,0.533333333333333,7,0.0586851813100043
"up",0.6,1,"SVP",0.666666666666667,0.5,0.571428571428572,6,0.0724295975106
"up",0.6,1,"SVP (BIC)",0.4,0.25,0.307692307692308,5,0.108349977488665
"up",0.6,2,"PELT",0.4,0.25,0.307692307692308,5,0.0851750912335053
"up",0.6,2,"SVP",0.4,0.25,0.307692307692308,5,0.0851750912335053
"up",0.6,2,"SVP (BIC)",0.25,0.125,0.166666666666667,4,0.160022278211594
"up",0.6,3,"PELT",0.555555555555556,0.625,0.588235294117647,9,0.0269853871948931
"up",0.6,3,"SVP",0.833333333333333,0.625,0.714285714285714,6,0.0518858124536504
"up",0.6,3,"SVP (BIC)",0.75,0.375,0.5,4,0.104243880424472
"up",0.6,4,"PELT",0.75,0.75,0.75,8,0.0299329833160428
"up",0.6,4,"SVP",0.4,0.25,0.307692307692308,5,0.105447558857791
"up",0.6,4,"SVP (BIC)",0.6,0.375,0.461538461538462,5,0.0805505476602766
"up",0.6,5,"PELT",0.333333333333333,0.25,0.285714285714286,6,0.0703600376493153
"up",0.6,5,"SVP",0.4,0.25,0.307692307692308,5,0.101505837860992
"up",0.6,5,"SVP (BIC)",0.5,0.25,0.333333333333333,4,0.14437278579581
"up",0.6,6,"PELT",0.285714285714286,0.25,0.266666666666667,7,0.0441692504890009
"up",0.6,6,"SVP",0.166666666666667,0.125,0.142857142857143,6,0.0667577649668582
"up",0.6,6,"SVP (BIC)",0.2,0.125,0.153846153846154,5,0.0909076516302283
"up",0.6,7,"PELT",0.428571428571429,0.375,0.4,7,0.0435110165721308
"up",0.6,7,"SVP",0.5,0.375,0.428571428571429,6,0.0619020365309894
"up",0.6,7,"SVP (BIC)",0.4,0.25,0.307692307692308,5,0.0861644192940316
"up",0.6,8,"PELT",0.285714285714286,0.25,0.266666666666667,7,0.0611911160752707
"up",0.6,8,"SVP",0.4,0.25,0.307692307692308,5,0.110094237597961
"up",0.6,8,"SVP (BIC)",0.2,0.125,0.153846153846154,5,0.129405369259845
"up",0.6,9,"PELT",0.571428571428571,0.5,0.533333333333333,7,0.0453177136005754
"up",0.6,9,"SVP",0.5,0.375,0.428571428571429,6,0.0743851708348274
"up",0.6,9,"SVP (BIC)",0.4,0.25,0.307692307692308,5,0.0926942829894666
"up",0.6,10,"PELT",0.571428571428571,0.5,0.533333333333333,7,0.052301151195243
"up",0.6,10,"SVP",0.666666666666667,0.5,0.571428571428572,6,0.0672619513250408
"up",0.6,10,"SVP (BIC)",0.75,0.375,0.5,4,0.102864324019078
"up",0.6,11,"PELT",0.666666666666667,0.5,0.571428571428572,6,0.0562764626791314
"up",0.6,11,"SVP",0.25,0.125,0.166666666666667,4,0.10273618583065
"up",0.6,11,"SVP (BIC)",0.5,0.25,0.333333333333333,4,0.0990888720935423
"up",0.6,12,"PELT",0.285714285714286,0.25,0.266666666666667,7,0.0537782198927261
"up",0.6,12,"SVP",0.333333333333333,0.25,0.285714285714286,6,0.0771088135913341
"up",0.6,12,"SVP (BIC)",0.25,0.125,0.166666666666667,4,0.12760705174987
"up",0.6,13,"PELT",0.428571428571429,0.375,0.4,7,0.0491801073244396
"up",0.6,13,"SVP",0.4,0.25,0.307692307692308,5,0.08610716779165
"up",0.6,13,"SVP (BIC)",0.8,0.5,0.615384615384615,5,0.0761223651890362
"up",0.6,14,"PELT",0.166666666666667,0.125,0.142857142857143,6,0.0705592321727435
"up",0.6,14,"SVP",0.4,0.25,0.307692307692308,5,0.0877607835326392
"up",0.6,14,"SVP (BIC)",0.4,0.25,0.307692307692308,5,0.088384734734594
"up",0.6,15,"PELT",0.428571428571429,0.375,0.4,7,0.0573105673153911
"up",0.6,15,"SVP",0.8,0.5,0.615384615384615,5,0.0789603928580159
"up",0.6,15,"SVP (BIC)",0.8,0.5,0.615384615384615,5,0.0789603928580159
"up",0.6,16,"PELT",0.333333333333333,0.25,0.285714285714286,6,0.0764947841753312
"up",0.6,16,"SVP",0.75,0.375,0.5,4,0.0985154883609504
"up",0.6,16,"SVP (BIC)",0.75,0.375,0.5,4,0.0985154883609504
"up",0.6,17,"PELT",0.428571428571429,0.375,0.4,7,0.0315042696552071
"up",0.6,17,"SVP",0.4,0.25,0.307692307692308,5,0.0725288015904806
"up",0.6,17,"SVP (BIC)",0.4,0.25,0.307692307692308,5,0.0725288015904806
"up",0.6,18,"PELT",0.428571428571429,0.375,0.4,7,0.0408590122537146
"up",0.6,18,"SVP",0.333333333333333,0.25,0.285714285714286,6,0.0697318706946223
"up",0.6,18,"SVP (BIC)",0.6,0.375,0.461538461538462,5,0.0760412488489044
"up",0.6,19,"PELT",0.428571428571429,0.375,0.4,7,0.0459576824678813
"up",0.6,19,"SVP",0.2,0.125,0.153846153846154,5,0.110495615425162
"up",0.6,19,"SVP (BIC)",0.25,0.125,0.166666666666667,4,0.148410729263013
"up",0.6,20,"PELT",0.333333333333333,0.25,0.285714285714286,6,0.0566503290054257
"up",0.6,20,"SVP",0.4,0.25,0.307692307692308,5,0.0846100804261754
"up",0.6,20,"SVP (BIC)",0.4,0.25,0.307692307692308,5,0.0846100804261754
"up",0.6,21,"PELT",0.25,0.25,0.25,8,0.0429886171182414
"up",0.6,21,"SVP",0.2,0.125,0.153846153846154,5,0.103704097256652
"up",0.6,21,"SVP (BIC)",0.5,0.25,0.333333333333333,4,0.113398460965685
"up",0.6,22,"PELT",0.428571428571429,0.375,0.4,7,0.0400094387880669
"up",0.6,22,"SVP",0.2,0.125,0.153846153846154,5,0.0959331935068398
"up",0.6,22,"SVP (BIC)",0.2,0.125,0.153846153846154,5,0.0959331935068398
"up",0.6,23,"PELT",0.428571428571429,0.375,0.4,7,0.0313833404077427
"up",0.6,23,"SVP",0.333333333333333,0.25,0.285714285714286,6,0.0600165253528307
"up",0.6,23,"SVP (BIC)",0.4,0.25,0.307692307692308,5,0.0811335465191747
"up",0.6,24,"PELT",0.142857142857143,0.125,0.133333333333333,7,0.0502806275110235
"up",0.6,24,"SVP",0.2,0.125,0.153846153846154,5,0.104376128237309
"up",0.6,24,"SVP (BIC)",0.25,0.125,0.166666666666667,4,0.119575662228443
"up",0.6,25,"PELT",0.285714285714286,0.25,0.266666666666667,7,0.0437829202645457
"up",0.6,25,"SVP",0.166666666666667,0.125,0.142857142857143,6,0.0724094368482029
"up",0.6,25,"SVP (BIC)",0.25,0.125,0.166666666666667,4,0.138550178159271
"up",0.6,26,"PELT",0.25,0.25,0.25,8,0.0597492252359949
"up",0.6,26,"SVP",0.333333333333333,0.25,0.285714285714286,6,0.0590974430450965
"up",0.6,26,"SVP (BIC)",0.4,0.25,0.307692307692308,5,0.0834993364013913
"up",0.6,27,"PELT",0.428571428571429,0.375,0.4,7,0.0450379078982331
"up",0.6,27,"SVP",0.5,0.375,0.428571428571429,6,0.0862216564404625
"up",0.6,27,"SVP (BIC)",0.4,0.25,0.307692307692308,5,0.112014312275007
"up",0.6,28,"PELT",0.571428571428571,0.5,0.533333333333333,7,0.0384723032416273
"up",0.6,28,"SVP",0.4,0.25,0.307692307692308,5,0.0891294883256226
"up",0.6,28,"SVP (BIC)",0.4,0.25,0.307692307692308,5,0.0891294883256226
"up",0.6,29,"PELT",0.571428571428571,0.5,0.533333333333333,7,0.0434046463862675
"up",0.6,29,"SVP",0.5,0.375,0.428571428571429,6,0.0699630808199593
"up",0.6,29,"SVP (BIC)",0.4,0.25,0.307692307692308,5,0.0881103141887859
"up",0.6,30,"PELT",0.714285714285714,0.625,0.666666666666667,7,0.042274415192879
"up",0.6,30,"SVP",0.8,0.5,0.615384615384615,5,0.0849536018488243
"up",0.6,30,"SVP (BIC)",0.8,0.5,0.615384615384615,5,0.0818344346075127
"up",0.6,31,"PELT",0.833333333333333,0.625,0.714285714285714,6,0.0535113178338495
"up",0.6,31,"SVP",0.8,0.5,0.615384615384615,5,0.0755378381521785
"up",0.6,31,"SVP (BIC)",0.8,0.5,0.615384615384615,5,0.0755378381521785
"up",0.6,32,"PELT",0.428571428571429,0.375,0.4,7,0.0502185894019803
"up",0.6,32,"SVP",0.5,0.25,0.333333333333333,4,0.113856302252769
"up",0.6,32,"SVP (BIC)",0.5,0.25,0.333333333333333,4,0.10859566082002
"up",0.6,33,"PELT",0.5,0.375,0.428571428571429,6,0.060525429885143
"up",0.6,33,"SVP",0.4,0.25,0.307692307692308,5,0.0895513652309221
"up",0.6,33,"SVP (BIC)",0.4,0.25,0.307692307692308,5,0.0857996365500209
"up",0.6,34,"PELT",0.714285714285714,0.625,0.666666666666667,7,0.040631365057986
"up",0.6,34,"SVP",0.666666666666667,0.5,0.571428571428572,6,0.0652092554106992
"up",0.6,34,"SVP (BIC)",0.6,0.375,0.461538461538462,5,0.0870057998862122
"up",0.6,35,"PELT",0.333333333333333,0.25,0.285714285714286,6,0.0670111993690759
"up",0.6,35,"SVP",0.2,0.125,0.153846153846154,5,0.0826852708935687
"up",0.6,35,"SVP (BIC)",0.2,0.125,0.153846153846154,5,0.0930975813927381
"up",0.6,36,"PELT",0.5,0.375,0.428571428571429,6,0.0609077111929997
"up",0.6,36,"SVP",0.6,0.375,0.461538461538462,5,0.0816368467427655
"up",0.6,36,"SVP (BIC)",0.6,0.375,0.461538461538462,5,0.0816368467427655
"up",0.6,37,"PELT",0.428571428571429,0.375,0.4,7,0.0447199465279275
"up",0.6,37,"SVP",0.375,0.375,0.375,8,0.0828739216213554
"up",0.6,37,"SVP (BIC)",0.75,0.375,0.5,4,0.0979072006194774
"up",0.6,38,"PELT",0.5,0.375,0.428571428571429,6,0.0704833948073312
"up",0.6,38,"SVP",0.8,0.5,0.615384615384615,5,0.0905401666380078
"up",0.6,38,"SVP (BIC)",0.8,0.5,0.615384615384615,5,0.0905401666380078
"up",0.6,39,"PELT",0.375,0.375,0.375,8,0.018002505330851
"up",0.6,39,"SVP",0.333333333333333,0.25,0.285714285714286,6,0.0723723491402369
"up",0.6,39,"SVP (BIC)",0.4,0.25,0.307692307692308,5,0.0851985159904292
"up",0.6,40,"PELT",0.571428571428571,0.5,0.533333333333333,7,0.0358235135010702
"up",0.6,40,"SVP",0.666666666666667,0.5,0.571428571428572,6,0.053892367686597
"up",0.6,40,"SVP (BIC)",1,0.625,0.769230769230769,5,0.0690946901997977
"up",0.6,41,"PELT",0.4,0.25,0.307692307692308,5,0.0920839440720481
"up",0.6,41,"SVP",0.4,0.25,0.307692307692308,5,0.0920839440720481
"up",0.6,41,"SVP (BIC)",0.4,0.25,0.307692307692308,5,0.0920839440720481
"up",0.6,42,"PELT",0.428571428571429,0.375,0.4,7,0.0562372540408842
"up",0.6,42,"SVP",0.6,0.375,0.461538461538462,5,0.0966186291489034
"up",0.6,42,"SVP (BIC)",0.75,0.375,0.5,4,0.119473759560501
"up",0.6,43,"PELT",0.333333333333333,0.25,0.285714285714286,6,0.0686422562294508
"up",0.6,43,"SVP",0.333333333333333,0.25,0.285714285714286,6,0.0686422562294508
"up",0.6,43,"SVP (BIC)",0.2,0.125,0.153846153846154,5,0.12807162491286
"up",0.6,44,"PELT",0.285714285714286,0.25,0.266666666666667,7,0.0430463050364341
"up",0.6,44,"SVP",0.4,0.25,0.307692307692308,5,0.0799674444241565
"up",0.6,44,"SVP (BIC)",0.6,0.375,0.461538461538462,5,0.0779883375500731
"up",0.6,45,"PELT",0.333333333333333,0.25,0.285714285714286,6,0.0825139052902887
"up",0.6,45,"SVP",0.333333333333333,0.25,0.285714285714286,6,0.0813261571288916
"up",0.6,45,"SVP (BIC)",0.2,0.125,0.153846153846154,5,0.108569005602777
"up",0.6,46,"PELT",0.571428571428571,0.5,0.533333333333333,7,0.0380139683913412
"up",0.6,46,"SVP",0.4,0.25,0.307692307692308,5,0.101066206188209
"up",0.6,46,"SVP (BIC)",0.6,0.375,0.461538461538462,5,0.0759527070898862
"up",0.6,47,"PELT",0.428571428571429,0.375,0.4,7,0.0624675089120718
"up",0.6,47,"SVP",0.2,0.125,0.153846153846154,5,0.111064650680843
"up",0.6,47,"SVP (BIC)",0.2,0.125,0.153846153846154,5,0.110237666698672
"up",0.6,48,"PELT",0.25,0.25,0.25,8,0.0706272770844979
"up",0.6,48,"SVP",0.333333333333333,0.25,0.285714285714286,6,0.0697267919529885
"up",0.6,48,"SVP (BIC)",0.5,0.25,0.333333333333333,4,0.103939624349111
"up",0.6,49,"PELT",0.444444444444444,0.5,0.470588235294118,9,0.0745733676534589
"up",0.6,49,"SVP",0.6,0.375,0.461538461538462,5,0.0799629019029562
"up",0.6,49,"SVP (BIC)",0.6,0.375,0.461538461538462,5,0.0799629019029562
"up",0.6,50,"PELT",0.285714285714286,0.25,0.266666666666667,7,0.0556198669930161
"up",0.6,50,"SVP",0.4,0.25,0.307692307692308,5,0.0939099345033626
"up",0.6,50,"SVP (BIC)",0.25,0.125,0.166666666666667,4,0.115904045531829
"updown",0.6,1,"PELT",0.333333333333333,0.25,0.285714285714286,6,0.048238082127216
"updown",0.6,1,"SVP",0.666666666666667,0.25,0.363636363636364,3,0.0729569648771587
"updown",0.6,1,"SVP (BIC)",0.5,0.125,0.2,2,0.0926035768137425
"updown",0.6,2,"PELT",0.333333333333333,0.25,0.285714285714286,6,0.083108110632589
"updown",0.6,2,"SVP",0.5,0.125,0.2,2,0.079502000452116
"updown",0.6,2,"SVP (BIC)",1,0.125,0.222222222222222,1,0.0905603394318481
"updown",0.6,3,"PELT",0.5,0.5,0.5,8,0.0151592830828353
"updown",0.6,3,"SVP",1,0.25,0.4,2,0.078071879129319
"updown",0.6,3,"SVP (BIC)",1,0.125,0.222222222222222,1,0.0904811392103214
"updown",0.6,4,"PELT",0.333333333333333,0.125,0.181818181818182,3,0.0834326035386308
"updown",0.6,4,"SVP",0.5,0.125,0.2,2,0.0822831431073403
"updown",0.6,4,"SVP (BIC)",1,0.25,0.4,2,0.0799628200178374
"updown",0.6,5,"PELT",0.5,0.25,0.333333333333333,4,0.0732361025362162
"updown",0.6,5,"SVP",0.5,0.125,0.2,2,0.0804021775670315
"updown",0.6,5,"SVP (BIC)",1,0.125,0.222222222222222,1,0.0921902868509426
"updown",0.6,6,"PELT",0.5,0.25,0.333333333333333,4,0.0798514531259541
"updown",0.6,6,"SVP",0.25,0.125,0.166666666666667,4,0.0693328086297138
"updown",0.6,6,"SVP (BIC)",1,0.125,0.222222222222222,1,0.0903824914890213
"updown",0.6,7,"PELT",0.75,0.375,0.5,4,0.0723587418275504
"updown",0.6,7,"SVP",1,0.25,0.4,2,0.0844874610749114
"updown",0.6,7,"SVP (BIC)",1,0.25,0.4,2,0.0844874610749114
"updown",0.6,8,"PELT",0.375,0.375,0.375,8,0.0502147192626513
"updown",0.6,8,"SVP",0.2,0.125,0.153846153846154,5,0.102519826395117
"updown",0.6,8,"SVP (BIC)",0.333333333333333,0.125,0.181818181818182,3,0.0890467262240132
"updown",0.6,9,"PELT",0.5,0.125,0.2,2,0.079534872931582
"updown",0.6,9,"SVP",0.5,0.125,0.2,2,0.0811155327426913
"updown",0.6,9,"SVP (BIC)",1,0.125,0.222222222222222,1,0.0900053263205507
"updown",0.6,10,"PELT",0.666666666666667,0.5,0.571428571428572,6,0.0540239510983325
"updown",0.6,10,"SVP",0.666666666666667,0.25,0.363636363636364,3,0.0822686741840014
"updown",0.6,10,"SVP (BIC)",1,0.25,0.4,2,0.0887043026694916
"updown",0.6,11,"PELT",0.166666666666667,0.125,0.142857142857143,6,0.0908467466222867
"updown",0.6,11,"SVP",0.2,0.125,0.153846153846154,5,0.0792959524591889
"updown",0.6,11,"SVP (BIC)",0.25,0.125,0.166666666666667,4,0.0909314473451522
"updown",0.6,12,"PELT",0.666666666666667,0.25,0.363636363636364,3,0.0730002465264504
"updown",0.6,12,"SVP",1,0.25,0.4,2,0.0779860801513707
"updown",0.6,12,"SVP (BIC)",0.5,0.125,0.2,2,0.0809687096859573
"updown",0.6,13,"PELT",0.6,0.375,0.461538461538462,5,0.058221654663678
"updown",0.6,13,"SVP",0.333333333333333,0.125,0.181818181818182,3,0.075747928961998
"updown",0.6,13,"SVP (BIC)",0.5,0.125,0.2,2,0.0804409336183869
"updown",0.6,14,"PELT",0.2,0.125,0.153846153846154,5,0.093783954836829
"updown",0.6,14,"SVP",0.333333333333333,0.125,0.181818181818182,3,0.0909165717558586
"updown",0.6,14,"SVP (BIC)",0.666666666666667,0.25,0.363636363636364,3,0.0894900686803684
"updown",0.6,15,"PELT",0.75,0.375,0.5,4,0.0685734925632238
"updown",0.6,15,"SVP",0.5,0.125,0.2,2,0.098498374431618
"updown",0.6,15,"SVP (BIC)",0.5,0.125,0.2,2,0.100872033278096
"updown",0.6,16,"PELT",0.5,0.5,0.5,8,0.0351745718383279
"updown",0.6,16,"SVP",0.333333333333333,0.125,0.181818181818182,3,0.0794556596993614
"updown",0.6,16,"SVP (BIC)",0.5,0.125,0.2,2,0.0874293729966409
"updown",0.6,17,"PELT",0.25,0.25,0.25,8,0.030182197428424
"updown",0.6,17,"SVP",0.25,0.125,0.166666666666667,4,0.0807930299719504
"updown",0.6,17,"SVP (BIC)",0.5,0.125,0.2,2,0.0861159445059799
"updown",0.6,18,"PELT",0.333333333333333,0.25,0.285714285714286,6,0.0481113948421801
"updown",0.6,18,"SVP",0.333333333333333,0.125,0.181818181818182,3,0.0886470059426049
"updown",0.6,18,"SVP (BIC)",1,0.25,0.4,2,0.0864668911177759
"updown",0.6,19,"PELT",0.75,0.375,0.5,4,0.0778971522737605
"updown",0.6,19,"SVP",0.5,0.25,0.333333333333333,4,0.0813753787271544
"updown",0.6,19,"SVP (BIC)",0.666666666666667,0.25,0.363636363636364,3,0.0937082544850646
"updown",0.6,20,"PELT",0.5,0.5,0.5,8,0.0307356798457003
"updown",0.6,20,"SVP",0.333333333333333,0.125,0.181818181818182,3,0.0882356542684135
"updown",0.6,20,"SVP (BIC)",0.5,0.125,0.2,2,0.0871920845967974
"updown",0.6,21,"PELT",0.5,0.375,0.428571428571429,6,0.0493682633707406
"updown",0.6,21,"SVP",0.5,0.125,0.2,2,0.0846468168191008
"updown",0.6,21,"SVP (BIC)",0.5,0.125,0.2,2,0.0824403118013926
"updown",0.6,22,"PELT",0.666666666666667,0.5,0.571428571428572,6,0.0455385145990443
"updown",0.6,22,"SVP",0.4,0.25,0.307692307692308,5,0.0662253876810774
"updown",0.6,22,"SVP (BIC)",0.5,0.125,0.2,2,0.081115364091673
"updown",0.6,23,"PELT",0.285714285714286,0.25,0.266666666666667,7,0.0398651447047082
"updown",0.6,23,"SVP",0.333333333333333,0.125,0.181818181818182,3,0.0814448285493957
"updown",0.6,23,"SVP (BIC)",0.5,0.125,0.2,2,0.0812485785956369
"updown",0.6,24,"PELT",0.5,0.5,0.5,8,0.0210752907162508
"updown",0.6,24,"SVP",0.428571428571429,0.375,0.4,7,0.0487520532248964
"updown",0.6,24,"SVP (BIC)",0.333333333333333,0.125,0.181818181818182,3,0.0906929409585624
"updown",0.6,25,"PELT",1,0.25,0.4,2,0.0813632891563243
"updown",0.6,25,"SVP",0.5,0.125,0.2,2,0.0826695265995355
"updown",0.6,25,"SVP (BIC)",1,0.25,0.4,2,0.0813632891563243
"updown",0.6,26,"PELT",0.5,0.125,0.2,2,0.088420201849525
"updown",0.6,26,"SVP",0.5,0.125,0.2,2,0.088420201849525
"updown",0.6,26,"SVP (BIC)",0.5,0.125,0.2,2,0.088420201849525
"updown",0.6,27,"PELT",0.333333333333333,0.25,0.285714285714286,6,0.0638579054076658
"updown",0.6,27,"SVP",0.333333333333333,0.125,0.181818181818182,3,0.0826607083408873
"updown",0.6,27,"SVP (BIC)",1,0.25,0.4,2,0.0803799134681989
"updown",0.6,28,"PELT",0.25,0.25,0.25,8,0.0216689484358767
"updown",0.6,28,"SVP",0.333333333333333,0.125,0.181818181818182,3,0.0745353687331599
"updown",0.6,28,"SVP (BIC)",0.5,0.125,0.2,2,0.0828857615891141
"updown",0.6,29,"PELT",0.5,0.375,0.428571428571429,6,0.0650774670529131
"updown",0.6,29,"SVP",0.5,0.125,0.2,2,0.0916226329570797
"updown",0.6,29,"SVP (BIC)",0.5,0.125,0.2,2,0.0904886609117042
"updown",0.6,30,"PELT",0.75,0.375,0.5,4,0.0660568495792853
"updown",0.6,30,"SVP",0.25,0.125,0.166666666666667,4,0.0760294066047461
"updown",0.6,30,"SVP (BIC)",0.5,0.125,0.2,2,0.0977119414764778
"updown",0.6,31,"PELT",0.375,0.375,0.375,8,0.0270061253587551
"updown",0.6,31,"SVP",0.2,0.125,0.153846153846154,5,0.0844149118544332
"updown",0.6,31,"SVP (BIC)",0.5,0.125,0.2,2,0.0851329578265859
"updown",0.6,32,"PELT",1,0.125,0.222222222222222,1,0.0933686899315159
"updown",0.6,32,"SVP",0.5,0.125,0.2,2,0.0847553427282442
"updown",0.6,32,"SVP (BIC)",1,0.125,0.222222222222222,1,0.0933686899315159
"updown",0.6,33,"PELT",0.5,0.125,0.2,2,0.0851622813289739
"updown",0.6,33,"SVP",0.5,0.125,0.2,2,0.0851622813289739
"updown",0.6,33,"SVP (BIC)",1,0.125,0.222222222222222,1,0.092453569240234
"updown",0.6,34,"PELT",0.75,0.375,0.5,4,0.0675340511302632
"updown",0.6,34,"SVP",0.5,0.125,0.2,2,0.0823826441305845
"updown",0.6,34,"SVP (BIC)",1,0.25,0.4,2,0.0778852727387626
"updown",0.6,35,"PELT",0.666666666666667,0.5,0.571428571428572,6,0.0456303906443247
"updown",0.6,35,"SVP",0.75,0.375,0.5,4,0.0833180979947154
"updown",0.6,35,"SVP (BIC)",1,0.125,0.222222222222222,1,0.090278952340569
"updown",0.6,36,"PELT",0.625,0.625,0.625,8,0.0279547184667978
"updown",0.6,36,"SVP",0.5,0.375,0.428571428571429,6,0.0658773007805277
"updown",0.6,36,"SVP (BIC)",1,0.25,0.4,2,0.0895210391728592
"updown",0.6,37,"PELT",0.833333333333333,0.625,0.714285714285714,6,0.0353876503119017
"updown",0.6,37,"SVP",0.333333333333333,0.125,0.181818181818182,3,0.0929950789288811
"updown",0.6,37,"SVP (BIC)",1,0.25,0.4,2,0.0777329898519591
"updown",0.6,38,"PELT",0.833333333333333,0.625,0.714285714285714,6,0.0446772829230113
"updown",0.6,38,"SVP",0.333333333333333,0.125,0.181818181818182,3,0.0912112526104785
"updown",0.6,38,"SVP (BIC)",1,0.25,0.4,2,0.078059421940172
"updown",0.6,39,"PELT",0.5,0.25,0.333333333333333,4,0.0754344179191197
"updown",0.6,39,"SVP",0.5,0.125,0.2,2,0.0843896818986955
"updown",0.6,39,"SVP (BIC)",0.5,0.125,0.2,2,0.0786231464936279
"updown",0.6,40,"PELT",0.375,0.375,0.375,8,0.0316047025146606
"updown",0.6,40,"SVP",0.333333333333333,0.125,0.181818181818182,3,0.0738982634457978
"updown",0.6,40,"SVP (BIC)",0.5,0.125,0.2,2,0.079900742374021
"updown",0.6,41,"PELT",0.375,0.375,0.375,8,0.0245166586632516
"updown",0.6,41,"SVP",0.4,0.25,0.307692307692308,5,0.0673889573621325
"updown",0.6,41,"SVP (BIC)",0.5,0.125,0.2,2,0.0801537559401767
"updown",0.6,42,"PELT",0.5,0.375,0.428571428571429,6,0.0547696337986629
"updown",0.6,42,"SVP",0.5,0.125,0.2,2,0.0845027561257109
"updown",0.6,42,"SVP (BIC)",1,0.125,0.222222222222222,1,0.0903114833582726
"updown",0.6,43,"PELT",0.166666666666667,0.125,0.142857142857143,6,0.0673388422330794
"updown",0.6,43,"SVP",0.4,0.25,0.307692307692308,5,0.0647190101706453
"updown",0.6,43,"SVP (BIC)",0.666666666666667,0.25,0.363636363636364,3,0.0751551755962221
"updown",0.6,44,"PELT",0.25,0.125,0.166666666666667,4,0.0957974902976867
"updown",0.6,44,"SVP",0.333333333333333,0.125,0.181818181818182,3,0.0840921893270343
"updown",0.6,44,"SVP (BIC)",0.5,0.125,0.2,2,0.082503117544046
"updown",0.6,45,"PELT",0.5,0.375,0.428571428571429,6,0.0514167743426717
"updown",0.6,45,"SVP",0.5,0.125,0.2,2,0.0805957384497091
"updown",0.6,45,"SVP (BIC)",1,0.125,0.222222222222222,1,0.0903649489793015
"updown",0.6,46,"PELT",0.5,0.375,0.428571428571429,6,0.0788018439864785
"updown",0.6,46,"SVP",0.5,0.125,0.2,2,0.0841232391062029
"updown",0.6,46,"SVP (BIC)",1,0.25,0.4,2,0.0785460519919705
"updown",0.6,47,"PELT",0.5,0.5,0.5,8,0.0218158095429104
"updown",0.6,47,"SVP",0.666666666666667,0.25,0.363636363636364,3,0.0771081668697241
"updown",0.6,47,"SVP (BIC)",0.5,0.125,0.2,2,0.080582510131951
"updown",0.6,48,"PELT",1,0.125,0.222222222222222,1,0.0905714819450729
"updown",0.6,48,"SVP",0.5,0.125,0.2,2,0.0889300737930819
"updown",0.6,48,"SVP (BIC)",1,0.125,0.222222222222222,1,0.0905714819450729
"updown",0.6,49,"PELT",1,0.125,0.222222222222222,1,0.0902400731191084
"updown",0.6,49,"SVP",1,0.25,0.4,2,0.0782941508332449
"updown",0.6,49,"SVP (BIC)",1,0.125,0.222222222222222,1,0.0902400731191084
"updown",0.6,50,"PELT",0.2,0.125,0.153846153846154,5,0.0647404865865601
"updown",0.6,50,"SVP",0.333333333333333,0.125,0.181818181818182,3,0.0920270901828327
"updown",0.6,50,"SVP (BIC)",0.5,0.125,0.2,2,0.100559660890419
"rand1",0.6,1,"PELT",0.333333333333333,0.125,0.181818181818182,3,0.0442399951139875
"rand1",0.6,1,"SVP",0.25,0.125,0.166666666666667,4,0.043621590536023
"rand1",0.6,1,"SVP (BIC)",0.5,0.125,0.2,2,0.0956111943537711
"rand1",0.6,2,"PELT",0.333333333333333,0.125,0.181818181818182,3,0.0442399951139875
"rand1",0.6,2,"SVP",0.25,0.125,0.166666666666667,4,0.043621590536023
"rand1",0.6,2,"SVP (BIC)",0.5,0.125,0.2,2,0.0956111943537711
"rand1",0.6,3,"PELT",0.333333333333333,0.125,0.181818181818182,3,0.0442399951139875
"rand1",0.6,3,"SVP",0.25,0.125,0.166666666666667,4,0.043621590536023
"rand1",0.6,3,"SVP (BIC)",0.5,0.125,0.2,2,0.0956111943537711
"rand1",0.6,4,"PELT",0.333333333333333,0.125,0.181818181818182,3,0.0442399951139875
"rand1",0.6,4,"SVP",0.25,0.125,0.166666666666667,4,0.043621590536023
"rand1",0.6,4,"SVP (BIC)",0.5,0.125,0.2,2,0.0956111943537711
"rand1",0.6,5,"PELT",0.333333333333333,0.125,0.181818181818182,3,0.0442399951139875
"rand1",0.6,5,"SVP",0.25,0.125,0.166666666666667,4,0.043621590536023
"rand1",0.6,5,"SVP (BIC)",0.5,0.125,0.2,2,0.0956111943537711
"rand1",0.6,6,"PELT",0.333333333333333,0.125,0.181818181818182,3,0.0442399951139875
"rand1",0.6,6,"SVP",0.25,0.125,0.166666666666667,4,0.043621590536023
"rand1",0.6,6,"SVP (BIC)",0.5,0.125,0.2,2,0.0956111943537711
"rand1",0.6,7,"PELT",0.333333333333333,0.125,0.181818181818182,3,0.0442399951139875
"rand1",0.6,7,"SVP",0.25,0.125,0.166666666666667,4,0.043621590536023
"rand1",0.6,7,"SVP (BIC)",0.5,0.125,0.2,2,0.0956111943537711
"rand1",0.6,8,"PELT",0.333333333333333,0.125,0.181818181818182,3,0.0442399951139875
"rand1",0.6,8,"SVP",0.25,0.125,0.166666666666667,4,0.043621590536023
"rand1",0.6,8,"SVP (BIC)",0.5,0.125,0.2,2,0.0956111943537711
"rand1",0.6,9,"PELT",0.333333333333333,0.125,0.181818181818182,3,0.0442399951139875
"rand1",0.6,9,"SVP",0.25,0.125,0.166666666666667,4,0.043621590536023
"rand1",0.6,9,"SVP (BIC)",0.5,0.125,0.2,2,0.0956111943537711
"rand1",0.6,10,"PELT",0.333333333333333,0.125,0.181818181818182,3,0.0442399951139875
"rand1",0.6,10,"SVP",0.25,0.125,0.166666666666667,4,0.043621590536023
"rand1",0.6,10,"SVP (BIC)",0.5,0.125,0.2,2,0.0956111943537711
"rand1",0.6,11,"PELT",0.333333333333333,0.125,0.181818181818182,3,0.0442399951139875
"rand1",0.6,11,"SVP",0.25,0.125,0.166666666666667,4,0.043621590536023
"rand1",0.6,11,"SVP (BIC)",0.5,0.125,0.2,2,0.0956111943537711
"rand1",0.6,12,"PELT",0.333333333333333,0.125,0.181818181818182,3,0.0442399951139875
"rand1",0.6,12,"SVP",0.25,0.125,0.166666666666667,4,0.043621590536023
"rand1",0.6,12,"SVP (BIC)",0.5,0.125,0.2,2,0.0956111943537711
"rand1",0.6,13,"PELT",0.333333333333333,0.125,0.181818181818182,3,0.0442399951139875
"rand1",0.6,13,"SVP",0.25,0.125,0.166666666666667,4,0.043621590536023
"rand1",0.6,13,"SVP (BIC)",0.5,0.125,0.2,2,0.0956111943537711
"rand1",0.6,14,"PELT",0.333333333333333,0.125,0.181818181818182,3,0.0442399951139875
"rand1",0.6,14,"SVP",0.25,0.125,0.166666666666667,4,0.043621590536023
"rand1",0.6,14,"SVP (BIC)",0.5,0.125,0.2,2,0.0956111943537711
"rand1",0.6,15,"PELT",0.333333333333333,0.125,0.181818181818182,3,0.0442399951139875
"rand1",0.6,15,"SVP",0.25,0.125,0.166666666666667,4,0.043621590536023
"rand1",0.6,15,"SVP (BIC)",0.5,0.125,0.2,2,0.0956111943537711
"rand1",0.6,16,"PELT",0.333333333333333,0.125,0.181818181818182,3,0.0442399951139875
"rand1",0.6,16,"SVP",0.25,0.125,0.166666666666667,4,0.043621590536023
"rand1",0.6,16,"SVP (BIC)",0.5,0.125,0.2,2,0.0956111943537711
"rand1",0.6,17,"PELT",0.333333333333333,0.125,0.181818181818182,3,0.0442399951139875
"rand1",0.6,17,"SVP",0.25,0.125,0.166666666666667,4,0.043621590536023
"rand1",0.6,17,"SVP (BIC)",0.5,0.125,0.2,2,0.0956111943537711
"rand1",0.6,18,"PELT",0.333333333333333,0.125,0.181818181818182,3,0.0442399951139875
"rand1",0.6,18,"SVP",0.25,0.125,0.166666666666667,4,0.043621590536023
"rand1",0.6,18,"SVP (BIC)",0.5,0.125,0.2,2,0.0956111943537711
"rand1",0.6,19,"PELT",0.333333333333333,0.125,0.181818181818182,3,0.0442399951139875
"rand1",0.6,19,"SVP",0.25,0.125,0.166666666666667,4,0.043621590536023
"rand1",0.6,19,"SVP (BIC)",0.5,0.125,0.2,2,0.0956111943537711
"rand1",0.6,20,"PELT",0.333333333333333,0.125,0.181818181818182,3,0.0442399951139875
"rand1",0.6,20,"SVP",0.25,0.125,0.166666666666667,4,0.043621590536023
"rand1",0.6,20,"SVP (BIC)",0.5,0.125,0.2,2,0.0956111943537711
"rand1",0.6,21,"PELT",0.333333333333333,0.125,0.181818181818182,3,0.0442399951139875
"rand1",0.6,21,"SVP",0.25,0.125,0.166666666666667,4,0.043621590536023
"rand1",0.6,21,"SVP (BIC)",0.5,0.125,0.2,2,0.0956111943537711
"rand1",0.6,22,"PELT",0.333333333333333,0.125,0.181818181818182,3,0.0442399951139875
"rand1",0.6,22,"SVP",0.25,0.125,0.166666666666667,4,0.043621590536023
"rand1",0.6,22,"SVP (BIC)",0.5,0.125,0.2,2,0.0956111943537711
"rand1",0.6,23,"PELT",0.333333333333333,0.125,0.181818181818182,3,0.0442399951139875
"rand1",0.6,23,"SVP",0.25,0.125,0.166666666666667,4,0.043621590536023
"rand1",0.6,23,"SVP (BIC)",0.5,0.125,0.2,2,0.0956111943537711
"rand1",0.6,24,"PELT",0.333333333333333,0.125,0.181818181818182,3,0.0442399951139875
"rand1",0.6,24,"SVP",0.25,0.125,0.166666666666667,4,0.043621590536023
"rand1",0.6,24,"SVP (BIC)",0.5,0.125,0.2,2,0.0956111943537711
"rand1",0.6,25,"PELT",0.333333333333333,0.125,0.181818181818182,3,0.0442399951139875
"rand1",0.6,25,"SVP",0.25,0.125,0.166666666666667,4,0.043621590536023
"rand1",0.6,25,"SVP (BIC)",0.5,0.125,0.2,2,0.0956111943537711
"rand1",0.6,26,"PELT",0.333333333333333,0.125,0.181818181818182,3,0.0442399951139875
"rand1",0.6,26,"SVP",0.25,0.125,0.166666666666667,4,0.043621590536023
"rand1",0.6,26,"SVP (BIC)",0.5,0.125,0.2,2,0.0956111943537711
"rand1",0.6,27,"PELT",0.333333333333333,0.125,0.181818181818182,3,0.0442399951139875
"rand1",0.6,27,"SVP",0.25,0.125,0.166666666666667,4,0.043621590536023
"rand1",0.6,27,"SVP (BIC)",0.5,0.125,0.2,2,0.0956111943537711
"rand1",0.6,28,"PELT",0.333333333333333,0.125,0.181818181818182,3,0.0442399951139875
"rand1",0.6,28,"SVP",0.25,0.125,0.166666666666667,4,0.043621590536023
"rand1",0.6,28,"SVP (BIC)",0.5,0.125,0.2,2,0.0956111943537711
"rand1",0.6,29,"PELT",0.333333333333333,0.125,0.181818181818182,3,0.0442399951139875
"rand1",0.6,29,"SVP",0.25,0.125,0.166666666666667,4,0.043621590536023
"rand1",0.6,29,"SVP (BIC)",0.5,0.125,0.2,2,0.0956111943537711
"rand1",0.6,30,"PELT",0.333333333333333,0.125,0.181818181818182,3,0.0442399951139875
"rand1",0.6,30,"SVP",0.25,0.125,0.166666666666667,4,0.043621590536023
"rand1",0.6,30,"SVP (BIC)",0.5,0.125,0.2,2,0.0956111943537711
"rand1",0.6,31,"PELT",0.333333333333333,0.125,0.181818181818182,3,0.0442399951139875
"rand1",0.6,31,"SVP",0.25,0.125,0.166666666666667,4,0.043621590536023
"rand1",0.6,31,"SVP (BIC)",0.5,0.125,0.2,2,0.0956111943537711
"rand1",0.6,32,"PELT",0.333333333333333,0.125,0.181818181818182,3,0.0442399951139875
"rand1",0.6,32,"SVP",0.25,0.125,0.166666666666667,4,0.043621590536023
"rand1",0.6,32,"SVP (BIC)",0.5,0.125,0.2,2,0.0956111943537711
"rand1",0.6,33,"PELT",0.333333333333333,0.125,0.181818181818182,3,0.0442399951139875
"rand1",0.6,33,"SVP",0.25,0.125,0.166666666666667,4,0.043621590536023
"rand1",0.6,33,"SVP (BIC)",0.5,0.125,0.2,2,0.0956111943537711
"rand1",0.6,34,"PELT",0.333333333333333,0.125,0.181818181818182,3,0.0442399951139875
"rand1",0.6,34,"SVP",0.25,0.125,0.166666666666667,4,0.043621590536023
"rand1",0.6,34,"SVP (BIC)",0.5,0.125,0.2,2,0.0956111943537711
"rand1",0.6,35,"PELT",0.333333333333333,0.125,0.181818181818182,3,0.0442399951139875
"rand1",0.6,35,"SVP",0.25,0.125,0.166666666666667,4,0.043621590536023
"rand1",0.6,35,"SVP (BIC)",0.5,0.125,0.2,2,0.0956111943537711
"rand1",0.6,36,"PELT",0.333333333333333,0.125,0.181818181818182,3,0.0442399951139875
"rand1",0.6,36,"SVP",0.25,0.125,0.166666666666667,4,0.043621590536023
"rand1",0.6,36,"SVP (BIC)",0.5,0.125,0.2,2,0.0956111943537711
"rand1",0.6,37,"PELT",0.333333333333333,0.125,0.181818181818182,3,0.0442399951139875
"rand1",0.6,37,"SVP",0.25,0.125,0.166666666666667,4,0.043621590536023
"rand1",0.6,37,"SVP (BIC)",0.5,0.125,0.2,2,0.0956111943537711
"rand1",0.6,38,"PELT",0.333333333333333,0.125,0.181818181818182,3,0.0442399951139875
"rand1",0.6,38,"SVP",0.25,0.125,0.166666666666667,4,0.043621590536023
"rand1",0.6,38,"SVP (BIC)",0.5,0.125,0.2,2,0.0956111943537711
"rand1",0.6,39,"PELT",0.333333333333333,0.125,0.181818181818182,3,0.0442399951139875
"rand1",0.6,39,"SVP",0.25,0.125,0.166666666666667,4,0.043621590536023
"rand1",0.6,39,"SVP (BIC)",0.5,0.125,0.2,2,0.0956111943537711
"rand1",0.6,40,"PELT",0.333333333333333,0.125,0.181818181818182,3,0.0442399951139875
"rand1",0.6,40,"SVP",0.25,0.125,0.166666666666667,4,0.043621590536023
"rand1",0.6,40,"SVP (BIC)",0.5,0.125,0.2,2,0.0956111943537711
"rand1",0.6,41,"PELT",0.333333333333333,0.125,0.181818181818182,3,0.0442399951139875
"rand1",0.6,41,"SVP",0.25,0.125,0.166666666666667,4,0.043621590536023
"rand1",0.6,41,"SVP (BIC)",0.5,0.125,0.2,2,0.0956111943537711
"rand1",0.6,42,"PELT",0.333333333333333,0.125,0.181818181818182,3,0.0442399951139875
"rand1",0.6,42,"SVP",0.25,0.125,0.166666666666667,4,0.043621590536023
"rand1",0.6,42,"SVP (BIC)",0.5,0.125,0.2,2,0.0956111943537711
"rand1",0.6,43,"PELT",0.333333333333333,0.125,0.181818181818182,3,0.0442399951139875
"rand1",0.6,43,"SVP",0.25,0.125,0.166666666666667,4,0.043621590536023
"rand1",0.6,43,"SVP (BIC)",0.5,0.125,0.2,2,0.0956111943537711
"rand1",0.6,44,"PELT",0.333333333333333,0.125,0.181818181818182,3,0.0442399951139875
"rand1",0.6,44,"SVP",0.25,0.125,0.166666666666667,4,0.043621590536023
"rand1",0.6,44,"SVP (BIC)",0.5,0.125,0.2,2,0.0956111943537711
"rand1",0.6,45,"PELT",0.333333333333333,0.125,0.181818181818182,3,0.0442399951139875
"rand1",0.6,45,"SVP",0.25,0.125,0.166666666666667,4,0.043621590536023
"rand1",0.6,45,"SVP (BIC)",0.5,0.125,0.2,2,0.0956111943537711
"rand1",0.6,46,"PELT",0.333333333333333,0.125,0.181818181818182,3,0.0442399951139875
"rand1",0.6,46,"SVP",0.25,0.125,0.166666666666667,4,0.043621590536023
"rand1",0.6,46,"SVP (BIC)",0.5,0.125,0.2,2,0.0956111943537711
"rand1",0.6,47,"PELT",0.333333333333333,0.125,0.181818181818182,3,0.0442399951139875
"rand1",0.6,47,"SVP",0.25,0.125,0.166666666666667,4,0.043621590536023
"rand1",0.6,47,"SVP (BIC)",0.5,0.125,0.2,2,0.0956111943537711
"rand1",0.6,48,"PELT",0.333333333333333,0.125,0.181818181818182,3,0.0442399951139875
"rand1",0.6,48,"SVP",0.25,0.125,0.166666666666667,4,0.043621590536023
"rand1",0.6,48,"SVP (BIC)",0.5,0.125,0.2,2,0.0956111943537711
"rand1",0.6,49,"PELT",0.333333333333333,0.125,0.181818181818182,3,0.0442399951139875
"rand1",0.6,49,"SVP",0.25,0.125,0.166666666666667,4,0.043621590536023
"rand1",0.6,49,"SVP (BIC)",0.5,0.125,0.2,2,0.0956111943537711
"rand1",0.6,50,"PELT",0.333333333333333,0.125,0.181818181818182,3,0.0442399951139875
"rand1",0.6,50,"SVP",0.25,0.125,0.166666666666667,4,0.043621590536023
"rand1",0.6,50,"SVP (BIC)",0.5,0.125,0.2,2,0.0956111943537711
"none",0.7,1,"PELT",1,1,1,1,0.00030826230587649
"none",0.7,1,"SVP",1,1,1,1,0.00030826230587649
"none",0.7,1,"SVP (BIC)",1,1,1,1,0.00030826230587649
"none",0.7,2,"PELT",1,1,1,1,6.05594072500695e-05
"none",0.7,2,"SVP",1,1,1,1,6.05594072500695e-05
"none",0.7,2,"SVP (BIC)",1,1,1,1,6.05594072500695e-05
"none",0.7,3,"PELT",1,1,1,1,0.00055589934330667
"none",0.7,3,"SVP",1,1,1,1,0.00055589934330667
"none",0.7,3,"SVP (BIC)",1,1,1,1,0.00055589934330667
"none",0.7,4,"PELT",1,1,1,1,0.000458581300742751
"none",0.7,4,"SVP",1,1,1,1,0.000458581300742751
"none",0.7,4,"SVP (BIC)",1,1,1,1,0.000458581300742751
"none",0.7,5,"PELT",1,1,1,1,0.000207051892482998
"none",0.7,5,"SVP",1,1,1,1,0.000207051892482998
"none",0.7,5,"SVP (BIC)",1,1,1,1,0.000207051892482998
"none",0.7,6,"PELT",1,1,1,1,0.000203291156324436
"none",0.7,6,"SVP",1,1,1,1,0.000203291156324436
"none",0.7,6,"SVP (BIC)",1,1,1,1,0.000203291156324436
"none",0.7,7,"PELT",1,1,1,1,0.0022141627687706
"none",0.7,7,"SVP",1,1,1,1,0.0022141627687706
"none",0.7,7,"SVP (BIC)",1,1,1,1,0.0022141627687706
"none",0.7,8,"PELT",1,1,1,1,4.92528634643812e-05
"none",0.7,8,"SVP",1,1,1,1,4.92528634643812e-05
"none",0.7,8,"SVP (BIC)",1,1,1,1,4.92528634643812e-05
"none",0.7,9,"PELT",1,1,1,1,3.35572997164805e-09
"none",0.7,9,"SVP",1,1,1,1,3.35572997164805e-09
"none",0.7,9,"SVP (BIC)",1,1,1,1,3.35572997164805e-09
"none",0.7,10,"PELT",1,1,1,1,0.000654165401242303
"none",0.7,10,"SVP",1,1,1,1,0.000654165401242303
"none",0.7,10,"SVP (BIC)",1,1,1,1,0.000654165401242303
"none",0.7,11,"PELT",1,1,1,1,0.000862985879572154
"none",0.7,11,"SVP",1,1,1,1,0.000862985879572154
"none",0.7,11,"SVP (BIC)",1,1,1,1,0.000862985879572154
"none",0.7,12,"PELT",1,1,1,1,0.00049397188156543
"none",0.7,12,"SVP",1,1,1,1,0.00049397188156543
"none",0.7,12,"SVP (BIC)",1,1,1,1,0.00049397188156543
"none",0.7,13,"PELT",1,1,1,1,1.06881365420035e-05
"none",0.7,13,"SVP",1,1,1,1,1.06881365420035e-05
"none",0.7,13,"SVP (BIC)",1,1,1,1,1.06881365420035e-05
"none",0.7,14,"PELT",1,1,1,1,0.00042803197473763
"none",0.7,14,"SVP",1,1,1,1,0.00042803197473763
"none",0.7,14,"SVP (BIC)",1,1,1,1,0.00042803197473763
"none",0.7,15,"PELT",1,1,1,1,0.00160723780944147
"none",0.7,15,"SVP",1,1,1,1,0.00160723780944147
"none",0.7,15,"SVP (BIC)",1,1,1,1,0.00160723780944147
"none",0.7,16,"PELT",1,1,1,1,0.000379034937177908
"none",0.7,16,"SVP",1,1,1,1,0.000379034937177908
"none",0.7,16,"SVP (BIC)",1,1,1,1,0.000379034937177908
"none",0.7,17,"PELT",1,1,1,1,0.00161907661590327
"none",0.7,17,"SVP",1,1,1,1,0.00161907661590327
"none",0.7,17,"SVP (BIC)",1,1,1,1,0.00161907661590327
"none",0.7,18,"PELT",1,1,1,1,0.00044603310865677
"none",0.7,18,"SVP",1,1,1,1,0.00044603310865677
"none",0.7,18,"SVP (BIC)",1,1,1,1,0.00044603310865677
"none",0.7,19,"PELT",1,1,1,1,0.00133513454507805
"none",0.7,19,"SVP",1,1,1,1,0.00133513454507805
"none",0.7,19,"SVP (BIC)",1,1,1,1,0.00133513454507805
"none",0.7,20,"PELT",1,1,1,1,0.000839336095877171
"none",0.7,20,"SVP",1,1,1,1,0.000839336095877171
"none",0.7,20,"SVP (BIC)",1,1,1,1,0.000839336095877171
"none",0.7,21,"PELT",1,1,1,1,0.00182826830614919
"none",0.7,21,"SVP",1,1,1,1,0.00182826830614919
"none",0.7,21,"SVP (BIC)",1,1,1,1,0.00182826830614919
"none",0.7,22,"PELT",1,1,1,1,0.000161431611448411
"none",0.7,22,"SVP",1,1,1,1,0.000161431611448411
"none",0.7,22,"SVP (BIC)",1,1,1,1,0.000161431611448411
"none",0.7,23,"PELT",1,1,1,1,0.00120176250545881
"none",0.7,23,"SVP",1,1,1,1,0.00120176250545881
"none",0.7,23,"SVP (BIC)",1,1,1,1,0.00120176250545881
"none",0.7,24,"PELT",1,1,1,1,0.000739792366861035
"none",0.7,24,"SVP",1,1,1,1,0.000739792366861035
"none",0.7,24,"SVP (BIC)",1,1,1,1,0.000739792366861035
"none",0.7,25,"PELT",1,1,1,1,2.89448304661992e-06
"none",0.7,25,"SVP",1,1,1,1,2.89448304661992e-06
"none",0.7,25,"SVP (BIC)",1,1,1,1,2.89448304661992e-06
"none",0.7,26,"PELT",1,1,1,1,0.00158614678841739
"none",0.7,26,"SVP",1,1,1,1,0.00158614678841739
"none",0.7,26,"SVP (BIC)",1,1,1,1,0.00158614678841739
"none",0.7,27,"PELT",1,1,1,1,0.000357842265510085
"none",0.7,27,"SVP",1,1,1,1,0.000357842265510085
"none",0.7,27,"SVP (BIC)",1,1,1,1,0.000357842265510085
"none",0.7,28,"PELT",1,1,1,1,0.000153403608704182
"none",0.7,28,"SVP",1,1,1,1,0.000153403608704182
"none",0.7,28,"SVP (BIC)",1,1,1,1,0.000153403608704182
"none",0.7,29,"PELT",1,1,1,1,0.00263157711991968
"none",0.7,29,"SVP",1,1,1,1,0.00263157711991968
"none",0.7,29,"SVP (BIC)",1,1,1,1,0.00263157711991968
"none",0.7,30,"PELT",1,1,1,1,2.88018307525266e-05
"none",0.7,30,"SVP",1,1,1,1,2.88018307525266e-05
"none",0.7,30,"SVP (BIC)",1,1,1,1,2.88018307525266e-05
"none",0.7,31,"PELT",1,1,1,1,0.0022023992007894
"none",0.7,31,"SVP",1,1,1,1,0.0022023992007894
"none",0.7,31,"SVP (BIC)",1,1,1,1,0.0022023992007894
"none",0.7,32,"PELT",1,1,1,1,0.000836391614942436
"none",0.7,32,"SVP",1,1,1,1,0.000836391614942436
"none",0.7,32,"SVP (BIC)",1,1,1,1,0.000836391614942436
"none",0.7,33,"PELT",1,1,1,1,9.95668376740555e-05
"none",0.7,33,"SVP",1,1,1,1,9.95668376740555e-05
"none",0.7,33,"SVP (BIC)",1,1,1,1,9.95668376740555e-05
"none",0.7,34,"PELT",1,1,1,1,0.00414191359838667
"none",0.7,34,"SVP",1,1,1,1,0.00414191359838667
"none",0.7,34,"SVP (BIC)",1,1,1,1,0.00414191359838667
"none",0.7,35,"PELT",1,1,1,1,0.00030741365585747
"none",0.7,35,"SVP",1,1,1,1,0.00030741365585747
"none",0.7,35,"SVP (BIC)",1,1,1,1,0.00030741365585747
"none",0.7,36,"PELT",1,1,1,1,0.00076122030959873
"none",0.7,36,"SVP",1,1,1,1,0.00076122030959873
"none",0.7,36,"SVP (BIC)",1,1,1,1,0.00076122030959873
"none",0.7,37,"PELT",1,1,1,1,0.000418683203328152
"none",0.7,37,"SVP",1,1,1,1,0.000418683203328152
"none",0.7,37,"SVP (BIC)",1,1,1,1,0.000418683203328152
"none",0.7,38,"PELT",1,1,1,1,0.00368155284871317
"none",0.7,38,"SVP",1,1,1,1,0.00368155284871317
"none",0.7,38,"SVP (BIC)",1,1,1,1,0.00368155284871317
"none",0.7,39,"PELT",1,1,1,1,0.00308700220160074
"none",0.7,39,"SVP",1,1,1,1,0.00308700220160074
"none",0.7,39,"SVP (BIC)",1,1,1,1,0.00308700220160074
"none",0.7,40,"PELT",1,1,1,1,0.00184787115998782
"none",0.7,40,"SVP",1,1,1,1,0.00184787115998782
"none",0.7,40,"SVP (BIC)",1,1,1,1,0.00184787115998782
"none",0.7,41,"PELT",1,1,1,1,0.00111333383015064
"none",0.7,41,"SVP",1,1,1,1,0.00111333383015064
"none",0.7,41,"SVP (BIC)",1,1,1,1,0.00111333383015064
"none",0.7,42,"PELT",1,1,1,1,0.00205561642952643
"none",0.7,42,"SVP",1,1,1,1,0.00205561642952643
"none",0.7,42,"SVP (BIC)",1,1,1,1,0.00205561642952643
"none",0.7,43,"PELT",1,1,1,1,0.00176978580598494
"none",0.7,43,"SVP",1,1,1,1,0.00176978580598494
"none",0.7,43,"SVP (BIC)",1,1,1,1,0.00176978580598494
"none",0.7,44,"PELT",1,1,1,1,0.00124914459659972
"none",0.7,44,"SVP",1,1,1,1,0.00124914459659972
"none",0.7,44,"SVP (BIC)",1,1,1,1,0.00124914459659972
"none",0.7,45,"PELT",1,1,1,1,4.66905323715545e-06
"none",0.7,45,"SVP",1,1,1,1,4.66905323715545e-06
"none",0.7,45,"SVP (BIC)",1,1,1,1,4.66905323715545e-06
"none",0.7,46,"PELT",1,1,1,1,0.000215004439323687
"none",0.7,46,"SVP",1,1,1,1,0.000215004439323687
"none",0.7,46,"SVP (BIC)",1,1,1,1,0.000215004439323687
"none",0.7,47,"PELT",1,1,1,1,0.000764468482130736
"none",0.7,47,"SVP",1,1,1,1,0.000764468482130736
"none",0.7,47,"SVP (BIC)",1,1,1,1,0.000764468482130736
"none",0.7,48,"PELT",1,1,1,1,0.00103637175895053
"none",0.7,48,"SVP",1,1,1,1,0.00103637175895053
"none",0.7,48,"SVP (BIC)",1,1,1,1,0.00103637175895053
"none",0.7,49,"PELT",1,1,1,1,0.000566432778665019
"none",0.7,49,"SVP",1,1,1,1,0.000566432778665019
"none",0.7,49,"SVP (BIC)",1,1,1,1,0.000566432778665019
"none",0.7,50,"PELT",1,1,1,1,0.000139503391046091
"none",0.7,50,"SVP",1,1,1,1,0.000139503391046091
"none",0.7,50,"SVP (BIC)",1,1,1,1,0.000139503391046091
"up",0.7,1,"PELT",0.625,0.625,0.625,8,0.0389654971150477
"up",0.7,1,"SVP",0.5,0.375,0.428571428571429,6,0.0894534408981166
"up",0.7,1,"SVP (BIC)",0.4,0.25,0.307692307692308,5,0.120317186055127
"up",0.7,2,"PELT",0.5,0.5,0.5,8,0.0339865084554755
"up",0.7,2,"SVP",0.666666666666667,0.5,0.571428571428572,6,0.0863898093023941
"up",0.7,2,"SVP (BIC)",0.5,0.375,0.428571428571429,6,0.0806539463075776
"up",0.7,3,"PELT",0.375,0.375,0.375,8,0.0274144614337412
"up",0.7,3,"SVP",0.333333333333333,0.25,0.285714285714286,6,0.0951345543820358
"up",0.7,3,"SVP (BIC)",0.4,0.25,0.307692307692308,5,0.127575976626655
"up",0.7,4,"PELT",0.285714285714286,0.25,0.266666666666667,7,0.0680101573213476
"up",0.7,4,"SVP",0.4,0.25,0.307692307692308,5,0.116584008257522
"up",0.7,4,"SVP (BIC)",0.4,0.25,0.307692307692308,5,0.116584008257522
"up",0.7,5,"PELT",0.125,0.125,0.125,8,0.049493602604506
"up",0.7,5,"SVP",0.333333333333333,0.25,0.285714285714286,6,0.095278362268658
"up",0.7,5,"SVP (BIC)",0.2,0.125,0.153846153846154,5,0.130752210223662
"up",0.7,6,"PELT",0.625,0.625,0.625,8,0.0157719522530462
"up",0.7,6,"SVP",0.666666666666667,0.5,0.571428571428572,6,0.0784383900516648
"up",0.7,6,"SVP (BIC)",0.666666666666667,0.5,0.571428571428572,6,0.0793482504511826
"up",0.7,7,"PELT",0.285714285714286,0.25,0.266666666666667,7,0.0827449643328869
"up",0.7,7,"SVP",0.2,0.125,0.153846153846154,5,0.140404845584421
"up",0.7,7,"SVP (BIC)",0.2,0.125,0.153846153846154,5,0.120204952207281
"up",0.7,8,"PELT",0.625,0.625,0.625,8,0.0131463371450901
"up",0.7,8,"SVP",0.571428571428571,0.5,0.533333333333333,7,0.0438542675162093
"up",0.7,8,"SVP (BIC)",0.666666666666667,0.5,0.571428571428572,6,0.0731021436301069
"up",0.7,9,"PELT",0.5,0.375,0.428571428571429,6,0.080640474611712
"up",0.7,9,"SVP",0.5,0.375,0.428571428571429,6,0.080640474611712
"up",0.7,9,"SVP (BIC)",0.4,0.25,0.307692307692308,5,0.11675720457894
"up",0.7,10,"PELT",0.375,0.375,0.375,8,0.0507034069721611
"up",0.7,10,"SVP",0.5,0.375,0.428571428571429,6,0.106396974340381
"up",0.7,10,"SVP (BIC)",0.5,0.375,0.428571428571429,6,0.106396974340381
"up",0.7,11,"PELT",0.25,0.25,0.25,8,0.0361616150619608
"up",0.7,11,"SVP",0.285714285714286,0.25,0.266666666666667,7,0.0671508069353649
"up",0.7,11,"SVP (BIC)",0.2,0.125,0.153846153846154,5,0.133564818527717
"up",0.7,12,"PELT",0.5,0.5,0.5,8,0.0272218249224865
"up",0.7,12,"SVP",0.5,0.375,0.428571428571429,6,0.0956985893664917
"up",0.7,12,"SVP (BIC)",0.5,0.375,0.428571428571429,6,0.0956710331543439
"up",0.7,13,"PELT",0.142857142857143,0.125,0.133333333333333,7,0.076666785547243
"up",0.7,13,"SVP",0.333333333333333,0.25,0.285714285714286,6,0.0814734741373705
"up",0.7,13,"SVP (BIC)",0.2,0.125,0.153846153846154,5,0.152333170492204
"up",0.7,14,"PELT",0.125,0.125,0.125,8,0.0561019151960733
"up",0.7,14,"SVP",0.166666666666667,0.125,0.142857142857143,6,0.118764876349165
"up",0.7,14,"SVP (BIC)",0.166666666666667,0.125,0.142857142857143,6,0.104767671235302
"up",0.7,15,"PELT",0.714285714285714,0.625,0.666666666666667,7,0.0499363770606771
"up",0.7,15,"SVP",0.6,0.375,0.461538461538462,5,0.105946690802719
"up",0.7,15,"SVP (BIC)",0.8,0.5,0.615384615384615,5,0.0993441804119413
"up",0.7,16,"PELT",0.5,0.5,0.5,8,0.0195429770006986
"up",0.7,16,"SVP",0.5,0.375,0.428571428571429,6,0.0832470513008854
"up",0.7,16,"SVP (BIC)",0.4,0.25,0.307692307692308,5,0.121212722475929
"up",0.7,17,"PELT",0.375,0.375,0.375,8,0.0675360134985294
"up",0.7,17,"SVP",0.5,0.375,0.428571428571429,6,0.0855857695608571
"up",0.7,17,"SVP (BIC)",0.5,0.375,0.428571428571429,6,0.0851836401470623
"up",0.7,18,"PELT",0.625,0.625,0.625,8,0.0186171571757347
"up",0.7,18,"SVP",0.5,0.375,0.428571428571429,6,0.0866592271024113
"up",0.7,18,"SVP (BIC)",0.5,0.375,0.428571428571429,6,0.0866592271024113
"up",0.7,19,"PELT",0.75,0.75,0.75,8,0.0123785885091786
"up",0.7,19,"SVP",0.5,0.375,0.428571428571429,6,0.0819991415830716
"up",0.7,19,"SVP (BIC)",0.2,0.125,0.153846153846154,5,0.113232090722267
"up",0.7,20,"PELT",0.285714285714286,0.25,0.266666666666667,7,0.0635244972217354
"up",0.7,20,"SVP",0.285714285714286,0.25,0.266666666666667,7,0.0635244972217354
"up",0.7,20,"SVP (BIC)",0.333333333333333,0.25,0.285714285714286,6,0.0924444804856425
"up",0.7,21,"PELT",0.571428571428571,0.5,0.533333333333333,7,0.0544249900120377
"up",0.7,21,"SVP",0.2,0.125,0.153846153846154,5,0.154607857334257
"up",0.7,21,"SVP (BIC)",0.4,0.25,0.307692307692308,5,0.144786588805895
"up",0.7,22,"PELT",0.75,0.75,0.75,8,0.0165853224784909
"up",0.7,22,"SVP",0.666666666666667,0.5,0.571428571428572,6,0.0803486636465676
"up",0.7,22,"SVP (BIC)",0.833333333333333,0.625,0.714285714285714,6,0.070226647474946
"up",0.7,23,"PELT",0.625,0.625,0.625,8,0.0343295638840705
"up",0.7,23,"SVP",0.2,0.125,0.153846153846154,5,0.122634291309973
"up",0.7,23,"SVP (BIC)",0.75,0.375,0.5,4,0.136741265411564
"up",0.7,24,"PELT",0.555555555555556,0.625,0.588235294117647,9,0.0330118086168095
"up",0.7,24,"SVP",0.571428571428571,0.5,0.533333333333333,7,0.0689788341935153
"up",0.7,24,"SVP (BIC)",0.833333333333333,0.625,0.714285714285714,6,0.0703804559182329
"up",0.7,25,"PELT",0.25,0.25,0.25,8,0.0290971028285642
"up",0.7,25,"SVP",0.333333333333333,0.25,0.285714285714286,6,0.0901218246774105
"up",0.7,25,"SVP (BIC)",0.4,0.25,0.307692307692308,5,0.123618993761746
"up",0.7,26,"PELT",0.375,0.375,0.375,8,0.0243126990016309
"up",0.7,26,"SVP",0.285714285714286,0.25,0.266666666666667,7,0.0578809472730071
"up",0.7,26,"SVP (BIC)",0.333333333333333,0.25,0.285714285714286,6,0.0929464725560621
"up",0.7,27,"PELT",0.285714285714286,0.25,0.266666666666667,7,0.0545691867217746
"up",0.7,27,"SVP",0.333333333333333,0.25,0.285714285714286,6,0.0865633339970318
"up",0.7,27,"SVP (BIC)",0.333333333333333,0.25,0.285714285714286,6,0.0865633339970318
"up",0.7,28,"PELT",0.571428571428571,0.5,0.533333333333333,7,0.0500073456880007
"up",0.7,28,"SVP",0.5,0.375,0.428571428571429,6,0.0880009815069364
"up",0.7,28,"SVP (BIC)",0.4,0.25,0.307692307692308,5,0.148674107266394
"up",0.7,29,"PELT",0.571428571428571,0.5,0.533333333333333,7,0.0479036760060922
"up",0.7,29,"SVP",0.333333333333333,0.25,0.285714285714286,6,0.0896442756207262
"up",0.7,29,"SVP (BIC)",0.333333333333333,0.25,0.285714285714286,6,0.0896442756207262
"up",0.7,30,"PELT",0.375,0.375,0.375,8,0.0273234218230362
"up",0.7,30,"SVP",0.333333333333333,0.25,0.285714285714286,6,0.0881389449550328
"up",0.7,30,"SVP (BIC)",0.4,0.25,0.307692307692308,5,0.135172483846123
"up",0.7,31,"PELT",0.5,0.5,0.5,8,0.0191511631805468
"up",0.7,31,"SVP",0.333333333333333,0.25,0.285714285714286,6,0.0959541326159367
"up",0.7,31,"SVP (BIC)",0.2,0.125,0.153846153846154,5,0.138829996697767
"up",0.7,32,"PELT",0.5,0.5,0.5,8,0.0187977617112898
"up",0.7,32,"SVP",0.5,0.375,0.428571428571429,6,0.087668916333534
"up",0.7,32,"SVP (BIC)",0.6,0.375,0.461538461538462,5,0.112394608518045
"up",0.7,33,"PELT",0.75,0.75,0.75,8,0.0177779919373626
"up",0.7,33,"SVP",0.333333333333333,0.25,0.285714285714286,6,0.0909730741137973
"up",0.7,33,"SVP (BIC)",0.5,0.375,0.428571428571429,6,0.0808813217930945
"up",0.7,34,"PELT",0.5,0.5,0.5,8,0.0169535039083212
"up",0.7,34,"SVP",0.428571428571429,0.375,0.4,7,0.0444345377184434
"up",0.7,34,"SVP (BIC)",0.333333333333333,0.25,0.285714285714286,6,0.0877305377718443
"up",0.7,35,"PELT",0.166666666666667,0.125,0.142857142857143,6,0.109131181522737
"up",0.7,35,"SVP",0.166666666666667,0.125,0.142857142857143,6,0.109131181522737
"up",0.7,35,"SVP (BIC)",0.2,0.125,0.153846153846154,5,0.166481687941455
"up",0.7,36,"PELT",0.142857142857143,0.125,0.133333333333333,7,0.0655524381690713
"up",0.7,36,"SVP",0.2,0.125,0.153846153846154,5,0.12529174845905
"up",0.7,36,"SVP (BIC)",0.2,0.125,0.153846153846154,5,0.12529174845905
"up",0.7,37,"PELT",0.375,0.375,0.375,8,0.0270005052733082
"up",0.7,37,"SVP",0.5,0.375,0.428571428571429,6,0.0853960509911821
"up",0.7,37,"SVP (BIC)",0.666666666666667,0.5,0.571428571428572,6,0.0762494302682696
"up",0.7,38,"PELT",0.75,0.75,0.75,8,0.0163348014141689
"up",0.7,38,"SVP",0.666666666666667,0.5,0.571428571428572,6,0.0825154214323012
"up",0.7,38,"SVP (BIC)",0.666666666666667,0.5,0.571428571428572,6,0.0778218167069636
"up",0.7,39,"PELT",0.5,0.5,0.5,8,0.0298775449320637
"up",0.7,39,"SVP",0.5,0.375,0.428571428571429,6,0.0905644020488732
"up",0.7,39,"SVP (BIC)",0.5,0.375,0.428571428571429,6,0.0839414646541837
"up",0.7,40,"PELT",0.285714285714286,0.25,0.266666666666667,7,0.0524244697031589
"up",0.7,40,"SVP",0.333333333333333,0.25,0.285714285714286,6,0.0784451119863072
"up",0.7,40,"SVP (BIC)",0.333333333333333,0.25,0.285714285714286,6,0.0784451119863072
"up",0.7,41,"PELT",0.428571428571429,0.375,0.4,7,0.0468828185681819
"up",0.7,41,"SVP",0.166666666666667,0.125,0.142857142857143,6,0.0878149306551367
"up",0.7,41,"SVP (BIC)",0.333333333333333,0.25,0.285714285714286,6,0.0806043973096384
"up",0.7,42,"PELT",0.75,0.75,0.75,8,0.0316877443148994
"up",0.7,42,"SVP",0.714285714285714,0.625,0.666666666666667,7,0.0639242520349435
"up",0.7,42,"SVP (BIC)",0.666666666666667,0.5,0.571428571428572,6,0.0740707390034356
"up",0.7,43,"PELT",0.25,0.25,0.25,8,0.0309077504821209
"up",0.7,43,"SVP",0.333333333333333,0.25,0.285714285714286,6,0.0919977704494
"up",0.7,43,"SVP (BIC)",0.2,0.125,0.153846153846154,5,0.112072506242447
"up",0.7,44,"PELT",0.428571428571429,0.375,0.4,7,0.0505483512553944
"up",0.7,44,"SVP",0.333333333333333,0.25,0.285714285714286,6,0.0820038477580834
"up",0.7,44,"SVP (BIC)",0.2,0.125,0.153846153846154,5,0.121057989157297
"up",0.7,45,"PELT",0.428571428571429,0.375,0.4,7,0.050643939049522
"up",0.7,45,"SVP",0.5,0.375,0.428571428571429,6,0.07946367736982
"up",0.7,45,"SVP (BIC)",0.8,0.5,0.615384615384615,5,0.102550129769304
"up",0.7,46,"PELT",0.571428571428571,0.5,0.533333333333333,7,0.0668888684770673
"up",0.7,46,"SVP",0.4,0.25,0.307692307692308,5,0.121270524985423
"up",0.7,46,"SVP (BIC)",0.4,0.25,0.307692307692308,5,0.121270524985423
"up",0.7,47,"PELT",0.571428571428571,0.5,0.533333333333333,7,0.0449486430481528
"up",0.7,47,"SVP",0.333333333333333,0.25,0.285714285714286,6,0.0863595079189765
"up",0.7,47,"SVP (BIC)",0.333333333333333,0.25,0.285714285714286,6,0.0863595079189765
"up",0.7,48,"PELT",0.5,0.5,0.5,8,0.016718174997412
"up",0.7,48,"SVP",0.285714285714286,0.25,0.266666666666667,7,0.057550896050436
"up",0.7,48,"SVP (BIC)",0.166666666666667,0.125,0.142857142857143,6,0.0877115207152184
"up",0.7,49,"PELT",0.625,0.625,0.625,8,0.0221501149803991
"up",0.7,49,"SVP",0.333333333333333,0.25,0.285714285714286,6,0.0872146700500284
"up",0.7,49,"SVP (BIC)",0.4,0.25,0.307692307692308,5,0.122194290442486
"up",0.7,50,"PELT",0.428571428571429,0.375,0.4,7,0.0481266434932045
"up",0.7,50,"SVP",0.428571428571429,0.375,0.4,7,0.0481266434932045
"up",0.7,50,"SVP (BIC)",0.333333333333333,0.25,0.285714285714286,6,0.078086158432034
"updown",0.7,1,"PELT",0.5,0.5,0.5,8,0.0249035863615767
"updown",0.7,1,"SVP",0.75,0.375,0.5,4,0.0813531582282245
"updown",0.7,1,"SVP (BIC)",0.333333333333333,0.125,0.181818181818182,3,0.115303303102649
"updown",0.7,2,"PELT",0.5,0.5,0.5,8,0.0396974526589274
"updown",0.7,2,"SVP",0.285714285714286,0.25,0.266666666666667,7,0.0788798533725884
"updown",0.7,2,"SVP (BIC)",0.4,0.25,0.307692307692308,5,0.101661575085357
"updown",0.7,3,"PELT",0.25,0.25,0.25,8,0.0569606146905445
"updown",0.7,3,"SVP",0.166666666666667,0.125,0.142857142857143,6,0.112279965770545
"updown",0.7,3,"SVP (BIC)",0.2,0.125,0.153846153846154,5,0.117472889059911
"updown",0.7,4,"PELT",0.625,0.625,0.625,8,0.0395938916754241
"updown",0.7,4,"SVP",0.666666666666667,0.5,0.571428571428572,6,0.0683495523352409
"updown",0.7,4,"SVP (BIC)",0.333333333333333,0.125,0.181818181818182,3,0.115417216733706
"updown",0.7,5,"PELT",0.875,0.875,0.875,8,0.0268356599320924
"updown",0.7,5,"SVP",0.6,0.375,0.461538461538462,5,0.0910091460549586
"updown",0.7,5,"SVP (BIC)",0.5,0.25,0.333333333333333,4,0.101926663127045
"updown",0.7,6,"PELT",0.75,0.75,0.75,8,0.0197699713209804
"updown",0.7,6,"SVP",0.8,0.5,0.615384615384615,5,0.0679941115690781
"updown",0.7,6,"SVP (BIC)",0.5,0.125,0.2,2,0.113825620763227
"updown",0.7,7,"PELT",0.142857142857143,0.125,0.133333333333333,7,0.0794869876039777
"updown",0.7,7,"SVP",0.2,0.125,0.153846153846154,5,0.0950465533991411
"updown",0.7,7,"SVP (BIC)",0.333333333333333,0.125,0.181818181818182,3,0.110579833225712
"updown",0.7,8,"PELT",0.5,0.5,0.5,8,0.0233428751931436
"updown",0.7,8,"SVP",0.5,0.125,0.2,2,0.109441872496745
"updown",0.7,8,"SVP (BIC)",1,0.125,0.222222222222222,1,0.122698242732963
"updown",0.7,9,"PELT",0.375,0.375,0.375,8,0.0140224293848653
"updown",0.7,9,"SVP",0.666666666666667,0.25,0.363636363636364,3,0.104303249702995
"updown",0.7,9,"SVP (BIC)",1,0.125,0.222222222222222,1,0.122503647423324
"updown",0.7,10,"PELT",0.625,0.625,0.625,8,0.0222629615204406
"updown",0.7,10,"SVP",0.5,0.25,0.333333333333333,4,0.0951886460481095
"updown",0.7,10,"SVP (BIC)",0.333333333333333,0.125,0.181818181818182,3,0.112458672219934
"updown",0.7,11,"PELT",0.444444444444444,0.5,0.470588235294118,9,0.052370978663277
"updown",0.7,11,"SVP",0.428571428571429,0.375,0.4,7,0.052494811226477
"updown",0.7,11,"SVP (BIC)",0.6,0.375,0.461538461538462,5,0.0750599332136632
"updown",0.7,12,"PELT",0.625,0.625,0.625,8,0.0237648159038966
"updown",0.7,12,"SVP",0.6,0.375,0.461538461538462,5,0.078189363270859
"updown",0.7,12,"SVP (BIC)",0.333333333333333,0.125,0.181818181818182,3,0.106303635269466
"updown",0.7,13,"PELT",0.666666666666667,0.5,0.571428571428572,6,0.0542165224123808
"updown",0.7,13,"SVP",0.2,0.125,0.153846153846154,5,0.076274038420886
"updown",0.7,13,"SVP (BIC)",0.5,0.125,0.2,2,0.107888187698384
"updown",0.7,14,"PELT",0.75,0.75,0.75,8,0.0163967844298047
"updown",0.7,14,"SVP",1,0.5,0.666666666666667,4,0.0788237392462769
"updown",0.7,14,"SVP (BIC)",0.666666666666667,0.25,0.363636363636364,3,0.0981934134830274
"updown",0.7,15,"PELT",0.5,0.5,0.5,8,0.0493941597160455
"updown",0.7,15,"SVP",0.4,0.25,0.307692307692308,5,0.113240695071514
"updown",0.7,15,"SVP (BIC)",0.333333333333333,0.125,0.181818181818182,3,0.108822837896845
"updown",0.7,16,"PELT",0.25,0.25,0.25,8,0.0299771171605713
"updown",0.7,16,"SVP",0.25,0.125,0.166666666666667,4,0.0844906159582041
"updown",0.7,16,"SVP (BIC)",0.5,0.125,0.2,2,0.110279085266373
"updown",0.7,17,"PELT",0.375,0.375,0.375,8,0.0382549049279969
"updown",0.7,17,"SVP",0.333333333333333,0.25,0.285714285714286,6,0.100764624718894
"updown",0.7,17,"SVP (BIC)",0.5,0.25,0.333333333333333,4,0.0918913815199045
"updown",0.7,18,"PELT",0.444444444444444,0.5,0.470588235294118,9,0.0455469083770254
"updown",0.7,18,"SVP",0.75,0.375,0.5,4,0.0896271167489832
"updown",0.7,18,"SVP (BIC)",0.666666666666667,0.25,0.363636363636364,3,0.0997740060185883
"updown",0.7,19,"PELT",0.444444444444444,0.5,0.470588235294118,9,0.0378949115567645
"updown",0.7,19,"SVP",0.5,0.375,0.428571428571429,6,0.066204224005467
"updown",0.7,19,"SVP (BIC)",0.5,0.125,0.2,2,0.117978236156112
"updown",0.7,20,"PELT",0.5,0.5,0.5,8,0.0352534261116901
"updown",0.7,20,"SVP",0.75,0.375,0.5,4,0.104762162112664
"updown",0.7,20,"SVP (BIC)",0.5,0.125,0.2,2,0.119096801452125
"updown",0.7,21,"PELT",0.333333333333333,0.25,0.285714285714286,6,0.0741301399281784
"updown",0.7,21,"SVP",0.333333333333333,0.125,0.181818181818182,3,0.108585322770607
"updown",0.7,21,"SVP (BIC)",0.5,0.125,0.2,2,0.106923808024694
"updown",0.7,22,"PELT",0.5,0.5,0.5,8,0.0232101088430119
"updown",0.7,22,"SVP",1,0.25,0.4,2,0.106959802199907
"updown",0.7,22,"SVP (BIC)",1,0.25,0.4,2,0.107010902727587
"updown",0.7,23,"PELT",0.5,0.5,0.5,8,0.0411449785874098
"updown",0.7,23,"SVP",0.428571428571429,0.375,0.4,7,0.0668653547197663
"updown",0.7,23,"SVP (BIC)",0.333333333333333,0.125,0.181818181818182,3,0.11464456659503
"updown",0.7,24,"PELT",0.625,0.625,0.625,8,0.023321705415448
"updown",0.7,24,"SVP",0.428571428571429,0.375,0.4,7,0.0764668797221987
"updown",0.7,24,"SVP (BIC)",0.333333333333333,0.125,0.181818181818182,3,0.11489459810519
"updown",0.7,25,"PELT",0.5,0.375,0.428571428571429,6,0.0582674722260805
"updown",0.7,25,"SVP",0.333333333333333,0.125,0.181818181818182,3,0.11193329835446
"updown",0.7,25,"SVP (BIC)",0.5,0.125,0.2,2,0.113814144131388
"updown",0.7,26,"PELT",0.166666666666667,0.125,0.142857142857143,6,0.0648656850880053
"updown",0.7,26,"SVP",0.333333333333333,0.125,0.181818181818182,3,0.123305521739185
"updown",0.7,26,"SVP (BIC)",0.5,0.125,0.2,2,0.113367290819839
"updown",0.7,27,"PELT",0.375,0.375,0.375,8,0.0250100108285669
"updown",0.7,27,"SVP",0.5,0.25,0.333333333333333,4,0.0856815829452699
"updown",0.7,27,"SVP (BIC)",0.333333333333333,0.125,0.181818181818182,3,0.116890718496623
"updown",0.7,28,"PELT",0.625,0.625,0.625,8,0.0256823423504181
"updown",0.7,28,"SVP",0.25,0.125,0.166666666666667,4,0.123828190296872
"updown",0.7,28,"SVP (BIC)",0.5,0.125,0.2,2,0.111874338991488
"updown",0.7,29,"PELT",0.5,0.375,0.428571428571429,6,0.0736402315764796
"updown",0.7,29,"SVP",0.666666666666667,0.25,0.363636363636364,3,0.094291269421258
"updown",0.7,29,"SVP (BIC)",1,0.125,0.222222222222222,1,0.123064729616244
"updown",0.7,30,"PELT",0.625,0.625,0.625,8,0.0137566577160397
"updown",0.7,30,"SVP",0.285714285714286,0.25,0.266666666666667,7,0.0691214232156253
"updown",0.7,30,"SVP (BIC)",0.5,0.125,0.2,2,0.11316894850462
"updown",0.7,31,"PELT",0.375,0.375,0.375,8,0.036161922410066
"updown",0.7,31,"SVP",0.25,0.125,0.166666666666667,4,0.10989546964365
"updown",0.7,31,"SVP (BIC)",0.666666666666667,0.25,0.363636363636364,3,0.111524391177438
"updown",0.7,32,"PELT",0.375,0.375,0.375,8,0.0368677970204167
"updown",0.7,32,"SVP",0.2,0.125,0.153846153846154,5,0.0908041101957964
"updown",0.7,32,"SVP (BIC)",0.666666666666667,0.25,0.363636363636364,3,0.0992904838807954
"updown",0.7,33,"PELT",0.5,0.5,0.5,8,0.051298988454852
"updown",0.7,33,"SVP",0.428571428571429,0.375,0.4,7,0.0747825993425966
"updown",0.7,33,"SVP (BIC)",0.8,0.5,0.615384615384615,5,0.101820301558802
"updown",0.7,34,"PELT",0.5,0.125,0.2,2,0.106635012562959
"updown",0.7,34,"SVP",1,0.125,0.222222222222222,1,0.12330966776521
"updown",0.7,34,"SVP (BIC)",1,0.125,0.222222222222222,1,0.12330966776521
"updown",0.7,35,"PELT",0.5,0.5,0.5,8,0.0440952609774382
"updown",0.7,35,"SVP",0.5,0.375,0.428571428571429,6,0.0911641282339352
"updown",0.7,35,"SVP (BIC)",0.25,0.125,0.166666666666667,4,0.103396568381037
"updown",0.7,36,"PELT",0.375,0.375,0.375,8,0.0433486044642055
"updown",0.7,36,"SVP",0.5,0.375,0.428571428571429,6,0.0584605046178848
"updown",0.7,36,"SVP (BIC)",0.333333333333333,0.125,0.181818181818182,3,0.11768664560717
"updown",0.7,37,"PELT",0.125,0.125,0.125,8,0.0438996543509808
"updown",0.7,37,"SVP",0.333333333333333,0.125,0.181818181818182,3,0.121589158651822
"updown",0.7,37,"SVP (BIC)",0.5,0.125,0.2,2,0.110315243042456
"updown",0.7,38,"PELT",0.25,0.25,0.25,8,0.0314961721549755
"updown",0.7,38,"SVP",0.333333333333333,0.125,0.181818181818182,3,0.101941617734116
"updown",0.7,38,"SVP (BIC)",0.333333333333333,0.125,0.181818181818182,3,0.102779926254774
"updown",0.7,39,"PELT",0.5,0.375,0.428571428571429,6,0.0610429058616214
"updown",0.7,39,"SVP",0.4,0.25,0.307692307692308,5,0.094985062706776
"updown",0.7,39,"SVP (BIC)",0.5,0.25,0.333333333333333,4,0.103765547643708
"updown",0.7,40,"PELT",0.375,0.375,0.375,8,0.0210485779541097
"updown",0.7,40,"SVP",0.4,0.25,0.307692307692308,5,0.079306420935736
"updown",0.7,40,"SVP (BIC)",0.5,0.125,0.2,2,0.114545483183469
"updown",0.7,41,"PELT",0.5,0.5,0.5,8,0.0320604896084074
"updown",0.7,41,"SVP",0.4,0.25,0.307692307692308,5,0.0890313462444857
"updown",0.7,41,"SVP (BIC)",0.666666666666667,0.25,0.363636363636364,3,0.10422651945479
"updown",0.7,42,"PELT",0.5,0.5,0.5,8,0.0393901658446799
"updown",0.7,42,"SVP",0.5,0.25,0.333333333333333,4,0.0931053018242196
"updown",0.7,42,"SVP (BIC)",0.333333333333333,0.125,0.181818181818182,3,0.115345248951179
"updown",0.7,43,"PELT",0.25,0.25,0.25,8,0.0562494048300059
"updown",0.7,43,"SVP",0.2,0.125,0.153846153846154,5,0.0872588861316247
"updown",0.7,43,"SVP (BIC)",0.25,0.125,0.166666666666667,4,0.0912213933053128
"updown",0.7,44,"PELT",0.25,0.25,0.25,8,0.0392400869234427
"updown",0.7,44,"SVP",0.75,0.375,0.5,4,0.0808119594713117
"updown",0.7,44,"SVP (BIC)",1,0.25,0.4,2,0.109843559566077
"updown",0.7,45,"PELT",0.428571428571429,0.375,0.4,7,0.0496488221067158
"updown",0.7,45,"SVP",0.75,0.375,0.5,4,0.0951954294479403
"updown",0.7,45,"SVP (BIC)",0.333333333333333,0.125,0.181818181818182,3,0.0985406793263135
"updown",0.7,46,"PELT",0.666666666666667,0.5,0.571428571428572,6,0.0717477638793949
"updown",0.7,46,"SVP",0.666666666666667,0.25,0.363636363636364,3,0.100245737097091
"updown",0.7,46,"SVP (BIC)",0.333333333333333,0.125,0.181818181818182,3,0.106960668121577
"updown",0.7,47,"PELT",0.666666666666667,0.5,0.571428571428572,6,0.0586540510801628
"updown",0.7,47,"SVP",0.4,0.25,0.307692307692308,5,0.0924490528260582
"updown",0.7,47,"SVP (BIC)",0.333333333333333,0.125,0.181818181818182,3,0.117017952940323
"updown",0.7,48,"PELT",0.75,0.75,0.75,8,0.0181804341104326
"updown",0.7,48,"SVP",0.4,0.25,0.307692307692308,5,0.084290079413935
"updown",0.7,48,"SVP (BIC)",0.666666666666667,0.25,0.363636363636364,3,0.100080152180476
"updown",0.7,49,"PELT",0.75,0.75,0.75,8,0.022163681066576
"updown",0.7,49,"SVP",0.5,0.25,0.333333333333333,4,0.0913757458784785
"updown",0.7,49,"SVP (BIC)",0.666666666666667,0.25,0.363636363636364,3,0.113101955520289
"updown",0.7,50,"PELT",0.5,0.25,0.333333333333333,4,0.0815768608596386
"updown",0.7,50,"SVP",0.666666666666667,0.25,0.363636363636364,3,0.101269923503456
"updown",0.7,50,"SVP (BIC)",0.5,0.125,0.2,2,0.108938149581226
"rand1",0.7,1,"PELT",0.4,0.25,0.307692307692308,5,0.0357848240726668
"rand1",0.7,1,"SVP",0.25,0.125,0.166666666666667,4,0.0558286429967034
"rand1",0.7,1,"SVP (BIC)",0.5,0.25,0.333333333333333,4,0.048346364929342
"rand1",0.7,2,"PELT",0.4,0.25,0.307692307692308,5,0.0357848240726668
"rand1",0.7,2,"SVP",0.25,0.125,0.166666666666667,4,0.0558286429967034
"rand1",0.7,2,"SVP (BIC)",0.5,0.25,0.333333333333333,4,0.048346364929342
"rand1",0.7,3,"PELT",0.4,0.25,0.307692307692308,5,0.0357848240726668
"rand1",0.7,3,"SVP",0.25,0.125,0.166666666666667,4,0.0558286429967034
"rand1",0.7,3,"SVP (BIC)",0.5,0.25,0.333333333333333,4,0.048346364929342
"rand1",0.7,4,"PELT",0.4,0.25,0.307692307692308,5,0.0357848240726668
"rand1",0.7,4,"SVP",0.25,0.125,0.166666666666667,4,0.0558286429967034
"rand1",0.7,4,"SVP (BIC)",0.5,0.25,0.333333333333333,4,0.048346364929342
"rand1",0.7,5,"PELT",0.4,0.25,0.307692307692308,5,0.0357848240726668
"rand1",0.7,5,"SVP",0.25,0.125,0.166666666666667,4,0.0558286429967034
"rand1",0.7,5,"SVP (BIC)",0.5,0.25,0.333333333333333,4,0.048346364929342
"rand1",0.7,6,"PELT",0.4,0.25,0.307692307692308,5,0.0357848240726668
"rand1",0.7,6,"SVP",0.25,0.125,0.166666666666667,4,0.0558286429967034
"rand1",0.7,6,"SVP (BIC)",0.5,0.25,0.333333333333333,4,0.048346364929342
"rand1",0.7,7,"PELT",0.4,0.25,0.307692307692308,5,0.0357848240726668
"rand1",0.7,7,"SVP",0.25,0.125,0.166666666666667,4,0.0558286429967034
"rand1",0.7,7,"SVP (BIC)",0.5,0.25,0.333333333333333,4,0.048346364929342
"rand1",0.7,8,"PELT",0.4,0.25,0.307692307692308,5,0.0357848240726668
"rand1",0.7,8,"SVP",0.25,0.125,0.166666666666667,4,0.0558286429967034
"rand1",0.7,8,"SVP (BIC)",0.5,0.25,0.333333333333333,4,0.048346364929342
"rand1",0.7,9,"PELT",0.4,0.25,0.307692307692308,5,0.0357848240726668
"rand1",0.7,9,"SVP",0.25,0.125,0.166666666666667,4,0.0558286429967034
"rand1",0.7,9,"SVP (BIC)",0.5,0.25,0.333333333333333,4,0.048346364929342
"rand1",0.7,10,"PELT",0.4,0.25,0.307692307692308,5,0.0357848240726668
"rand1",0.7,10,"SVP",0.25,0.125,0.166666666666667,4,0.0558286429967034
"rand1",0.7,10,"SVP (BIC)",0.5,0.25,0.333333333333333,4,0.048346364929342
"rand1",0.7,11,"PELT",0.4,0.25,0.307692307692308,5,0.0357848240726668
"rand1",0.7,11,"SVP",0.25,0.125,0.166666666666667,4,0.0558286429967034
"rand1",0.7,11,"SVP (BIC)",0.5,0.25,0.333333333333333,4,0.048346364929342
"rand1",0.7,12,"PELT",0.4,0.25,0.307692307692308,5,0.0357848240726668
"rand1",0.7,12,"SVP",0.25,0.125,0.166666666666667,4,0.0558286429967034
"rand1",0.7,12,"SVP (BIC)",0.5,0.25,0.333333333333333,4,0.048346364929342
"rand1",0.7,13,"PELT",0.4,0.25,0.307692307692308,5,0.0357848240726668
"rand1",0.7,13,"SVP",0.25,0.125,0.166666666666667,4,0.0558286429967034
"rand1",0.7,13,"SVP (BIC)",0.5,0.25,0.333333333333333,4,0.048346364929342
"rand1",0.7,14,"PELT",0.4,0.25,0.307692307692308,5,0.0357848240726668
"rand1",0.7,14,"SVP",0.25,0.125,0.166666666666667,4,0.0558286429967034
"rand1",0.7,14,"SVP (BIC)",0.5,0.25,0.333333333333333,4,0.048346364929342
"rand1",0.7,15,"PELT",0.4,0.25,0.307692307692308,5,0.0357848240726668
"rand1",0.7,15,"SVP",0.25,0.125,0.166666666666667,4,0.0558286429967034
"rand1",0.7,15,"SVP (BIC)",0.5,0.25,0.333333333333333,4,0.048346364929342
"rand1",0.7,16,"PELT",0.4,0.25,0.307692307692308,5,0.0357848240726668
"rand1",0.7,16,"SVP",0.25,0.125,0.166666666666667,4,0.0558286429967034
"rand1",0.7,16,"SVP (BIC)",0.5,0.25,0.333333333333333,4,0.048346364929342
"rand1",0.7,17,"PELT",0.4,0.25,0.307692307692308,5,0.0357848240726668
"rand1",0.7,17,"SVP",0.25,0.125,0.166666666666667,4,0.0558286429967034
"rand1",0.7,17,"SVP (BIC)",0.5,0.25,0.333333333333333,4,0.048346364929342
"rand1",0.7,18,"PELT",0.4,0.25,0.307692307692308,5,0.0357848240726668
"rand1",0.7,18,"SVP",0.25,0.125,0.166666666666667,4,0.0558286429967034
"rand1",0.7,18,"SVP (BIC)",0.5,0.25,0.333333333333333,4,0.048346364929342
"rand1",0.7,19,"PELT",0.4,0.25,0.307692307692308,5,0.0357848240726668
"rand1",0.7,19,"SVP",0.25,0.125,0.166666666666667,4,0.0558286429967034
"rand1",0.7,19,"SVP (BIC)",0.5,0.25,0.333333333333333,4,0.048346364929342
"rand1",0.7,20,"PELT",0.4,0.25,0.307692307692308,5,0.0357848240726668
"rand1",0.7,20,"SVP",0.25,0.125,0.166666666666667,4,0.0558286429967034
"rand1",0.7,20,"SVP (BIC)",0.5,0.25,0.333333333333333,4,0.048346364929342
"rand1",0.7,21,"PELT",0.4,0.25,0.307692307692308,5,0.0357848240726668
"rand1",0.7,21,"SVP",0.25,0.125,0.166666666666667,4,0.0558286429967034
"rand1",0.7,21,"SVP (BIC)",0.5,0.25,0.333333333333333,4,0.048346364929342
"rand1",0.7,22,"PELT",0.4,0.25,0.307692307692308,5,0.0357848240726668
"rand1",0.7,22,"SVP",0.25,0.125,0.166666666666667,4,0.0558286429967034
"rand1",0.7,22,"SVP (BIC)",0.5,0.25,0.333333333333333,4,0.048346364929342
"rand1",0.7,23,"PELT",0.4,0.25,0.307692307692308,5,0.0357848240726668
"rand1",0.7,23,"SVP",0.25,0.125,0.166666666666667,4,0.0558286429967034
"rand1",0.7,23,"SVP (BIC)",0.5,0.25,0.333333333333333,4,0.048346364929342
"rand1",0.7,24,"PELT",0.4,0.25,0.307692307692308,5,0.0357848240726668
"rand1",0.7,24,"SVP",0.25,0.125,0.166666666666667,4,0.0558286429967034
"rand1",0.7,24,"SVP (BIC)",0.5,0.25,0.333333333333333,4,0.048346364929342
"rand1",0.7,25,"PELT",0.4,0.25,0.307692307692308,5,0.0357848240726668
"rand1",0.7,25,"SVP",0.25,0.125,0.166666666666667,4,0.0558286429967034
"rand1",0.7,25,"SVP (BIC)",0.5,0.25,0.333333333333333,4,0.048346364929342
"rand1",0.7,26,"PELT",0.4,0.25,0.307692307692308,5,0.0357848240726668
"rand1",0.7,26,"SVP",0.25,0.125,0.166666666666667,4,0.0558286429967034
"rand1",0.7,26,"SVP (BIC)",0.5,0.25,0.333333333333333,4,0.048346364929342
"rand1",0.7,27,"PELT",0.4,0.25,0.307692307692308,5,0.0357848240726668
"rand1",0.7,27,"SVP",0.25,0.125,0.166666666666667,4,0.0558286429967034
"rand1",0.7,27,"SVP (BIC)",0.5,0.25,0.333333333333333,4,0.048346364929342
"rand1",0.7,28,"PELT",0.4,0.25,0.307692307692308,5,0.0357848240726668
"rand1",0.7,28,"SVP",0.25,0.125,0.166666666666667,4,0.0558286429967034
"rand1",0.7,28,"SVP (BIC)",0.5,0.25,0.333333333333333,4,0.048346364929342
"rand1",0.7,29,"PELT",0.4,0.25,0.307692307692308,5,0.0357848240726668
"rand1",0.7,29,"SVP",0.25,0.125,0.166666666666667,4,0.0558286429967034
"rand1",0.7,29,"SVP (BIC)",0.5,0.25,0.333333333333333,4,0.048346364929342
"rand1",0.7,30,"PELT",0.4,0.25,0.307692307692308,5,0.0357848240726668
"rand1",0.7,30,"SVP",0.25,0.125,0.166666666666667,4,0.0558286429967034
"rand1",0.7,30,"SVP (BIC)",0.5,0.25,0.333333333333333,4,0.048346364929342
"rand1",0.7,31,"PELT",0.4,0.25,0.307692307692308,5,0.0357848240726668
"rand1",0.7,31,"SVP",0.25,0.125,0.166666666666667,4,0.0558286429967034
"rand1",0.7,31,"SVP (BIC)",0.5,0.25,0.333333333333333,4,0.048346364929342
"rand1",0.7,32,"PELT",0.4,0.25,0.307692307692308,5,0.0357848240726668
"rand1",0.7,32,"SVP",0.25,0.125,0.166666666666667,4,0.0558286429967034
"rand1",0.7,32,"SVP (BIC)",0.5,0.25,0.333333333333333,4,0.048346364929342
"rand1",0.7,33,"PELT",0.4,0.25,0.307692307692308,5,0.0357848240726668
"rand1",0.7,33,"SVP",0.25,0.125,0.166666666666667,4,0.0558286429967034
"rand1",0.7,33,"SVP (BIC)",0.5,0.25,0.333333333333333,4,0.048346364929342
"rand1",0.7,34,"PELT",0.4,0.25,0.307692307692308,5,0.0357848240726668
"rand1",0.7,34,"SVP",0.25,0.125,0.166666666666667,4,0.0558286429967034
"rand1",0.7,34,"SVP (BIC)",0.5,0.25,0.333333333333333,4,0.048346364929342
"rand1",0.7,35,"PELT",0.4,0.25,0.307692307692308,5,0.0357848240726668
"rand1",0.7,35,"SVP",0.25,0.125,0.166666666666667,4,0.0558286429967034
"rand1",0.7,35,"SVP (BIC)",0.5,0.25,0.333333333333333,4,0.048346364929342
"rand1",0.7,36,"PELT",0.4,0.25,0.307692307692308,5,0.0357848240726668
"rand1",0.7,36,"SVP",0.25,0.125,0.166666666666667,4,0.0558286429967034
"rand1",0.7,36,"SVP (BIC)",0.5,0.25,0.333333333333333,4,0.048346364929342
"rand1",0.7,37,"PELT",0.4,0.25,0.307692307692308,5,0.0357848240726668
"rand1",0.7,37,"SVP",0.25,0.125,0.166666666666667,4,0.0558286429967034
"rand1",0.7,37,"SVP (BIC)",0.5,0.25,0.333333333333333,4,0.048346364929342
"rand1",0.7,38,"PELT",0.4,0.25,0.307692307692308,5,0.0357848240726668
"rand1",0.7,38,"SVP",0.25,0.125,0.166666666666667,4,0.0558286429967034
"rand1",0.7,38,"SVP (BIC)",0.5,0.25,0.333333333333333,4,0.048346364929342
"rand1",0.7,39,"PELT",0.4,0.25,0.307692307692308,5,0.0357848240726668
"rand1",0.7,39,"SVP",0.25,0.125,0.166666666666667,4,0.0558286429967034
"rand1",0.7,39,"SVP (BIC)",0.5,0.25,0.333333333333333,4,0.048346364929342
"rand1",0.7,40,"PELT",0.4,0.25,0.307692307692308,5,0.0357848240726668
"rand1",0.7,40,"SVP",0.25,0.125,0.166666666666667,4,0.0558286429967034
"rand1",0.7,40,"SVP (BIC)",0.5,0.25,0.333333333333333,4,0.048346364929342
"rand1",0.7,41,"PELT",0.4,0.25,0.307692307692308,5,0.0357848240726668
"rand1",0.7,41,"SVP",0.25,0.125,0.166666666666667,4,0.0558286429967034
"rand1",0.7,41,"SVP (BIC)",0.5,0.25,0.333333333333333,4,0.048346364929342
"rand1",0.7,42,"PELT",0.4,0.25,0.307692307692308,5,0.0357848240726668
"rand1",0.7,42,"SVP",0.25,0.125,0.166666666666667,4,0.0558286429967034
"rand1",0.7,42,"SVP (BIC)",0.5,0.25,0.333333333333333,4,0.048346364929342
"rand1",0.7,43,"PELT",0.4,0.25,0.307692307692308,5,0.0357848240726668
"rand1",0.7,43,"SVP",0.25,0.125,0.166666666666667,4,0.0558286429967034
"rand1",0.7,43,"SVP (BIC)",0.5,0.25,0.333333333333333,4,0.048346364929342
"rand1",0.7,44,"PELT",0.4,0.25,0.307692307692308,5,0.0357848240726668
"rand1",0.7,44,"SVP",0.25,0.125,0.166666666666667,4,0.0558286429967034
"rand1",0.7,44,"SVP (BIC)",0.5,0.25,0.333333333333333,4,0.048346364929342
"rand1",0.7,45,"PELT",0.4,0.25,0.307692307692308,5,0.0357848240726668
"rand1",0.7,45,"SVP",0.25,0.125,0.166666666666667,4,0.0558286429967034
"rand1",0.7,45,"SVP (BIC)",0.5,0.25,0.333333333333333,4,0.048346364929342
"rand1",0.7,46,"PELT",0.4,0.25,0.307692307692308,5,0.0357848240726668
"rand1",0.7,46,"SVP",0.25,0.125,0.166666666666667,4,0.0558286429967034
"rand1",0.7,46,"SVP (BIC)",0.5,0.25,0.333333333333333,4,0.048346364929342
"rand1",0.7,47,"PELT",0.4,0.25,0.307692307692308,5,0.0357848240726668
"rand1",0.7,47,"SVP",0.25,0.125,0.166666666666667,4,0.0558286429967034
"rand1",0.7,47,"SVP (BIC)",0.5,0.25,0.333333333333333,4,0.048346364929342
"rand1",0.7,48,"PELT",0.4,0.25,0.307692307692308,5,0.0357848240726668
"rand1",0.7,48,"SVP",0.25,0.125,0.166666666666667,4,0.0558286429967034
"rand1",0.7,48,"SVP (BIC)",0.5,0.25,0.333333333333333,4,0.048346364929342
"rand1",0.7,49,"PELT",0.4,0.25,0.307692307692308,5,0.0357848240726668
"rand1",0.7,49,"SVP",0.25,0.125,0.166666666666667,4,0.0558286429967034
"rand1",0.7,49,"SVP (BIC)",0.5,0.25,0.333333333333333,4,0.048346364929342
"rand1",0.7,50,"PELT",0.4,0.25,0.307692307692308,5,0.0357848240726668
"rand1",0.7,50,"SVP",0.25,0.125,0.166666666666667,4,0.0558286429967034
"rand1",0.7,50,"SVP (BIC)",0.5,0.25,0.333333333333333,4,0.048346364929342
"none",0.8,1,"PELT",1,1,1,1,0.000120393820327686
"none",0.8,1,"SVP",1,1,1,1,0.000120393820327686
"none",0.8,1,"SVP (BIC)",1,1,1,1,0.000120393820327686
"none",0.8,2,"PELT",1,1,1,1,0.000168995485345087
"none",0.8,2,"SVP",1,1,1,1,0.000168995485345087
"none",0.8,2,"SVP (BIC)",1,1,1,1,0.000168995485345087
"none",0.8,3,"PELT",1,1,1,1,1.42183198848553e-05
"none",0.8,3,"SVP",1,1,1,1,1.42183198848553e-05
"none",0.8,3,"SVP (BIC)",1,1,1,1,1.42183198848553e-05
"none",0.8,4,"PELT",1,1,1,1,3.22036834303707e-05
"none",0.8,4,"SVP",1,1,1,1,3.22036834303707e-05
"none",0.8,4,"SVP (BIC)",1,1,1,1,3.22036834303707e-05
"none",0.8,5,"PELT",1,1,1,1,0.00038820721556757
"none",0.8,5,"SVP",1,1,1,1,0.00038820721556757
"none",0.8,5,"SVP (BIC)",1,1,1,1,0.00038820721556757
"none",0.8,6,"PELT",1,1,1,1,0.000427159401150632
"none",0.8,6,"SVP",1,1,1,1,0.000427159401150632
"none",0.8,6,"SVP (BIC)",1,1,1,1,0.000427159401150632
"none",0.8,7,"PELT",1,1,1,1,0.000252196452864459
"none",0.8,7,"SVP",1,1,1,1,0.000252196452864459
"none",0.8,7,"SVP (BIC)",1,1,1,1,0.000252196452864459
"none",0.8,8,"PELT",1,1,1,1,0.00070290057564856
"none",0.8,8,"SVP",1,1,1,1,0.00070290057564856
"none",0.8,8,"SVP (BIC)",1,1,1,1,0.00070290057564856
"none",0.8,9,"PELT",1,1,1,1,0.00293122176917821
"none",0.8,9,"SVP",1,1,1,1,0.00293122176917821
"none",0.8,9,"SVP (BIC)",1,1,1,1,0.00293122176917821
"none",0.8,10,"PELT",1,1,1,1,2.38943614646922e-05
"none",0.8,10,"SVP",1,1,1,1,2.38943614646922e-05
"none",0.8,10,"SVP (BIC)",1,1,1,1,2.38943614646922e-05
"none",0.8,11,"PELT",1,1,1,1,0.000204622060483545
"none",0.8,11,"SVP",1,1,1,1,0.000204622060483545
"none",0.8,11,"SVP (BIC)",1,1,1,1,0.000204622060483545
"none",0.8,12,"PELT",1,1,1,1,1.27421637673891e-06
"none",0.8,12,"SVP",1,1,1,1,1.27421637673891e-06
"none",0.8,12,"SVP (BIC)",1,1,1,1,1.27421637673891e-06
"none",0.8,13,"PELT",1,1,1,1,0.00031188125879732
"none",0.8,13,"SVP",1,1,1,1,0.00031188125879732
"none",0.8,13,"SVP (BIC)",1,1,1,1,0.00031188125879732
"none",0.8,14,"PELT",1,1,1,1,0.00291085541397673
"none",0.8,14,"SVP",1,1,1,1,0.00291085541397673
"none",0.8,14,"SVP (BIC)",1,1,1,1,0.00291085541397673
"none",0.8,15,"PELT",1,1,1,1,0.000260304191500504
"none",0.8,15,"SVP",1,1,1,1,0.000260304191500504
"none",0.8,15,"SVP (BIC)",1,1,1,1,0.000260304191500504
"none",0.8,16,"PELT",1,1,1,1,0.000237432088646708
"none",0.8,16,"SVP",1,1,1,1,0.000237432088646708
"none",0.8,16,"SVP (BIC)",1,1,1,1,0.000237432088646708
"none",0.8,17,"PELT",1,1,1,1,0.000909294181193867
"none",0.8,17,"SVP",1,1,1,1,0.000909294181193867
"none",0.8,17,"SVP (BIC)",1,1,1,1,0.000909294181193867
"none",0.8,18,"PELT",1,1,1,1,0.000324776223807949
"none",0.8,18,"SVP",1,1,1,1,0.000324776223807949
"none",0.8,18,"SVP (BIC)",1,1,1,1,0.000324776223807949
"none",0.8,19,"PELT",1,1,1,1,4.7639737431101e-06
"none",0.8,19,"SVP",1,1,1,1,4.7639737431101e-06
"none",0.8,19,"SVP (BIC)",1,1,1,1,4.7639737431101e-06
"none",0.8,20,"PELT",1,1,1,1,0.004686619331177
"none",0.8,20,"SVP",1,1,1,1,0.004686619331177
"none",0.8,20,"SVP (BIC)",1,1,1,1,0.004686619331177
"none",0.8,21,"PELT",1,1,1,1,0.000306026873409185
"none",0.8,21,"SVP",1,1,1,1,0.000306026873409185
"none",0.8,21,"SVP (BIC)",1,1,1,1,0.000306026873409185
"none",0.8,22,"PELT",1,1,1,1,4.90261821490738e-05
"none",0.8,22,"SVP",1,1,1,1,4.90261821490738e-05
"none",0.8,22,"SVP (BIC)",1,1,1,1,4.90261821490738e-05
"none",0.8,23,"PELT",0.5,1,0.666666666666667,2,0.0155725415654892
"none",0.8,23,"SVP",1,1,1,1,0.00146155591922871
"none",0.8,23,"SVP (BIC)",1,1,1,1,0.00146155591922871
"none",0.8,24,"PELT",1,1,1,1,0.000902779675745335
"none",0.8,24,"SVP",1,1,1,1,0.000902779675745335
"none",0.8,24,"SVP (BIC)",1,1,1,1,0.000902779675745335
"none",0.8,25,"PELT",1,1,1,1,0.000630931014547377
"none",0.8,25,"SVP",1,1,1,1,0.000630931014547377
"none",0.8,25,"SVP (BIC)",1,1,1,1,0.000630931014547377
"none",0.8,26,"PELT",1,1,1,1,9.98495535026518e-06
"none",0.8,26,"SVP",1,1,1,1,9.98495535026518e-06
"none",0.8,26,"SVP (BIC)",1,1,1,1,9.98495535026518e-06
"none",0.8,27,"PELT",1,1,1,1,0.000238436747557397
"none",0.8,27,"SVP",0.5,1,0.666666666666667,2,0.00583429273421879
"none",0.8,27,"SVP (BIC)",1,1,1,1,0.000238436747557397
"none",0.8,28,"PELT",1,1,1,1,0.000172379957190228
"none",0.8,28,"SVP",1,1,1,1,0.000172379957190228
"none",0.8,28,"SVP (BIC)",1,1,1,1,0.000172379957190228
"none",0.8,29,"PELT",1,1,1,1,0.000176851228515548
"none",0.8,29,"SVP",1,1,1,1,0.000176851228515548
"none",0.8,29,"SVP (BIC)",1,1,1,1,0.000176851228515548
"none",0.8,30,"PELT",1,1,1,1,0.000277125089247481
"none",0.8,30,"SVP",1,1,1,1,0.000277125089247481
"none",0.8,30,"SVP (BIC)",1,1,1,1,0.000277125089247481
"none",0.8,31,"PELT",1,1,1,1,0.00415760676700845
"none",0.8,31,"SVP",1,1,1,1,0.00415760676700845
"none",0.8,31,"SVP (BIC)",1,1,1,1,0.00415760676700845
"none",0.8,32,"PELT",1,1,1,1,0.00100011584452836
"none",0.8,32,"SVP",0.5,1,0.666666666666667,2,0.00192864390537522
"none",0.8,32,"SVP (BIC)",1,1,1,1,0.00100011584452836
"none",0.8,33,"PELT",1,1,1,1,0.00098116359253425
"none",0.8,33,"SVP",1,1,1,1,0.00098116359253425
"none",0.8,33,"SVP (BIC)",1,1,1,1,0.00098116359253425
"none",0.8,34,"PELT",1,1,1,1,0.000736869122624034
"none",0.8,34,"SVP",1,1,1,1,0.000736869122624034
"none",0.8,34,"SVP (BIC)",1,1,1,1,0.000736869122624034
"none",0.8,35,"PELT",1,1,1,1,0.00176354913168261
"none",0.8,35,"SVP",1,1,1,1,0.00176354913168261
"none",0.8,35,"SVP (BIC)",1,1,1,1,0.00176354913168261
"none",0.8,36,"PELT",1,1,1,1,0.00452143708831881
"none",0.8,36,"SVP",1,1,1,1,0.00452143708831881
"none",0.8,36,"SVP (BIC)",1,1,1,1,0.00452143708831881
"none",0.8,37,"PELT",1,1,1,1,0.000281046503773895
"none",0.8,37,"SVP",1,1,1,1,0.000281046503773895
"none",0.8,37,"SVP (BIC)",1,1,1,1,0.000281046503773895
"none",0.8,38,"PELT",1,1,1,1,9.36218122346793e-06
"none",0.8,38,"SVP",1,1,1,1,9.36218122346793e-06
"none",0.8,38,"SVP (BIC)",1,1,1,1,9.36218122346793e-06
"none",0.8,39,"PELT",1,1,1,1,0.00837763253079075
"none",0.8,39,"SVP",1,1,1,1,0.00837763253079075
"none",0.8,39,"SVP (BIC)",1,1,1,1,0.00837763253079075
"none",0.8,40,"PELT",1,1,1,1,0.000455517453211811
"none",0.8,40,"SVP",1,1,1,1,0.000455517453211811
"none",0.8,40,"SVP (BIC)",1,1,1,1,0.000455517453211811
"none",0.8,41,"PELT",1,1,1,1,0.000665442711048407
"none",0.8,41,"SVP",1,1,1,1,0.000665442711048407
"none",0.8,41,"SVP (BIC)",1,1,1,1,0.000665442711048407
"none",0.8,42,"PELT",1,1,1,1,0.00071400276555652
"none",0.8,42,"SVP",1,1,1,1,0.00071400276555652
"none",0.8,42,"SVP (BIC)",1,1,1,1,0.00071400276555652
"none",0.8,43,"PELT",1,1,1,1,0.00509076478838345
"none",0.8,43,"SVP",1,1,1,1,0.00509076478838345
"none",0.8,43,"SVP (BIC)",1,1,1,1,0.00509076478838345
"none",0.8,44,"PELT",1,1,1,1,0.000120639330517482
"none",0.8,44,"SVP",1,1,1,1,0.000120639330517482
"none",0.8,44,"SVP (BIC)",1,1,1,1,0.000120639330517482
"none",0.8,45,"PELT",1,1,1,1,0.00479503761287201
"none",0.8,45,"SVP",1,1,1,1,0.00479503761287201
"none",0.8,45,"SVP (BIC)",1,1,1,1,0.00479503761287201
"none",0.8,46,"PELT",1,1,1,1,0.00103315928793788
"none",0.8,46,"SVP",1,1,1,1,0.00103315928793788
"none",0.8,46,"SVP (BIC)",1,1,1,1,0.00103315928793788
"none",0.8,47,"PELT",1,1,1,1,0.00391614993129812
"none",0.8,47,"SVP",1,1,1,1,0.00391614993129812
"none",0.8,47,"SVP (BIC)",1,1,1,1,0.00391614993129812
"none",0.8,48,"PELT",1,1,1,1,0.00150785671986743
"none",0.8,48,"SVP",1,1,1,1,0.00150785671986743
"none",0.8,48,"SVP (BIC)",1,1,1,1,0.00150785671986743
"none",0.8,49,"PELT",1,1,1,1,0.000780844593628629
"none",0.8,49,"SVP",1,1,1,1,0.000780844593628629
"none",0.8,49,"SVP (BIC)",1,1,1,1,0.000780844593628629
"none",0.8,50,"PELT",1,1,1,1,0.000560191430286447
"none",0.8,50,"SVP",1,1,1,1,0.000560191430286447
"none",0.8,50,"SVP (BIC)",1,1,1,1,0.000560191430286447
"up",0.8,1,"PELT",0.375,0.375,0.375,8,0.0350821102977538
"up",0.8,1,"SVP",0.375,0.375,0.375,8,0.0350821102977538
"up",0.8,1,"SVP (BIC)",0.428571428571429,0.375,0.4,7,0.0685291741630515
"up",0.8,2,"PELT",0.5,0.5,0.5,8,0.0191532219847687
"up",0.8,2,"SVP",0.166666666666667,0.125,0.142857142857143,6,0.127961003434689
"up",0.8,2,"SVP (BIC)",0.333333333333333,0.25,0.285714285714286,6,0.114012669491946
"up",0.8,3,"PELT",0.375,0.375,0.375,8,0.0408657149736808
"up",0.8,3,"SVP",0.333333333333333,0.25,0.285714285714286,6,0.10928655001065
"up",0.8,3,"SVP (BIC)",0.333333333333333,0.25,0.285714285714286,6,0.10928655001065
"up",0.8,4,"PELT",0.875,0.875,0.875,8,0.0321836497758733
"up",0.8,4,"SVP",0.285714285714286,0.25,0.266666666666667,7,0.117222685626161
"up",0.8,4,"SVP (BIC)",0.666666666666667,0.5,0.571428571428572,6,0.107323689340367
"up",0.8,5,"PELT",0.375,0.375,0.375,8,0.0252578878560643
"up",0.8,5,"SVP",0.375,0.375,0.375,8,0.0252578878560643
"up",0.8,5,"SVP (BIC)",0.375,0.375,0.375,8,0.0252578878560643
"up",0.8,6,"PELT",0.75,0.75,0.75,8,0.0119800083040454
"up",0.8,6,"SVP",0.571428571428571,0.5,0.533333333333333,7,0.0671684454307382
"up",0.8,6,"SVP (BIC)",0.571428571428571,0.5,0.533333333333333,7,0.0671684454307382
"up",0.8,7,"PELT",0.5,0.5,0.5,8,0.0229072123678356
"up",0.8,7,"SVP",0.428571428571429,0.375,0.4,7,0.0715594764973714
"up",0.8,7,"SVP (BIC)",0.6,0.375,0.461538461538462,5,0.155270779293657
"up",0.8,8,"PELT",0.75,0.75,0.75,8,0.0251094588538564
"up",0.8,8,"SVP",0.571428571428571,0.5,0.533333333333333,7,0.0690317717131906
"up",0.8,8,"SVP (BIC)",0.714285714285714,0.625,0.666666666666667,7,0.0562279789173053
"up",0.8,9,"PELT",0.75,0.75,0.75,8,0.0345775277730518
"up",0.8,9,"SVP",0.714285714285714,0.625,0.666666666666667,7,0.071255945420399
"up",0.8,9,"SVP (BIC)",0.571428571428571,0.5,0.533333333333333,7,0.0691764125209096
"up",0.8,10,"PELT",0.625,0.625,0.625,8,0.0299333241852582
"up",0.8,10,"SVP",0.5,0.375,0.428571428571429,6,0.10941537924549
"up",0.8,10,"SVP (BIC)",0.5,0.375,0.428571428571429,6,0.101712986213124
"up",0.8,11,"PELT",0.625,0.625,0.625,8,0.0242287593862802
"up",0.8,11,"SVP",0.5,0.375,0.428571428571429,6,0.131415510597808
"up",0.8,11,"SVP (BIC)",0.666666666666667,0.5,0.571428571428572,6,0.113767089173126
"up",0.8,12,"PELT",0.375,0.375,0.375,8,0.0430667841466767
"up",0.8,12,"SVP",0.285714285714286,0.25,0.266666666666667,7,0.0852491519659085
"up",0.8,12,"SVP (BIC)",0.166666666666667,0.125,0.142857142857143,6,0.146897515250725
"up",0.8,13,"PELT",0.5,0.5,0.5,8,0.0227177751448214
"up",0.8,13,"SVP",0.571428571428571,0.5,0.533333333333333,7,0.0526860963804527
"up",0.8,13,"SVP (BIC)",0.571428571428571,0.5,0.533333333333333,7,0.0526860963804527
"up",0.8,14,"PELT",0.875,0.875,0.875,8,0.0127436438841261
"up",0.8,14,"SVP",0.714285714285714,0.625,0.666666666666667,7,0.0618642355778531
"up",0.8,14,"SVP (BIC)",0.666666666666667,0.5,0.571428571428572,6,0.101992591800347
"up",0.8,15,"PELT",0.375,0.375,0.375,8,0.0371853298298376
"up",0.8,15,"SVP",0.428571428571429,0.375,0.4,7,0.0874966058252541
"up",0.8,15,"SVP (BIC)",0.428571428571429,0.375,0.4,7,0.0669475400319273
"up",0.8,16,"PELT",0.625,0.625,0.625,8,0.0209094094975647
"up",0.8,16,"SVP",0.571428571428571,0.5,0.533333333333333,7,0.0633795774478795
"up",0.8,16,"SVP (BIC)",0.5,0.375,0.428571428571429,6,0.111206525821484
"up",0.8,17,"PELT",0.25,0.25,0.25,8,0.0249421140935447
"up",0.8,17,"SVP",0.25,0.25,0.25,8,0.0249421140935447
"up",0.8,17,"SVP (BIC)",0.4,0.25,0.307692307692308,5,0.149222251034822
"up",0.8,18,"PELT",0.5,0.5,0.5,8,0.0269553545178935
"up",0.8,18,"SVP",0.166666666666667,0.125,0.142857142857143,6,0.115622005899099
"up",0.8,18,"SVP (BIC)",0.333333333333333,0.25,0.285714285714286,6,0.110882968039166
"up",0.8,19,"PELT",0.75,0.75,0.75,8,0.0148927985324585
"up",0.8,19,"SVP",0.714285714285714,0.625,0.666666666666667,7,0.0673975887794075
"up",0.8,19,"SVP (BIC)",0.4,0.25,0.307692307692308,5,0.144736776943248
"up",0.8,20,"PELT",0.5,0.5,0.5,8,0.0370277355123944
"up",0.8,20,"SVP",0.571428571428571,0.5,0.533333333333333,7,0.0776920062175698
"up",0.8,20,"SVP (BIC)",0.5,0.375,0.428571428571429,6,0.110443667816611
"up",0.8,21,"PELT",0.625,0.625,0.625,8,0.0214023200355569
"up",0.8,21,"SVP",0.285714285714286,0.25,0.266666666666667,7,0.077238758732554
"up",0.8,21,"SVP (BIC)",0.333333333333333,0.25,0.285714285714286,6,0.124263336968039
"up",0.8,22,"PELT",1,1,1,8,0.00844063517960534
"up",0.8,22,"SVP",1,1,1,8,0.00844063517960534
"up",0.8,22,"SVP (BIC)",1,0.875,0.933333333333333,7,0.0456074993374027
"up",0.8,23,"PELT",0.75,0.75,0.75,8,0.0287240256983474
"up",0.8,23,"SVP",0.571428571428571,0.5,0.533333333333333,7,0.0807768782824145
"up",0.8,23,"SVP (BIC)",0.5,0.375,0.428571428571429,6,0.11848919066189
"up",0.8,24,"PELT",0.625,0.625,0.625,8,0.0177274714394377
"up",0.8,24,"SVP",0.625,0.625,0.625,8,0.0177274714394377
"up",0.8,24,"SVP (BIC)",0.428571428571429,0.375,0.4,7,0.0689041791304036
"up",0.8,25,"PELT",0.625,0.625,0.625,8,0.018884836578457
"up",0.8,25,"SVP",0.625,0.625,0.625,8,0.018884836578457
"up",0.8,25,"SVP (BIC)",0.5,0.375,0.428571428571429,6,0.109022978704897
"up",0.8,26,"PELT",0.875,0.875,0.875,8,0.0191407069605409
"up",0.8,26,"SVP",0.875,0.875,0.875,8,0.0191407069605409
"up",0.8,26,"SVP (BIC)",0.833333333333333,0.625,0.714285714285714,6,0.100606341688557
"up",0.8,27,"PELT",0.444444444444444,0.5,0.470588235294118,9,0.0634013763542307
"up",0.8,27,"SVP",0.428571428571429,0.375,0.4,7,0.0772024336163432
"up",0.8,27,"SVP (BIC)",0.5,0.375,0.428571428571429,6,0.109349020130206
"up",0.8,28,"PELT",0.375,0.375,0.375,8,0.0338893939814302
"up",0.8,28,"SVP",0.428571428571429,0.375,0.4,7,0.0653942149616256
"up",0.8,28,"SVP (BIC)",0.6,0.375,0.461538461538462,5,0.14569901931772
"up",0.8,29,"PELT",0.5,0.5,0.5,8,0.0140840964727092
"up",0.8,29,"SVP",0.166666666666667,0.125,0.142857142857143,6,0.135033300123165
"up",0.8,29,"SVP (BIC)",0.166666666666667,0.125,0.142857142857143,6,0.128578981122043
"up",0.8,30,"PELT",0.5,0.5,0.5,8,0.0214966033734563
"up",0.8,30,"SVP",0.5,0.375,0.428571428571429,6,0.121148321874999
"up",0.8,30,"SVP (BIC)",0.5,0.375,0.428571428571429,6,0.108048500630852
"up",0.8,31,"PELT",0.625,0.625,0.625,8,0.031519682851728
"up",0.8,31,"SVP",0.714285714285714,0.625,0.666666666666667,7,0.0594188613361274
"up",0.8,31,"SVP (BIC)",0.666666666666667,0.5,0.571428571428572,6,0.111010240332248
"up",0.8,32,"PELT",0.75,0.75,0.75,8,0.0410024050205758
"up",0.8,32,"SVP",0.75,0.75,0.75,8,0.0410024050205758
"up",0.8,32,"SVP (BIC)",0.5,0.375,0.428571428571429,6,0.106436026178092
"up",0.8,33,"PELT",0.5,0.5,0.5,8,0.0545883540131112
"up",0.8,33,"SVP",0.428571428571429,0.375,0.4,7,0.0825900726926173
"up",0.8,33,"SVP (BIC)",0.666666666666667,0.5,0.571428571428572,6,0.11071971752057
"up",0.8,34,"PELT",0.5,0.5,0.5,8,0.0321698460409385
"up",0.8,34,"SVP",0.428571428571429,0.375,0.4,7,0.0829855080736582
"up",0.8,34,"SVP (BIC)",0.666666666666667,0.5,0.571428571428572,6,0.120138898755107
"up",0.8,35,"PELT",0.444444444444444,0.5,0.470588235294118,9,0.0698637878178194
"up",0.8,35,"SVP",0.5,0.375,0.428571428571429,6,0.112191922418864
"up",0.8,35,"SVP (BIC)",0.333333333333333,0.25,0.285714285714286,6,0.137642084910464
"up",0.8,36,"PELT",0.5,0.5,0.5,8,0.0373820932247125
"up",0.8,36,"SVP",0.5,0.375,0.428571428571429,6,0.139136986798707
"up",0.8,36,"SVP (BIC)",0.5,0.375,0.428571428571429,6,0.139136986798707
"up",0.8,37,"PELT",0.5,0.5,0.5,8,0.0288723684073594
"up",0.8,37,"SVP",0.285714285714286,0.25,0.266666666666667,7,0.0842276019683575
"up",0.8,37,"SVP (BIC)",0.285714285714286,0.25,0.266666666666667,7,0.0772561275318713
"up",0.8,38,"PELT",0.444444444444444,0.5,0.470588235294118,9,0.043199478109976
"up",0.8,38,"SVP",0.625,0.625,0.625,8,0.0178376979553067
"up",0.8,38,"SVP (BIC)",0.285714285714286,0.25,0.266666666666667,7,0.0777906339494213
"up",0.8,39,"PELT",0.5,0.5,0.5,8,0.0519330124233598
"up",0.8,39,"SVP",0.571428571428571,0.5,0.533333333333333,7,0.0861340990638222
"up",0.8,39,"SVP (BIC)",0.5,0.375,0.428571428571429,6,0.126759179867194
"up",0.8,40,"PELT",0.875,0.875,0.875,8,0.0111607757372909
"up",0.8,40,"SVP",0.333333333333333,0.25,0.285714285714286,6,0.131461534615625
"up",0.8,40,"SVP (BIC)",0.666666666666667,0.5,0.571428571428572,6,0.109705733182598
"up",0.8,41,"PELT",0.625,0.625,0.625,8,0.0168870413437657
"up",0.8,41,"SVP",0.625,0.625,0.625,8,0.0168870413437657
"up",0.8,41,"SVP (BIC)",0.5,0.375,0.428571428571429,6,0.130162390897417
"up",0.8,42,"PELT",0.625,0.625,0.625,8,0.0296724817226771
"up",0.8,42,"SVP",0.714285714285714,0.625,0.666666666666667,7,0.0616241361341784
"up",0.8,42,"SVP (BIC)",0.333333333333333,0.25,0.285714285714286,6,0.11824000203564
"up",0.8,43,"PELT",0.75,0.75,0.75,8,0.0213353581744674
"up",0.8,43,"SVP",0.75,0.75,0.75,8,0.0213353581744674
"up",0.8,43,"SVP (BIC)",0.714285714285714,0.625,0.666666666666667,7,0.0628763298741443
"up",0.8,44,"PELT",0.625,0.625,0.625,8,0.0207361850961606
"up",0.8,44,"SVP",0.625,0.625,0.625,8,0.0207361850961606
"up",0.8,44,"SVP (BIC)",0.571428571428571,0.5,0.533333333333333,7,0.0661690775675816
"up",0.8,45,"PELT",0.5,0.5,0.5,8,0.025791618142474
"up",0.8,45,"SVP",0.5,0.5,0.5,8,0.025791618142474
"up",0.8,45,"SVP (BIC)",0.333333333333333,0.25,0.285714285714286,6,0.113060624598943
"up",0.8,46,"PELT",0.875,0.875,0.875,8,0.0104754779613446
"up",0.8,46,"SVP",0.5,0.375,0.428571428571429,6,0.114972327690514
"up",0.8,46,"SVP (BIC)",0.5,0.375,0.428571428571429,6,0.114972327690514
"up",0.8,47,"PELT",0.375,0.375,0.375,8,0.0439089794832478
"up",0.8,47,"SVP",0.428571428571429,0.375,0.4,7,0.0696272285102414
"up",0.8,47,"SVP (BIC)",0.5,0.375,0.428571428571429,6,0.104308386356859
"up",0.8,48,"PELT",0.625,0.625,0.625,8,0.022304668252518
"up",0.8,48,"SVP",0.625,0.625,0.625,8,0.022304668252518
"up",0.8,48,"SVP (BIC)",0.571428571428571,0.5,0.533333333333333,7,0.0660796759454552
"up",0.8,49,"PELT",0.625,0.625,0.625,8,0.0541868457036718
"up",0.8,49,"SVP",0.714285714285714,0.625,0.666666666666667,7,0.0650845896141953
"up",0.8,49,"SVP (BIC)",0.666666666666667,0.5,0.571428571428572,6,0.10816618438028
"up",0.8,50,"PELT",0.75,0.75,0.75,8,0.0180135863580112
"up",0.8,50,"SVP",0.333333333333333,0.25,0.285714285714286,6,0.114209749769889
"up",0.8,50,"SVP (BIC)",0.5,0.375,0.428571428571429,6,0.100666530545682
"updown",0.8,1,"PELT",0.666666666666667,0.5,0.571428571428572,6,0.0891498451342861
"updown",0.8,1,"SVP",0.666666666666667,0.5,0.571428571428572,6,0.0891498451342861
"updown",0.8,1,"SVP (BIC)",0.25,0.125,0.166666666666667,4,0.141206128524368
"updown",0.8,2,"PELT",0.625,0.625,0.625,8,0.018376119792986
"updown",0.8,2,"SVP",0.714285714285714,0.625,0.666666666666667,7,0.0555765639278296
"updown",0.8,2,"SVP (BIC)",0.4,0.25,0.307692307692308,5,0.111743930521335
"updown",0.8,3,"PELT",0.625,0.625,0.625,8,0.0566138318643187
"updown",0.8,3,"SVP",0.428571428571429,0.375,0.4,7,0.107862765596081
"updown",0.8,3,"SVP (BIC)",0.5,0.125,0.2,2,0.160037348604403
"updown",0.8,4,"PELT",0.625,0.625,0.625,8,0.0168037226016523
"updown",0.8,4,"SVP",0.5,0.25,0.333333333333333,4,0.108085422723238
"updown",0.8,4,"SVP (BIC)",0.666666666666667,0.25,0.363636363636364,3,0.137196517238001
"updown",0.8,5,"PELT",0.625,0.625,0.625,8,0.0255949918730208
"updown",0.8,5,"SVP",0.428571428571429,0.375,0.4,7,0.0763182405967426
"updown",0.8,5,"SVP (BIC)",0.5,0.25,0.333333333333333,4,0.147798712308818
"updown",0.8,6,"PELT",0.625,0.625,0.625,8,0.0199645237565623
"updown",0.8,6,"SVP",0.5,0.375,0.428571428571429,6,0.110395855071244
"updown",0.8,6,"SVP (BIC)",0.666666666666667,0.25,0.363636363636364,3,0.131901469115187
"updown",0.8,7,"PELT",0.75,0.75,0.75,8,0.0267887202602069
"updown",0.8,7,"SVP",0.75,0.75,0.75,8,0.0267887202602069
"updown",0.8,7,"SVP (BIC)",0.75,0.75,0.75,8,0.0267887202602069
"updown",0.8,8,"PELT",0.875,0.875,0.875,8,0.0116848232195274
"updown",0.8,8,"SVP",0.714285714285714,0.625,0.666666666666667,7,0.0539688984702405
"updown",0.8,8,"SVP (BIC)",0.4,0.25,0.307692307692308,5,0.112456438736021
"updown",0.8,9,"PELT",0.5,0.5,0.5,8,0.0753864060166712
"updown",0.8,9,"SVP",0.4,0.25,0.307692307692308,5,0.11155671215962
"updown",0.8,9,"SVP (BIC)",0.333333333333333,0.125,0.181818181818182,3,0.136682024579862
"updown",0.8,10,"PELT",0.555555555555556,0.625,0.588235294117647,9,0.0532283322680641
"updown",0.8,10,"SVP",0.5,0.375,0.428571428571429,6,0.0969951577033253
"updown",0.8,10,"SVP (BIC)",0.5,0.25,0.333333333333333,4,0.141932316717982
"updown",0.8,11,"PELT",0.625,0.625,0.625,8,0.0314507258402972
"updown",0.8,11,"SVP",0.571428571428571,0.5,0.533333333333333,7,0.0716408826205408
"updown",0.8,11,"SVP (BIC)",0.8,0.5,0.615384615384615,5,0.100442624492765
"updown",0.8,12,"PELT",0.5,0.5,0.5,8,0.0403311590803521
"updown",0.8,12,"SVP",0.428571428571429,0.375,0.4,7,0.0819391624272085
"updown",0.8,12,"SVP (BIC)",0.4,0.25,0.307692307692308,5,0.107113531573682
"updown",0.8,13,"PELT",0.875,0.875,0.875,8,0.008086184576542
"updown",0.8,13,"SVP",0.333333333333333,0.25,0.285714285714286,6,0.0923626701161075
"updown",0.8,13,"SVP (BIC)",0.5,0.125,0.2,2,0.147899662305965
"updown",0.8,14,"PELT",0.875,0.875,0.875,8,0.0142280859739657
"updown",0.8,14,"SVP",0.666666666666667,0.5,0.571428571428572,6,0.0797737705586333
"updown",0.8,14,"SVP (BIC)",0.6,0.375,0.461538461538462,5,0.0949446298479705
"updown",0.8,15,"PELT",0.625,0.625,0.625,8,0.0232582410782009
"updown",0.8,15,"SVP",0.428571428571429,0.375,0.4,7,0.0893881146793331
"updown",0.8,15,"SVP (BIC)",0.4,0.25,0.307692307692308,5,0.12002975393407
"updown",0.8,16,"PELT",0.555555555555556,0.625,0.588235294117647,9,0.0429497927252099
"updown",0.8,16,"SVP",0.5,0.375,0.428571428571429,6,0.0729158801164519
"updown",0.8,16,"SVP (BIC)",0.333333333333333,0.125,0.181818181818182,3,0.134809132486873
"updown",0.8,17,"PELT",0.25,0.25,0.25,8,0.0213530077564417
"updown",0.8,17,"SVP",0.333333333333333,0.25,0.285714285714286,6,0.103307190400667
"updown",0.8,17,"SVP (BIC)",0.333333333333333,0.125,0.181818181818182,3,0.131035262229253
"updown",0.8,18,"PELT",0.5,0.375,0.428571428571429,6,0.0728878756940246
"updown",0.8,18,"SVP",0.75,0.375,0.5,4,0.116108547912159
"updown",0.8,18,"SVP (BIC)",1,0.375,0.545454545454545,3,0.12511133763767
"updown",0.8,19,"PELT",0.666666666666667,0.5,0.571428571428572,6,0.0618175134742005
"updown",0.8,19,"SVP",0.25,0.125,0.166666666666667,4,0.109051597266764
"updown",0.8,19,"SVP (BIC)",1,0.375,0.545454545454545,3,0.12099954338508
"updown",0.8,20,"PELT",0.5,0.5,0.5,8,0.0179173438160818
"updown",0.8,20,"SVP",0.25,0.125,0.166666666666667,4,0.116995289790416
"updown",0.8,20,"SVP (BIC)",0.333333333333333,0.125,0.181818181818182,3,0.141964484555977
"updown",0.8,21,"PELT",0.555555555555556,0.625,0.588235294117647,9,0.0474654189325514
"updown",0.8,21,"SVP",0.571428571428571,0.5,0.533333333333333,7,0.058008928992788
"updown",0.8,21,"SVP (BIC)",0.333333333333333,0.125,0.181818181818182,3,0.144469201594703
"updown",0.8,22,"PELT",0.625,0.625,0.625,8,0.0214533941494199
"updown",0.8,22,"SVP",0.5,0.375,0.428571428571429,6,0.103528240252873
"updown",0.8,22,"SVP (BIC)",0.333333333333333,0.125,0.181818181818182,3,0.150552833481348
"updown",0.8,23,"PELT",0.25,0.25,0.25,8,0.0390755906949535
"updown",0.8,23,"SVP",0.2,0.125,0.153846153846154,5,0.112150527553682
"updown",0.8,23,"SVP (BIC)",0.333333333333333,0.125,0.181818181818182,3,0.136633347793036
"updown",0.8,24,"PELT",0.5,0.5,0.5,8,0.0282247311790679
"updown",0.8,24,"SVP",0.666666666666667,0.25,0.363636363636364,3,0.138900087819791
"updown",0.8,24,"SVP (BIC)",0.5,0.125,0.2,2,0.139094152781602
"updown",0.8,25,"PELT",0.75,0.75,0.75,8,0.0219396283758061
"updown",0.8,25,"SVP",0.75,0.75,0.75,8,0.0219396283758061
"updown",0.8,25,"SVP (BIC)",0.6,0.375,0.461538461538462,5,0.109179894433591
"updown",0.8,26,"PELT",0.875,0.875,0.875,8,0.0148028929899364
"updown",0.8,26,"SVP",0.875,0.875,0.875,8,0.0148028929899364
"updown",0.8,26,"SVP (BIC)",0.5,0.375,0.428571428571429,6,0.098549435375759
"updown",0.8,27,"PELT",0.375,0.375,0.375,8,0.030284582127879
"updown",0.8,27,"SVP",0.375,0.375,0.375,8,0.030284582127879
"updown",0.8,27,"SVP (BIC)",0.142857142857143,0.125,0.133333333333333,7,0.0723296235778099
"updown",0.8,28,"PELT",0.625,0.625,0.625,8,0.0270921604159948
"updown",0.8,28,"SVP",0.166666666666667,0.125,0.142857142857143,6,0.119106352655755
"updown",0.8,28,"SVP (BIC)",0.333333333333333,0.125,0.181818181818182,3,0.140431280515377
"updown",0.8,29,"PELT",0.5,0.5,0.5,8,0.0471758976936411
"updown",0.8,29,"SVP",0.2,0.125,0.153846153846154,5,0.125383498689732
"updown",0.8,29,"SVP (BIC)",0.5,0.125,0.2,2,0.141642267599535
"updown",0.8,30,"PELT",0.375,0.375,0.375,8,0.0335167230150322
"updown",0.8,30,"SVP",0.428571428571429,0.375,0.4,7,0.0587668977854549
"updown",0.8,30,"SVP (BIC)",0.4,0.25,0.307692307692308,5,0.113459815264845
"updown",0.8,31,"PELT",0.375,0.375,0.375,8,0.049572318944692
"updown",0.8,31,"SVP",0.5,0.375,0.428571428571429,6,0.0787847703633229
"updown",0.8,31,"SVP (BIC)",0.5,0.25,0.333333333333333,4,0.114678163337321
"updown",0.8,32,"PELT",0.375,0.375,0.375,8,0.0345843899755087
"updown",0.8,32,"SVP",0.5,0.25,0.333333333333333,4,0.125327464624046
"updown",0.8,32,"SVP (BIC)",0.333333333333333,0.125,0.181818181818182,3,0.1271852403309
"updown",0.8,33,"PELT",0.5,0.375,0.428571428571429,6,0.0705584610684315
"updown",0.8,33,"SVP",0.4,0.25,0.307692307692308,5,0.108995845372675
"updown",0.8,33,"SVP (BIC)",0.333333333333333,0.125,0.181818181818182,3,0.146310747713198
"updown",0.8,34,"PELT",0.5,0.5,0.5,8,0.0237606015597392
"updown",0.8,34,"SVP",0.285714285714286,0.25,0.266666666666667,7,0.0605090587055475
"updown",0.8,34,"SVP (BIC)",0.25,0.125,0.166666666666667,4,0.123776300880647
"updown",0.8,35,"PELT",0.625,0.625,0.625,8,0.0201016309403951
"updown",0.8,35,"SVP",0.5,0.25,0.333333333333333,4,0.135208692341962
"updown",0.8,35,"SVP (BIC)",0.5,0.125,0.2,2,0.153401905902126
"updown",0.8,36,"PELT",0.75,0.75,0.75,8,0.02150566687035
"updown",0.8,36,"SVP",0.75,0.75,0.75,8,0.02150566687035
"updown",0.8,36,"SVP (BIC)",0.2,0.125,0.153846153846154,5,0.147216899764512
"updown",0.8,37,"PELT",0.5,0.5,0.5,8,0.0207816561228684
"updown",0.8,37,"SVP",0.5,0.5,0.5,8,0.0207816561228684
"updown",0.8,37,"SVP (BIC)",0.2,0.125,0.153846153846154,5,0.146067591054356
"updown",0.8,38,"PELT",0.571428571428571,0.5,0.533333333333333,7,0.0600721529624695
"updown",0.8,38,"SVP",0.666666666666667,0.25,0.363636363636364,3,0.133597367152035
"updown",0.8,38,"SVP (BIC)",1,0.25,0.4,2,0.144937171368887
"updown",0.8,39,"PELT",0.555555555555556,0.625,0.588235294117647,9,0.0426738334252715
"updown",0.8,39,"SVP",0.625,0.625,0.625,8,0.0273917720636739
"updown",0.8,39,"SVP (BIC)",0.333333333333333,0.25,0.285714285714286,6,0.116287981713122
"updown",0.8,40,"PELT",0.625,0.625,0.625,8,0.0234737325349582
"updown",0.8,40,"SVP",0.333333333333333,0.25,0.285714285714286,6,0.0995955500213275
"updown",0.8,40,"SVP (BIC)",1,0.25,0.4,2,0.140325407303635
"updown",0.8,41,"PELT",0.5,0.5,0.5,8,0.0274716621513051
"updown",0.8,41,"SVP",0.4,0.25,0.307692307692308,5,0.103460085103881
"updown",0.8,41,"SVP (BIC)",0.666666666666667,0.25,0.363636363636364,3,0.126835864663929
"updown",0.8,42,"PELT",0.375,0.375,0.375,8,0.0715592541498601
"updown",0.8,42,"SVP",0.285714285714286,0.25,0.266666666666667,7,0.0989876238922317
"updown",0.8,42,"SVP (BIC)",0.4,0.25,0.307692307692308,5,0.117817274502286
"updown",0.8,43,"PELT",0.75,0.75,0.75,8,0.0203954921324082
"updown",0.8,43,"SVP",0.5,0.375,0.428571428571429,6,0.0899796857210897
"updown",0.8,43,"SVP (BIC)",0.333333333333333,0.125,0.181818181818182,3,0.141411167556088
"updown",0.8,44,"PELT",0.5,0.5,0.5,8,0.0265520475428008
"updown",0.8,44,"SVP",0.5,0.375,0.428571428571429,6,0.0819953319901282
"updown",0.8,44,"SVP (BIC)",0.25,0.125,0.166666666666667,4,0.129968825962965
"updown",0.8,45,"PELT",0.375,0.375,0.375,8,0.0434760670182776
"updown",0.8,45,"SVP",0.285714285714286,0.25,0.266666666666667,7,0.0858215923327643
"updown",0.8,45,"SVP (BIC)",0.333333333333333,0.25,0.285714285714286,6,0.123634355855975
"updown",0.8,46,"PELT",0.75,0.75,0.75,8,0.0266723672867197
"updown",0.8,46,"SVP",0.75,0.75,0.75,8,0.0266723672867197
"updown",0.8,46,"SVP (BIC)",0.2,0.125,0.153846153846154,5,0.119667257267321
"updown",0.8,47,"PELT",0.5,0.5,0.5,8,0.0331160669472708
"updown",0.8,47,"SVP",0.5,0.5,0.5,8,0.0331160669472708
"updown",0.8,47,"SVP (BIC)",0.5,0.375,0.428571428571429,6,0.0780206720563583
"updown",0.8,48,"PELT",0.25,0.25,0.25,8,0.0266834415550988
"updown",0.8,48,"SVP",0.4,0.25,0.307692307692308,5,0.116525286836066
"updown",0.8,48,"SVP (BIC)",0.5,0.125,0.2,2,0.146340744618438
"updown",0.8,49,"PELT",0.5,0.5,0.5,8,0.0398326425704916
"updown",0.8,49,"SVP",0.285714285714286,0.25,0.266666666666667,7,0.0822164147553951
"updown",0.8,49,"SVP (BIC)",0.25,0.125,0.166666666666667,4,0.137080708553473
"updown",0.8,50,"PELT",0.625,0.625,0.625,8,0.0207089215376774
"updown",0.8,50,"SVP",0.625,0.625,0.625,8,0.0207089215376774
"updown",0.8,50,"SVP (BIC)",0.166666666666667,0.125,0.142857142857143,6,0.121661793953015
"rand1",0.8,1,"PELT",0.6,0.375,0.461538461538462,5,0.0293924795938014
"rand1",0.8,1,"SVP",0.6,0.375,0.461538461538462,5,0.0293924795938014
"rand1",0.8,1,"SVP (BIC)",0.5,0.25,0.333333333333333,4,0.0627895823296731
"rand1",0.8,2,"PELT",0.6,0.375,0.461538461538462,5,0.0293924795938014
"rand1",0.8,2,"SVP",0.6,0.375,0.461538461538462,5,0.0293924795938014
"rand1",0.8,2,"SVP (BIC)",0.5,0.25,0.333333333333333,4,0.0627895823296731
"rand1",0.8,3,"PELT",0.6,0.375,0.461538461538462,5,0.0293924795938014
"rand1",0.8,3,"SVP",0.6,0.375,0.461538461538462,5,0.0293924795938014
"rand1",0.8,3,"SVP (BIC)",0.5,0.25,0.333333333333333,4,0.0627895823296731
"rand1",0.8,4,"PELT",0.6,0.375,0.461538461538462,5,0.0293924795938014
"rand1",0.8,4,"SVP",0.6,0.375,0.461538461538462,5,0.0293924795938014
"rand1",0.8,4,"SVP (BIC)",0.5,0.25,0.333333333333333,4,0.0627895823296731
"rand1",0.8,5,"PELT",0.6,0.375,0.461538461538462,5,0.0293924795938014
"rand1",0.8,5,"SVP",0.6,0.375,0.461538461538462,5,0.0293924795938014
"rand1",0.8,5,"SVP (BIC)",0.5,0.25,0.333333333333333,4,0.0627895823296731
"rand1",0.8,6,"PELT",0.6,0.375,0.461538461538462,5,0.0293924795938014
"rand1",0.8,6,"SVP",0.6,0.375,0.461538461538462,5,0.0293924795938014
"rand1",0.8,6,"SVP (BIC)",0.5,0.25,0.333333333333333,4,0.0627895823296731
"rand1",0.8,7,"PELT",0.6,0.375,0.461538461538462,5,0.0293924795938014
"rand1",0.8,7,"SVP",0.6,0.375,0.461538461538462,5,0.0293924795938014
"rand1",0.8,7,"SVP (BIC)",0.5,0.25,0.333333333333333,4,0.0627895823296731
"rand1",0.8,8,"PELT",0.6,0.375,0.461538461538462,5,0.0293924795938014
"rand1",0.8,8,"SVP",0.6,0.375,0.461538461538462,5,0.0293924795938014
"rand1",0.8,8,"SVP (BIC)",0.5,0.25,0.333333333333333,4,0.0627895823296731
"rand1",0.8,9,"PELT",0.6,0.375,0.461538461538462,5,0.0293924795938014
"rand1",0.8,9,"SVP",0.6,0.375,0.461538461538462,5,0.0293924795938014
"rand1",0.8,9,"SVP (BIC)",0.5,0.25,0.333333333333333,4,0.0627895823296731
"rand1",0.8,10,"PELT",0.6,0.375,0.461538461538462,5,0.0293924795938014
"rand1",0.8,10,"SVP",0.6,0.375,0.461538461538462,5,0.0293924795938014
"rand1",0.8,10,"SVP (BIC)",0.5,0.25,0.333333333333333,4,0.0627895823296731
"rand1",0.8,11,"PELT",0.6,0.375,0.461538461538462,5,0.0293924795938014
"rand1",0.8,11,"SVP",0.6,0.375,0.461538461538462,5,0.0293924795938014
"rand1",0.8,11,"SVP (BIC)",0.5,0.25,0.333333333333333,4,0.0627895823296731
"rand1",0.8,12,"PELT",0.6,0.375,0.461538461538462,5,0.0293924795938014
"rand1",0.8,12,"SVP",0.6,0.375,0.461538461538462,5,0.0293924795938014
"rand1",0.8,12,"SVP (BIC)",0.5,0.25,0.333333333333333,4,0.0627895823296731
"rand1",0.8,13,"PELT",0.6,0.375,0.461538461538462,5,0.0293924795938014
"rand1",0.8,13,"SVP",0.6,0.375,0.461538461538462,5,0.0293924795938014
"rand1",0.8,13,"SVP (BIC)",0.5,0.25,0.333333333333333,4,0.0627895823296731
"rand1",0.8,14,"PELT",0.6,0.375,0.461538461538462,5,0.0293924795938014
"rand1",0.8,14,"SVP",0.6,0.375,0.461538461538462,5,0.0293924795938014
"rand1",0.8,14,"SVP (BIC)",0.5,0.25,0.333333333333333,4,0.0627895823296731
"rand1",0.8,15,"PELT",0.6,0.375,0.461538461538462,5,0.0293924795938014
"rand1",0.8,15,"SVP",0.6,0.375,0.461538461538462,5,0.0293924795938014
"rand1",0.8,15,"SVP (BIC)",0.5,0.25,0.333333333333333,4,0.0627895823296731
"rand1",0.8,16,"PELT",0.6,0.375,0.461538461538462,5,0.0293924795938014
"rand1",0.8,16,"SVP",0.6,0.375,0.461538461538462,5,0.0293924795938014
"rand1",0.8,16,"SVP (BIC)",0.5,0.25,0.333333333333333,4,0.0627895823296731
"rand1",0.8,17,"PELT",0.6,0.375,0.461538461538462,5,0.0293924795938014
"rand1",0.8,17,"SVP",0.6,0.375,0.461538461538462,5,0.0293924795938014
"rand1",0.8,17,"SVP (BIC)",0.5,0.25,0.333333333333333,4,0.0627895823296731
"rand1",0.8,18,"PELT",0.6,0.375,0.461538461538462,5,0.0293924795938014
"rand1",0.8,18,"SVP",0.6,0.375,0.461538461538462,5,0.0293924795938014
"rand1",0.8,18,"SVP (BIC)",0.5,0.25,0.333333333333333,4,0.0627895823296731
"rand1",0.8,19,"PELT",0.6,0.375,0.461538461538462,5,0.0293924795938014
"rand1",0.8,19,"SVP",0.6,0.375,0.461538461538462,5,0.0293924795938014
"rand1",0.8,19,"SVP (BIC)",0.5,0.25,0.333333333333333,4,0.0627895823296731
"rand1",0.8,20,"PELT",0.6,0.375,0.461538461538462,5,0.0293924795938014
"rand1",0.8,20,"SVP",0.6,0.375,0.461538461538462,5,0.0293924795938014
"rand1",0.8,20,"SVP (BIC)",0.5,0.25,0.333333333333333,4,0.0627895823296731
"rand1",0.8,21,"PELT",0.6,0.375,0.461538461538462,5,0.0293924795938014
"rand1",0.8,21,"SVP",0.6,0.375,0.461538461538462,5,0.0293924795938014
"rand1",0.8,21,"SVP (BIC)",0.5,0.25,0.333333333333333,4,0.0627895823296731
"rand1",0.8,22,"PELT",0.6,0.375,0.461538461538462,5,0.0293924795938014
"rand1",0.8,22,"SVP",0.6,0.375,0.461538461538462,5,0.0293924795938014
"rand1",0.8,22,"SVP (BIC)",0.5,0.25,0.333333333333333,4,0.0627895823296731
"rand1",0.8,23,"PELT",0.6,0.375,0.461538461538462,5,0.0293924795938014
"rand1",0.8,23,"SVP",0.6,0.375,0.461538461538462,5,0.0293924795938014
"rand1",0.8,23,"SVP (BIC)",0.5,0.25,0.333333333333333,4,0.0627895823296731
"rand1",0.8,24,"PELT",0.6,0.375,0.461538461538462,5,0.0293924795938014
"rand1",0.8,24,"SVP",0.6,0.375,0.461538461538462,5,0.0293924795938014
"rand1",0.8,24,"SVP (BIC)",0.5,0.25,0.333333333333333,4,0.0627895823296731
"rand1",0.8,25,"PELT",0.6,0.375,0.461538461538462,5,0.0293924795938014
"rand1",0.8,25,"SVP",0.6,0.375,0.461538461538462,5,0.0293924795938014
"rand1",0.8,25,"SVP (BIC)",0.5,0.25,0.333333333333333,4,0.0627895823296731
"rand1",0.8,26,"PELT",0.6,0.375,0.461538461538462,5,0.0293924795938014
"rand1",0.8,26,"SVP",0.6,0.375,0.461538461538462,5,0.0293924795938014
"rand1",0.8,26,"SVP (BIC)",0.5,0.25,0.333333333333333,4,0.0627895823296731
"rand1",0.8,27,"PELT",0.6,0.375,0.461538461538462,5,0.0293924795938014
"rand1",0.8,27,"SVP",0.6,0.375,0.461538461538462,5,0.0293924795938014
"rand1",0.8,27,"SVP (BIC)",0.5,0.25,0.333333333333333,4,0.0627895823296731
"rand1",0.8,28,"PELT",0.6,0.375,0.461538461538462,5,0.0293924795938014
"rand1",0.8,28,"SVP",0.6,0.375,0.461538461538462,5,0.0293924795938014
"rand1",0.8,28,"SVP (BIC)",0.5,0.25,0.333333333333333,4,0.0627895823296731
"rand1",0.8,29,"PELT",0.6,0.375,0.461538461538462,5,0.0293924795938014
"rand1",0.8,29,"SVP",0.6,0.375,0.461538461538462,5,0.0293924795938014
"rand1",0.8,29,"SVP (BIC)",0.5,0.25,0.333333333333333,4,0.0627895823296731
"rand1",0.8,30,"PELT",0.6,0.375,0.461538461538462,5,0.0293924795938014
"rand1",0.8,30,"SVP",0.6,0.375,0.461538461538462,5,0.0293924795938014
"rand1",0.8,30,"SVP (BIC)",0.5,0.25,0.333333333333333,4,0.0627895823296731
"rand1",0.8,31,"PELT",0.6,0.375,0.461538461538462,5,0.0293924795938014
"rand1",0.8,31,"SVP",0.6,0.375,0.461538461538462,5,0.0293924795938014
"rand1",0.8,31,"SVP (BIC)",0.5,0.25,0.333333333333333,4,0.0627895823296731
"rand1",0.8,32,"PELT",0.6,0.375,0.461538461538462,5,0.0293924795938014
"rand1",0.8,32,"SVP",0.6,0.375,0.461538461538462,5,0.0293924795938014
"rand1",0.8,32,"SVP (BIC)",0.5,0.25,0.333333333333333,4,0.0627895823296731
"rand1",0.8,33,"PELT",0.6,0.375,0.461538461538462,5,0.0293924795938014
"rand1",0.8,33,"SVP",0.6,0.375,0.461538461538462,5,0.0293924795938014
"rand1",0.8,33,"SVP (BIC)",0.5,0.25,0.333333333333333,4,0.0627895823296731
"rand1",0.8,34,"PELT",0.6,0.375,0.461538461538462,5,0.0293924795938014
"rand1",0.8,34,"SVP",0.6,0.375,0.461538461538462,5,0.0293924795938014
"rand1",0.8,34,"SVP (BIC)",0.5,0.25,0.333333333333333,4,0.0627895823296731
"rand1",0.8,35,"PELT",0.6,0.375,0.461538461538462,5,0.0293924795938014
"rand1",0.8,35,"SVP",0.6,0.375,0.461538461538462,5,0.0293924795938014
"rand1",0.8,35,"SVP (BIC)",0.5,0.25,0.333333333333333,4,0.0627895823296731
"rand1",0.8,36,"PELT",0.6,0.375,0.461538461538462,5,0.0293924795938014
"rand1",0.8,36,"SVP",0.6,0.375,0.461538461538462,5,0.0293924795938014
"rand1",0.8,36,"SVP (BIC)",0.5,0.25,0.333333333333333,4,0.0627895823296731
"rand1",0.8,37,"PELT",0.6,0.375,0.461538461538462,5,0.0293924795938014
"rand1",0.8,37,"SVP",0.6,0.375,0.461538461538462,5,0.0293924795938014
"rand1",0.8,37,"SVP (BIC)",0.5,0.25,0.333333333333333,4,0.0627895823296731
"rand1",0.8,38,"PELT",0.6,0.375,0.461538461538462,5,0.0293924795938014
"rand1",0.8,38,"SVP",0.6,0.375,0.461538461538462,5,0.0293924795938014
"rand1",0.8,38,"SVP (BIC)",0.5,0.25,0.333333333333333,4,0.0627895823296731
"rand1",0.8,39,"PELT",0.6,0.375,0.461538461538462,5,0.0293924795938014
"rand1",0.8,39,"SVP",0.6,0.375,0.461538461538462,5,0.0293924795938014
"rand1",0.8,39,"SVP (BIC)",0.5,0.25,0.333333333333333,4,0.0627895823296731
"rand1",0.8,40,"PELT",0.6,0.375,0.461538461538462,5,0.0293924795938014
"rand1",0.8,40,"SVP",0.6,0.375,0.461538461538462,5,0.0293924795938014
"rand1",0.8,40,"SVP (BIC)",0.5,0.25,0.333333333333333,4,0.0627895823296731
"rand1",0.8,41,"PELT",0.6,0.375,0.461538461538462,5,0.0293924795938014
"rand1",0.8,41,"SVP",0.6,0.375,0.461538461538462,5,0.0293924795938014
"rand1",0.8,41,"SVP (BIC)",0.5,0.25,0.333333333333333,4,0.0627895823296731
"rand1",0.8,42,"PELT",0.6,0.375,0.461538461538462,5,0.0293924795938014
"rand1",0.8,42,"SVP",0.6,0.375,0.461538461538462,5,0.0293924795938014
"rand1",0.8,42,"SVP (BIC)",0.5,0.25,0.333333333333333,4,0.0627895823296731
"rand1",0.8,43,"PELT",0.6,0.375,0.461538461538462,5,0.0293924795938014
"rand1",0.8,43,"SVP",0.6,0.375,0.461538461538462,5,0.0293924795938014
"rand1",0.8,43,"SVP (BIC)",0.5,0.25,0.333333333333333,4,0.0627895823296731
"rand1",0.8,44,"PELT",0.6,0.375,0.461538461538462,5,0.0293924795938014
"rand1",0.8,44,"SVP",0.6,0.375,0.461538461538462,5,0.0293924795938014
"rand1",0.8,44,"SVP (BIC)",0.5,0.25,0.333333333333333,4,0.0627895823296731
"rand1",0.8,45,"PELT",0.6,0.375,0.461538461538462,5,0.0293924795938014
"rand1",0.8,45,"SVP",0.6,0.375,0.461538461538462,5,0.0293924795938014
"rand1",0.8,45,"SVP (BIC)",0.5,0.25,0.333333333333333,4,0.0627895823296731
"rand1",0.8,46,"PELT",0.6,0.375,0.461538461538462,5,0.0293924795938014
"rand1",0.8,46,"SVP",0.6,0.375,0.461538461538462,5,0.0293924795938014
"rand1",0.8,46,"SVP (BIC)",0.5,0.25,0.333333333333333,4,0.0627895823296731
"rand1",0.8,47,"PELT",0.6,0.375,0.461538461538462,5,0.0293924795938014
"rand1",0.8,47,"SVP",0.6,0.375,0.461538461538462,5,0.0293924795938014
"rand1",0.8,47,"SVP (BIC)",0.5,0.25,0.333333333333333,4,0.0627895823296731
"rand1",0.8,48,"PELT",0.6,0.375,0.461538461538462,5,0.0293924795938014
"rand1",0.8,48,"SVP",0.6,0.375,0.461538461538462,5,0.0293924795938014
"rand1",0.8,48,"SVP (BIC)",0.5,0.25,0.333333333333333,4,0.0627895823296731
"rand1",0.8,49,"PELT",0.6,0.375,0.461538461538462,5,0.0293924795938014
"rand1",0.8,49,"SVP",0.6,0.375,0.461538461538462,5,0.0293924795938014
"rand1",0.8,49,"SVP (BIC)",0.5,0.25,0.333333333333333,4,0.0627895823296731
"rand1",0.8,50,"PELT",0.6,0.375,0.461538461538462,5,0.0293924795938014
"rand1",0.8,50,"SVP",0.6,0.375,0.461538461538462,5,0.0293924795938014
"rand1",0.8,50,"SVP (BIC)",0.5,0.25,0.333333333333333,4,0.0627895823296731
"none",0.9,1,"PELT",1,1,1,1,0.000430663636564138
"none",0.9,1,"SVP",1,1,1,1,0.000430663636564138
"none",0.9,1,"SVP (BIC)",1,1,1,1,0.000430663636564138
"none",0.9,2,"PELT",1,1,1,1,0.00314433764317428
"none",0.9,2,"SVP",1,1,1,1,0.00314433764317428
"none",0.9,2,"SVP (BIC)",1,1,1,1,0.00314433764317428
"none",0.9,3,"PELT",1,1,1,1,0.000132318908091442
"none",0.9,3,"SVP",1,1,1,1,0.000132318908091442
"none",0.9,3,"SVP (BIC)",1,1,1,1,0.000132318908091442
"none",0.9,4,"PELT",1,1,1,1,0.000353306314705069
"none",0.9,4,"SVP",1,1,1,1,0.000353306314705069
"none",0.9,4,"SVP (BIC)",1,1,1,1,0.000353306314705069
"none",0.9,5,"PELT",1,1,1,1,9.22686364092344e-05
"none",0.9,5,"SVP",1,1,1,1,9.22686364092344e-05
"none",0.9,5,"SVP (BIC)",1,1,1,1,9.22686364092344e-05
"none",0.9,6,"PELT",1,1,1,1,0.000116754388667705
"none",0.9,6,"SVP",1,1,1,1,0.000116754388667705
"none",0.9,6,"SVP (BIC)",1,1,1,1,0.000116754388667705
"none",0.9,7,"PELT",1,1,1,1,0.000242263903933691
"none",0.9,7,"SVP",1,1,1,1,0.000242263903933691
"none",0.9,7,"SVP (BIC)",1,1,1,1,0.000242263903933691
"none",0.9,8,"PELT",1,1,1,1,0.000161270261404607
"none",0.9,8,"SVP",1,1,1,1,0.000161270261404607
"none",0.9,8,"SVP (BIC)",1,1,1,1,0.000161270261404607
"none",0.9,9,"PELT",1,1,1,1,0.000510813282169508
"none",0.9,9,"SVP",1,1,1,1,0.000510813282169508
"none",0.9,9,"SVP (BIC)",1,1,1,1,0.000510813282169508
"none",0.9,10,"PELT",1,1,1,1,0.000873114006475477
"none",0.9,10,"SVP",1,1,1,1,0.000873114006475477
"none",0.9,10,"SVP (BIC)",1,1,1,1,0.000873114006475477
"none",0.9,11,"PELT",1,1,1,1,5.76248830536031e-05
"none",0.9,11,"SVP",1,1,1,1,5.76248830536031e-05
"none",0.9,11,"SVP (BIC)",1,1,1,1,5.76248830536031e-05
"none",0.9,12,"PELT",1,1,1,1,0.000723031734358018
"none",0.9,12,"SVP",1,1,1,1,0.000723031734358018
"none",0.9,12,"SVP (BIC)",1,1,1,1,0.000723031734358018
"none",0.9,13,"PELT",1,1,1,1,0.000751282529583304
"none",0.9,13,"SVP",1,1,1,1,0.000751282529583304
"none",0.9,13,"SVP (BIC)",1,1,1,1,0.000751282529583304
"none",0.9,14,"PELT",1,1,1,1,0.000158976868296106
"none",0.9,14,"SVP",1,1,1,1,0.000158976868296106
"none",0.9,14,"SVP (BIC)",1,1,1,1,0.000158976868296106
"none",0.9,15,"PELT",1,1,1,1,7.4535765237131e-06
"none",0.9,15,"SVP",1,1,1,1,7.4535765237131e-06
"none",0.9,15,"SVP (BIC)",1,1,1,1,7.4535765237131e-06
"none",0.9,16,"PELT",1,1,1,1,1.53548167872772e-06
"none",0.9,16,"SVP",1,1,1,1,1.53548167872772e-06
"none",0.9,16,"SVP (BIC)",1,1,1,1,1.53548167872772e-06
"none",0.9,17,"PELT",0.333333333333333,1,0.5,3,0.0282550478501332
"none",0.9,17,"SVP",0.5,1,0.666666666666667,2,0.0126234473565619
"none",0.9,17,"SVP (BIC)",1,1,1,1,9.85340289505059e-05
"none",0.9,18,"PELT",1,1,1,1,1.79743975805446e-05
"none",0.9,18,"SVP",1,1,1,1,1.79743975805446e-05
"none",0.9,18,"SVP (BIC)",1,1,1,1,1.79743975805446e-05
"none",0.9,19,"PELT",1,1,1,1,0.000186961031841927
"none",0.9,19,"SVP",1,1,1,1,0.000186961031841927
"none",0.9,19,"SVP (BIC)",1,1,1,1,0.000186961031841927
"none",0.9,20,"PELT",1,1,1,1,0.000549887822424214
"none",0.9,20,"SVP",1,1,1,1,0.000549887822424214
"none",0.9,20,"SVP (BIC)",1,1,1,1,0.000549887822424214
"none",0.9,21,"PELT",1,1,1,1,0.000291371410823464
"none",0.9,21,"SVP",1,1,1,1,0.000291371410823464
"none",0.9,21,"SVP (BIC)",1,1,1,1,0.000291371410823464
"none",0.9,22,"PELT",1,1,1,1,0.000824594731612086
"none",0.9,22,"SVP",1,1,1,1,0.000824594731612086
"none",0.9,22,"SVP (BIC)",1,1,1,1,0.000824594731612086
"none",0.9,23,"PELT",1,1,1,1,0.000188386996575131
"none",0.9,23,"SVP",1,1,1,1,0.000188386996575131
"none",0.9,23,"SVP (BIC)",1,1,1,1,0.000188386996575131
"none",0.9,24,"PELT",1,1,1,1,0.00829803884055314
"none",0.9,24,"SVP",1,1,1,1,0.00829803884055314
"none",0.9,24,"SVP (BIC)",1,1,1,1,0.00829803884055314
"none",0.9,25,"PELT",1,1,1,1,0.000555944530135452
"none",0.9,25,"SVP",1,1,1,1,0.000555944530135452
"none",0.9,25,"SVP (BIC)",1,1,1,1,0.000555944530135452
"none",0.9,26,"PELT",1,1,1,1,0.000114633864512443
"none",0.9,26,"SVP",1,1,1,1,0.000114633864512443
"none",0.9,26,"SVP (BIC)",1,1,1,1,0.000114633864512443
"none",0.9,27,"PELT",1,1,1,1,0.00133841084697047
"none",0.9,27,"SVP",1,1,1,1,0.00133841084697047
"none",0.9,27,"SVP (BIC)",1,1,1,1,0.00133841084697047
"none",0.9,28,"PELT",1,1,1,1,0.00102268934387997
"none",0.9,28,"SVP",1,1,1,1,0.00102268934387997
"none",0.9,28,"SVP (BIC)",1,1,1,1,0.00102268934387997
"none",0.9,29,"PELT",1,1,1,1,5.38084764466613e-05
"none",0.9,29,"SVP",1,1,1,1,5.38084764466613e-05
"none",0.9,29,"SVP (BIC)",1,1,1,1,5.38084764466613e-05
"none",0.9,30,"PELT",1,1,1,1,1.13881126194971e-08
"none",0.9,30,"SVP",0.5,1,0.666666666666667,2,0.00446585897262872
"none",0.9,30,"SVP (BIC)",1,1,1,1,1.13881126194971e-08
"none",0.9,31,"PELT",1,1,1,1,0.00225238757275597
"none",0.9,31,"SVP",1,1,1,1,0.00225238757275597
"none",0.9,31,"SVP (BIC)",1,1,1,1,0.00225238757275597
"none",0.9,32,"PELT",1,1,1,1,7.39424923753475e-05
"none",0.9,32,"SVP",1,1,1,1,7.39424923753475e-05
"none",0.9,32,"SVP (BIC)",1,1,1,1,7.39424923753475e-05
"none",0.9,33,"PELT",1,1,1,1,0.0021660651395934
"none",0.9,33,"SVP",1,1,1,1,0.0021660651395934
"none",0.9,33,"SVP (BIC)",1,1,1,1,0.0021660651395934
"none",0.9,34,"PELT",1,1,1,1,2.73429212620797e-05
"none",0.9,34,"SVP",1,1,1,1,2.73429212620797e-05
"none",0.9,34,"SVP (BIC)",1,1,1,1,2.73429212620797e-05
"none",0.9,35,"PELT",1,1,1,1,0.00177042255097228
"none",0.9,35,"SVP",1,1,1,1,0.00177042255097228
"none",0.9,35,"SVP (BIC)",1,1,1,1,0.00177042255097228
"none",0.9,36,"PELT",1,1,1,1,0.000176235960772107
"none",0.9,36,"SVP",1,1,1,1,0.000176235960772107
"none",0.9,36,"SVP (BIC)",1,1,1,1,0.000176235960772107
"none",0.9,37,"PELT",1,1,1,1,0.00111744956789338
"none",0.9,37,"SVP",1,1,1,1,0.00111744956789338
"none",0.9,37,"SVP (BIC)",1,1,1,1,0.00111744956789338
"none",0.9,38,"PELT",1,1,1,1,9.28951921096371e-05
"none",0.9,38,"SVP",1,1,1,1,9.28951921096371e-05
"none",0.9,38,"SVP (BIC)",1,1,1,1,9.28951921096371e-05
"none",0.9,39,"PELT",1,1,1,1,0.000468494743748948
"none",0.9,39,"SVP",1,1,1,1,0.000468494743748948
"none",0.9,39,"SVP (BIC)",1,1,1,1,0.000468494743748948
"none",0.9,40,"PELT",1,1,1,1,0.000740348611789111
"none",0.9,40,"SVP",1,1,1,1,0.000740348611789111
"none",0.9,40,"SVP (BIC)",1,1,1,1,0.000740348611789111
"none",0.9,41,"PELT",1,1,1,1,4.81592894733649e-05
"none",0.9,41,"SVP",1,1,1,1,4.81592894733649e-05
"none",0.9,41,"SVP (BIC)",1,1,1,1,4.81592894733649e-05
"none",0.9,42,"PELT",1,1,1,1,0.000560284470138695
"none",0.9,42,"SVP",1,1,1,1,0.000560284470138695
"none",0.9,42,"SVP (BIC)",1,1,1,1,0.000560284470138695
"none",0.9,43,"PELT",1,1,1,1,0.000132621494510094
"none",0.9,43,"SVP",1,1,1,1,0.000132621494510094
"none",0.9,43,"SVP (BIC)",1,1,1,1,0.000132621494510094
"none",0.9,44,"PELT",1,1,1,1,0.00204302885084751
"none",0.9,44,"SVP",1,1,1,1,0.00204302885084751
"none",0.9,44,"SVP (BIC)",1,1,1,1,0.00204302885084751
"none",0.9,45,"PELT",1,1,1,1,9.76841572672137e-06
"none",0.9,45,"SVP",1,1,1,1,9.76841572672137e-06
"none",0.9,45,"SVP (BIC)",1,1,1,1,9.76841572672137e-06
"none",0.9,46,"PELT",1,1,1,1,2.90409864391464e-05
"none",0.9,46,"SVP",1,1,1,1,2.90409864391464e-05
"none",0.9,46,"SVP (BIC)",1,1,1,1,2.90409864391464e-05
"none",0.9,47,"PELT",1,1,1,1,0.00010963829905765
"none",0.9,47,"SVP",1,1,1,1,0.00010963829905765
"none",0.9,47,"SVP (BIC)",1,1,1,1,0.00010963829905765
"none",0.9,48,"PELT",1,1,1,1,0.000416611282959166
"none",0.9,48,"SVP",1,1,1,1,0.000416611282959166
"none",0.9,48,"SVP (BIC)",1,1,1,1,0.000416611282959166
"none",0.9,49,"PELT",1,1,1,1,5.14083661273059e-07
"none",0.9,49,"SVP",1,1,1,1,5.14083661273059e-07
"none",0.9,49,"SVP (BIC)",1,1,1,1,5.14083661273059e-07
"none",0.9,50,"PELT",1,1,1,1,2.85389570553765e-06
"none",0.9,50,"SVP",1,1,1,1,2.85389570553765e-06
"none",0.9,50,"SVP (BIC)",1,1,1,1,2.85389570553765e-06
"up",0.9,1,"PELT",0.625,0.625,0.625,8,0.0404932467560882
"up",0.9,1,"SVP",0.625,0.625,0.625,8,0.0404932467560882
"up",0.9,1,"SVP (BIC)",0.666666666666667,0.5,0.571428571428572,6,0.156578393540291
"up",0.9,2,"PELT",0.625,0.625,0.625,8,0.029445199833017
"up",0.9,2,"SVP",0.625,0.625,0.625,8,0.029445199833017
"up",0.9,2,"SVP (BIC)",0.571428571428571,0.5,0.533333333333333,7,0.0866204674754959
"up",0.9,3,"PELT",0.75,0.75,0.75,8,0.0113131458793574
"up",0.9,3,"SVP",0.75,0.75,0.75,8,0.0113131458793574
"up",0.9,3,"SVP (BIC)",0.75,0.75,0.75,8,0.0113131458793574
"up",0.9,4,"PELT",0.75,0.75,0.75,8,0.0165644019598886
"up",0.9,4,"SVP",0.75,0.75,0.75,8,0.0165644019598886
"up",0.9,4,"SVP (BIC)",0.571428571428571,0.5,0.533333333333333,7,0.0893929144589572
"up",0.9,5,"PELT",0.625,0.625,0.625,8,0.0306298659883165
"up",0.9,5,"SVP",0.625,0.625,0.625,8,0.0306298659883165
"up",0.9,5,"SVP (BIC)",0.166666666666667,0.125,0.142857142857143,6,0.170324120782936
"up",0.9,6,"PELT",0.375,0.375,0.375,8,0.034996694601245
"up",0.9,6,"SVP",0.285714285714286,0.25,0.266666666666667,7,0.114700451805711
"up",0.9,6,"SVP (BIC)",0.5,0.375,0.428571428571429,6,0.152132452753051
"up",0.9,7,"PELT",0.75,0.75,0.75,8,0.0280561728119412
"up",0.9,7,"SVP",0.75,0.75,0.75,8,0.0280561728119412
"up",0.9,7,"SVP (BIC)",0.75,0.75,0.75,8,0.0280561728119412
"up",0.9,8,"PELT",0.875,0.875,0.875,8,0.0184221988557075
"up",0.9,8,"SVP",0.714285714285714,0.625,0.666666666666667,7,0.0809221364434375
"up",0.9,8,"SVP (BIC)",0.857142857142857,0.75,0.8,7,0.0714532907838229
"up",0.9,9,"PELT",0.375,0.375,0.375,8,0.0361980197807909
"up",0.9,9,"SVP",0.428571428571429,0.375,0.4,7,0.0757431815408439
"up",0.9,9,"SVP (BIC)",0.428571428571429,0.375,0.4,7,0.0757431815408439
"up",0.9,10,"PELT",0.333333333333333,0.375,0.352941176470588,9,0.0917117824575788
"up",0.9,10,"SVP",0.375,0.375,0.375,8,0.0610481874797901
"up",0.9,10,"SVP (BIC)",0.333333333333333,0.25,0.285714285714286,6,0.153013419503159
"up",0.9,11,"PELT",0.625,0.625,0.625,8,0.0289841826359553
"up",0.9,11,"SVP",0.571428571428571,0.5,0.533333333333333,7,0.0718155107899219
"up",0.9,11,"SVP (BIC)",0.166666666666667,0.125,0.142857142857143,6,0.162596371171084
"up",0.9,12,"PELT",0.625,0.625,0.625,8,0.0364644308042696
"up",0.9,12,"SVP",0.714285714285714,0.625,0.666666666666667,7,0.0732213274322481
"up",0.9,12,"SVP (BIC)",0.714285714285714,0.625,0.666666666666667,7,0.0732213274322481
"up",0.9,13,"PELT",0.75,0.75,0.75,8,0.0379038733096213
"up",0.9,13,"SVP",0.75,0.75,0.75,8,0.0379038733096213
"up",0.9,13,"SVP (BIC)",0.75,0.75,0.75,8,0.0379038733096213
"up",0.9,14,"PELT",0.375,0.375,0.375,8,0.0442718819014369
"up",0.9,14,"SVP",0.375,0.375,0.375,8,0.0442718819014369
"up",0.9,14,"SVP (BIC)",0.285714285714286,0.25,0.266666666666667,7,0.085785485559346
"up",0.9,15,"PELT",0.625,0.625,0.625,8,0.0413554299674655
"up",0.9,15,"SVP",0.428571428571429,0.375,0.4,7,0.104441746863553
"up",0.9,15,"SVP (BIC)",0.333333333333333,0.25,0.285714285714286,6,0.171878153388839
"up",0.9,16,"PELT",0.875,0.875,0.875,8,0.0100232378799051
"up",0.9,16,"SVP",0.875,0.875,0.875,8,0.0100232378799051
"up",0.9,16,"SVP (BIC)",0.875,0.875,0.875,8,0.0100232378799051
"up",0.9,17,"PELT",0.75,0.75,0.75,8,0.0199599675806899
"up",0.9,17,"SVP",0.75,0.75,0.75,8,0.0199599675806899
"up",0.9,17,"SVP (BIC)",0.571428571428571,0.5,0.533333333333333,7,0.0803214247133356
"up",0.9,18,"PELT",0.5,0.5,0.5,8,0.0371496340322551
"up",0.9,18,"SVP",0.428571428571429,0.375,0.4,7,0.0763516616317682
"up",0.9,18,"SVP (BIC)",0.5,0.375,0.428571428571429,6,0.135652443596977
"up",0.9,19,"PELT",0.5,0.5,0.5,8,0.0593531499768116
"up",0.9,19,"SVP",0.428571428571429,0.375,0.4,7,0.10744108186888
"up",0.9,19,"SVP (BIC)",0.285714285714286,0.25,0.266666666666667,7,0.0912940776041625
"up",0.9,20,"PELT",0.375,0.375,0.375,8,0.0301497905633534
"up",0.9,20,"SVP",0.285714285714286,0.25,0.266666666666667,7,0.103383759278221
"up",0.9,20,"SVP (BIC)",0.333333333333333,0.25,0.285714285714286,6,0.143848332989302
"up",0.9,21,"PELT",0.375,0.375,0.375,8,0.0330340494101432
"up",0.9,21,"SVP",0.285714285714286,0.25,0.266666666666667,7,0.110481533791536
"up",0.9,21,"SVP (BIC)",0.285714285714286,0.25,0.266666666666667,7,0.079866736494771
"up",0.9,22,"PELT",0.625,0.625,0.625,8,0.02889606798306
"up",0.9,22,"SVP",0.571428571428571,0.5,0.533333333333333,7,0.0865167603640496
"up",0.9,22,"SVP (BIC)",0.5,0.375,0.428571428571429,6,0.143674858719058
"up",0.9,23,"PELT",0.625,0.625,0.625,8,0.0280441292507475
"up",0.9,23,"SVP",0.571428571428571,0.5,0.533333333333333,7,0.090696991603714
"up",0.9,23,"SVP (BIC)",0.5,0.375,0.428571428571429,6,0.131048781390988
"up",0.9,24,"PELT",0.5,0.5,0.5,8,0.0294344744010191
"up",0.9,24,"SVP",0.5,0.5,0.5,8,0.0294344744010191
"up",0.9,24,"SVP (BIC)",0.428571428571429,0.375,0.4,7,0.0844940342404609
"up",0.9,25,"PELT",0.75,0.75,0.75,8,0.0381580546604532
"up",0.9,25,"SVP",0.714285714285714,0.625,0.666666666666667,7,0.0897773850546428
"up",0.9,25,"SVP (BIC)",0.714285714285714,0.625,0.666666666666667,7,0.0897773850546428
"up",0.9,26,"PELT",0.875,0.875,0.875,8,0.0152569316612153
"up",0.9,26,"SVP",0.875,0.875,0.875,8,0.0152569316612153
"up",0.9,26,"SVP (BIC)",0.666666666666667,0.5,0.571428571428572,6,0.127796130029614
"up",0.9,27,"PELT",0.75,0.75,0.75,8,0.0124562506099551
"up",0.9,27,"SVP",0.571428571428571,0.5,0.533333333333333,7,0.0888192989223882
"up",0.9,27,"SVP (BIC)",0.571428571428571,0.5,0.533333333333333,7,0.0761273466263614
"up",0.9,28,"PELT",0.375,0.375,0.375,8,0.0743281317177207
"up",0.9,28,"SVP",0.375,0.375,0.375,8,0.0743281317177207
"up",0.9,28,"SVP (BIC)",0.333333333333333,0.25,0.285714285714286,6,0.163266961920481
"up",0.9,29,"PELT",0.625,0.625,0.625,8,0.03010855890586
"up",0.9,29,"SVP",0.571428571428571,0.5,0.533333333333333,7,0.0853042656729368
"up",0.9,29,"SVP (BIC)",0.333333333333333,0.25,0.285714285714286,6,0.150632067494829
"up",0.9,30,"PELT",0.75,0.75,0.75,8,0.0458314041039423
"up",0.9,30,"SVP",0.75,0.75,0.75,8,0.0458314041039423
"up",0.9,30,"SVP (BIC)",0.714285714285714,0.625,0.666666666666667,7,0.0906984162709444
"up",0.9,31,"PELT",0.5,0.5,0.5,8,0.0362288098266545
"up",0.9,31,"SVP",0.571428571428571,0.5,0.533333333333333,7,0.0760031758871305
"up",0.9,31,"SVP (BIC)",0.666666666666667,0.5,0.571428571428572,6,0.114819852375571
"up",0.9,32,"PELT",0.5,0.5,0.5,8,0.029919540465047
"up",0.9,32,"SVP",0.5,0.5,0.5,8,0.029919540465047
"up",0.9,32,"SVP (BIC)",0.285714285714286,0.25,0.266666666666667,7,0.089978362736689
"up",0.9,33,"PELT",0.75,0.75,0.75,8,0.0112980267600138
"up",0.9,33,"SVP",0.75,0.75,0.75,8,0.0112980267600138
"up",0.9,33,"SVP (BIC)",0.714285714285714,0.625,0.666666666666667,7,0.0774216354800774
"up",0.9,34,"PELT",0.555555555555556,0.625,0.588235294117647,9,0.0405281204075154
"up",0.9,34,"SVP",0.625,0.625,0.625,8,0.0244567398806397
"up",0.9,34,"SVP (BIC)",0.428571428571429,0.375,0.4,7,0.09308720122611
"up",0.9,35,"PELT",0.875,0.875,0.875,8,0.00884657874076612
"up",0.9,35,"SVP",0.875,0.875,0.875,8,0.00884657874076612
"up",0.9,35,"SVP (BIC)",0.875,0.875,0.875,8,0.00884657874076612
"up",0.9,36,"PELT",0.875,0.875,0.875,8,0.0269660459059753
"up",0.9,36,"SVP",0.571428571428571,0.5,0.533333333333333,7,0.106533486934435
"up",0.9,36,"SVP (BIC)",0.5,0.375,0.428571428571429,6,0.15388859311295
"up",0.9,37,"PELT",0.875,0.875,0.875,8,0.0131073139817037
"up",0.9,37,"SVP",0.875,0.875,0.875,8,0.0131073139817037
"up",0.9,37,"SVP (BIC)",0.428571428571429,0.375,0.4,7,0.104692420457088
"up",0.9,38,"PELT",0.5,0.5,0.5,8,0.0440204623579221
"up",0.9,38,"SVP",0.5,0.5,0.5,8,0.0440204623579221
"up",0.9,38,"SVP (BIC)",0.428571428571429,0.375,0.4,7,0.0881549218520331
"up",0.9,39,"PELT",0.75,0.75,0.75,8,0.0305826584086443
"up",0.9,39,"SVP",0.75,0.75,0.75,8,0.0305826584086443
"up",0.9,39,"SVP (BIC)",0.666666666666667,0.5,0.571428571428572,6,0.1397252955174
"up",0.9,40,"PELT",0.5,0.5,0.5,8,0.0272805727785963
"up",0.9,40,"SVP",0.285714285714286,0.25,0.266666666666667,7,0.0993770549114328
"up",0.9,40,"SVP (BIC)",0.428571428571429,0.375,0.4,7,0.081636482836683
"up",0.9,41,"PELT",0.5,0.5,0.5,8,0.0323644016321084
"up",0.9,41,"SVP",0.428571428571429,0.375,0.4,7,0.0925500215481568
"up",0.9,41,"SVP (BIC)",0.333333333333333,0.25,0.285714285714286,6,0.144635617260162
"up",0.9,42,"PELT",0.625,0.625,0.625,8,0.030052029899006
"up",0.9,42,"SVP",0.428571428571429,0.375,0.4,7,0.090089326321589
"up",0.9,42,"SVP (BIC)",0.666666666666667,0.5,0.571428571428572,6,0.139724457128982
"up",0.9,43,"PELT",0.444444444444444,0.5,0.470588235294118,9,0.0661086521225435
"up",0.9,43,"SVP",0.5,0.5,0.5,8,0.0498584515173806
"up",0.9,43,"SVP (BIC)",0.285714285714286,0.25,0.266666666666667,7,0.104411734978121
"up",0.9,44,"PELT",0.75,0.75,0.75,8,0.0205705601865466
"up",0.9,44,"SVP",0.75,0.75,0.75,8,0.0205705601865466
"up",0.9,44,"SVP (BIC)",0.75,0.75,0.75,8,0.0205705601865466
"up",0.9,45,"PELT",0.625,0.625,0.625,8,0.0256201792915668
"up",0.9,45,"SVP",0.625,0.625,0.625,8,0.0256201792915668
"up",0.9,45,"SVP (BIC)",0.714285714285714,0.625,0.666666666666667,7,0.090990884532115
"up",0.9,46,"PELT",0.5,0.5,0.5,8,0.0304112695896604
"up",0.9,46,"SVP",0.5,0.5,0.5,8,0.0304112695896604
"up",0.9,46,"SVP (BIC)",0.333333333333333,0.25,0.285714285714286,6,0.14390574573266
"up",0.9,47,"PELT",0.625,0.625,0.625,8,0.0295891942303706
"up",0.9,47,"SVP",0.625,0.625,0.625,8,0.0295891942303706
"up",0.9,47,"SVP (BIC)",0.333333333333333,0.25,0.285714285714286,6,0.165191843922167
"up",0.9,48,"PELT",0.875,0.875,0.875,8,0.0135232291968807
"up",0.9,48,"SVP",0.875,0.875,0.875,8,0.0135232291968807
"up",0.9,48,"SVP (BIC)",0.714285714285714,0.625,0.666666666666667,7,0.0834924507605349
"up",0.9,49,"PELT",0.666666666666667,0.75,0.705882352941177,9,0.0354504706911583
"up",0.9,49,"SVP",0.875,0.875,0.875,8,0.0119740359016941
"up",0.9,49,"SVP (BIC)",0.875,0.875,0.875,8,0.0119740359016941
"up",0.9,50,"PELT",0.75,0.75,0.75,8,0.0199019495770757
"up",0.9,50,"SVP",0.75,0.75,0.75,8,0.0199019495770757
"up",0.9,50,"SVP (BIC)",0.714285714285714,0.625,0.666666666666667,7,0.0802576463836472
"updown",0.9,1,"PELT",1,1,1,8,0.0162214007126693
"updown",0.9,1,"SVP",1,1,1,8,0.0162214007126693
"updown",0.9,1,"SVP (BIC)",1,1,1,8,0.0162214007126693
"updown",0.9,2,"PELT",0.5,0.5,0.5,8,0.0539294366888593
"updown",0.9,2,"SVP",0.4,0.25,0.307692307692308,5,0.148172890913704
"updown",0.9,2,"SVP (BIC)",0.5,0.25,0.333333333333333,4,0.148254997039104
"updown",0.9,3,"PELT",0.375,0.375,0.375,8,0.0575978911540043
"updown",0.9,3,"SVP",0.428571428571429,0.375,0.4,7,0.0737884672879821
"updown",0.9,3,"SVP (BIC)",0.333333333333333,0.25,0.285714285714286,6,0.0903308429881257
"updown",0.9,4,"PELT",0.75,0.75,0.75,8,0.0177305075515683
"updown",0.9,4,"SVP",0.75,0.75,0.75,8,0.0177305075515683
"updown",0.9,4,"SVP (BIC)",0.571428571428571,0.5,0.533333333333333,7,0.0797324747922269
"updown",0.9,5,"PELT",1,1,1,8,0.0101472608440832
"updown",0.9,5,"SVP",1,1,1,8,0.0101472608440832
"updown",0.9,5,"SVP (BIC)",0.666666666666667,0.5,0.571428571428572,6,0.085382436745927
"updown",0.9,6,"PELT",0.75,0.75,0.75,8,0.0268078564591967
"updown",0.9,6,"SVP",0.333333333333333,0.25,0.285714285714286,6,0.151832194249939
"updown",0.9,6,"SVP (BIC)",0.333333333333333,0.125,0.181818181818182,3,0.171921080095705
"updown",0.9,7,"PELT",0.75,0.75,0.75,8,0.0340183589672124
"updown",0.9,7,"SVP",0.75,0.75,0.75,8,0.0340183589672124
"updown",0.9,7,"SVP (BIC)",0.75,0.75,0.75,8,0.0340183589672124
"updown",0.9,8,"PELT",0.75,0.75,0.75,8,0.0345449863333411
"updown",0.9,8,"SVP",0.571428571428571,0.5,0.533333333333333,7,0.0776516920833194
"updown",0.9,8,"SVP (BIC)",0.5,0.25,0.333333333333333,4,0.150863643592194
"updown",0.9,9,"PELT",0.625,0.625,0.625,8,0.0317578169156056
"updown",0.9,9,"SVP",0.5,0.375,0.428571428571429,6,0.0866011316795195
"updown",0.9,9,"SVP (BIC)",0.2,0.125,0.153846153846154,5,0.183376508496732
"updown",0.9,10,"PELT",0.625,0.625,0.625,8,0.0290386747608519
"updown",0.9,10,"SVP",0.625,0.625,0.625,8,0.0290386747608519
"updown",0.9,10,"SVP (BIC)",0.625,0.625,0.625,8,0.0290386747608519
"updown",0.9,11,"PELT",0.5,0.5,0.5,8,0.0248787662437998
"updown",0.9,11,"SVP",0.428571428571429,0.375,0.4,7,0.0717853383374604
"updown",0.9,11,"SVP (BIC)",0.666666666666667,0.5,0.571428571428572,6,0.0810386975249288
"updown",0.9,12,"PELT",0.875,0.875,0.875,8,0.0142088063180166
"updown",0.9,12,"SVP",0.875,0.875,0.875,8,0.0142088063180166
"updown",0.9,12,"SVP (BIC)",0.333333333333333,0.25,0.285714285714286,6,0.137095896933532
"updown",0.9,13,"PELT",0.25,0.25,0.25,8,0.0381369426784711
"updown",0.9,13,"SVP",0.142857142857143,0.125,0.133333333333333,7,0.0993575043032935
"updown",0.9,13,"SVP (BIC)",0.25,0.125,0.166666666666667,4,0.145294968196238
"updown",0.9,14,"PELT",0.5,0.5,0.5,8,0.0384864482498614
"updown",0.9,14,"SVP",0.5,0.5,0.5,8,0.0384864482498614
"updown",0.9,14,"SVP (BIC)",0.5,0.375,0.428571428571429,6,0.126590859507213
"updown",0.9,15,"PELT",0.625,0.625,0.625,8,0.0285061092862041
"updown",0.9,15,"SVP",0.625,0.625,0.625,8,0.0285061092862041
"updown",0.9,15,"SVP (BIC)",0.625,0.625,0.625,8,0.0285061092862041
"updown",0.9,16,"PELT",0.375,0.375,0.375,8,0.0331920228966859
"updown",0.9,16,"SVP",0.375,0.375,0.375,8,0.0331920228966859
"updown",0.9,16,"SVP (BIC)",0.375,0.375,0.375,8,0.0331920228966859
"updown",0.9,17,"PELT",0.5,0.5,0.5,8,0.0374185655529841
"updown",0.9,17,"SVP",0.5,0.5,0.5,8,0.0374185655529841
"updown",0.9,17,"SVP (BIC)",0.4,0.25,0.307692307692308,5,0.137234022428235
"updown",0.9,18,"PELT",0.25,0.25,0.25,8,0.0766321538884769
"updown",0.9,18,"SVP",0.333333333333333,0.25,0.285714285714286,6,0.121224699916041
"updown",0.9,18,"SVP (BIC)",0.333333333333333,0.125,0.181818181818182,3,0.204053973429207
"updown",0.9,19,"PELT",0.5,0.5,0.5,8,0.0565863501986269
"updown",0.9,19,"SVP",0.5,0.5,0.5,8,0.0565863501986269
"updown",0.9,19,"SVP (BIC)",0.571428571428571,0.5,0.533333333333333,7,0.0888061889807608
"updown",0.9,20,"PELT",0.375,0.375,0.375,8,0.0377512469478583
"updown",0.9,20,"SVP",0.375,0.375,0.375,8,0.0377512469478583
"updown",0.9,20,"SVP (BIC)",0.2,0.125,0.153846153846154,5,0.153851277676672
"updown",0.9,21,"PELT",0.875,0.875,0.875,8,0.0116919380845274
"updown",0.9,21,"SVP",0.875,0.875,0.875,8,0.0116919380845274
"updown",0.9,21,"SVP (BIC)",0.666666666666667,0.5,0.571428571428572,6,0.0811507601261025
"updown",0.9,22,"PELT",0.375,0.375,0.375,8,0.0472572687414482
"updown",0.9,22,"SVP",0.375,0.375,0.375,8,0.0472572687414482
"updown",0.9,22,"SVP (BIC)",0.428571428571429,0.375,0.4,7,0.08869313358214
"updown",0.9,23,"PELT",0.875,0.875,0.875,8,0.012775533607999
"updown",0.9,23,"SVP",0.714285714285714,0.625,0.666666666666667,7,0.0690098135069321
"updown",0.9,23,"SVP (BIC)",0.666666666666667,0.5,0.571428571428572,6,0.0861067018814224
"updown",0.9,24,"PELT",0.625,0.625,0.625,8,0.0308717267181532
"updown",0.9,24,"SVP",0.625,0.625,0.625,8,0.0308717267181532
"updown",0.9,24,"SVP (BIC)",0.4,0.25,0.307692307692308,5,0.138652604453472
"updown",0.9,25,"PELT",0.5,0.5,0.5,8,0.0373605384595594
"updown",0.9,25,"SVP",0.5,0.375,0.428571428571429,6,0.129947400477548
"updown",0.9,25,"SVP (BIC)",0.75,0.375,0.5,4,0.131416666362748
"updown",0.9,26,"PELT",0.625,0.625,0.625,8,0.0265064517982449
"updown",0.9,26,"SVP",0.428571428571429,0.375,0.4,7,0.089159291218509
"updown",0.9,26,"SVP (BIC)",0.5,0.375,0.428571428571429,6,0.0940955885171947
"updown",0.9,27,"PELT",0.5,0.5,0.5,8,0.0232710708904441
"updown",0.9,27,"SVP",0.5,0.5,0.5,8,0.0232710708904441
"updown",0.9,27,"SVP (BIC)",0.285714285714286,0.25,0.266666666666667,7,0.105813204315804
"updown",0.9,28,"PELT",0.375,0.375,0.375,8,0.0381980249346812
"updown",0.9,28,"SVP",0.285714285714286,0.25,0.266666666666667,7,0.0834060510227112
"updown",0.9,28,"SVP (BIC)",0.25,0.125,0.166666666666667,4,0.156078932612753
"updown",0.9,29,"PELT",0.875,0.875,0.875,8,0.0145371405823346
"updown",0.9,29,"SVP",0.875,0.875,0.875,8,0.0145371405823346
"updown",0.9,29,"SVP (BIC)",0.571428571428571,0.5,0.533333333333333,7,0.0838476500011617
"updown",0.9,30,"PELT",0.5,0.5,0.5,8,0.0335819399361785
"updown",0.9,30,"SVP",0.5,0.5,0.5,8,0.0335819399361785
"updown",0.9,30,"SVP (BIC)",0.6,0.375,0.461538461538462,5,0.142688798427106
"updown",0.9,31,"PELT",0.5,0.5,0.5,8,0.0327599039890136
"updown",0.9,31,"SVP",0.5,0.5,0.5,8,0.0327599039890136
"updown",0.9,31,"SVP (BIC)",0.428571428571429,0.375,0.4,7,0.0900662335345085
"updown",0.9,32,"PELT",0.75,0.75,0.75,8,0.0236758655345664
"updown",0.9,32,"SVP",0.75,0.75,0.75,8,0.0236758655345664
"updown",0.9,32,"SVP (BIC)",0.666666666666667,0.5,0.571428571428572,6,0.0838834865894661
"updown",0.9,33,"PELT",0.875,0.875,0.875,8,0.0149963223466303
"updown",0.9,33,"SVP",0.875,0.875,0.875,8,0.0149963223466303
"updown",0.9,33,"SVP (BIC)",0.833333333333333,0.625,0.714285714285714,6,0.0783800682756142
"updown",0.9,34,"PELT",0.75,0.75,0.75,8,0.029003039062695
"updown",0.9,34,"SVP",0.75,0.75,0.75,8,0.029003039062695
"updown",0.9,34,"SVP (BIC)",0.75,0.75,0.75,8,0.029003039062695
"updown",0.9,35,"PELT",0.75,0.75,0.75,8,0.0219400321505183
"updown",0.9,35,"SVP",0.75,0.75,0.75,8,0.0219400321505183
"updown",0.9,35,"SVP (BIC)",0.833333333333333,0.625,0.714285714285714,6,0.082795411366673
"updown",0.9,36,"PELT",0.375,0.375,0.375,8,0.0415741495634115
"updown",0.9,36,"SVP",0.375,0.375,0.375,8,0.0435284008114871
"updown",0.9,36,"SVP (BIC)",0.333333333333333,0.25,0.285714285714286,6,0.104956325223017
"updown",0.9,37,"PELT",0.5,0.5,0.5,8,0.0559612113947421
"updown",0.9,37,"SVP",0.5,0.5,0.5,8,0.0559612113947421
"updown",0.9,37,"SVP (BIC)",0.5,0.375,0.428571428571429,6,0.117063918412207
"updown",0.9,38,"PELT",0.75,0.75,0.75,8,0.01682966944409
"updown",0.9,38,"SVP",0.6,0.375,0.461538461538462,5,0.132885248338635
"updown",0.9,38,"SVP (BIC)",0.333333333333333,0.125,0.181818181818182,3,0.180735606501909
"updown",0.9,39,"PELT",0.75,0.75,0.75,8,0.0223484735968249
"updown",0.9,39,"SVP",0.75,0.75,0.75,8,0.0223484735968249
"updown",0.9,39,"SVP (BIC)",0.428571428571429,0.375,0.4,7,0.0903679743245566
"updown",0.9,40,"PELT",0.5,0.5,0.5,8,0.0632859442303904
"updown",0.9,40,"SVP",0.428571428571429,0.375,0.4,7,0.0879416920823004
"updown",0.9,40,"SVP (BIC)",0.5,0.375,0.428571428571429,6,0.149489466249302
"updown",0.9,41,"PELT",0.5,0.5,0.5,8,0.0510432465812211
"updown",0.9,41,"SVP",0.5,0.5,0.5,8,0.0510432465812211
"updown",0.9,41,"SVP (BIC)",0.5,0.5,0.5,8,0.0510432465812211
"updown",0.9,42,"PELT",0.75,0.75,0.75,8,0.0344689031582062
"updown",0.9,42,"SVP",0.75,0.75,0.75,8,0.0344689031582062
"updown",0.9,42,"SVP (BIC)",0.75,0.75,0.75,8,0.0344689031582062
"updown",0.9,43,"PELT",0.875,0.875,0.875,8,0.0136588684192532
"updown",0.9,43,"SVP",0.714285714285714,0.625,0.666666666666667,7,0.0702923684599842
"updown",0.9,43,"SVP (BIC)",0.75,0.375,0.5,4,0.131691325825765
"updown",0.9,44,"PELT",0.625,0.625,0.625,8,0.0268807546933707
"updown",0.9,44,"SVP",0.625,0.625,0.625,8,0.0268807546933707
"updown",0.9,44,"SVP (BIC)",0.428571428571429,0.375,0.4,7,0.086007634886498
"updown",0.9,45,"PELT",0.75,0.75,0.75,8,0.020424836340554
"updown",0.9,45,"SVP",0.75,0.75,0.75,8,0.020424836340554
"updown",0.9,45,"SVP (BIC)",0.714285714285714,0.625,0.666666666666667,7,0.0733527545670665
"updown",0.9,46,"PELT",0.625,0.625,0.625,8,0.0290047282074251
"updown",0.9,46,"SVP",0.571428571428571,0.5,0.533333333333333,7,0.0772322495136417
"updown",0.9,46,"SVP (BIC)",0.333333333333333,0.125,0.181818181818182,3,0.162035768121451
"updown",0.9,47,"PELT",0.375,0.375,0.375,8,0.0250413197233858
"updown",0.9,47,"SVP",0.375,0.375,0.375,8,0.0250413197233858
"updown",0.9,47,"SVP (BIC)",0.285714285714286,0.25,0.266666666666667,7,0.098868380153738
"updown",0.9,48,"PELT",0.625,0.625,0.625,8,0.0421669473715094
"updown",0.9,48,"SVP",0.5,0.375,0.428571428571429,6,0.0906289139503387
"updown",0.9,48,"SVP (BIC)",0.6,0.375,0.461538461538462,5,0.123512560457746
"updown",0.9,49,"PELT",0.75,0.75,0.75,8,0.0339867881456311
"updown",0.9,49,"SVP",0.666666666666667,0.5,0.571428571428572,6,0.0925145284566145
"updown",0.9,49,"SVP (BIC)",0.6,0.375,0.461538461538462,5,0.123966725178628
"updown",0.9,50,"PELT",0.5,0.5,0.5,8,0.0275992487567034
"updown",0.9,50,"SVP",0.571428571428571,0.5,0.533333333333333,7,0.0637919016272661
"updown",0.9,50,"SVP (BIC)",0.5,0.25,0.333333333333333,4,0.156387813349146
"rand1",0.9,1,"PELT",0.8,0.5,0.615384615384615,5,0.0232935360987476
"rand1",0.9,1,"SVP",0.8,0.5,0.615384615384615,5,0.0232935360987476
"rand1",0.9,1,"SVP (BIC)",0.8,0.5,0.615384615384615,5,0.0232935360987476
"rand1",0.9,2,"PELT",0.8,0.5,0.615384615384615,5,0.0232935360987476
"rand1",0.9,2,"SVP",0.8,0.5,0.615384615384615,5,0.0232935360987476
"rand1",0.9,2,"SVP (BIC)",0.8,0.5,0.615384615384615,5,0.0232935360987476
"rand1",0.9,3,"PELT",0.8,0.5,0.615384615384615,5,0.0232935360987476
"rand1",0.9,3,"SVP",0.8,0.5,0.615384615384615,5,0.0232935360987476
"rand1",0.9,3,"SVP (BIC)",0.8,0.5,0.615384615384615,5,0.0232935360987476
"rand1",0.9,4,"PELT",0.8,0.5,0.615384615384615,5,0.0232935360987476
"rand1",0.9,4,"SVP",0.8,0.5,0.615384615384615,5,0.0232935360987476
"rand1",0.9,4,"SVP (BIC)",0.8,0.5,0.615384615384615,5,0.0232935360987476
"rand1",0.9,5,"PELT",0.8,0.5,0.615384615384615,5,0.0232935360987476
"rand1",0.9,5,"SVP",0.8,0.5,0.615384615384615,5,0.0232935360987476
"rand1",0.9,5,"SVP (BIC)",0.8,0.5,0.615384615384615,5,0.0232935360987476
"rand1",0.9,6,"PELT",0.8,0.5,0.615384615384615,5,0.0232935360987476
"rand1",0.9,6,"SVP",0.8,0.5,0.615384615384615,5,0.0232935360987476
"rand1",0.9,6,"SVP (BIC)",0.8,0.5,0.615384615384615,5,0.0232935360987476
"rand1",0.9,7,"PELT",0.8,0.5,0.615384615384615,5,0.0232935360987476
"rand1",0.9,7,"SVP",0.8,0.5,0.615384615384615,5,0.0232935360987476
"rand1",0.9,7,"SVP (BIC)",0.8,0.5,0.615384615384615,5,0.0232935360987476
"rand1",0.9,8,"PELT",0.8,0.5,0.615384615384615,5,0.0232935360987476
"rand1",0.9,8,"SVP",0.8,0.5,0.615384615384615,5,0.0232935360987476
"rand1",0.9,8,"SVP (BIC)",0.8,0.5,0.615384615384615,5,0.0232935360987476
"rand1",0.9,9,"PELT",0.8,0.5,0.615384615384615,5,0.0232935360987476
"rand1",0.9,9,"SVP",0.8,0.5,0.615384615384615,5,0.0232935360987476
"rand1",0.9,9,"SVP (BIC)",0.8,0.5,0.615384615384615,5,0.0232935360987476
"rand1",0.9,10,"PELT",0.8,0.5,0.615384615384615,5,0.0232935360987476
"rand1",0.9,10,"SVP",0.8,0.5,0.615384615384615,5,0.0232935360987476
"rand1",0.9,10,"SVP (BIC)",0.8,0.5,0.615384615384615,5,0.0232935360987476
"rand1",0.9,11,"PELT",0.8,0.5,0.615384615384615,5,0.0232935360987476
"rand1",0.9,11,"SVP",0.8,0.5,0.615384615384615,5,0.0232935360987476
"rand1",0.9,11,"SVP (BIC)",0.8,0.5,0.615384615384615,5,0.0232935360987476
"rand1",0.9,12,"PELT",0.8,0.5,0.615384615384615,5,0.0232935360987476
"rand1",0.9,12,"SVP",0.8,0.5,0.615384615384615,5,0.0232935360987476
"rand1",0.9,12,"SVP (BIC)",0.8,0.5,0.615384615384615,5,0.0232935360987476
"rand1",0.9,13,"PELT",0.8,0.5,0.615384615384615,5,0.0232935360987476
"rand1",0.9,13,"SVP",0.8,0.5,0.615384615384615,5,0.0232935360987476
"rand1",0.9,13,"SVP (BIC)",0.8,0.5,0.615384615384615,5,0.0232935360987476
"rand1",0.9,14,"PELT",0.8,0.5,0.615384615384615,5,0.0232935360987476
"rand1",0.9,14,"SVP",0.8,0.5,0.615384615384615,5,0.0232935360987476
"rand1",0.9,14,"SVP (BIC)",0.8,0.5,0.615384615384615,5,0.0232935360987476
"rand1",0.9,15,"PELT",0.8,0.5,0.615384615384615,5,0.0232935360987476
"rand1",0.9,15,"SVP",0.8,0.5,0.615384615384615,5,0.0232935360987476
"rand1",0.9,15,"SVP (BIC)",0.8,0.5,0.615384615384615,5,0.0232935360987476
"rand1",0.9,16,"PELT",0.8,0.5,0.615384615384615,5,0.0232935360987476
"rand1",0.9,16,"SVP",0.8,0.5,0.615384615384615,5,0.0232935360987476
"rand1",0.9,16,"SVP (BIC)",0.8,0.5,0.615384615384615,5,0.0232935360987476
"rand1",0.9,17,"PELT",0.8,0.5,0.615384615384615,5,0.0232935360987476
"rand1",0.9,17,"SVP",0.8,0.5,0.615384615384615,5,0.0232935360987476
"rand1",0.9,17,"SVP (BIC)",0.8,0.5,0.615384615384615,5,0.0232935360987476
"rand1",0.9,18,"PELT",0.8,0.5,0.615384615384615,5,0.0232935360987476
"rand1",0.9,18,"SVP",0.8,0.5,0.615384615384615,5,0.0232935360987476
"rand1",0.9,18,"SVP (BIC)",0.8,0.5,0.615384615384615,5,0.0232935360987476
"rand1",0.9,19,"PELT",0.8,0.5,0.615384615384615,5,0.0232935360987476
"rand1",0.9,19,"SVP",0.8,0.5,0.615384615384615,5,0.0232935360987476
"rand1",0.9,19,"SVP (BIC)",0.8,0.5,0.615384615384615,5,0.0232935360987476
"rand1",0.9,20,"PELT",0.8,0.5,0.615384615384615,5,0.0232935360987476
"rand1",0.9,20,"SVP",0.8,0.5,0.615384615384615,5,0.0232935360987476
"rand1",0.9,20,"SVP (BIC)",0.8,0.5,0.615384615384615,5,0.0232935360987476
"rand1",0.9,21,"PELT",0.8,0.5,0.615384615384615,5,0.0232935360987476
"rand1",0.9,21,"SVP",0.8,0.5,0.615384615384615,5,0.0232935360987476
"rand1",0.9,21,"SVP (BIC)",0.8,0.5,0.615384615384615,5,0.0232935360987476
"rand1",0.9,22,"PELT",0.8,0.5,0.615384615384615,5,0.0232935360987476
"rand1",0.9,22,"SVP",0.8,0.5,0.615384615384615,5,0.0232935360987476
"rand1",0.9,22,"SVP (BIC)",0.8,0.5,0.615384615384615,5,0.0232935360987476
"rand1",0.9,23,"PELT",0.8,0.5,0.615384615384615,5,0.0232935360987476
"rand1",0.9,23,"SVP",0.8,0.5,0.615384615384615,5,0.0232935360987476
"rand1",0.9,23,"SVP (BIC)",0.8,0.5,0.615384615384615,5,0.0232935360987476
"rand1",0.9,24,"PELT",0.8,0.5,0.615384615384615,5,0.0232935360987476
"rand1",0.9,24,"SVP",0.8,0.5,0.615384615384615,5,0.0232935360987476
"rand1",0.9,24,"SVP (BIC)",0.8,0.5,0.615384615384615,5,0.0232935360987476
"rand1",0.9,25,"PELT",0.8,0.5,0.615384615384615,5,0.0232935360987476
"rand1",0.9,25,"SVP",0.8,0.5,0.615384615384615,5,0.0232935360987476
"rand1",0.9,25,"SVP (BIC)",0.8,0.5,0.615384615384615,5,0.0232935360987476
"rand1",0.9,26,"PELT",0.8,0.5,0.615384615384615,5,0.0232935360987476
"rand1",0.9,26,"SVP",0.8,0.5,0.615384615384615,5,0.0232935360987476
"rand1",0.9,26,"SVP (BIC)",0.8,0.5,0.615384615384615,5,0.0232935360987476
"rand1",0.9,27,"PELT",0.8,0.5,0.615384615384615,5,0.0232935360987476
"rand1",0.9,27,"SVP",0.8,0.5,0.615384615384615,5,0.0232935360987476
"rand1",0.9,27,"SVP (BIC)",0.8,0.5,0.615384615384615,5,0.0232935360987476
"rand1",0.9,28,"PELT",0.8,0.5,0.615384615384615,5,0.0232935360987476
"rand1",0.9,28,"SVP",0.8,0.5,0.615384615384615,5,0.0232935360987476
"rand1",0.9,28,"SVP (BIC)",0.8,0.5,0.615384615384615,5,0.0232935360987476
"rand1",0.9,29,"PELT",0.8,0.5,0.615384615384615,5,0.0232935360987476
"rand1",0.9,29,"SVP",0.8,0.5,0.615384615384615,5,0.0232935360987476
"rand1",0.9,29,"SVP (BIC)",0.8,0.5,0.615384615384615,5,0.0232935360987476
"rand1",0.9,30,"PELT",0.8,0.5,0.615384615384615,5,0.0232935360987476
"rand1",0.9,30,"SVP",0.8,0.5,0.615384615384615,5,0.0232935360987476
"rand1",0.9,30,"SVP (BIC)",0.8,0.5,0.615384615384615,5,0.0232935360987476
"rand1",0.9,31,"PELT",0.8,0.5,0.615384615384615,5,0.0232935360987476
"rand1",0.9,31,"SVP",0.8,0.5,0.615384615384615,5,0.0232935360987476
"rand1",0.9,31,"SVP (BIC)",0.8,0.5,0.615384615384615,5,0.0232935360987476
"rand1",0.9,32,"PELT",0.8,0.5,0.615384615384615,5,0.0232935360987476
"rand1",0.9,32,"SVP",0.8,0.5,0.615384615384615,5,0.0232935360987476
"rand1",0.9,32,"SVP (BIC)",0.8,0.5,0.615384615384615,5,0.0232935360987476
"rand1",0.9,33,"PELT",0.8,0.5,0.615384615384615,5,0.0232935360987476
"rand1",0.9,33,"SVP",0.8,0.5,0.615384615384615,5,0.0232935360987476
"rand1",0.9,33,"SVP (BIC)",0.8,0.5,0.615384615384615,5,0.0232935360987476
"rand1",0.9,34,"PELT",0.8,0.5,0.615384615384615,5,0.0232935360987476
"rand1",0.9,34,"SVP",0.8,0.5,0.615384615384615,5,0.0232935360987476
"rand1",0.9,34,"SVP (BIC)",0.8,0.5,0.615384615384615,5,0.0232935360987476
"rand1",0.9,35,"PELT",0.8,0.5,0.615384615384615,5,0.0232935360987476
"rand1",0.9,35,"SVP",0.8,0.5,0.615384615384615,5,0.0232935360987476
"rand1",0.9,35,"SVP (BIC)",0.8,0.5,0.615384615384615,5,0.0232935360987476
"rand1",0.9,36,"PELT",0.8,0.5,0.615384615384615,5,0.0232935360987476
"rand1",0.9,36,"SVP",0.8,0.5,0.615384615384615,5,0.0232935360987476
"rand1",0.9,36,"SVP (BIC)",0.8,0.5,0.615384615384615,5,0.0232935360987476
"rand1",0.9,37,"PELT",0.8,0.5,0.615384615384615,5,0.0232935360987476
"rand1",0.9,37,"SVP",0.8,0.5,0.615384615384615,5,0.0232935360987476
"rand1",0.9,37,"SVP (BIC)",0.8,0.5,0.615384615384615,5,0.0232935360987476
"rand1",0.9,38,"PELT",0.8,0.5,0.615384615384615,5,0.0232935360987476
"rand1",0.9,38,"SVP",0.8,0.5,0.615384615384615,5,0.0232935360987476
"rand1",0.9,38,"SVP (BIC)",0.8,0.5,0.615384615384615,5,0.0232935360987476
"rand1",0.9,39,"PELT",0.8,0.5,0.615384615384615,5,0.0232935360987476
"rand1",0.9,39,"SVP",0.8,0.5,0.615384615384615,5,0.0232935360987476
"rand1",0.9,39,"SVP (BIC)",0.8,0.5,0.615384615384615,5,0.0232935360987476
"rand1",0.9,40,"PELT",0.8,0.5,0.615384615384615,5,0.0232935360987476
"rand1",0.9,40,"SVP",0.8,0.5,0.615384615384615,5,0.0232935360987476
"rand1",0.9,40,"SVP (BIC)",0.8,0.5,0.615384615384615,5,0.0232935360987476
"rand1",0.9,41,"PELT",0.8,0.5,0.615384615384615,5,0.0232935360987476
"rand1",0.9,41,"SVP",0.8,0.5,0.615384615384615,5,0.0232935360987476
"rand1",0.9,41,"SVP (BIC)",0.8,0.5,0.615384615384615,5,0.0232935360987476
"rand1",0.9,42,"PELT",0.8,0.5,0.615384615384615,5,0.0232935360987476
"rand1",0.9,42,"SVP",0.8,0.5,0.615384615384615,5,0.0232935360987476
"rand1",0.9,42,"SVP (BIC)",0.8,0.5,0.615384615384615,5,0.0232935360987476
"rand1",0.9,43,"PELT",0.8,0.5,0.615384615384615,5,0.0232935360987476
"rand1",0.9,43,"SVP",0.8,0.5,0.615384615384615,5,0.0232935360987476
"rand1",0.9,43,"SVP (BIC)",0.8,0.5,0.615384615384615,5,0.0232935360987476
"rand1",0.9,44,"PELT",0.8,0.5,0.615384615384615,5,0.0232935360987476
"rand1",0.9,44,"SVP",0.8,0.5,0.615384615384615,5,0.0232935360987476
"rand1",0.9,44,"SVP (BIC)",0.8,0.5,0.615384615384615,5,0.0232935360987476
"rand1",0.9,45,"PELT",0.8,0.5,0.615384615384615,5,0.0232935360987476
"rand1",0.9,45,"SVP",0.8,0.5,0.615384615384615,5,0.0232935360987476
"rand1",0.9,45,"SVP (BIC)",0.8,0.5,0.615384615384615,5,0.0232935360987476
"rand1",0.9,46,"PELT",0.8,0.5,0.615384615384615,5,0.0232935360987476
"rand1",0.9,46,"SVP",0.8,0.5,0.615384615384615,5,0.0232935360987476
"rand1",0.9,46,"SVP (BIC)",0.8,0.5,0.615384615384615,5,0.0232935360987476
"rand1",0.9,47,"PELT",0.8,0.5,0.615384615384615,5,0.0232935360987476
"rand1",0.9,47,"SVP",0.8,0.5,0.615384615384615,5,0.0232935360987476
"rand1",0.9,47,"SVP (BIC)",0.8,0.5,0.615384615384615,5,0.0232935360987476
"rand1",0.9,48,"PELT",0.8,0.5,0.615384615384615,5,0.0232935360987476
"rand1",0.9,48,"SVP",0.8,0.5,0.615384615384615,5,0.0232935360987476
"rand1",0.9,48,"SVP (BIC)",0.8,0.5,0.615384615384615,5,0.0232935360987476
"rand1",0.9,49,"PELT",0.8,0.5,0.615384615384615,5,0.0232935360987476
"rand1",0.9,49,"SVP",0.8,0.5,0.615384615384615,5,0.0232935360987476
"rand1",0.9,49,"SVP (BIC)",0.8,0.5,0.615384615384615,5,0.0232935360987476
"rand1",0.9,50,"PELT",0.8,0.5,0.615384615384615,5,0.0232935360987476
"rand1",0.9,50,"SVP",0.8,0.5,0.615384615384615,5,0.0232935360987476
"rand1",0.9,50,"SVP (BIC)",0.8,0.5,0.615384615384615,5,0.0232935360987476
"none",1,1,"PELT",1,1,1,1,0.000722095757143144
"none",1,1,"SVP",1,1,1,1,0.000722095757143144
"none",1,1,"SVP (BIC)",1,1,1,1,0.000722095757143144
"none",1,2,"PELT",1,1,1,1,2.17176563741551e-05
"none",1,2,"SVP",1,1,1,1,2.17176563741551e-05
"none",1,2,"SVP (BIC)",1,1,1,1,2.17176563741551e-05
"none",1,3,"PELT",1,1,1,1,0.000276487836580245
"none",1,3,"SVP",1,1,1,1,0.000276487836580245
"none",1,3,"SVP (BIC)",1,1,1,1,0.000276487836580245
"none",1,4,"PELT",1,1,1,1,0.000129939032773844
"none",1,4,"SVP",1,1,1,1,0.000129939032773844
"none",1,4,"SVP (BIC)",1,1,1,1,0.000129939032773844
"none",1,5,"PELT",1,1,1,1,3.03303190689822e-05
"none",1,5,"SVP",1,1,1,1,3.03303190689822e-05
"none",1,5,"SVP (BIC)",1,1,1,1,3.03303190689822e-05
"none",1,6,"PELT",1,1,1,1,7.36736919602887e-05
"none",1,6,"SVP",1,1,1,1,7.36736919602887e-05
"none",1,6,"SVP (BIC)",1,1,1,1,7.36736919602887e-05
"none",1,7,"PELT",1,1,1,1,0.000818185111274782
"none",1,7,"SVP",1,1,1,1,0.000818185111274782
"none",1,7,"SVP (BIC)",1,1,1,1,0.000818185111274782
"none",1,8,"PELT",1,1,1,1,0.000343143724516923
"none",1,8,"SVP",1,1,1,1,0.000343143724516923
"none",1,8,"SVP (BIC)",1,1,1,1,0.000343143724516923
"none",1,9,"PELT",1,1,1,1,0.00312596072761739
"none",1,9,"SVP",1,1,1,1,0.00312596072761739
"none",1,9,"SVP (BIC)",1,1,1,1,0.00312596072761739
"none",1,10,"PELT",1,1,1,1,0.00134590083425853
"none",1,10,"SVP",1,1,1,1,0.00134590083425853
"none",1,10,"SVP (BIC)",1,1,1,1,0.00134590083425853
"none",1,11,"PELT",1,1,1,1,0.00397817621130353
"none",1,11,"SVP",1,1,1,1,0.00397817621130353
"none",1,11,"SVP (BIC)",1,1,1,1,0.00397817621130353
"none",1,12,"PELT",1,1,1,1,0.00390075593947775
"none",1,12,"SVP",1,1,1,1,0.00390075593947775
"none",1,12,"SVP (BIC)",1,1,1,1,0.00390075593947775
"none",1,13,"PELT",1,1,1,1,0.000701138756769036
"none",1,13,"SVP",1,1,1,1,0.000701138756769036
"none",1,13,"SVP (BIC)",1,1,1,1,0.000701138756769036
"none",1,14,"PELT",1,1,1,1,3.53536636176615e-06
"none",1,14,"SVP",1,1,1,1,3.53536636176615e-06
"none",1,14,"SVP (BIC)",1,1,1,1,3.53536636176615e-06
"none",1,15,"PELT",1,1,1,1,3.3520604605243e-06
"none",1,15,"SVP",1,1,1,1,3.3520604605243e-06
"none",1,15,"SVP (BIC)",1,1,1,1,3.3520604605243e-06
"none",1,16,"PELT",1,1,1,1,0.000271338859854346
"none",1,16,"SVP",1,1,1,1,0.000271338859854346
"none",1,16,"SVP (BIC)",1,1,1,1,0.000271338859854346
"none",1,17,"PELT",1,1,1,1,0.00425492766856311
"none",1,17,"SVP",1,1,1,1,0.00425492766856311
"none",1,17,"SVP (BIC)",1,1,1,1,0.00425492766856311
"none",1,18,"PELT",1,1,1,1,0.00248331844611916
"none",1,18,"SVP",1,1,1,1,0.00248331844611916
"none",1,18,"SVP (BIC)",1,1,1,1,0.00248331844611916
"none",1,19,"PELT",1,1,1,1,0.000933528388815653
"none",1,19,"SVP",1,1,1,1,0.000933528388815653
"none",1,19,"SVP (BIC)",1,1,1,1,0.000933528388815653
"none",1,20,"PELT",1,1,1,1,0.000588911184792924
"none",1,20,"SVP",1,1,1,1,0.000588911184792924
"none",1,20,"SVP (BIC)",1,1,1,1,0.000588911184792924
"none",1,21,"PELT",1,1,1,1,3.62558342079754e-06
"none",1,21,"SVP",1,1,1,1,3.62558342079754e-06
"none",1,21,"SVP (BIC)",1,1,1,1,3.62558342079754e-06
"none",1,22,"PELT",1,1,1,1,0.00498994967508886
"none",1,22,"SVP",1,1,1,1,0.00498994967508886
"none",1,22,"SVP (BIC)",1,1,1,1,0.00498994967508886
"none",1,23,"PELT",1,1,1,1,0.000963872506391382
"none",1,23,"SVP",1,1,1,1,0.000963872506391382
"none",1,23,"SVP (BIC)",1,1,1,1,0.000963872506391382
"none",1,24,"PELT",1,1,1,1,0.00303543924088773
"none",1,24,"SVP",1,1,1,1,0.00303543924088773
"none",1,24,"SVP (BIC)",1,1,1,1,0.00303543924088773
"none",1,25,"PELT",1,1,1,1,0.0012445256715999
"none",1,25,"SVP",1,1,1,1,0.0012445256715999
"none",1,25,"SVP (BIC)",1,1,1,1,0.0012445256715999
"none",1,26,"PELT",1,1,1,1,0.00102738478939107
"none",1,26,"SVP",1,1,1,1,0.00102738478939107
"none",1,26,"SVP (BIC)",1,1,1,1,0.00102738478939107
"none",1,27,"PELT",1,1,1,1,0.0046100227444592
"none",1,27,"SVP",1,1,1,1,0.0046100227444592
"none",1,27,"SVP (BIC)",1,1,1,1,0.0046100227444592
"none",1,28,"PELT",1,1,1,1,0.00614602686407166
"none",1,28,"SVP",1,1,1,1,0.00614602686407166
"none",1,28,"SVP (BIC)",1,1,1,1,0.00614602686407166
"none",1,29,"PELT",1,1,1,1,0.00143762206272717
"none",1,29,"SVP",1,1,1,1,0.00143762206272717
"none",1,29,"SVP (BIC)",1,1,1,1,0.00143762206272717
"none",1,30,"PELT",1,1,1,1,0.000133481140549097
"none",1,30,"SVP",1,1,1,1,0.000133481140549097
"none",1,30,"SVP (BIC)",1,1,1,1,0.000133481140549097
"none",1,31,"PELT",1,1,1,1,0.000874846864745975
"none",1,31,"SVP",1,1,1,1,0.000874846864745975
"none",1,31,"SVP (BIC)",1,1,1,1,0.000874846864745975
"none",1,32,"PELT",1,1,1,1,0.000765230222811786
"none",1,32,"SVP",1,1,1,1,0.000765230222811786
"none",1,32,"SVP (BIC)",1,1,1,1,0.000765230222811786
"none",1,33,"PELT",1,1,1,1,0.00247298774264466
"none",1,33,"SVP",1,1,1,1,0.00247298774264466
"none",1,33,"SVP (BIC)",1,1,1,1,0.00247298774264466
"none",1,34,"PELT",1,1,1,1,4.03417751517251e-05
"none",1,34,"SVP",1,1,1,1,4.03417751517251e-05
"none",1,34,"SVP (BIC)",1,1,1,1,4.03417751517251e-05
"none",1,35,"PELT",1,1,1,1,2.26847222080186e-06
"none",1,35,"SVP",1,1,1,1,2.26847222080186e-06
"none",1,35,"SVP (BIC)",1,1,1,1,2.26847222080186e-06
"none",1,36,"PELT",1,1,1,1,0.000922399767923618
"none",1,36,"SVP",1,1,1,1,0.000922399767923618
"none",1,36,"SVP (BIC)",1,1,1,1,0.000922399767923618
"none",1,37,"PELT",1,1,1,1,0.000296536739326202
"none",1,37,"SVP",1,1,1,1,0.000296536739326202
"none",1,37,"SVP (BIC)",1,1,1,1,0.000296536739326202
"none",1,38,"PELT",1,1,1,1,0.000396785187729754
"none",1,38,"SVP",1,1,1,1,0.000396785187729754
"none",1,38,"SVP (BIC)",1,1,1,1,0.000396785187729754
"none",1,39,"PELT",1,1,1,1,0.00410221309971845
"none",1,39,"SVP",1,1,1,1,0.00410221309971845
"none",1,39,"SVP (BIC)",1,1,1,1,0.00410221309971845
"none",1,40,"PELT",1,1,1,1,0.000307351974879595
"none",1,40,"SVP",1,1,1,1,0.000307351974879595
"none",1,40,"SVP (BIC)",1,1,1,1,0.000307351974879595
"none",1,41,"PELT",1,1,1,1,0.000354750806713292
"none",1,41,"SVP",1,1,1,1,0.000354750806713292
"none",1,41,"SVP (BIC)",1,1,1,1,0.000354750806713292
"none",1,42,"PELT",1,1,1,1,5.94077606855347e-05
"none",1,42,"SVP",1,1,1,1,5.94077606855347e-05
"none",1,42,"SVP (BIC)",1,1,1,1,5.94077606855347e-05
"none",1,43,"PELT",1,1,1,1,0.00206141845417971
"none",1,43,"SVP",1,1,1,1,0.00206141845417971
"none",1,43,"SVP (BIC)",1,1,1,1,0.00206141845417971
"none",1,44,"PELT",1,1,1,1,0.00243253684769104
"none",1,44,"SVP",1,1,1,1,0.00243253684769104
"none",1,44,"SVP (BIC)",1,1,1,1,0.00243253684769104
"none",1,45,"PELT",1,1,1,1,4.32965847264821e-05
"none",1,45,"SVP",1,1,1,1,4.32965847264821e-05
"none",1,45,"SVP (BIC)",1,1,1,1,4.32965847264821e-05
"none",1,46,"PELT",1,1,1,1,0.00025162721893719
"none",1,46,"SVP",0.5,1,0.666666666666667,2,0.00338548357589269
"none",1,46,"SVP (BIC)",1,1,1,1,0.00025162721893719
"none",1,47,"PELT",1,1,1,1,0.000661398844481395
"none",1,47,"SVP",1,1,1,1,0.000661398844481395
"none",1,47,"SVP (BIC)",1,1,1,1,0.000661398844481395
"none",1,48,"PELT",1,1,1,1,0.000385745240205127
"none",1,48,"SVP",1,1,1,1,0.000385745240205127
"none",1,48,"SVP (BIC)",1,1,1,1,0.000385745240205127
"none",1,49,"PELT",1,1,1,1,1.52276554195819e-06
"none",1,49,"SVP",1,1,1,1,1.52276554195819e-06
"none",1,49,"SVP (BIC)",1,1,1,1,1.52276554195819e-06
"none",1,50,"PELT",1,1,1,1,9.8444098786283e-05
"none",1,50,"SVP",1,1,1,1,9.8444098786283e-05
"none",1,50,"SVP (BIC)",1,1,1,1,9.8444098786283e-05
"up",1,1,"PELT",0.75,0.75,0.75,8,0.0177123706491011
"up",1,1,"SVP",0.75,0.75,0.75,8,0.0177123706491011
"up",1,1,"SVP (BIC)",0.75,0.75,0.75,8,0.0177123706491011
"up",1,2,"PELT",0.5,0.5,0.5,8,0.0437342066211135
"up",1,2,"SVP",0.5,0.5,0.5,8,0.0437342066211135
"up",1,2,"SVP (BIC)",0.5,0.5,0.5,8,0.0437342066211135
"up",1,3,"PELT",0.625,0.625,0.625,8,0.0347829223272222
"up",1,3,"SVP",0.625,0.625,0.625,8,0.0347829223272222
"up",1,3,"SVP (BIC)",0.625,0.625,0.625,8,0.0347829223272222
"up",1,4,"PELT",0.5,0.5,0.5,8,0.0435002467386309
"up",1,4,"SVP",0.5,0.5,0.5,8,0.0435002467386309
"up",1,4,"SVP (BIC)",0.5,0.5,0.5,8,0.0435002467386309
"up",1,5,"PELT",0.375,0.375,0.375,8,0.0366653692105797
"up",1,5,"SVP",0.285714285714286,0.25,0.266666666666667,7,0.127814261050312
"up",1,5,"SVP (BIC)",0.285714285714286,0.25,0.266666666666667,7,0.113961003730373
"up",1,6,"PELT",0.875,0.875,0.875,8,0.0134038361826891
"up",1,6,"SVP",0.875,0.875,0.875,8,0.0134038361826891
"up",1,6,"SVP (BIC)",0.714285714285714,0.625,0.666666666666667,7,0.106772034494164
"up",1,7,"PELT",0.625,0.625,0.625,8,0.0287088379476639
"up",1,7,"SVP",0.625,0.625,0.625,8,0.0287088379476639
"up",1,7,"SVP (BIC)",0.625,0.625,0.625,8,0.0287088379476639
"up",1,8,"PELT",0.625,0.625,0.625,8,0.0348405934085398
"up",1,8,"SVP",0.625,0.625,0.625,8,0.0348405934085398
"up",1,8,"SVP (BIC)",0.625,0.625,0.625,8,0.0348405934085398
"up",1,9,"PELT",0.5,0.5,0.5,8,0.0413826979183256
"up",1,9,"SVP",0.5,0.5,0.5,8,0.0413826979183256
"up",1,9,"SVP (BIC)",0.5,0.5,0.5,8,0.0413826979183256
"up",1,10,"PELT",0.5,0.5,0.5,8,0.0315760161169127
"up",1,10,"SVP",0.5,0.5,0.5,8,0.0315760161169127
"up",1,10,"SVP (BIC)",0.5,0.5,0.5,8,0.0315760161169127
"up",1,11,"PELT",0.75,0.75,0.75,8,0.0672768331942149
"up",1,11,"SVP",0.75,0.75,0.75,8,0.0672768331942149
"up",1,11,"SVP (BIC)",0.75,0.75,0.75,8,0.0672768331942149
"up",1,12,"PELT",0.75,0.75,0.75,8,0.0501212822253841
"up",1,12,"SVP",0.75,0.75,0.75,8,0.0501212822253841
"up",1,12,"SVP (BIC)",0.75,0.75,0.75,8,0.0501212822253841
"up",1,13,"PELT",0.75,0.75,0.75,8,0.025700242681415
"up",1,13,"SVP",0.75,0.75,0.75,8,0.025700242681415
"up",1,13,"SVP (BIC)",0.714285714285714,0.625,0.666666666666667,7,0.104484547719508
"up",1,14,"PELT",0.5,0.5,0.5,8,0.0280350343801896
"up",1,14,"SVP",0.5,0.5,0.5,8,0.0280350343801896
"up",1,14,"SVP (BIC)",0.5,0.5,0.5,8,0.0280350343801896
"up",1,15,"PELT",0.625,0.625,0.625,8,0.0355019445796057
"up",1,15,"SVP",0.625,0.625,0.625,8,0.0355019445796057
"up",1,15,"SVP (BIC)",0.625,0.625,0.625,8,0.0355019445796057
"up",1,16,"PELT",0.75,0.75,0.75,8,0.0114100026384508
"up",1,16,"SVP",0.75,0.75,0.75,8,0.0114100026384508
"up",1,16,"SVP (BIC)",0.714285714285714,0.625,0.666666666666667,7,0.109774423354805
"up",1,17,"PELT",0.625,0.625,0.625,8,0.0347681640049946
"up",1,17,"SVP",0.625,0.625,0.625,8,0.0347681640049946
"up",1,17,"SVP (BIC)",0.166666666666667,0.125,0.142857142857143,6,0.184380538786531
"up",1,18,"PELT",0.625,0.625,0.625,8,0.0408246692204463
"up",1,18,"SVP",0.625,0.625,0.625,8,0.0408246692204463
"up",1,18,"SVP (BIC)",0.625,0.625,0.625,8,0.0408246692204463
"up",1,19,"PELT",0.875,0.875,0.875,8,0.0202531129278603
"up",1,19,"SVP",0.875,0.875,0.875,8,0.0202531129278603
"up",1,19,"SVP (BIC)",0.875,0.875,0.875,8,0.0202531129278603
"up",1,20,"PELT",0.375,0.375,0.375,8,0.0350356987066537
"up",1,20,"SVP",0.375,0.375,0.375,8,0.0350356987066537
"up",1,20,"SVP (BIC)",0.285714285714286,0.25,0.266666666666667,7,0.133680917830172
"up",1,21,"PELT",0.625,0.625,0.625,8,0.0413035469370491
"up",1,21,"SVP",0.625,0.625,0.625,8,0.0413035469370491
"up",1,21,"SVP (BIC)",0.625,0.625,0.625,8,0.0413035469370491
"up",1,22,"PELT",0.75,0.75,0.75,8,0.0233057687811164
"up",1,22,"SVP",0.75,0.75,0.75,8,0.0233057687811164
"up",1,22,"SVP (BIC)",0.75,0.75,0.75,8,0.0233057687811164
"up",1,23,"PELT",0.5,0.5,0.5,8,0.040824412914938
"up",1,23,"SVP",0.5,0.5,0.5,8,0.040824412914938
"up",1,23,"SVP (BIC)",0.5,0.5,0.5,8,0.040824412914938
"up",1,24,"PELT",0.625,0.625,0.625,8,0.0336553488492242
"up",1,24,"SVP",0.625,0.625,0.625,8,0.0336553488492242
"up",1,24,"SVP (BIC)",0.625,0.625,0.625,8,0.0336553488492242
"up",1,25,"PELT",0.625,0.625,0.625,8,0.0367750350618356
"up",1,25,"SVP",0.714285714285714,0.625,0.666666666666667,7,0.105206996008782
"up",1,25,"SVP (BIC)",0.857142857142857,0.75,0.8,7,0.0938700828798582
"up",1,26,"PELT",0.875,0.875,0.875,8,0.0211565916349404
"up",1,26,"SVP",0.875,0.875,0.875,8,0.0211565916349404
"up",1,26,"SVP (BIC)",0.875,0.875,0.875,8,0.0211565916349404
"up",1,27,"PELT",0.75,0.75,0.75,8,0.020810922291255
"up",1,27,"SVP",0.75,0.75,0.75,8,0.020810922291255
"up",1,27,"SVP (BIC)",0.75,0.75,0.75,8,0.020810922291255
"up",1,28,"PELT",0.625,0.625,0.625,8,0.0276603113200825
"up",1,28,"SVP",0.625,0.625,0.625,8,0.0276603113200825
"up",1,28,"SVP (BIC)",0.428571428571429,0.375,0.4,7,0.106456161683391
"up",1,29,"PELT",0.625,0.625,0.625,8,0.0436267323533439
"up",1,29,"SVP",0.625,0.625,0.625,8,0.0436267323533439
"up",1,29,"SVP (BIC)",0.571428571428571,0.5,0.533333333333333,7,0.140049371747077
"up",1,30,"PELT",0.625,0.625,0.625,8,0.0474167304573239
"up",1,30,"SVP",0.625,0.625,0.625,8,0.0474167304573239
"up",1,30,"SVP (BIC)",0.625,0.625,0.625,8,0.0474167304573239
"up",1,31,"PELT",0.875,0.875,0.875,8,0.0220764614046295
"up",1,31,"SVP",0.875,0.875,0.875,8,0.0220764614046295
"up",1,31,"SVP (BIC)",0.875,0.875,0.875,8,0.0220764614046295
"up",1,32,"PELT",0.625,0.625,0.625,8,0.0258466047440019
"up",1,32,"SVP",0.625,0.625,0.625,8,0.0258466047440019
"up",1,32,"SVP (BIC)",0.625,0.625,0.625,8,0.0258466047440019
"up",1,33,"PELT",0.75,0.75,0.75,8,0.0162981207250591
"up",1,33,"SVP",0.75,0.75,0.75,8,0.0162981207250591
"up",1,33,"SVP (BIC)",0.75,0.75,0.75,8,0.0162981207250591
"up",1,34,"PELT",0.75,0.75,0.75,8,0.0265053327700465
"up",1,34,"SVP",0.75,0.75,0.75,8,0.0265053327700465
"up",1,34,"SVP (BIC)",0.571428571428571,0.5,0.533333333333333,7,0.107924602023825
"up",1,35,"PELT",0.75,0.75,0.75,8,0.0268650122835339
"up",1,35,"SVP",0.625,0.625,0.625,8,0.0507008452324496
"up",1,35,"SVP (BIC)",0.857142857142857,0.75,0.8,7,0.0923051584266834
"up",1,36,"PELT",0.625,0.625,0.625,8,0.0427116274617955
"up",1,36,"SVP",0.625,0.625,0.625,8,0.0427116274617955
"up",1,36,"SVP (BIC)",0.625,0.625,0.625,8,0.0427116274617955
"up",1,37,"PELT",0.375,0.375,0.375,8,0.0610177836552982
"up",1,37,"SVP",0.375,0.375,0.375,8,0.0610177836552982
"up",1,37,"SVP (BIC)",0.285714285714286,0.25,0.266666666666667,7,0.132295428671601
"up",1,38,"PELT",0.625,0.625,0.625,8,0.028049315019133
"up",1,38,"SVP",0.625,0.625,0.625,8,0.028049315019133
"up",1,38,"SVP (BIC)",0.571428571428571,0.5,0.533333333333333,7,0.0928453500359896
"up",1,39,"PELT",0.5,0.5,0.5,8,0.0241929324660786
"up",1,39,"SVP",0.5,0.5,0.5,8,0.0241929324660786
"up",1,39,"SVP (BIC)",0.166666666666667,0.125,0.142857142857143,6,0.177782303891305
"up",1,40,"PELT",0.25,0.25,0.25,8,0.033418875287001
"up",1,40,"SVP",0.25,0.25,0.25,8,0.033418875287001
"up",1,40,"SVP (BIC)",0.25,0.25,0.25,8,0.033418875287001
"up",1,41,"PELT",0.625,0.625,0.625,8,0.0375205599068507
"up",1,41,"SVP",0.625,0.625,0.625,8,0.0375205599068507
"up",1,41,"SVP (BIC)",0.5,0.375,0.428571428571429,6,0.191062143507403
"up",1,42,"PELT",0.625,0.625,0.625,8,0.0341200674373706
"up",1,42,"SVP",0.625,0.625,0.625,8,0.0341200674373706
"up",1,42,"SVP (BIC)",0.625,0.625,0.625,8,0.0341200674373706
"up",1,43,"PELT",0.5,0.5,0.5,8,0.04167704653232
"up",1,43,"SVP",0.5,0.5,0.5,8,0.04167704653232
"up",1,43,"SVP (BIC)",0.5,0.5,0.5,8,0.04167704653232
"up",1,44,"PELT",0.75,0.75,0.75,8,0.0113150556585254
"up",1,44,"SVP",0.75,0.75,0.75,8,0.0113150556585254
"up",1,44,"SVP (BIC)",0.75,0.75,0.75,8,0.0113150556585254
"up",1,45,"PELT",0.375,0.375,0.375,8,0.0371693122883314
"up",1,45,"SVP",0.375,0.375,0.375,8,0.0371693122883314
"up",1,45,"SVP (BIC)",0.571428571428571,0.5,0.533333333333333,7,0.0989730672346232
"up",1,46,"PELT",0.625,0.625,0.625,8,0.0288331457746152
"up",1,46,"SVP",0.625,0.625,0.625,8,0.0288331457746152
"up",1,46,"SVP (BIC)",0.428571428571429,0.375,0.4,7,0.0869392375910934
"up",1,47,"PELT",0.375,0.375,0.375,8,0.0502002169846033
"up",1,47,"SVP",0.375,0.375,0.375,8,0.0502002169846033
"up",1,47,"SVP (BIC)",0.375,0.375,0.375,8,0.0502002169846033
"up",1,48,"PELT",0.625,0.625,0.625,8,0.0260895152780866
"up",1,48,"SVP",0.625,0.625,0.625,8,0.0260895152780866
"up",1,48,"SVP (BIC)",0.625,0.625,0.625,8,0.0260895152780866
"up",1,49,"PELT",0.375,0.375,0.375,8,0.0336156472370307
"up",1,49,"SVP",0.375,0.375,0.375,8,0.0336156472370307
"up",1,49,"SVP (BIC)",0.375,0.375,0.375,8,0.0336156472370307
"up",1,50,"PELT",0.625,0.625,0.625,8,0.0293111700138261
"up",1,50,"SVP",0.625,0.625,0.625,8,0.0293111700138261
"up",1,50,"SVP (BIC)",0.571428571428571,0.5,0.533333333333333,7,0.0921860357312661
"updown",1,1,"PELT",0.666666666666667,0.75,0.705882352941177,9,0.0577734550696
"updown",1,1,"SVP",0.75,0.75,0.75,8,0.043934422638049
"updown",1,1,"SVP (BIC)",0.75,0.75,0.75,8,0.043934422638049
"updown",1,2,"PELT",0.75,0.75,0.75,8,0.0258549171999096
"updown",1,2,"SVP",0.285714285714286,0.25,0.266666666666667,7,0.115615957783462
"updown",1,2,"SVP (BIC)",0.4,0.25,0.307692307692308,5,0.15451395251962
"updown",1,3,"PELT",0.75,0.75,0.75,8,0.0276227860144228
"updown",1,3,"SVP",0.75,0.75,0.75,8,0.0276227860144228
"updown",1,3,"SVP (BIC)",0.75,0.75,0.75,8,0.0276227860144228
"updown",1,4,"PELT",0.625,0.625,0.625,8,0.03436961907516
"updown",1,4,"SVP",0.625,0.625,0.625,8,0.03436961907516
"updown",1,4,"SVP (BIC)",0.625,0.625,0.625,8,0.03436961907516
"updown",1,5,"PELT",0.75,0.75,0.75,8,0.0221434339552668
"updown",1,5,"SVP",0.75,0.75,0.75,8,0.0221434339552668
"updown",1,5,"SVP (BIC)",0.75,0.75,0.75,8,0.0221434339552668
"updown",1,6,"PELT",0.625,0.625,0.625,8,0.0335457201101538
"updown",1,6,"SVP",0.625,0.625,0.625,8,0.0335457201101538
"updown",1,6,"SVP (BIC)",0.625,0.625,0.625,8,0.0335457201101538
"updown",1,7,"PELT",0.75,0.75,0.75,8,0.0307651437537806
"updown",1,7,"SVP",0.75,0.75,0.75,8,0.0307651437537806
"updown",1,7,"SVP (BIC)",0.75,0.75,0.75,8,0.0307651437537806
"updown",1,8,"PELT",0.5,0.5,0.5,8,0.0471514128358468
"updown",1,8,"SVP",0.5,0.5,0.5,8,0.0471514128358468
"updown",1,8,"SVP (BIC)",0.5,0.5,0.5,8,0.0471514128358468
"updown",1,9,"PELT",0.75,0.75,0.75,8,0.0144295113194241
"updown",1,9,"SVP",0.75,0.75,0.75,8,0.0144295113194241
"updown",1,9,"SVP (BIC)",0.75,0.75,0.75,8,0.0144295113194241
"updown",1,10,"PELT",0.625,0.625,0.625,8,0.0212930941719045
"updown",1,10,"SVP",0.625,0.625,0.625,8,0.0212930941719045
"updown",1,10,"SVP (BIC)",0.625,0.625,0.625,8,0.0212930941719045
"updown",1,11,"PELT",0.875,0.875,0.875,8,0.0265834494854246
"updown",1,11,"SVP",0.875,0.875,0.875,8,0.0265834494854246
"updown",1,11,"SVP (BIC)",0.666666666666667,0.5,0.571428571428572,6,0.112308025730786
"updown",1,12,"PELT",0.5,0.5,0.5,8,0.0572811882627389
"updown",1,12,"SVP",0.5,0.5,0.5,8,0.0572811882627389
"updown",1,12,"SVP (BIC)",0.5,0.5,0.5,8,0.0572811882627389
"updown",1,13,"PELT",0.875,0.875,0.875,8,0.0288887216684709
"updown",1,13,"SVP",0.875,0.875,0.875,8,0.0288887216684709
"updown",1,13,"SVP (BIC)",0.875,0.875,0.875,8,0.0288887216684709
"updown",1,14,"PELT",0.625,0.625,0.625,8,0.0247457386320493
"updown",1,14,"SVP",0.625,0.625,0.625,8,0.0247457386320493
"updown",1,14,"SVP (BIC)",0.571428571428571,0.5,0.533333333333333,7,0.0847999732070019
"updown",1,15,"PELT",0.625,0.625,0.625,8,0.0308949409637074
"updown",1,15,"SVP",0.625,0.625,0.625,8,0.0308949409637074
"updown",1,15,"SVP (BIC)",0.833333333333333,0.625,0.714285714285714,6,0.111451017130969
"updown",1,16,"PELT",1,1,1,8,0.0156530550029064
"updown",1,16,"SVP",0.714285714285714,0.625,0.666666666666667,7,0.088077853316129
"updown",1,16,"SVP (BIC)",0.857142857142857,0.75,0.8,7,0.0847043347418301
"updown",1,17,"PELT",0.625,0.625,0.625,8,0.03017225111142
"updown",1,17,"SVP",0.625,0.625,0.625,8,0.03017225111142
"updown",1,17,"SVP (BIC)",0.714285714285714,0.625,0.666666666666667,7,0.0816555437328559
"updown",1,18,"PELT",0.75,0.75,0.75,8,0.0268526731144489
"updown",1,18,"SVP",0.75,0.75,0.75,8,0.0268526731144489
"updown",1,18,"SVP (BIC)",0.75,0.75,0.75,8,0.0268526731144489
"updown",1,19,"PELT",0.875,0.875,0.875,8,0.018968442380598
"updown",1,19,"SVP",0.875,0.875,0.875,8,0.018968442380598
"updown",1,19,"SVP (BIC)",0.857142857142857,0.75,0.8,7,0.0878085422444275
"updown",1,20,"PELT",0.75,0.75,0.75,8,0.0153516728113881
"updown",1,20,"SVP",0.75,0.75,0.75,8,0.0153516728113881
"updown",1,20,"SVP (BIC)",0.75,0.75,0.75,8,0.0153516728113881
"updown",1,21,"PELT",0.625,0.625,0.625,8,0.0159801638109507
"updown",1,21,"SVP",0.625,0.625,0.625,8,0.0159801638109507
"updown",1,21,"SVP (BIC)",0.625,0.625,0.625,8,0.0159801638109507
"updown",1,22,"PELT",0.75,0.75,0.75,8,0.0232392510642219
"updown",1,22,"SVP",0.75,0.75,0.75,8,0.0232392510642219
"updown",1,22,"SVP (BIC)",0.571428571428571,0.5,0.533333333333333,7,0.0860942233658536
"updown",1,23,"PELT",0.625,0.625,0.625,8,0.0289720951192592
"updown",1,23,"SVP",0.625,0.625,0.625,8,0.0289720951192592
"updown",1,23,"SVP (BIC)",0.625,0.625,0.625,8,0.0289720951192592
"updown",1,24,"PELT",0.625,0.625,0.625,8,0.016723497725095
"updown",1,24,"SVP",0.625,0.625,0.625,8,0.016723497725095
"updown",1,24,"SVP (BIC)",0.5,0.375,0.428571428571429,6,0.0970705360809485
"updown",1,25,"PELT",0.777777777777778,0.875,0.823529411764706,9,0.0351633286444426
"updown",1,25,"SVP",0.875,0.875,0.875,8,0.0209829400504335
"updown",1,25,"SVP (BIC)",0.875,0.875,0.875,8,0.0209829400504335
"updown",1,26,"PELT",0.625,0.625,0.625,8,0.03000340120452
"updown",1,26,"SVP",0.625,0.625,0.625,8,0.03000340120452
"updown",1,26,"SVP (BIC)",0.714285714285714,0.625,0.666666666666667,7,0.0815796833200203
"updown",1,27,"PELT",0.625,0.625,0.625,8,0.0321403200880508
"updown",1,27,"SVP",0.625,0.625,0.625,8,0.0321403200880508
"updown",1,27,"SVP (BIC)",0.625,0.625,0.625,8,0.0321403200880508
"updown",1,28,"PELT",0.75,0.75,0.75,8,0.0247941119875912
"updown",1,28,"SVP",0.75,0.75,0.75,8,0.0254943192317804
"updown",1,28,"SVP (BIC)",0.714285714285714,0.625,0.666666666666667,7,0.0844555873948797
"updown",1,29,"PELT",0.625,0.625,0.625,8,0.0249945914077825
"updown",1,29,"SVP",0.625,0.625,0.625,8,0.0249945914077825
"updown",1,29,"SVP (BIC)",0.625,0.625,0.625,8,0.0249945914077825
"updown",1,30,"PELT",0.5,0.5,0.5,8,0.0410595100221528
"updown",1,30,"SVP",0.5,0.5,0.5,8,0.0410595100221528
"updown",1,30,"SVP (BIC)",0.5,0.5,0.5,8,0.0410595100221528
"updown",1,31,"PELT",0.875,0.875,0.875,8,0.0139197056430102
"updown",1,31,"SVP",0.875,0.875,0.875,8,0.0139197056430102
"updown",1,31,"SVP (BIC)",0.875,0.875,0.875,8,0.0139197056430102
"updown",1,32,"PELT",0.625,0.625,0.625,8,0.033815107122756
"updown",1,32,"SVP",0.625,0.625,0.625,8,0.033815107122756
"updown",1,32,"SVP (BIC)",0.625,0.625,0.625,8,0.033815107122756
"updown",1,33,"PELT",0.5,0.5,0.5,8,0.0444192342404901
"updown",1,33,"SVP",0.5,0.5,0.5,8,0.0444192342404901
"updown",1,33,"SVP (BIC)",0.5,0.5,0.5,8,0.0444192342404901
"updown",1,34,"PELT",0.75,0.75,0.75,8,0.0171674240899934
"updown",1,34,"SVP",0.75,0.75,0.75,8,0.0171674240899934
"updown",1,34,"SVP (BIC)",0.571428571428571,0.5,0.533333333333333,7,0.0978128996648705
"updown",1,35,"PELT",1,1,1,8,0.0153944391979984
"updown",1,35,"SVP",1,1,1,8,0.0153944391979984
"updown",1,35,"SVP (BIC)",0.714285714285714,0.625,0.666666666666667,7,0.0981632097930957
"updown",1,36,"PELT",0.625,0.625,0.625,8,0.0341849962028234
"updown",1,36,"SVP",0.625,0.625,0.625,8,0.0341849962028234
"updown",1,36,"SVP (BIC)",0.625,0.625,0.625,8,0.0341849962028234
"updown",1,37,"PELT",0.75,0.75,0.75,8,0.0358454783158457
"updown",1,37,"SVP",0.75,0.75,0.75,8,0.0358454783158457
"updown",1,37,"SVP (BIC)",0.75,0.75,0.75,8,0.0358454783158457
"updown",1,38,"PELT",0.5,0.5,0.5,8,0.036881117187471
"updown",1,38,"SVP",0.5,0.5,0.5,8,0.036881117187471
"updown",1,38,"SVP (BIC)",0.5,0.5,0.5,8,0.036881117187471
"updown",1,39,"PELT",0.625,0.625,0.625,8,0.019872142993608
"updown",1,39,"SVP",0.625,0.625,0.625,8,0.019872142993608
"updown",1,39,"SVP (BIC)",0.625,0.625,0.625,8,0.019872142993608
"updown",1,40,"PELT",0.5,0.5,0.5,8,0.0430503109135985
"updown",1,40,"SVP",0.428571428571429,0.375,0.4,7,0.111281928194037
"updown",1,40,"SVP (BIC)",0.333333333333333,0.25,0.285714285714286,6,0.12049130193952
"updown",1,41,"PELT",0.5,0.5,0.5,8,0.0519532301494364
"updown",1,41,"SVP",0.5,0.5,0.5,8,0.0519532301494364
"updown",1,41,"SVP (BIC)",0.5,0.5,0.5,8,0.0519532301494364
"updown",1,42,"PELT",0.625,0.625,0.625,8,0.0226013820975624
"updown",1,42,"SVP",0.625,0.625,0.625,8,0.0226013820975624
"updown",1,42,"SVP (BIC)",0.428571428571429,0.375,0.4,7,0.101163349445351
"updown",1,43,"PELT",0.5,0.5,0.5,8,0.0344510785814147
"updown",1,43,"SVP",0.5,0.5,0.5,8,0.0344510785814147
"updown",1,43,"SVP (BIC)",0.5,0.5,0.5,8,0.0344510785814147
"updown",1,44,"PELT",0.5,0.5,0.5,8,0.0410052769627859
"updown",1,44,"SVP",0.5,0.5,0.5,8,0.0410052769627859
"updown",1,44,"SVP (BIC)",0.5,0.5,0.5,8,0.0410052769627859
"updown",1,45,"PELT",0.75,0.75,0.75,8,0.0195034415513857
"updown",1,45,"SVP",0.75,0.75,0.75,8,0.0195034415513857
"updown",1,45,"SVP (BIC)",0.75,0.75,0.75,8,0.0195034415513857
"updown",1,46,"PELT",0.875,0.875,0.875,8,0.0165886255780763
"updown",1,46,"SVP",0.875,0.875,0.875,8,0.0165886255780763
"updown",1,46,"SVP (BIC)",0.875,0.875,0.875,8,0.0165886255780763
"updown",1,47,"PELT",0.5,0.5,0.5,8,0.0337188413881485
"updown",1,47,"SVP",0.428571428571429,0.375,0.4,7,0.0849882803017002
"updown",1,47,"SVP (BIC)",0.5,0.375,0.428571428571429,6,0.103532766200324
"updown",1,48,"PELT",0.625,0.625,0.625,8,0.0200256845043647
"updown",1,48,"SVP",0.625,0.625,0.625,8,0.0200256845043647
"updown",1,48,"SVP (BIC)",0.625,0.625,0.625,8,0.0200256845043647
"updown",1,49,"PELT",0.5,0.5,0.5,8,0.0493949872206999
"updown",1,49,"SVP",0.5,0.5,0.5,8,0.0493949872206999
"updown",1,49,"SVP (BIC)",0.285714285714286,0.25,0.266666666666667,7,0.118379143547418
"updown",1,50,"PELT",0.75,0.75,0.75,8,0.0179495653867358
"updown",1,50,"SVP",0.75,0.75,0.75,8,0.0179495653867358
"updown",1,50,"SVP (BIC)",0.75,0.75,0.75,8,0.0179495653867358
"rand1",1,1,"PELT",0.666666666666667,0.5,0.571428571428572,6,0.0220652760506675
"rand1",1,1,"SVP",0.8,0.5,0.615384615384615,5,0.0258086848681519
"rand1",1,1,"SVP (BIC)",0.8,0.5,0.615384615384615,5,0.0258086848681519
"rand1",1,2,"PELT",0.666666666666667,0.5,0.571428571428572,6,0.0220652760506675
"rand1",1,2,"SVP",0.8,0.5,0.615384615384615,5,0.0258086848681519
"rand1",1,2,"SVP (BIC)",0.8,0.5,0.615384615384615,5,0.0258086848681519
"rand1",1,3,"PELT",0.666666666666667,0.5,0.571428571428572,6,0.0220652760506675
"rand1",1,3,"SVP",0.8,0.5,0.615384615384615,5,0.0258086848681519
"rand1",1,3,"SVP (BIC)",0.8,0.5,0.615384615384615,5,0.0258086848681519
"rand1",1,4,"PELT",0.666666666666667,0.5,0.571428571428572,6,0.0220652760506675
"rand1",1,4,"SVP",0.8,0.5,0.615384615384615,5,0.0258086848681519
"rand1",1,4,"SVP (BIC)",0.8,0.5,0.615384615384615,5,0.0258086848681519
"rand1",1,5,"PELT",0.666666666666667,0.5,0.571428571428572,6,0.0220652760506675
"rand1",1,5,"SVP",0.8,0.5,0.615384615384615,5,0.0258086848681519
"rand1",1,5,"SVP (BIC)",0.8,0.5,0.615384615384615,5,0.0258086848681519
"rand1",1,6,"PELT",0.666666666666667,0.5,0.571428571428572,6,0.0220652760506675
"rand1",1,6,"SVP",0.8,0.5,0.615384615384615,5,0.0258086848681519
"rand1",1,6,"SVP (BIC)",0.8,0.5,0.615384615384615,5,0.0258086848681519
"rand1",1,7,"PELT",0.666666666666667,0.5,0.571428571428572,6,0.0220652760506675
"rand1",1,7,"SVP",0.8,0.5,0.615384615384615,5,0.0258086848681519
"rand1",1,7,"SVP (BIC)",0.8,0.5,0.615384615384615,5,0.0258086848681519
"rand1",1,8,"PELT",0.666666666666667,0.5,0.571428571428572,6,0.0220652760506675
"rand1",1,8,"SVP",0.8,0.5,0.615384615384615,5,0.0258086848681519
"rand1",1,8,"SVP (BIC)",0.8,0.5,0.615384615384615,5,0.0258086848681519
"rand1",1,9,"PELT",0.666666666666667,0.5,0.571428571428572,6,0.0220652760506675
"rand1",1,9,"SVP",0.8,0.5,0.615384615384615,5,0.0258086848681519
"rand1",1,9,"SVP (BIC)",0.8,0.5,0.615384615384615,5,0.0258086848681519
"rand1",1,10,"PELT",0.666666666666667,0.5,0.571428571428572,6,0.0220652760506675
"rand1",1,10,"SVP",0.8,0.5,0.615384615384615,5,0.0258086848681519
"rand1",1,10,"SVP (BIC)",0.8,0.5,0.615384615384615,5,0.0258086848681519
"rand1",1,11,"PELT",0.666666666666667,0.5,0.571428571428572,6,0.0220652760506675
"rand1",1,11,"SVP",0.8,0.5,0.615384615384615,5,0.0258086848681519
"rand1",1,11,"SVP (BIC)",0.8,0.5,0.615384615384615,5,0.0258086848681519
"rand1",1,12,"PELT",0.666666666666667,0.5,0.571428571428572,6,0.0220652760506675
"rand1",1,12,"SVP",0.8,0.5,0.615384615384615,5,0.0258086848681519
"rand1",1,12,"SVP (BIC)",0.8,0.5,0.615384615384615,5,0.0258086848681519
"rand1",1,13,"PELT",0.666666666666667,0.5,0.571428571428572,6,0.0220652760506675
"rand1",1,13,"SVP",0.8,0.5,0.615384615384615,5,0.0258086848681519
"rand1",1,13,"SVP (BIC)",0.8,0.5,0.615384615384615,5,0.0258086848681519
"rand1",1,14,"PELT",0.666666666666667,0.5,0.571428571428572,6,0.0220652760506675
"rand1",1,14,"SVP",0.8,0.5,0.615384615384615,5,0.0258086848681519
"rand1",1,14,"SVP (BIC)",0.8,0.5,0.615384615384615,5,0.0258086848681519
"rand1",1,15,"PELT",0.666666666666667,0.5,0.571428571428572,6,0.0220652760506675
"rand1",1,15,"SVP",0.8,0.5,0.615384615384615,5,0.0258086848681519
"rand1",1,15,"SVP (BIC)",0.8,0.5,0.615384615384615,5,0.0258086848681519
"rand1",1,16,"PELT",0.666666666666667,0.5,0.571428571428572,6,0.0220652760506675
"rand1",1,16,"SVP",0.8,0.5,0.615384615384615,5,0.0258086848681519
"rand1",1,16,"SVP (BIC)",0.8,0.5,0.615384615384615,5,0.0258086848681519
"rand1",1,17,"PELT",0.666666666666667,0.5,0.571428571428572,6,0.0220652760506675
"rand1",1,17,"SVP",0.8,0.5,0.615384615384615,5,0.0258086848681519
"rand1",1,17,"SVP (BIC)",0.8,0.5,0.615384615384615,5,0.0258086848681519
"rand1",1,18,"PELT",0.666666666666667,0.5,0.571428571428572,6,0.0220652760506675
"rand1",1,18,"SVP",0.8,0.5,0.615384615384615,5,0.0258086848681519
"rand1",1,18,"SVP (BIC)",0.8,0.5,0.615384615384615,5,0.0258086848681519
"rand1",1,19,"PELT",0.666666666666667,0.5,0.571428571428572,6,0.0220652760506675
"rand1",1,19,"SVP",0.8,0.5,0.615384615384615,5,0.0258086848681519
"rand1",1,19,"SVP (BIC)",0.8,0.5,0.615384615384615,5,0.0258086848681519
"rand1",1,20,"PELT",0.666666666666667,0.5,0.571428571428572,6,0.0220652760506675
"rand1",1,20,"SVP",0.8,0.5,0.615384615384615,5,0.0258086848681519
"rand1",1,20,"SVP (BIC)",0.8,0.5,0.615384615384615,5,0.0258086848681519
"rand1",1,21,"PELT",0.666666666666667,0.5,0.571428571428572,6,0.0220652760506675
"rand1",1,21,"SVP",0.8,0.5,0.615384615384615,5,0.0258086848681519
"rand1",1,21,"SVP (BIC)",0.8,0.5,0.615384615384615,5,0.0258086848681519
"rand1",1,22,"PELT",0.666666666666667,0.5,0.571428571428572,6,0.0220652760506675
"rand1",1,22,"SVP",0.8,0.5,0.615384615384615,5,0.0258086848681519
"rand1",1,22,"SVP (BIC)",0.8,0.5,0.615384615384615,5,0.0258086848681519
"rand1",1,23,"PELT",0.666666666666667,0.5,0.571428571428572,6,0.0220652760506675
"rand1",1,23,"SVP",0.8,0.5,0.615384615384615,5,0.0258086848681519
"rand1",1,23,"SVP (BIC)",0.8,0.5,0.615384615384615,5,0.0258086848681519
"rand1",1,24,"PELT",0.666666666666667,0.5,0.571428571428572,6,0.0220652760506675
"rand1",1,24,"SVP",0.8,0.5,0.615384615384615,5,0.0258086848681519
"rand1",1,24,"SVP (BIC)",0.8,0.5,0.615384615384615,5,0.0258086848681519
"rand1",1,25,"PELT",0.666666666666667,0.5,0.571428571428572,6,0.0220652760506675
"rand1",1,25,"SVP",0.8,0.5,0.615384615384615,5,0.0258086848681519
"rand1",1,25,"SVP (BIC)",0.8,0.5,0.615384615384615,5,0.0258086848681519
"rand1",1,26,"PELT",0.666666666666667,0.5,0.571428571428572,6,0.0220652760506675
"rand1",1,26,"SVP",0.8,0.5,0.615384615384615,5,0.0258086848681519
"rand1",1,26,"SVP (BIC)",0.8,0.5,0.615384615384615,5,0.0258086848681519
"rand1",1,27,"PELT",0.666666666666667,0.5,0.571428571428572,6,0.0220652760506675
"rand1",1,27,"SVP",0.8,0.5,0.615384615384615,5,0.0258086848681519
"rand1",1,27,"SVP (BIC)",0.8,0.5,0.615384615384615,5,0.0258086848681519
"rand1",1,28,"PELT",0.666666666666667,0.5,0.571428571428572,6,0.0220652760506675
"rand1",1,28,"SVP",0.8,0.5,0.615384615384615,5,0.0258086848681519
"rand1",1,28,"SVP (BIC)",0.8,0.5,0.615384615384615,5,0.0258086848681519
"rand1",1,29,"PELT",0.666666666666667,0.5,0.571428571428572,6,0.0220652760506675
"rand1",1,29,"SVP",0.8,0.5,0.615384615384615,5,0.0258086848681519
"rand1",1,29,"SVP (BIC)",0.8,0.5,0.615384615384615,5,0.0258086848681519
"rand1",1,30,"PELT",0.666666666666667,0.5,0.571428571428572,6,0.0220652760506675
"rand1",1,30,"SVP",0.8,0.5,0.615384615384615,5,0.0258086848681519
"rand1",1,30,"SVP (BIC)",0.8,0.5,0.615384615384615,5,0.0258086848681519
"rand1",1,31,"PELT",0.666666666666667,0.5,0.571428571428572,6,0.0220652760506675
"rand1",1,31,"SVP",0.8,0.5,0.615384615384615,5,0.0258086848681519
"rand1",1,31,"SVP (BIC)",0.8,0.5,0.615384615384615,5,0.0258086848681519
"rand1",1,32,"PELT",0.666666666666667,0.5,0.571428571428572,6,0.0220652760506675
"rand1",1,32,"SVP",0.8,0.5,0.615384615384615,5,0.0258086848681519
"rand1",1,32,"SVP (BIC)",0.8,0.5,0.615384615384615,5,0.0258086848681519
"rand1",1,33,"PELT",0.666666666666667,0.5,0.571428571428572,6,0.0220652760506675
"rand1",1,33,"SVP",0.8,0.5,0.615384615384615,5,0.0258086848681519
"rand1",1,33,"SVP (BIC)",0.8,0.5,0.615384615384615,5,0.0258086848681519
"rand1",1,34,"PELT",0.666666666666667,0.5,0.571428571428572,6,0.0220652760506675
"rand1",1,34,"SVP",0.8,0.5,0.615384615384615,5,0.0258086848681519
"rand1",1,34,"SVP (BIC)",0.8,0.5,0.615384615384615,5,0.0258086848681519
"rand1",1,35,"PELT",0.666666666666667,0.5,0.571428571428572,6,0.0220652760506675
"rand1",1,35,"SVP",0.8,0.5,0.615384615384615,5,0.0258086848681519
"rand1",1,35,"SVP (BIC)",0.8,0.5,0.615384615384615,5,0.0258086848681519
"rand1",1,36,"PELT",0.666666666666667,0.5,0.571428571428572,6,0.0220652760506675
"rand1",1,36,"SVP",0.8,0.5,0.615384615384615,5,0.0258086848681519
"rand1",1,36,"SVP (BIC)",0.8,0.5,0.615384615384615,5,0.0258086848681519
"rand1",1,37,"PELT",0.666666666666667,0.5,0.571428571428572,6,0.0220652760506675
"rand1",1,37,"SVP",0.8,0.5,0.615384615384615,5,0.0258086848681519
"rand1",1,37,"SVP (BIC)",0.8,0.5,0.615384615384615,5,0.0258086848681519
"rand1",1,38,"PELT",0.666666666666667,0.5,0.571428571428572,6,0.0220652760506675
"rand1",1,38,"SVP",0.8,0.5,0.615384615384615,5,0.0258086848681519
"rand1",1,38,"SVP (BIC)",0.8,0.5,0.615384615384615,5,0.0258086848681519
"rand1",1,39,"PELT",0.666666666666667,0.5,0.571428571428572,6,0.0220652760506675
"rand1",1,39,"SVP",0.8,0.5,0.615384615384615,5,0.0258086848681519
"rand1",1,39,"SVP (BIC)",0.8,0.5,0.615384615384615,5,0.0258086848681519
"rand1",1,40,"PELT",0.666666666666667,0.5,0.571428571428572,6,0.0220652760506675
"rand1",1,40,"SVP",0.8,0.5,0.615384615384615,5,0.0258086848681519
"rand1",1,40,"SVP (BIC)",0.8,0.5,0.615384615384615,5,0.0258086848681519
"rand1",1,41,"PELT",0.666666666666667,0.5,0.571428571428572,6,0.0220652760506675
"rand1",1,41,"SVP",0.8,0.5,0.615384615384615,5,0.0258086848681519
"rand1",1,41,"SVP (BIC)",0.8,0.5,0.615384615384615,5,0.0258086848681519
"rand1",1,42,"PELT",0.666666666666667,0.5,0.571428571428572,6,0.0220652760506675
"rand1",1,42,"SVP",0.8,0.5,0.615384615384615,5,0.0258086848681519
"rand1",1,42,"SVP (BIC)",0.8,0.5,0.615384615384615,5,0.0258086848681519
"rand1",1,43,"PELT",0.666666666666667,0.5,0.571428571428572,6,0.0220652760506675
"rand1",1,43,"SVP",0.8,0.5,0.615384615384615,5,0.0258086848681519
"rand1",1,43,"SVP (BIC)",0.8,0.5,0.615384615384615,5,0.0258086848681519
"rand1",1,44,"PELT",0.666666666666667,0.5,0.571428571428572,6,0.0220652760506675
"rand1",1,44,"SVP",0.8,0.5,0.615384615384615,5,0.0258086848681519
"rand1",1,44,"SVP (BIC)",0.8,0.5,0.615384615384615,5,0.0258086848681519
"rand1",1,45,"PELT",0.666666666666667,0.5,0.571428571428572,6,0.0220652760506675
"rand1",1,45,"SVP",0.8,0.5,0.615384615384615,5,0.0258086848681519
"rand1",1,45,"SVP (BIC)",0.8,0.5,0.615384615384615,5,0.0258086848681519
"rand1",1,46,"PELT",0.666666666666667,0.5,0.571428571428572,6,0.0220652760506675
"rand1",1,46,"SVP",0.8,0.5,0.615384615384615,5,0.0258086848681519
"rand1",1,46,"SVP (BIC)",0.8,0.5,0.615384615384615,5,0.0258086848681519
"rand1",1,47,"PELT",0.666666666666667,0.5,0.571428571428572,6,0.0220652760506675
"rand1",1,47,"SVP",0.8,0.5,0.615384615384615,5,0.0258086848681519
"rand1",1,47,"SVP (BIC)",0.8,0.5,0.615384615384615,5,0.0258086848681519
"rand1",1,48,"PELT",0.666666666666667,0.5,0.571428571428572,6,0.0220652760506675
"rand1",1,48,"SVP",0.8,0.5,0.615384615384615,5,0.0258086848681519
"rand1",1,48,"SVP (BIC)",0.8,0.5,0.615384615384615,5,0.0258086848681519
"rand1",1,49,"PELT",0.666666666666667,0.5,0.571428571428572,6,0.0220652760506675
"rand1",1,49,"SVP",0.8,0.5,0.615384615384615,5,0.0258086848681519
"rand1",1,49,"SVP (BIC)",0.8,0.5,0.615384615384615,5,0.0258086848681519
"rand1",1,50,"PELT",0.666666666666667,0.5,0.571428571428572,6,0.0220652760506675
"rand1",1,50,"SVP",0.8,0.5,0.615384615384615,5,0.0258086848681519
"rand1",1,50,"SVP (BIC)",0.8,0.5,0.615384615384615,5,0.0258086848681519
"none",1.1,1,"PELT",1,1,1,1,0.000356377914373642
"none",1.1,1,"SVP",1,1,1,1,0.000356377914373642
"none",1.1,1,"SVP (BIC)",1,1,1,1,0.000356377914373642
"none",1.1,2,"PELT",1,1,1,1,0.000895881873993421
"none",1.1,2,"SVP",1,1,1,1,0.000895881873993421
"none",1.1,2,"SVP (BIC)",1,1,1,1,0.000895881873993421
"none",1.1,3,"PELT",1,1,1,1,0.000347726723299176
"none",1.1,3,"SVP",1,1,1,1,0.000347726723299176
"none",1.1,3,"SVP (BIC)",1,1,1,1,0.000347726723299176
"none",1.1,4,"PELT",1,1,1,1,0.00200928790958151
"none",1.1,4,"SVP",1,1,1,1,0.00200928790958151
"none",1.1,4,"SVP (BIC)",1,1,1,1,0.00200928790958151
"none",1.1,5,"PELT",1,1,1,1,0.00189529994231929
"none",1.1,5,"SVP",1,1,1,1,0.00189529994231929
"none",1.1,5,"SVP (BIC)",1,1,1,1,0.00189529994231929
"none",1.1,6,"PELT",1,1,1,1,1.13356170452821e-05
"none",1.1,6,"SVP",1,1,1,1,1.13356170452821e-05
"none",1.1,6,"SVP (BIC)",1,1,1,1,1.13356170452821e-05
"none",1.1,7,"PELT",1,1,1,1,0.00346379597824077
"none",1.1,7,"SVP",1,1,1,1,0.00346379597824077
"none",1.1,7,"SVP (BIC)",1,1,1,1,0.00346379597824077
"none",1.1,8,"PELT",1,1,1,1,0.000207454269495919
"none",1.1,8,"SVP",1,1,1,1,0.000207454269495919
"none",1.1,8,"SVP (BIC)",1,1,1,1,0.000207454269495919
"none",1.1,9,"PELT",1,1,1,1,0.00142057422801079
"none",1.1,9,"SVP",1,1,1,1,0.00142057422801079
"none",1.1,9,"SVP (BIC)",1,1,1,1,0.00142057422801079
"none",1.1,10,"PELT",1,1,1,1,9.46128147749576e-05
"none",1.1,10,"SVP",1,1,1,1,9.46128147749576e-05
"none",1.1,10,"SVP (BIC)",1,1,1,1,9.46128147749576e-05
"none",1.1,11,"PELT",1,1,1,1,2.85858994994491e-06
"none",1.1,11,"SVP",1,1,1,1,2.85858994994491e-06
"none",1.1,11,"SVP (BIC)",1,1,1,1,2.85858994994491e-06
"none",1.1,12,"PELT",1,1,1,1,0.00120242764855182
"none",1.1,12,"SVP",1,1,1,1,0.00120242764855182
"none",1.1,12,"SVP (BIC)",1,1,1,1,0.00120242764855182
"none",1.1,13,"PELT",1,1,1,1,0.00889303223973021
"none",1.1,13,"SVP",1,1,1,1,0.00889303223973021
"none",1.1,13,"SVP (BIC)",1,1,1,1,0.00889303223973021
"none",1.1,14,"PELT",1,1,1,1,0.00106452165248098
"none",1.1,14,"SVP",1,1,1,1,0.00106452165248098
"none",1.1,14,"SVP (BIC)",1,1,1,1,0.00106452165248098
"none",1.1,15,"PELT",1,1,1,1,1.33402882617788e-06
"none",1.1,15,"SVP",1,1,1,1,1.33402882617788e-06
"none",1.1,15,"SVP (BIC)",1,1,1,1,1.33402882617788e-06
"none",1.1,16,"PELT",1,1,1,1,0.00184418231166239
"none",1.1,16,"SVP",1,1,1,1,0.00184418231166239
"none",1.1,16,"SVP (BIC)",1,1,1,1,0.00184418231166239
"none",1.1,17,"PELT",1,1,1,1,0.000241197020324352
"none",1.1,17,"SVP",1,1,1,1,0.000241197020324352
"none",1.1,17,"SVP (BIC)",1,1,1,1,0.000241197020324352
"none",1.1,18,"PELT",1,1,1,1,1.71775306347371e-06
"none",1.1,18,"SVP",1,1,1,1,1.71775306347371e-06
"none",1.1,18,"SVP (BIC)",1,1,1,1,1.71775306347371e-06
"none",1.1,19,"PELT",1,1,1,1,0.000989716626095168
"none",1.1,19,"SVP",1,1,1,1,0.000989716626095168
"none",1.1,19,"SVP (BIC)",1,1,1,1,0.000989716626095168
"none",1.1,20,"PELT",1,1,1,1,0.00269835829498685
"none",1.1,20,"SVP",1,1,1,1,0.00269835829498685
"none",1.1,20,"SVP (BIC)",1,1,1,1,0.00269835829498685
"none",1.1,21,"PELT",1,1,1,1,0.000303727234467587
"none",1.1,21,"SVP",1,1,1,1,0.000303727234467587
"none",1.1,21,"SVP (BIC)",1,1,1,1,0.000303727234467587
"none",1.1,22,"PELT",1,1,1,1,0.000900958442406284
"none",1.1,22,"SVP",1,1,1,1,0.000900958442406284
"none",1.1,22,"SVP (BIC)",1,1,1,1,0.000900958442406284
"none",1.1,23,"PELT",1,1,1,1,0.0030583183704348
"none",1.1,23,"SVP",1,1,1,1,0.0030583183704348
"none",1.1,23,"SVP (BIC)",1,1,1,1,0.0030583183704348
"none",1.1,24,"PELT",1,1,1,1,0.00368679216388371
"none",1.1,24,"SVP",1,1,1,1,0.00368679216388371
"none",1.1,24,"SVP (BIC)",1,1,1,1,0.00368679216388371
"none",1.1,25,"PELT",1,1,1,1,0.00298705183585831
"none",1.1,25,"SVP",1,1,1,1,0.00298705183585831
"none",1.1,25,"SVP (BIC)",1,1,1,1,0.00298705183585831
"none",1.1,26,"PELT",1,1,1,1,6.64688756224868e-06
"none",1.1,26,"SVP",1,1,1,1,6.64688756224868e-06
"none",1.1,26,"SVP (BIC)",1,1,1,1,6.64688756224868e-06
"none",1.1,27,"PELT",1,1,1,1,0.00311375216623523
"none",1.1,27,"SVP",1,1,1,1,0.00311375216623523
"none",1.1,27,"SVP (BIC)",1,1,1,1,0.00311375216623523
"none",1.1,28,"PELT",1,1,1,1,0.000275134509703308
"none",1.1,28,"SVP",1,1,1,1,0.000275134509703308
"none",1.1,28,"SVP (BIC)",1,1,1,1,0.000275134509703308
"none",1.1,29,"PELT",1,1,1,1,0.00281660127129457
"none",1.1,29,"SVP",1,1,1,1,0.00281660127129457
"none",1.1,29,"SVP (BIC)",1,1,1,1,0.00281660127129457
"none",1.1,30,"PELT",1,1,1,1,0.00267951774840762
"none",1.1,30,"SVP",1,1,1,1,0.00267951774840762
"none",1.1,30,"SVP (BIC)",1,1,1,1,0.00267951774840762
"none",1.1,31,"PELT",1,1,1,1,0.00291283782803167
"none",1.1,31,"SVP",1,1,1,1,0.00291283782803167
"none",1.1,31,"SVP (BIC)",1,1,1,1,0.00291283782803167
"none",1.1,32,"PELT",1,1,1,1,3.69192203362789e-05
"none",1.1,32,"SVP",1,1,1,1,3.69192203362789e-05
"none",1.1,32,"SVP (BIC)",1,1,1,1,3.69192203362789e-05
"none",1.1,33,"PELT",1,1,1,1,0.00225501891542442
"none",1.1,33,"SVP",1,1,1,1,0.00225501891542442
"none",1.1,33,"SVP (BIC)",1,1,1,1,0.00225501891542442
"none",1.1,34,"PELT",1,1,1,1,0.000872774807225112
"none",1.1,34,"SVP",1,1,1,1,0.000872774807225112
"none",1.1,34,"SVP (BIC)",1,1,1,1,0.000872774807225112
"none",1.1,35,"PELT",1,1,1,1,0.000514835389062283
"none",1.1,35,"SVP",1,1,1,1,0.000514835389062283
"none",1.1,35,"SVP (BIC)",1,1,1,1,0.000514835389062283
"none",1.1,36,"PELT",1,1,1,1,0.00463990367784516
"none",1.1,36,"SVP",1,1,1,1,0.00463990367784516
"none",1.1,36,"SVP (BIC)",1,1,1,1,0.00463990367784516
"none",1.1,37,"PELT",1,1,1,1,0.000568797370053518
"none",1.1,37,"SVP",1,1,1,1,0.000568797370053518
"none",1.1,37,"SVP (BIC)",1,1,1,1,0.000568797370053518
"none",1.1,38,"PELT",1,1,1,1,8.60367274669849e-05
"none",1.1,38,"SVP",1,1,1,1,8.60367274669849e-05
"none",1.1,38,"SVP (BIC)",1,1,1,1,8.60367274669849e-05
"none",1.1,39,"PELT",1,1,1,1,0.000619145530488872
"none",1.1,39,"SVP",1,1,1,1,0.000619145530488872
"none",1.1,39,"SVP (BIC)",1,1,1,1,0.000619145530488872
"none",1.1,40,"PELT",1,1,1,1,1.30505830987507e-07
"none",1.1,40,"SVP",1,1,1,1,1.30505830987507e-07
"none",1.1,40,"SVP (BIC)",1,1,1,1,1.30505830987507e-07
"none",1.1,41,"PELT",1,1,1,1,0.00277908839005455
"none",1.1,41,"SVP",1,1,1,1,0.00277908839005455
"none",1.1,41,"SVP (BIC)",1,1,1,1,0.00277908839005455
"none",1.1,42,"PELT",1,1,1,1,7.98140472999501e-05
"none",1.1,42,"SVP",1,1,1,1,7.98140472999501e-05
"none",1.1,42,"SVP (BIC)",1,1,1,1,7.98140472999501e-05
"none",1.1,43,"PELT",1,1,1,1,0.000913291948820012
"none",1.1,43,"SVP",1,1,1,1,0.000913291948820012
"none",1.1,43,"SVP (BIC)",1,1,1,1,0.000913291948820012
"none",1.1,44,"PELT",1,1,1,1,5.86180136721855e-05
"none",1.1,44,"SVP",1,1,1,1,5.86180136721855e-05
"none",1.1,44,"SVP (BIC)",1,1,1,1,5.86180136721855e-05
"none",1.1,45,"PELT",1,1,1,1,0.00234057610510353
"none",1.1,45,"SVP",1,1,1,1,0.00234057610510353
"none",1.1,45,"SVP (BIC)",1,1,1,1,0.00234057610510353
"none",1.1,46,"PELT",1,1,1,1,0.000993937391228082
"none",1.1,46,"SVP",1,1,1,1,0.000993937391228082
"none",1.1,46,"SVP (BIC)",1,1,1,1,0.000993937391228082
"none",1.1,47,"PELT",1,1,1,1,2.31511444723201e-06
"none",1.1,47,"SVP",1,1,1,1,2.31511444723201e-06
"none",1.1,47,"SVP (BIC)",1,1,1,1,2.31511444723201e-06
"none",1.1,48,"PELT",1,1,1,1,0.000587930930852085
"none",1.1,48,"SVP",1,1,1,1,0.000587930930852085
"none",1.1,48,"SVP (BIC)",1,1,1,1,0.000587930930852085
"none",1.1,49,"PELT",1,1,1,1,0.000300616459680983
"none",1.1,49,"SVP",1,1,1,1,0.000300616459680983
"none",1.1,49,"SVP (BIC)",1,1,1,1,0.000300616459680983
"none",1.1,50,"PELT",1,1,1,1,0.00026479696470758
"none",1.1,50,"SVP",1,1,1,1,0.00026479696470758
"none",1.1,50,"SVP (BIC)",1,1,1,1,0.00026479696470758
"up",1.1,1,"PELT",0.75,0.75,0.75,8,0.0315561314589595
"up",1.1,1,"SVP",0.75,0.75,0.75,8,0.0315561314589595
"up",1.1,1,"SVP (BIC)",0.75,0.75,0.75,8,0.0315561314589595
"up",1.1,2,"PELT",1,1,1,8,0.0095687513613125
"up",1.1,2,"SVP",1,1,1,8,0.0095687513613125
"up",1.1,2,"SVP (BIC)",1,1,1,8,0.0095687513613125
"up",1.1,3,"PELT",0.625,0.625,0.625,8,0.0295965102709456
"up",1.1,3,"SVP",0.625,0.625,0.625,8,0.0295965102709456
"up",1.1,3,"SVP (BIC)",0.625,0.625,0.625,8,0.0295965102709456
"up",1.1,4,"PELT",1,1,1,8,0.0160261084994754
"up",1.1,4,"SVP",1,1,1,8,0.0160261084994754
"up",1.1,4,"SVP (BIC)",1,1,1,8,0.0160261084994754
"up",1.1,5,"PELT",0.75,0.75,0.75,8,0.0174405487930587
"up",1.1,5,"SVP",0.75,0.75,0.75,8,0.0174405487930587
"up",1.1,5,"SVP (BIC)",0.75,0.75,0.75,8,0.0174405487930587
"up",1.1,6,"PELT",0.875,0.875,0.875,8,0.0215812445402214
"up",1.1,6,"SVP",0.875,0.875,0.875,8,0.0215812445402214
"up",1.1,6,"SVP (BIC)",0.875,0.875,0.875,8,0.0215812445402214
"up",1.1,7,"PELT",0.5,0.5,0.5,8,0.0322387556677997
"up",1.1,7,"SVP",0.5,0.5,0.5,8,0.0322387556677997
"up",1.1,7,"SVP (BIC)",0.5,0.5,0.5,8,0.0322387556677997
"up",1.1,8,"PELT",0.75,0.75,0.75,8,0.036438500279997
"up",1.1,8,"SVP",0.75,0.75,0.75,8,0.036438500279997
"up",1.1,8,"SVP (BIC)",0.75,0.75,0.75,8,0.036438500279997
"up",1.1,9,"PELT",0.625,0.625,0.625,8,0.024098967157045
"up",1.1,9,"SVP",0.625,0.625,0.625,8,0.024098967157045
"up",1.1,9,"SVP (BIC)",0.625,0.625,0.625,8,0.024098967157045
"up",1.1,10,"PELT",0.5,0.5,0.5,8,0.047730200222578
"up",1.1,10,"SVP",0.5,0.5,0.5,8,0.047730200222578
"up",1.1,10,"SVP (BIC)",0.5,0.5,0.5,8,0.047730200222578
"up",1.1,11,"PELT",0.625,0.625,0.625,8,0.0202630042197596
"up",1.1,11,"SVP",0.625,0.625,0.625,8,0.0202630042197596
"up",1.1,11,"SVP (BIC)",0.625,0.625,0.625,8,0.0202630042197596
"up",1.1,12,"PELT",0.625,0.625,0.625,8,0.0303856505574487
"up",1.1,12,"SVP",0.625,0.625,0.625,8,0.0303856505574487
"up",1.1,12,"SVP (BIC)",0.625,0.625,0.625,8,0.0303856505574487
"up",1.1,13,"PELT",0.625,0.625,0.625,8,0.032613881094967
"up",1.1,13,"SVP",0.625,0.625,0.625,8,0.032613881094967
"up",1.1,13,"SVP (BIC)",0.625,0.625,0.625,8,0.032613881094967
"up",1.1,14,"PELT",0.666666666666667,0.75,0.705882352941177,9,0.0443255503213095
"up",1.1,14,"SVP",0.75,0.75,0.75,8,0.0293868349962609
"up",1.1,14,"SVP (BIC)",0.75,0.75,0.75,8,0.0293868349962609
"up",1.1,15,"PELT",1,1,1,8,0.0156573061699874
"up",1.1,15,"SVP",1,1,1,8,0.0156573061699874
"up",1.1,15,"SVP (BIC)",1,1,1,8,0.0156573061699874
"up",1.1,16,"PELT",0.5,0.5,0.5,8,0.0284593633716576
"up",1.1,16,"SVP",0.5,0.5,0.5,8,0.0284593633716576
"up",1.1,16,"SVP (BIC)",0.5,0.5,0.5,8,0.0284593633716576
"up",1.1,17,"PELT",0.5,0.5,0.5,8,0.0292526343241386
"up",1.1,17,"SVP",0.5,0.5,0.5,8,0.0292526343241386
"up",1.1,17,"SVP (BIC)",0.5,0.5,0.5,8,0.0292526343241386
"up",1.1,18,"PELT",0.75,0.75,0.75,8,0.0266980712063722
"up",1.1,18,"SVP",0.75,0.75,0.75,8,0.0266980712063722
"up",1.1,18,"SVP (BIC)",0.75,0.75,0.75,8,0.0266980712063722
"up",1.1,19,"PELT",1,1,1,8,0.0131309929720631
"up",1.1,19,"SVP",0.875,0.875,0.875,8,0.0185494416353551
"up",1.1,19,"SVP (BIC)",1,1,1,8,0.0131309929720631
"up",1.1,20,"PELT",0.75,0.75,0.75,8,0.0188495948720907
"up",1.1,20,"SVP",0.75,0.75,0.75,8,0.0188495948720907
"up",1.1,20,"SVP (BIC)",0.75,0.75,0.75,8,0.0188495948720907
"up",1.1,21,"PELT",0.75,0.75,0.75,8,0.0233005867874074
"up",1.1,21,"SVP",0.75,0.75,0.75,8,0.0233005867874074
"up",1.1,21,"SVP (BIC)",0.75,0.75,0.75,8,0.0233005867874074
"up",1.1,22,"PELT",0.875,0.875,0.875,8,0.00987524342154613
"up",1.1,22,"SVP",0.875,0.875,0.875,8,0.00987524342154613
"up",1.1,22,"SVP (BIC)",0.875,0.875,0.875,8,0.00987524342154613
"up",1.1,23,"PELT",0.625,0.625,0.625,8,0.0348956915993091
"up",1.1,23,"SVP",0.625,0.625,0.625,8,0.0348956915993091
"up",1.1,23,"SVP (BIC)",0.625,0.625,0.625,8,0.0348956915993091
"up",1.1,24,"PELT",1,1,1,8,0.0107523183950338
"up",1.1,24,"SVP",1,1,1,8,0.0107523183950338
"up",1.1,24,"SVP (BIC)",1,1,1,8,0.0107523183950338
"up",1.1,25,"PELT",0.75,0.75,0.75,8,0.0306731221543211
"up",1.1,25,"SVP",0.75,0.75,0.75,8,0.0306731221543211
"up",1.1,25,"SVP (BIC)",0.75,0.75,0.75,8,0.0306731221543211
"up",1.1,26,"PELT",1,1,1,8,0.0121126537144771
"up",1.1,26,"SVP",1,1,1,8,0.0121126537144771
"up",1.1,26,"SVP (BIC)",1,1,1,8,0.0121126537144771
"up",1.1,27,"PELT",0.875,0.875,0.875,8,0.0346677090417567
"up",1.1,27,"SVP",0.875,0.875,0.875,8,0.0346677090417567
"up",1.1,27,"SVP (BIC)",0.875,0.875,0.875,8,0.0346677090417567
"up",1.1,28,"PELT",0.75,0.75,0.75,8,0.0654162640866421
"up",1.1,28,"SVP",0.75,0.75,0.75,8,0.0654162640866421
"up",1.1,28,"SVP (BIC)",0.75,0.75,0.75,8,0.0654162640866421
"up",1.1,29,"PELT",0.625,0.625,0.625,8,0.0266016105768954
"up",1.1,29,"SVP",0.625,0.625,0.625,8,0.0266016105768954
"up",1.1,29,"SVP (BIC)",0.625,0.625,0.625,8,0.0266016105768954
"up",1.1,30,"PELT",0.75,0.75,0.75,8,0.0291086313666443
"up",1.1,30,"SVP",0.75,0.75,0.75,8,0.0291086313666443
"up",1.1,30,"SVP (BIC)",0.75,0.75,0.75,8,0.0291086313666443
"up",1.1,31,"PELT",0.875,0.875,0.875,8,0.0151825063265968
"up",1.1,31,"SVP",0.875,0.875,0.875,8,0.0151825063265968
"up",1.1,31,"SVP (BIC)",0.875,0.875,0.875,8,0.0151825063265968
"up",1.1,32,"PELT",0.625,0.625,0.625,8,0.0485782973156098
"up",1.1,32,"SVP",0.625,0.625,0.625,8,0.0485782973156098
"up",1.1,32,"SVP (BIC)",0.625,0.625,0.625,8,0.0485782973156098
"up",1.1,33,"PELT",0.75,0.75,0.75,8,0.026671142302848
"up",1.1,33,"SVP",0.75,0.75,0.75,8,0.026671142302848
"up",1.1,33,"SVP (BIC)",0.142857142857143,0.125,0.133333333333333,7,0.18137919057518
"up",1.1,34,"PELT",0.625,0.625,0.625,8,0.0240682002255107
"up",1.1,34,"SVP",0.625,0.625,0.625,8,0.0240682002255107
"up",1.1,34,"SVP (BIC)",0.625,0.625,0.625,8,0.0240682002255107
"up",1.1,35,"PELT",0.5,0.5,0.5,8,0.0504354628985248
"up",1.1,35,"SVP",0.5,0.5,0.5,8,0.0504354628985248
"up",1.1,35,"SVP (BIC)",0.5,0.5,0.5,8,0.0504354628985248
"up",1.1,36,"PELT",0.75,0.75,0.75,8,0.0144622178492781
"up",1.1,36,"SVP",0.75,0.75,0.75,8,0.0144622178492781
"up",1.1,36,"SVP (BIC)",0.75,0.75,0.75,8,0.0144622178492781
"up",1.1,37,"PELT",0.75,0.75,0.75,8,0.0313251725375471
"up",1.1,37,"SVP",0.75,0.75,0.75,8,0.0313251725375471
"up",1.1,37,"SVP (BIC)",0.75,0.75,0.75,8,0.0313251725375471
"up",1.1,38,"PELT",0.5,0.5,0.5,8,0.0403972862946832
"up",1.1,38,"SVP",0.5,0.5,0.5,8,0.0403972862946832
"up",1.1,38,"SVP (BIC)",0.5,0.5,0.5,8,0.0403972862946832
"up",1.1,39,"PELT",1,1,1,8,0.00913931160011898
"up",1.1,39,"SVP",1,1,1,8,0.00913931160011898
"up",1.1,39,"SVP (BIC)",1,1,1,8,0.00913931160011898
"up",1.1,40,"PELT",0.375,0.375,0.375,8,0.0529871162473321
"up",1.1,40,"SVP",0.285714285714286,0.25,0.266666666666667,7,0.150571274278921
"up",1.1,40,"SVP (BIC)",0.285714285714286,0.25,0.266666666666667,7,0.136580782231893
"up",1.1,41,"PELT",0.75,0.75,0.75,8,0.0237933358219173
"up",1.1,41,"SVP",0.75,0.75,0.75,8,0.0237933358219173
"up",1.1,41,"SVP (BIC)",0.75,0.75,0.75,8,0.0237933358219173
"up",1.1,42,"PELT",0.75,0.75,0.75,8,0.0189059307667998
"up",1.1,42,"SVP",0.75,0.75,0.75,8,0.0189059307667998
"up",1.1,42,"SVP (BIC)",0.75,0.75,0.75,8,0.0189059307667998
"up",1.1,43,"PELT",0.75,0.75,0.75,8,0.0336872841238519
"up",1.1,43,"SVP",0.75,0.75,0.75,8,0.0336872841238519
"up",1.1,43,"SVP (BIC)",0.75,0.75,0.75,8,0.0336872841238519
"up",1.1,44,"PELT",1,1,1,8,0.0119653417866351
"up",1.1,44,"SVP",1,1,1,8,0.0119653417866351
"up",1.1,44,"SVP (BIC)",1,1,1,8,0.0119653417866351
"up",1.1,45,"PELT",1,1,1,8,0.00832015816913997
"up",1.1,45,"SVP",1,1,1,8,0.00832015816913997
"up",1.1,45,"SVP (BIC)",1,1,1,8,0.00832015816913997
"up",1.1,46,"PELT",0.375,0.375,0.375,8,0.0383317232406927
"up",1.1,46,"SVP",0.375,0.375,0.375,8,0.0383317232406927
"up",1.1,46,"SVP (BIC)",0.375,0.375,0.375,8,0.0383317232406927
"up",1.1,47,"PELT",0.5,0.5,0.5,8,0.0445956151532322
"up",1.1,47,"SVP",0.5,0.5,0.5,8,0.0445956151532322
"up",1.1,47,"SVP (BIC)",0.5,0.5,0.5,8,0.0445956151532322
"up",1.1,48,"PELT",0.75,0.75,0.75,8,0.0210988750365768
"up",1.1,48,"SVP",0.75,0.75,0.75,8,0.0210988750365768
"up",1.1,48,"SVP (BIC)",0.75,0.75,0.75,8,0.0210988750365768
"up",1.1,49,"PELT",0.75,0.75,0.75,8,0.0306191754606612
"up",1.1,49,"SVP",0.75,0.75,0.75,8,0.0306191754606612
"up",1.1,49,"SVP (BIC)",0.75,0.75,0.75,8,0.0306191754606612
"up",1.1,50,"PELT",1,1,1,8,0.0129134581103943
"up",1.1,50,"SVP",1,1,1,8,0.0129134581103943
"up",1.1,50,"SVP (BIC)",1,1,1,8,0.0129134581103943
"updown",1.1,1,"PELT",0.75,0.75,0.75,8,0.0316199387559055
"updown",1.1,1,"SVP",0.75,0.75,0.75,8,0.0316199387559055
"updown",1.1,1,"SVP (BIC)",0.75,0.75,0.75,8,0.0316199387559055
"updown",1.1,2,"PELT",0.75,0.75,0.75,8,0.02157168761277
"updown",1.1,2,"SVP",0.625,0.625,0.625,8,0.0518967835114334
"updown",1.1,2,"SVP (BIC)",0.75,0.75,0.75,8,0.02157168761277
"updown",1.1,3,"PELT",0.625,0.625,0.625,8,0.0222552529125254
"updown",1.1,3,"SVP",0.625,0.625,0.625,8,0.0222552529125254
"updown",1.1,3,"SVP (BIC)",0.625,0.625,0.625,8,0.0222552529125254
"updown",1.1,4,"PELT",0.875,0.875,0.875,8,0.0192468438174221
"updown",1.1,4,"SVP",0.777777777777778,0.875,0.823529411764706,9,0.0191861632164821
"updown",1.1,4,"SVP (BIC)",0.875,0.875,0.875,8,0.0192468438174221
"updown",1.1,5,"PELT",0.5,0.5,0.5,8,0.0326750736934171
"updown",1.1,5,"SVP",0.5,0.5,0.5,8,0.0326750736934171
"updown",1.1,5,"SVP (BIC)",0.5,0.5,0.5,8,0.0326750736934171
"updown",1.1,6,"PELT",0.875,0.875,0.875,8,0.0236879421012267
"updown",1.1,6,"SVP",0.875,0.875,0.875,8,0.0236879421012267
"updown",1.1,6,"SVP (BIC)",0.875,0.875,0.875,8,0.0236879421012267
"updown",1.1,7,"PELT",0.875,0.875,0.875,8,0.0162790725572447
"updown",1.1,7,"SVP",0.875,0.875,0.875,8,0.0162790725572447
"updown",1.1,7,"SVP (BIC)",0.875,0.875,0.875,8,0.0162790725572447
"updown",1.1,8,"PELT",0.625,0.625,0.625,8,0.0220395080321737
"updown",1.1,8,"SVP",0.625,0.625,0.625,8,0.0220395080321737
"updown",1.1,8,"SVP (BIC)",0.625,0.625,0.625,8,0.0220395080321737
"updown",1.1,9,"PELT",0.5,0.5,0.5,8,0.0425353280269315
"updown",1.1,9,"SVP",0.5,0.5,0.5,8,0.0425353280269315
"updown",1.1,9,"SVP (BIC)",0.5,0.5,0.5,8,0.0425353280269315
"updown",1.1,10,"PELT",0.625,0.625,0.625,8,0.0234806662899451
"updown",1.1,10,"SVP",0.625,0.625,0.625,8,0.0234806662899451
"updown",1.1,10,"SVP (BIC)",0.625,0.625,0.625,8,0.0234806662899451
"updown",1.1,11,"PELT",0.75,0.75,0.75,8,0.036718611403265
"updown",1.1,11,"SVP",0.75,0.75,0.75,8,0.036718611403265
"updown",1.1,11,"SVP (BIC)",0.75,0.75,0.75,8,0.036718611403265
"updown",1.1,12,"PELT",0.625,0.625,0.625,8,0.0337844008247627
"updown",1.1,12,"SVP",0.625,0.625,0.625,8,0.0337844008247627
"updown",1.1,12,"SVP (BIC)",0.625,0.625,0.625,8,0.0337844008247627
"updown",1.1,13,"PELT",1,1,1,8,0.0156627565394639
"updown",1.1,13,"SVP",1,1,1,8,0.0156627565394639
"updown",1.1,13,"SVP (BIC)",1,1,1,8,0.0156627565394639
"updown",1.1,14,"PELT",0.75,0.75,0.75,8,0.0443661198437965
"updown",1.1,14,"SVP",0.75,0.75,0.75,8,0.0443661198437965
"updown",1.1,14,"SVP (BIC)",0.571428571428571,0.5,0.533333333333333,7,0.112928807424817
"updown",1.1,15,"PELT",0.5,0.5,0.5,8,0.068690203270624
"updown",1.1,15,"SVP",0.5,0.5,0.5,8,0.068690203270624
"updown",1.1,15,"SVP (BIC)",0.5,0.5,0.5,8,0.068690203270624
"updown",1.1,16,"PELT",0.75,0.75,0.75,8,0.0298605130795303
"updown",1.1,16,"SVP",0.75,0.75,0.75,8,0.0298605130795303
"updown",1.1,16,"SVP (BIC)",0.75,0.75,0.75,8,0.0298605130795303
"updown",1.1,17,"PELT",0.75,0.75,0.75,8,0.0222526097349335
"updown",1.1,17,"SVP",0.75,0.75,0.75,8,0.0222526097349335
"updown",1.1,17,"SVP (BIC)",0.75,0.75,0.75,8,0.0222526097349335
"updown",1.1,18,"PELT",0.625,0.625,0.625,8,0.0366078181986223
"updown",1.1,18,"SVP",0.625,0.625,0.625,8,0.0366078181986223
"updown",1.1,18,"SVP (BIC)",0.625,0.625,0.625,8,0.0366078181986223
"updown",1.1,19,"PELT",0.625,0.625,0.625,8,0.0600435485813797
"updown",1.1,19,"SVP",0.625,0.625,0.625,8,0.0600435485813797
"updown",1.1,19,"SVP (BIC)",0.625,0.625,0.625,8,0.0600435485813797
"updown",1.1,20,"PELT",0.625,0.625,0.625,8,0.0275081030106696
"updown",1.1,20,"SVP",0.625,0.625,0.625,8,0.0275081030106696
"updown",1.1,20,"SVP (BIC)",0.625,0.625,0.625,8,0.0275081030106696
"updown",1.1,21,"PELT",0.5,0.5,0.5,8,0.0393592707552146
"updown",1.1,21,"SVP",0.5,0.5,0.5,8,0.0393592707552146
"updown",1.1,21,"SVP (BIC)",0.5,0.5,0.5,8,0.0393592707552146
"updown",1.1,22,"PELT",0.75,0.75,0.75,8,0.0152055183820874
"updown",1.1,22,"SVP",0.75,0.75,0.75,8,0.0152055183820874
"updown",1.1,22,"SVP (BIC)",0.75,0.75,0.75,8,0.0152055183820874
"updown",1.1,23,"PELT",0.875,0.875,0.875,8,0.0106164727922052
"updown",1.1,23,"SVP",0.875,0.875,0.875,8,0.0106164727922052
"updown",1.1,23,"SVP (BIC)",0.875,0.875,0.875,8,0.0106164727922052
"updown",1.1,24,"PELT",0.875,0.875,0.875,8,0.022174416748583
"updown",1.1,24,"SVP",0.875,0.875,0.875,8,0.022174416748583
"updown",1.1,24,"SVP (BIC)",0.714285714285714,0.625,0.666666666666667,7,0.109465562438352
"updown",1.1,25,"PELT",0.75,0.75,0.75,8,0.0250606802525268
"updown",1.1,25,"SVP",0.75,0.75,0.75,8,0.0250606802525268
"updown",1.1,25,"SVP (BIC)",0.75,0.75,0.75,8,0.0250606802525268
"updown",1.1,26,"PELT",0.777777777777778,0.875,0.823529411764706,9,0.0387804382316054
"updown",1.1,26,"SVP",1,1,1,8,0.0174323920361879
"updown",1.1,26,"SVP (BIC)",0.875,0.875,0.875,8,0.0188481318009474
"updown",1.1,27,"PELT",0.75,0.75,0.75,8,0.0285681001028162
"updown",1.1,27,"SVP",0.75,0.75,0.75,8,0.0285681001028162
"updown",1.1,27,"SVP (BIC)",0.75,0.75,0.75,8,0.0285681001028162
"updown",1.1,28,"PELT",0.625,0.625,0.625,8,0.0341604933379967
"updown",1.1,28,"SVP",0.625,0.625,0.625,8,0.0341604933379967
"updown",1.1,28,"SVP (BIC)",0.625,0.625,0.625,8,0.0341604933379967
"updown",1.1,29,"PELT",0.625,0.625,0.625,8,0.0295987494815595
"updown",1.1,29,"SVP",0.625,0.625,0.625,8,0.0295987494815595
"updown",1.1,29,"SVP (BIC)",0.625,0.625,0.625,8,0.0295987494815595
"updown",1.1,30,"PELT",0.75,0.75,0.75,8,0.0396811669472026
"updown",1.1,30,"SVP",0.75,0.75,0.75,8,0.0396811669472026
"updown",1.1,30,"SVP (BIC)",0.75,0.75,0.75,8,0.0396811669472026
"updown",1.1,31,"PELT",0.625,0.625,0.625,8,0.0283226686946777
"updown",1.1,31,"SVP",0.625,0.625,0.625,8,0.0283226686946777
"updown",1.1,31,"SVP (BIC)",0.428571428571429,0.375,0.4,7,0.117503486665977
"updown",1.1,32,"PELT",0.875,0.875,0.875,8,0.0253733904126863
"updown",1.1,32,"SVP",0.875,0.875,0.875,8,0.0253733904126863
"updown",1.1,32,"SVP (BIC)",0.714285714285714,0.625,0.666666666666667,7,0.111652358094829
"updown",1.1,33,"PELT",0.75,0.75,0.75,8,0.0213364226349726
"updown",1.1,33,"SVP",0.75,0.75,0.75,8,0.0213364226349726
"updown",1.1,33,"SVP (BIC)",0.75,0.75,0.75,8,0.0213364226349726
"updown",1.1,34,"PELT",0.75,0.75,0.75,8,0.0431337686234935
"updown",1.1,34,"SVP",0.75,0.75,0.75,8,0.0431337686234935
"updown",1.1,34,"SVP (BIC)",0.75,0.75,0.75,8,0.0431337686234935
"updown",1.1,35,"PELT",0.875,0.875,0.875,8,0.0257848114780915
"updown",1.1,35,"SVP",0.875,0.875,0.875,8,0.0257848114780915
"updown",1.1,35,"SVP (BIC)",0.875,0.875,0.875,8,0.0257848114780915
"updown",1.1,36,"PELT",0.875,0.875,0.875,8,0.0288667070597776
"updown",1.1,36,"SVP",0.875,0.875,0.875,8,0.0288667070597776
"updown",1.1,36,"SVP (BIC)",0.875,0.875,0.875,8,0.0288667070597776
"updown",1.1,37,"PELT",0.375,0.375,0.375,8,0.0708033903053963
"updown",1.1,37,"SVP",0.375,0.375,0.375,8,0.0708033903053963
"updown",1.1,37,"SVP (BIC)",0.375,0.375,0.375,8,0.0708033903053963
"updown",1.1,38,"PELT",0.625,0.625,0.625,8,0.0321000765807875
"updown",1.1,38,"SVP",0.625,0.625,0.625,8,0.0321000765807875
"updown",1.1,38,"SVP (BIC)",0.625,0.625,0.625,8,0.0321000765807875
"updown",1.1,39,"PELT",0.875,0.875,0.875,8,0.0127328387386642
"updown",1.1,39,"SVP",0.875,0.875,0.875,8,0.0127328387386642
"updown",1.1,39,"SVP (BIC)",0.875,0.875,0.875,8,0.0127328387386642
"updown",1.1,40,"PELT",0.625,0.625,0.625,8,0.0235188663897157
"updown",1.1,40,"SVP",0.625,0.625,0.625,8,0.0235188663897157
"updown",1.1,40,"SVP (BIC)",0.625,0.625,0.625,8,0.0235188663897157
"updown",1.1,41,"PELT",0.75,0.75,0.75,8,0.0264212600585372
"updown",1.1,41,"SVP",0.75,0.75,0.75,8,0.0264212600585372
"updown",1.1,41,"SVP (BIC)",0.75,0.75,0.75,8,0.0264212600585372
"updown",1.1,42,"PELT",0.625,0.625,0.625,8,0.0381275302463756
"updown",1.1,42,"SVP",0.625,0.625,0.625,8,0.0381275302463756
"updown",1.1,42,"SVP (BIC)",0.625,0.625,0.625,8,0.0381275302463756
"updown",1.1,43,"PELT",0.75,0.75,0.75,8,0.038278664694123
"updown",1.1,43,"SVP",0.75,0.75,0.75,8,0.038278664694123
"updown",1.1,43,"SVP (BIC)",0.75,0.75,0.75,8,0.038278664694123
"updown",1.1,44,"PELT",0.75,0.75,0.75,8,0.0312635906379325
"updown",1.1,44,"SVP",0.75,0.75,0.75,8,0.0312635906379325
"updown",1.1,44,"SVP (BIC)",0.75,0.75,0.75,8,0.0312635906379325
"updown",1.1,45,"PELT",1,1,1,8,0.0187301182227112
"updown",1.1,45,"SVP",1,1,1,8,0.0187301182227112
"updown",1.1,45,"SVP (BIC)",1,1,1,8,0.0187301182227112
"updown",1.1,46,"PELT",1,1,1,8,0.0144173063825101
"updown",1.1,46,"SVP",1,1,1,8,0.0144173063825101
"updown",1.1,46,"SVP (BIC)",1,1,1,8,0.0144173063825101
"updown",1.1,47,"PELT",0.625,0.625,0.625,8,0.0279496303554935
"updown",1.1,47,"SVP",0.625,0.625,0.625,8,0.0279496303554935
"updown",1.1,47,"SVP (BIC)",0.625,0.625,0.625,8,0.0279496303554935
"updown",1.1,48,"PELT",0.875,0.875,0.875,8,0.0189036099979877
"updown",1.1,48,"SVP",0.875,0.875,0.875,8,0.0189036099979877
"updown",1.1,48,"SVP (BIC)",0.714285714285714,0.625,0.666666666666667,7,0.100387204270501
"updown",1.1,49,"PELT",0.375,0.375,0.375,8,0.034081680188302
"updown",1.1,49,"SVP",0.375,0.375,0.375,8,0.034081680188302
"updown",1.1,49,"SVP (BIC)",0.375,0.375,0.375,8,0.034081680188302
"updown",1.1,50,"PELT",0.75,0.75,0.75,8,0.0438792852517596
"updown",1.1,50,"SVP",0.75,0.75,0.75,8,0.0438792852517596
"updown",1.1,50,"SVP (BIC)",0.75,0.75,0.75,8,0.0438792852517596
"rand1",1.1,1,"PELT",0.666666666666667,0.5,0.571428571428572,6,0.0258989583156205
"rand1",1.1,1,"SVP",0.8,0.5,0.615384615384615,5,0.0308248011705793
"rand1",1.1,1,"SVP (BIC)",0.8,0.5,0.615384615384615,5,0.0308248011705793
"rand1",1.1,2,"PELT",0.666666666666667,0.5,0.571428571428572,6,0.0258989583156205
"rand1",1.1,2,"SVP",0.8,0.5,0.615384615384615,5,0.0308248011705793
"rand1",1.1,2,"SVP (BIC)",0.8,0.5,0.615384615384615,5,0.0308248011705793
"rand1",1.1,3,"PELT",0.666666666666667,0.5,0.571428571428572,6,0.0258989583156205
"rand1",1.1,3,"SVP",0.8,0.5,0.615384615384615,5,0.0308248011705793
"rand1",1.1,3,"SVP (BIC)",0.8,0.5,0.615384615384615,5,0.0308248011705793
"rand1",1.1,4,"PELT",0.666666666666667,0.5,0.571428571428572,6,0.0258989583156205
"rand1",1.1,4,"SVP",0.8,0.5,0.615384615384615,5,0.0308248011705793
"rand1",1.1,4,"SVP (BIC)",0.8,0.5,0.615384615384615,5,0.0308248011705793
"rand1",1.1,5,"PELT",0.666666666666667,0.5,0.571428571428572,6,0.0258989583156205
"rand1",1.1,5,"SVP",0.8,0.5,0.615384615384615,5,0.0308248011705793
"rand1",1.1,5,"SVP (BIC)",0.8,0.5,0.615384615384615,5,0.0308248011705793
"rand1",1.1,6,"PELT",0.666666666666667,0.5,0.571428571428572,6,0.0258989583156205
"rand1",1.1,6,"SVP",0.8,0.5,0.615384615384615,5,0.0308248011705793
"rand1",1.1,6,"SVP (BIC)",0.8,0.5,0.615384615384615,5,0.0308248011705793
"rand1",1.1,7,"PELT",0.666666666666667,0.5,0.571428571428572,6,0.0258989583156205
"rand1",1.1,7,"SVP",0.8,0.5,0.615384615384615,5,0.0308248011705793
"rand1",1.1,7,"SVP (BIC)",0.8,0.5,0.615384615384615,5,0.0308248011705793
"rand1",1.1,8,"PELT",0.666666666666667,0.5,0.571428571428572,6,0.0258989583156205
"rand1",1.1,8,"SVP",0.8,0.5,0.615384615384615,5,0.0308248011705793
"rand1",1.1,8,"SVP (BIC)",0.8,0.5,0.615384615384615,5,0.0308248011705793
"rand1",1.1,9,"PELT",0.666666666666667,0.5,0.571428571428572,6,0.0258989583156205
"rand1",1.1,9,"SVP",0.8,0.5,0.615384615384615,5,0.0308248011705793
"rand1",1.1,9,"SVP (BIC)",0.8,0.5,0.615384615384615,5,0.0308248011705793
"rand1",1.1,10,"PELT",0.666666666666667,0.5,0.571428571428572,6,0.0258989583156205
"rand1",1.1,10,"SVP",0.8,0.5,0.615384615384615,5,0.0308248011705793
"rand1",1.1,10,"SVP (BIC)",0.8,0.5,0.615384615384615,5,0.0308248011705793
"rand1",1.1,11,"PELT",0.666666666666667,0.5,0.571428571428572,6,0.0258989583156205
"rand1",1.1,11,"SVP",0.8,0.5,0.615384615384615,5,0.0308248011705793
"rand1",1.1,11,"SVP (BIC)",0.8,0.5,0.615384615384615,5,0.0308248011705793
"rand1",1.1,12,"PELT",0.666666666666667,0.5,0.571428571428572,6,0.0258989583156205
"rand1",1.1,12,"SVP",0.8,0.5,0.615384615384615,5,0.0308248011705793
"rand1",1.1,12,"SVP (BIC)",0.8,0.5,0.615384615384615,5,0.0308248011705793
"rand1",1.1,13,"PELT",0.666666666666667,0.5,0.571428571428572,6,0.0258989583156205
"rand1",1.1,13,"SVP",0.8,0.5,0.615384615384615,5,0.0308248011705793
"rand1",1.1,13,"SVP (BIC)",0.8,0.5,0.615384615384615,5,0.0308248011705793
"rand1",1.1,14,"PELT",0.666666666666667,0.5,0.571428571428572,6,0.0258989583156205
"rand1",1.1,14,"SVP",0.8,0.5,0.615384615384615,5,0.0308248011705793
"rand1",1.1,14,"SVP (BIC)",0.8,0.5,0.615384615384615,5,0.0308248011705793
"rand1",1.1,15,"PELT",0.666666666666667,0.5,0.571428571428572,6,0.0258989583156205
"rand1",1.1,15,"SVP",0.8,0.5,0.615384615384615,5,0.0308248011705793
"rand1",1.1,15,"SVP (BIC)",0.8,0.5,0.615384615384615,5,0.0308248011705793
"rand1",1.1,16,"PELT",0.666666666666667,0.5,0.571428571428572,6,0.0258989583156205
"rand1",1.1,16,"SVP",0.8,0.5,0.615384615384615,5,0.0308248011705793
"rand1",1.1,16,"SVP (BIC)",0.8,0.5,0.615384615384615,5,0.0308248011705793
"rand1",1.1,17,"PELT",0.666666666666667,0.5,0.571428571428572,6,0.0258989583156205
"rand1",1.1,17,"SVP",0.8,0.5,0.615384615384615,5,0.0308248011705793
"rand1",1.1,17,"SVP (BIC)",0.8,0.5,0.615384615384615,5,0.0308248011705793
"rand1",1.1,18,"PELT",0.666666666666667,0.5,0.571428571428572,6,0.0258989583156205
"rand1",1.1,18,"SVP",0.8,0.5,0.615384615384615,5,0.0308248011705793
"rand1",1.1,18,"SVP (BIC)",0.8,0.5,0.615384615384615,5,0.0308248011705793
"rand1",1.1,19,"PELT",0.666666666666667,0.5,0.571428571428572,6,0.0258989583156205
"rand1",1.1,19,"SVP",0.8,0.5,0.615384615384615,5,0.0308248011705793
"rand1",1.1,19,"SVP (BIC)",0.8,0.5,0.615384615384615,5,0.0308248011705793
"rand1",1.1,20,"PELT",0.666666666666667,0.5,0.571428571428572,6,0.0258989583156205
"rand1",1.1,20,"SVP",0.8,0.5,0.615384615384615,5,0.0308248011705793
"rand1",1.1,20,"SVP (BIC)",0.8,0.5,0.615384615384615,5,0.0308248011705793
"rand1",1.1,21,"PELT",0.666666666666667,0.5,0.571428571428572,6,0.0258989583156205
"rand1",1.1,21,"SVP",0.8,0.5,0.615384615384615,5,0.0308248011705793
"rand1",1.1,21,"SVP (BIC)",0.8,0.5,0.615384615384615,5,0.0308248011705793
"rand1",1.1,22,"PELT",0.666666666666667,0.5,0.571428571428572,6,0.0258989583156205
"rand1",1.1,22,"SVP",0.8,0.5,0.615384615384615,5,0.0308248011705793
"rand1",1.1,22,"SVP (BIC)",0.8,0.5,0.615384615384615,5,0.0308248011705793
"rand1",1.1,23,"PELT",0.666666666666667,0.5,0.571428571428572,6,0.0258989583156205
"rand1",1.1,23,"SVP",0.8,0.5,0.615384615384615,5,0.0308248011705793
"rand1",1.1,23,"SVP (BIC)",0.8,0.5,0.615384615384615,5,0.0308248011705793
"rand1",1.1,24,"PELT",0.666666666666667,0.5,0.571428571428572,6,0.0258989583156205
"rand1",1.1,24,"SVP",0.8,0.5,0.615384615384615,5,0.0308248011705793
"rand1",1.1,24,"SVP (BIC)",0.8,0.5,0.615384615384615,5,0.0308248011705793
"rand1",1.1,25,"PELT",0.666666666666667,0.5,0.571428571428572,6,0.0258989583156205
"rand1",1.1,25,"SVP",0.8,0.5,0.615384615384615,5,0.0308248011705793
"rand1",1.1,25,"SVP (BIC)",0.8,0.5,0.615384615384615,5,0.0308248011705793
"rand1",1.1,26,"PELT",0.666666666666667,0.5,0.571428571428572,6,0.0258989583156205
"rand1",1.1,26,"SVP",0.8,0.5,0.615384615384615,5,0.0308248011705793
"rand1",1.1,26,"SVP (BIC)",0.8,0.5,0.615384615384615,5,0.0308248011705793
"rand1",1.1,27,"PELT",0.666666666666667,0.5,0.571428571428572,6,0.0258989583156205
"rand1",1.1,27,"SVP",0.8,0.5,0.615384615384615,5,0.0308248011705793
"rand1",1.1,27,"SVP (BIC)",0.8,0.5,0.615384615384615,5,0.0308248011705793
"rand1",1.1,28,"PELT",0.666666666666667,0.5,0.571428571428572,6,0.0258989583156205
"rand1",1.1,28,"SVP",0.8,0.5,0.615384615384615,5,0.0308248011705793
"rand1",1.1,28,"SVP (BIC)",0.8,0.5,0.615384615384615,5,0.0308248011705793
"rand1",1.1,29,"PELT",0.666666666666667,0.5,0.571428571428572,6,0.0258989583156205
"rand1",1.1,29,"SVP",0.8,0.5,0.615384615384615,5,0.0308248011705793
"rand1",1.1,29,"SVP (BIC)",0.8,0.5,0.615384615384615,5,0.0308248011705793
"rand1",1.1,30,"PELT",0.666666666666667,0.5,0.571428571428572,6,0.0258989583156205
"rand1",1.1,30,"SVP",0.8,0.5,0.615384615384615,5,0.0308248011705793
"rand1",1.1,30,"SVP (BIC)",0.8,0.5,0.615384615384615,5,0.0308248011705793
"rand1",1.1,31,"PELT",0.666666666666667,0.5,0.571428571428572,6,0.0258989583156205
"rand1",1.1,31,"SVP",0.8,0.5,0.615384615384615,5,0.0308248011705793
"rand1",1.1,31,"SVP (BIC)",0.8,0.5,0.615384615384615,5,0.0308248011705793
"rand1",1.1,32,"PELT",0.666666666666667,0.5,0.571428571428572,6,0.0258989583156205
"rand1",1.1,32,"SVP",0.8,0.5,0.615384615384615,5,0.0308248011705793
"rand1",1.1,32,"SVP (BIC)",0.8,0.5,0.615384615384615,5,0.0308248011705793
"rand1",1.1,33,"PELT",0.666666666666667,0.5,0.571428571428572,6,0.0258989583156205
"rand1",1.1,33,"SVP",0.8,0.5,0.615384615384615,5,0.0308248011705793
"rand1",1.1,33,"SVP (BIC)",0.8,0.5,0.615384615384615,5,0.0308248011705793
"rand1",1.1,34,"PELT",0.666666666666667,0.5,0.571428571428572,6,0.0258989583156205
"rand1",1.1,34,"SVP",0.8,0.5,0.615384615384615,5,0.0308248011705793
"rand1",1.1,34,"SVP (BIC)",0.8,0.5,0.615384615384615,5,0.0308248011705793
"rand1",1.1,35,"PELT",0.666666666666667,0.5,0.571428571428572,6,0.0258989583156205
"rand1",1.1,35,"SVP",0.8,0.5,0.615384615384615,5,0.0308248011705793
"rand1",1.1,35,"SVP (BIC)",0.8,0.5,0.615384615384615,5,0.0308248011705793
"rand1",1.1,36,"PELT",0.666666666666667,0.5,0.571428571428572,6,0.0258989583156205
"rand1",1.1,36,"SVP",0.8,0.5,0.615384615384615,5,0.0308248011705793
"rand1",1.1,36,"SVP (BIC)",0.8,0.5,0.615384615384615,5,0.0308248011705793
"rand1",1.1,37,"PELT",0.666666666666667,0.5,0.571428571428572,6,0.0258989583156205
"rand1",1.1,37,"SVP",0.8,0.5,0.615384615384615,5,0.0308248011705793
"rand1",1.1,37,"SVP (BIC)",0.8,0.5,0.615384615384615,5,0.0308248011705793
"rand1",1.1,38,"PELT",0.666666666666667,0.5,0.571428571428572,6,0.0258989583156205
"rand1",1.1,38,"SVP",0.8,0.5,0.615384615384615,5,0.0308248011705793
"rand1",1.1,38,"SVP (BIC)",0.8,0.5,0.615384615384615,5,0.0308248011705793
"rand1",1.1,39,"PELT",0.666666666666667,0.5,0.571428571428572,6,0.0258989583156205
"rand1",1.1,39,"SVP",0.8,0.5,0.615384615384615,5,0.0308248011705793
"rand1",1.1,39,"SVP (BIC)",0.8,0.5,0.615384615384615,5,0.0308248011705793
"rand1",1.1,40,"PELT",0.666666666666667,0.5,0.571428571428572,6,0.0258989583156205
"rand1",1.1,40,"SVP",0.8,0.5,0.615384615384615,5,0.0308248011705793
"rand1",1.1,40,"SVP (BIC)",0.8,0.5,0.615384615384615,5,0.0308248011705793
"rand1",1.1,41,"PELT",0.666666666666667,0.5,0.571428571428572,6,0.0258989583156205
"rand1",1.1,41,"SVP",0.8,0.5,0.615384615384615,5,0.0308248011705793
"rand1",1.1,41,"SVP (BIC)",0.8,0.5,0.615384615384615,5,0.0308248011705793
"rand1",1.1,42,"PELT",0.666666666666667,0.5,0.571428571428572,6,0.0258989583156205
"rand1",1.1,42,"SVP",0.8,0.5,0.615384615384615,5,0.0308248011705793
"rand1",1.1,42,"SVP (BIC)",0.8,0.5,0.615384615384615,5,0.0308248011705793
"rand1",1.1,43,"PELT",0.666666666666667,0.5,0.571428571428572,6,0.0258989583156205
"rand1",1.1,43,"SVP",0.8,0.5,0.615384615384615,5,0.0308248011705793
"rand1",1.1,43,"SVP (BIC)",0.8,0.5,0.615384615384615,5,0.0308248011705793
"rand1",1.1,44,"PELT",0.666666666666667,0.5,0.571428571428572,6,0.0258989583156205
"rand1",1.1,44,"SVP",0.8,0.5,0.615384615384615,5,0.0308248011705793
"rand1",1.1,44,"SVP (BIC)",0.8,0.5,0.615384615384615,5,0.0308248011705793
"rand1",1.1,45,"PELT",0.666666666666667,0.5,0.571428571428572,6,0.0258989583156205
"rand1",1.1,45,"SVP",0.8,0.5,0.615384615384615,5,0.0308248011705793
"rand1",1.1,45,"SVP (BIC)",0.8,0.5,0.615384615384615,5,0.0308248011705793
"rand1",1.1,46,"PELT",0.666666666666667,0.5,0.571428571428572,6,0.0258989583156205
"rand1",1.1,46,"SVP",0.8,0.5,0.615384615384615,5,0.0308248011705793
"rand1",1.1,46,"SVP (BIC)",0.8,0.5,0.615384615384615,5,0.0308248011705793
"rand1",1.1,47,"PELT",0.666666666666667,0.5,0.571428571428572,6,0.0258989583156205
"rand1",1.1,47,"SVP",0.8,0.5,0.615384615384615,5,0.0308248011705793
"rand1",1.1,47,"SVP (BIC)",0.8,0.5,0.615384615384615,5,0.0308248011705793
"rand1",1.1,48,"PELT",0.666666666666667,0.5,0.571428571428572,6,0.0258989583156205
"rand1",1.1,48,"SVP",0.8,0.5,0.615384615384615,5,0.0308248011705793
"rand1",1.1,48,"SVP (BIC)",0.8,0.5,0.615384615384615,5,0.0308248011705793
"rand1",1.1,49,"PELT",0.666666666666667,0.5,0.571428571428572,6,0.0258989583156205
"rand1",1.1,49,"SVP",0.8,0.5,0.615384615384615,5,0.0308248011705793
"rand1",1.1,49,"SVP (BIC)",0.8,0.5,0.615384615384615,5,0.0308248011705793
"rand1",1.1,50,"PELT",0.666666666666667,0.5,0.571428571428572,6,0.0258989583156205
"rand1",1.1,50,"SVP",0.8,0.5,0.615384615384615,5,0.0308248011705793
"rand1",1.1,50,"SVP (BIC)",0.8,0.5,0.615384615384615,5,0.0308248011705793
"none",1.2,1,"PELT",1,1,1,1,0.000937476732122034
"none",1.2,1,"SVP",1,1,1,1,0.000937476732122034
"none",1.2,1,"SVP (BIC)",1,1,1,1,0.000937476732122034
"none",1.2,2,"PELT",1,1,1,1,0.00352245291596461
"none",1.2,2,"SVP",1,1,1,1,0.00352245291596461
"none",1.2,2,"SVP (BIC)",1,1,1,1,0.00352245291596461
"none",1.2,3,"PELT",1,1,1,1,0.000176310004470435
"none",1.2,3,"SVP",1,1,1,1,0.000176310004470435
"none",1.2,3,"SVP (BIC)",1,1,1,1,0.000176310004470435
"none",1.2,4,"PELT",1,1,1,1,0.00143124853494656
"none",1.2,4,"SVP",1,1,1,1,0.00143124853494656
"none",1.2,4,"SVP (BIC)",1,1,1,1,0.00143124853494656
"none",1.2,5,"PELT",1,1,1,1,0.000364478596658284
"none",1.2,5,"SVP",1,1,1,1,0.000364478596658284
"none",1.2,5,"SVP (BIC)",1,1,1,1,0.000364478596658284
"none",1.2,6,"PELT",1,1,1,1,0.00783843067216816
"none",1.2,6,"SVP",1,1,1,1,0.00783843067216816
"none",1.2,6,"SVP (BIC)",1,1,1,1,0.00783843067216816
"none",1.2,7,"PELT",1,1,1,1,4.03354298158401e-05
"none",1.2,7,"SVP",1,1,1,1,4.03354298158401e-05
"none",1.2,7,"SVP (BIC)",1,1,1,1,4.03354298158401e-05
"none",1.2,8,"PELT",1,1,1,1,0.000514322238253792
"none",1.2,8,"SVP",1,1,1,1,0.000514322238253792
"none",1.2,8,"SVP (BIC)",1,1,1,1,0.000514322238253792
"none",1.2,9,"PELT",1,1,1,1,0.00222942703438035
"none",1.2,9,"SVP",1,1,1,1,0.00222942703438035
"none",1.2,9,"SVP (BIC)",1,1,1,1,0.00222942703438035
"none",1.2,10,"PELT",1,1,1,1,0.00336887007568193
"none",1.2,10,"SVP",1,1,1,1,0.00336887007568193
"none",1.2,10,"SVP (BIC)",1,1,1,1,0.00336887007568193
"none",1.2,11,"PELT",1,1,1,1,0.000739388215356277
"none",1.2,11,"SVP",1,1,1,1,0.000739388215356277
"none",1.2,11,"SVP (BIC)",1,1,1,1,0.000739388215356277
"none",1.2,12,"PELT",1,1,1,1,0.00050460184438824
"none",1.2,12,"SVP",1,1,1,1,0.00050460184438824
"none",1.2,12,"SVP (BIC)",1,1,1,1,0.00050460184438824
"none",1.2,13,"PELT",1,1,1,1,7.42212523356556e-05
"none",1.2,13,"SVP",0.5,1,0.666666666666667,2,0.00133288436529994
"none",1.2,13,"SVP (BIC)",1,1,1,1,7.42212523356556e-05
"none",1.2,14,"PELT",1,1,1,1,0.000784464220133398
"none",1.2,14,"SVP",1,1,1,1,0.000784464220133398
"none",1.2,14,"SVP (BIC)",1,1,1,1,0.000784464220133398
"none",1.2,15,"PELT",1,1,1,1,2.01635454907702e-07
"none",1.2,15,"SVP",1,1,1,1,2.01635454907702e-07
"none",1.2,15,"SVP (BIC)",1,1,1,1,2.01635454907702e-07
"none",1.2,16,"PELT",1,1,1,1,1.31093414348992e-06
"none",1.2,16,"SVP",1,1,1,1,1.31093414348992e-06
"none",1.2,16,"SVP (BIC)",1,1,1,1,1.31093414348992e-06
"none",1.2,17,"PELT",1,1,1,1,0.00113826740694672
"none",1.2,17,"SVP",1,1,1,1,0.00113826740694672
"none",1.2,17,"SVP (BIC)",1,1,1,1,0.00113826740694672
"none",1.2,18,"PELT",1,1,1,1,0.000221023579093219
"none",1.2,18,"SVP",1,1,1,1,0.000221023579093219
"none",1.2,18,"SVP (BIC)",1,1,1,1,0.000221023579093219
"none",1.2,19,"PELT",1,1,1,1,0.000417623746657563
"none",1.2,19,"SVP",1,1,1,1,0.000417623746657563
"none",1.2,19,"SVP (BIC)",1,1,1,1,0.000417623746657563
"none",1.2,20,"PELT",1,1,1,1,0.000208879932499847
"none",1.2,20,"SVP",1,1,1,1,0.000208879932499847
"none",1.2,20,"SVP (BIC)",1,1,1,1,0.000208879932499847
"none",1.2,21,"PELT",1,1,1,1,1.04457421704736e-06
"none",1.2,21,"SVP",1,1,1,1,1.04457421704736e-06
"none",1.2,21,"SVP (BIC)",1,1,1,1,1.04457421704736e-06
"none",1.2,22,"PELT",1,1,1,1,0.000745908565890226
"none",1.2,22,"SVP",1,1,1,1,0.000745908565890226
"none",1.2,22,"SVP (BIC)",1,1,1,1,0.000745908565890226
"none",1.2,23,"PELT",1,1,1,1,0.00122387885151608
"none",1.2,23,"SVP",1,1,1,1,0.00122387885151608
"none",1.2,23,"SVP (BIC)",1,1,1,1,0.00122387885151608
"none",1.2,24,"PELT",1,1,1,1,0.000528925714073248
"none",1.2,24,"SVP",1,1,1,1,0.000528925714073248
"none",1.2,24,"SVP (BIC)",1,1,1,1,0.000528925714073248
"none",1.2,25,"PELT",1,1,1,1,0.00148902052570582
"none",1.2,25,"SVP",1,1,1,1,0.00148902052570582
"none",1.2,25,"SVP (BIC)",1,1,1,1,0.00148902052570582
"none",1.2,26,"PELT",1,1,1,1,0.000228630257465316
"none",1.2,26,"SVP",0.5,1,0.666666666666667,2,0.00286378331644537
"none",1.2,26,"SVP (BIC)",1,1,1,1,0.000228630257465316
"none",1.2,27,"PELT",1,1,1,1,7.3558455409257e-06
"none",1.2,27,"SVP",1,1,1,1,7.3558455409257e-06
"none",1.2,27,"SVP (BIC)",1,1,1,1,7.3558455409257e-06
"none",1.2,28,"PELT",1,1,1,1,0.000187775166655867
"none",1.2,28,"SVP",1,1,1,1,0.000187775166655867
"none",1.2,28,"SVP (BIC)",1,1,1,1,0.000187775166655867
"none",1.2,29,"PELT",1,1,1,1,0.000433179425947395
"none",1.2,29,"SVP",1,1,1,1,0.000433179425947395
"none",1.2,29,"SVP (BIC)",1,1,1,1,0.000433179425947395
"none",1.2,30,"PELT",1,1,1,1,0.00236570661505483
"none",1.2,30,"SVP",1,1,1,1,0.00236570661505483
"none",1.2,30,"SVP (BIC)",1,1,1,1,0.00236570661505483
"none",1.2,31,"PELT",1,1,1,1,0.000876572473344501
"none",1.2,31,"SVP",1,1,1,1,0.000876572473344501
"none",1.2,31,"SVP (BIC)",1,1,1,1,0.000876572473344501
"none",1.2,32,"PELT",1,1,1,1,0.000181455448551928
"none",1.2,32,"SVP",1,1,1,1,0.000181455448551928
"none",1.2,32,"SVP (BIC)",1,1,1,1,0.000181455448551928
"none",1.2,33,"PELT",1,1,1,1,8.84786762692279e-05
"none",1.2,33,"SVP",1,1,1,1,8.84786762692279e-05
"none",1.2,33,"SVP (BIC)",1,1,1,1,8.84786762692279e-05
"none",1.2,34,"PELT",1,1,1,1,6.35883210774723e-05
"none",1.2,34,"SVP",1,1,1,1,6.35883210774723e-05
"none",1.2,34,"SVP (BIC)",1,1,1,1,6.35883210774723e-05
"none",1.2,35,"PELT",1,1,1,1,0.000899628443272132
"none",1.2,35,"SVP",1,1,1,1,0.000899628443272132
"none",1.2,35,"SVP (BIC)",1,1,1,1,0.000899628443272132
"none",1.2,36,"PELT",1,1,1,1,0.00122811861628179
"none",1.2,36,"SVP",1,1,1,1,0.00122811861628179
"none",1.2,36,"SVP (BIC)",1,1,1,1,0.00122811861628179
"none",1.2,37,"PELT",1,1,1,1,0.000119299146885923
"none",1.2,37,"SVP",1,1,1,1,0.000119299146885923
"none",1.2,37,"SVP (BIC)",1,1,1,1,0.000119299146885923
"none",1.2,38,"PELT",1,1,1,1,0.000804213626629107
"none",1.2,38,"SVP",1,1,1,1,0.000804213626629107
"none",1.2,38,"SVP (BIC)",1,1,1,1,0.000804213626629107
"none",1.2,39,"PELT",1,1,1,1,0.000706614814396468
"none",1.2,39,"SVP",1,1,1,1,0.000706614814396468
"none",1.2,39,"SVP (BIC)",1,1,1,1,0.000706614814396468
"none",1.2,40,"PELT",1,1,1,1,6.79342250835758e-05
"none",1.2,40,"SVP",1,1,1,1,6.79342250835758e-05
"none",1.2,40,"SVP (BIC)",1,1,1,1,6.79342250835758e-05
"none",1.2,41,"PELT",1,1,1,1,8.3851664276772e-05
"none",1.2,41,"SVP",1,1,1,1,8.3851664276772e-05
"none",1.2,41,"SVP (BIC)",1,1,1,1,8.3851664276772e-05
"none",1.2,42,"PELT",1,1,1,1,0.00255967971547084
"none",1.2,42,"SVP",1,1,1,1,0.00255967971547084
"none",1.2,42,"SVP (BIC)",1,1,1,1,0.00255967971547084
"none",1.2,43,"PELT",1,1,1,1,0.0027191873687307
"none",1.2,43,"SVP",1,1,1,1,0.0027191873687307
"none",1.2,43,"SVP (BIC)",1,1,1,1,0.0027191873687307
"none",1.2,44,"PELT",1,1,1,1,0.000952354564721784
"none",1.2,44,"SVP",1,1,1,1,0.000952354564721784
"none",1.2,44,"SVP (BIC)",1,1,1,1,0.000952354564721784
"none",1.2,45,"PELT",1,1,1,1,0.00024137723911493
"none",1.2,45,"SVP",1,1,1,1,0.00024137723911493
"none",1.2,45,"SVP (BIC)",1,1,1,1,0.00024137723911493
"none",1.2,46,"PELT",1,1,1,1,0.000346302159947187
"none",1.2,46,"SVP",1,1,1,1,0.000346302159947187
"none",1.2,46,"SVP (BIC)",1,1,1,1,0.000346302159947187
"none",1.2,47,"PELT",1,1,1,1,7.73917531282325e-05
"none",1.2,47,"SVP",1,1,1,1,7.73917531282325e-05
"none",1.2,47,"SVP (BIC)",1,1,1,1,7.73917531282325e-05
"none",1.2,48,"PELT",1,1,1,1,0.000132669141112045
"none",1.2,48,"SVP",1,1,1,1,0.000132669141112045
"none",1.2,48,"SVP (BIC)",1,1,1,1,0.000132669141112045
"none",1.2,49,"PELT",1,1,1,1,0.000100028529628858
"none",1.2,49,"SVP",0.5,1,0.666666666666667,2,0.00050662607885305
"none",1.2,49,"SVP (BIC)",1,1,1,1,0.000100028529628858
"none",1.2,50,"PELT",0.333333333333333,1,0.5,3,0.0330534407794002
"none",1.2,50,"SVP",0.5,1,0.666666666666667,2,0.00651943155142818
"none",1.2,50,"SVP (BIC)",0.5,1,0.666666666666667,2,0.00702459068836783
"up",1.2,1,"PELT",0.625,0.625,0.625,8,0.0573035841897721
"up",1.2,1,"SVP",0.625,0.625,0.625,8,0.0573035841897721
"up",1.2,1,"SVP (BIC)",0.625,0.625,0.625,8,0.0573035841897721
"up",1.2,2,"PELT",0.875,0.875,0.875,8,0.0162223780631365
"up",1.2,2,"SVP",0.875,0.875,0.875,8,0.0162223780631365
"up",1.2,2,"SVP (BIC)",0.875,0.875,0.875,8,0.0162223780631365
"up",1.2,3,"PELT",0.875,0.875,0.875,8,0.0253732870424193
"up",1.2,3,"SVP",0.875,0.875,0.875,8,0.0253732870424193
"up",1.2,3,"SVP (BIC)",0.875,0.875,0.875,8,0.0253732870424193
"up",1.2,4,"PELT",0.875,0.875,0.875,8,0.0203543899390789
"up",1.2,4,"SVP",0.875,0.875,0.875,8,0.0203543899390789
"up",1.2,4,"SVP (BIC)",0.875,0.875,0.875,8,0.0203543899390789
"up",1.2,5,"PELT",0.625,0.625,0.625,8,0.0314993389315867
"up",1.2,5,"SVP",0.625,0.625,0.625,8,0.0314993389315867
"up",1.2,5,"SVP (BIC)",0.625,0.625,0.625,8,0.0314993389315867
"up",1.2,6,"PELT",0.75,0.75,0.75,8,0.0298720389235632
"up",1.2,6,"SVP",0.75,0.75,0.75,8,0.0298720389235632
"up",1.2,6,"SVP (BIC)",0.75,0.75,0.75,8,0.0298720389235632
"up",1.2,7,"PELT",0.875,0.875,0.875,8,0.0130558593999152
"up",1.2,7,"SVP",0.875,0.875,0.875,8,0.0130558593999152
"up",1.2,7,"SVP (BIC)",0.875,0.875,0.875,8,0.0130558593999152
"up",1.2,8,"PELT",0.875,0.875,0.875,8,0.0203103252276886
"up",1.2,8,"SVP",0.777777777777778,0.875,0.823529411764706,9,0.027016135518084
"up",1.2,8,"SVP (BIC)",0.875,0.875,0.875,8,0.0203103252276886
"up",1.2,9,"PELT",0.75,0.75,0.75,8,0.0209740795234641
"up",1.2,9,"SVP",0.75,0.75,0.75,8,0.0209740795234641
"up",1.2,9,"SVP (BIC)",0.75,0.75,0.75,8,0.0209740795234641
"up",1.2,10,"PELT",0.5,0.5,0.5,8,0.0276027759489918
"up",1.2,10,"SVP",0.5,0.5,0.5,8,0.0276027759489918
"up",1.2,10,"SVP (BIC)",0.5,0.5,0.5,8,0.0276027759489918
"up",1.2,11,"PELT",0.5,0.5,0.5,8,0.0429434988226762
"up",1.2,11,"SVP",0.5,0.5,0.5,8,0.0429434988226762
"up",1.2,11,"SVP (BIC)",0.5,0.5,0.5,8,0.0429434988226762
"up",1.2,12,"PELT",0.75,0.75,0.75,8,0.0364729768083011
"up",1.2,12,"SVP",0.75,0.75,0.75,8,0.0364729768083011
"up",1.2,12,"SVP (BIC)",0.75,0.75,0.75,8,0.0364729768083011
"up",1.2,13,"PELT",0.875,0.875,0.875,8,0.0165057272404544
"up",1.2,13,"SVP",0.875,0.875,0.875,8,0.0165057272404544
"up",1.2,13,"SVP (BIC)",0.875,0.875,0.875,8,0.0165057272404544
"up",1.2,14,"PELT",0.8,1,0.888888888888889,10,0.0401781907016008
"up",1.2,14,"SVP",0.888888888888889,1,0.941176470588235,9,0.0113922799632812
"up",1.2,14,"SVP (BIC)",0.888888888888889,1,0.941176470588235,9,0.0115478964772265
"up",1.2,15,"PELT",0.75,0.75,0.75,8,0.0385838492957186
"up",1.2,15,"SVP",0.75,0.75,0.75,8,0.0385838492957186
"up",1.2,15,"SVP (BIC)",0.75,0.75,0.75,8,0.0385838492957186
"up",1.2,16,"PELT",0.5,0.5,0.5,8,0.027474658755983
"up",1.2,16,"SVP",0.5,0.5,0.5,8,0.027474658755983
"up",1.2,16,"SVP (BIC)",0.5,0.5,0.5,8,0.027474658755983
"up",1.2,17,"PELT",0.75,0.75,0.75,8,0.0234170666499954
"up",1.2,17,"SVP",0.75,0.75,0.75,8,0.0234170666499954
"up",1.2,17,"SVP (BIC)",0.75,0.75,0.75,8,0.0234170666499954
"up",1.2,18,"PELT",0.875,0.875,0.875,8,0.0185403552615314
"up",1.2,18,"SVP",0.875,0.875,0.875,8,0.0185403552615314
"up",1.2,18,"SVP (BIC)",0.875,0.875,0.875,8,0.0185403552615314
"up",1.2,19,"PELT",0.875,0.875,0.875,8,0.016338971158362
"up",1.2,19,"SVP",0.875,0.875,0.875,8,0.016338971158362
"up",1.2,19,"SVP (BIC)",0.875,0.875,0.875,8,0.016338971158362
"up",1.2,20,"PELT",0.75,0.75,0.75,8,0.0200513170927457
"up",1.2,20,"SVP",0.75,0.75,0.75,8,0.0200513170927457
"up",1.2,20,"SVP (BIC)",0.75,0.75,0.75,8,0.0200513170927457
"up",1.2,21,"PELT",0.875,0.875,0.875,8,0.0130673155939707
"up",1.2,21,"SVP",0.875,0.875,0.875,8,0.0130673155939707
"up",1.2,21,"SVP (BIC)",0.875,0.875,0.875,8,0.0130673155939707
"up",1.2,22,"PELT",0.875,0.875,0.875,8,0.0132320968385555
"up",1.2,22,"SVP",0.875,0.875,0.875,8,0.0132320968385555
"up",1.2,22,"SVP (BIC)",0.875,0.875,0.875,8,0.0132320968385555
"up",1.2,23,"PELT",0.75,0.75,0.75,8,0.0276175684538752
"up",1.2,23,"SVP",0.75,0.75,0.75,8,0.0276175684538752
"up",1.2,23,"SVP (BIC)",0.75,0.75,0.75,8,0.0276175684538752
"up",1.2,24,"PELT",0.375,0.375,0.375,8,0.0531418371775108
"up",1.2,24,"SVP",0.375,0.375,0.375,8,0.0531418371775108
"up",1.2,24,"SVP (BIC)",0.375,0.375,0.375,8,0.0531418371775108
"up",1.2,25,"PELT",0.875,0.875,0.875,8,0.018033788456201
"up",1.2,25,"SVP",0.875,0.875,0.875,8,0.018033788456201
"up",1.2,25,"SVP (BIC)",0.875,0.875,0.875,8,0.018033788456201
"up",1.2,26,"PELT",0.75,0.75,0.75,8,0.0291709929712768
"up",1.2,26,"SVP",0.75,0.75,0.75,8,0.0291709929712768
"up",1.2,26,"SVP (BIC)",0.75,0.75,0.75,8,0.0291709929712768
"up",1.2,27,"PELT",0.875,0.875,0.875,8,0.0193754769193681
"up",1.2,27,"SVP",0.875,0.875,0.875,8,0.0193754769193681
"up",1.2,27,"SVP (BIC)",0.875,0.875,0.875,8,0.0193754769193681
"up",1.2,28,"PELT",0.75,0.75,0.75,8,0.0190467273022145
"up",1.2,28,"SVP",0.75,0.75,0.75,8,0.0190467273022145
"up",1.2,28,"SVP (BIC)",0.75,0.75,0.75,8,0.0190467273022145
"up",1.2,29,"PELT",0.875,0.875,0.875,8,0.0233694717353314
"up",1.2,29,"SVP",0.875,0.875,0.875,8,0.0233694717353314
"up",1.2,29,"SVP (BIC)",0.875,0.875,0.875,8,0.0233694717353314
"up",1.2,30,"PELT",0.625,0.625,0.625,8,0.0255476082320229
"up",1.2,30,"SVP",0.625,0.625,0.625,8,0.0255476082320229
"up",1.2,30,"SVP (BIC)",0.625,0.625,0.625,8,0.0255476082320229
"up",1.2,31,"PELT",0.875,0.875,0.875,8,0.018582400160041
"up",1.2,31,"SVP",0.875,0.875,0.875,8,0.018582400160041
"up",1.2,31,"SVP (BIC)",0.875,0.875,0.875,8,0.018582400160041
"up",1.2,32,"PELT",1,1,1,8,0.0220503981767992
"up",1.2,32,"SVP",1,1,1,8,0.0220503981767992
"up",1.2,32,"SVP (BIC)",1,1,1,8,0.0220503981767992
"up",1.2,33,"PELT",0.5,0.5,0.5,8,0.0273918794289336
"up",1.2,33,"SVP",0.5,0.5,0.5,8,0.0273918794289336
"up",1.2,33,"SVP (BIC)",0.5,0.5,0.5,8,0.0273918794289336
"up",1.2,34,"PELT",0.777777777777778,0.875,0.823529411764706,9,0.0499417854523434
"up",1.2,34,"SVP",0.75,0.75,0.75,8,0.036322920252609
"up",1.2,34,"SVP (BIC)",0.75,0.75,0.75,8,0.036322920252609
"up",1.2,35,"PELT",1,1,1,8,0.00528577376455413
"up",1.2,35,"SVP",1,1,1,8,0.00528577376455413
"up",1.2,35,"SVP (BIC)",1,1,1,8,0.00528577376455413
"up",1.2,36,"PELT",0.625,0.625,0.625,8,0.0231563350488154
"up",1.2,36,"SVP",0.625,0.625,0.625,8,0.0231563350488154
"up",1.2,36,"SVP (BIC)",0.625,0.625,0.625,8,0.0231563350488154
"up",1.2,37,"PELT",0.5,0.5,0.5,8,0.0311552440301518
"up",1.2,37,"SVP",0.5,0.5,0.5,8,0.0311552440301518
"up",1.2,37,"SVP (BIC)",0.5,0.5,0.5,8,0.0311552440301518
"up",1.2,38,"PELT",0.875,0.875,0.875,8,0.0189570789289609
"up",1.2,38,"SVP",0.875,0.875,0.875,8,0.0189570789289609
"up",1.2,38,"SVP (BIC)",0.875,0.875,0.875,8,0.0189570789289609
"up",1.2,39,"PELT",0.375,0.375,0.375,8,0.0333134281181804
"up",1.2,39,"SVP",0.375,0.375,0.375,8,0.0333134281181804
"up",1.2,39,"SVP (BIC)",0.375,0.375,0.375,8,0.0333134281181804
"up",1.2,40,"PELT",1,1,1,8,0.0127992120212828
"up",1.2,40,"SVP",1,1,1,8,0.0127992120212828
"up",1.2,40,"SVP (BIC)",1,1,1,8,0.0127992120212828
"up",1.2,41,"PELT",0.75,0.75,0.75,8,0.0173606586512655
"up",1.2,41,"SVP",0.75,0.75,0.75,8,0.0173606586512655
"up",1.2,41,"SVP (BIC)",0.75,0.75,0.75,8,0.0173606586512655
"up",1.2,42,"PELT",0.625,0.625,0.625,8,0.0268531582536235
"up",1.2,42,"SVP",0.625,0.625,0.625,8,0.0268531582536235
"up",1.2,42,"SVP (BIC)",0.625,0.625,0.625,8,0.0268531582536235
"up",1.2,43,"PELT",0.5,0.5,0.5,8,0.0415000473524541
"up",1.2,43,"SVP",0.5,0.5,0.5,8,0.0415000473524541
"up",1.2,43,"SVP (BIC)",0.5,0.5,0.5,8,0.0415000473524541
"up",1.2,44,"PELT",0.875,0.875,0.875,8,0.0130032588059895
"up",1.2,44,"SVP",0.875,0.875,0.875,8,0.0130032588059895
"up",1.2,44,"SVP (BIC)",0.875,0.875,0.875,8,0.0130032588059895
"up",1.2,45,"PELT",0.666666666666667,0.75,0.705882352941177,9,0.0457192990131794
"up",1.2,45,"SVP",0.75,0.75,0.75,8,0.0287146321841856
"up",1.2,45,"SVP (BIC)",0.75,0.75,0.75,8,0.0287146321841856
"up",1.2,46,"PELT",0.625,0.625,0.625,8,0.0334999045611713
"up",1.2,46,"SVP",0.625,0.625,0.625,8,0.0334999045611713
"up",1.2,46,"SVP (BIC)",0.625,0.625,0.625,8,0.0334999045611713
"up",1.2,47,"PELT",0.5,0.5,0.5,8,0.0340346729497707
"up",1.2,47,"SVP",0.5,0.5,0.5,8,0.0340346729497707
"up",1.2,47,"SVP (BIC)",0.5,0.5,0.5,8,0.0340346729497707
"up",1.2,48,"PELT",1,1,1,8,0.00964137550390523
"up",1.2,48,"SVP",1,1,1,8,0.00964137550390523
"up",1.2,48,"SVP (BIC)",1,1,1,8,0.00964137550390523
"up",1.2,49,"PELT",0.75,0.75,0.75,8,0.0380267102724145
"up",1.2,49,"SVP",0.75,0.75,0.75,8,0.0380267102724145
"up",1.2,49,"SVP (BIC)",0.75,0.75,0.75,8,0.0380267102724145
"up",1.2,50,"PELT",0.375,0.375,0.375,8,0.0667529088271252
"up",1.2,50,"SVP",0.375,0.375,0.375,8,0.0667529088271252
"up",1.2,50,"SVP (BIC)",0.375,0.375,0.375,8,0.0667529088271252
"updown",1.2,1,"PELT",0.625,0.625,0.625,8,0.0486923360881157
"updown",1.2,1,"SVP",0.625,0.625,0.625,8,0.0486923360881157
"updown",1.2,1,"SVP (BIC)",0.625,0.625,0.625,8,0.0486923360881157
"updown",1.2,2,"PELT",0.75,0.75,0.75,8,0.0307893081317338
"updown",1.2,2,"SVP",0.75,0.75,0.75,8,0.0307893081317338
"updown",1.2,2,"SVP (BIC)",0.75,0.75,0.75,8,0.0307893081317338
"updown",1.2,3,"PELT",0.875,0.875,0.875,8,0.0254898025694349
"updown",1.2,3,"SVP",0.875,0.875,0.875,8,0.0254898025694349
"updown",1.2,3,"SVP (BIC)",0.875,0.875,0.875,8,0.0254898025694349
"updown",1.2,4,"PELT",0.75,0.75,0.75,8,0.0225585493833264
"updown",1.2,4,"SVP",0.75,0.75,0.75,8,0.0225585493833264
"updown",1.2,4,"SVP (BIC)",0.75,0.75,0.75,8,0.0225585493833264
"updown",1.2,5,"PELT",1,1,1,8,0.0125780846958923
"updown",1.2,5,"SVP",1,1,1,8,0.0125780846958923
"updown",1.2,5,"SVP (BIC)",1,1,1,8,0.0125780846958923
"updown",1.2,6,"PELT",0.75,0.75,0.75,8,0.0403637665821255
"updown",1.2,6,"SVP",0.75,0.75,0.75,8,0.0403637665821255
"updown",1.2,6,"SVP (BIC)",0.75,0.75,0.75,8,0.0403637665821255
"updown",1.2,7,"PELT",0.6,0.75,0.666666666666667,10,0.0685506663526229
"updown",1.2,7,"SVP",0.75,0.75,0.75,8,0.0363956759126342
"updown",1.2,7,"SVP (BIC)",0.75,0.75,0.75,8,0.046993224398882
"updown",1.2,8,"PELT",0.625,0.625,0.625,8,0.0407605445013131
"updown",1.2,8,"SVP",0.625,0.625,0.625,8,0.0407605445013131
"updown",1.2,8,"SVP (BIC)",0.625,0.625,0.625,8,0.0407605445013131
"updown",1.2,9,"PELT",0.875,0.875,0.875,8,0.0298542289929696
"updown",1.2,9,"SVP",0.875,0.875,0.875,8,0.0298542289929696
"updown",1.2,9,"SVP (BIC)",0.875,0.875,0.875,8,0.0298542289929696
"updown",1.2,10,"PELT",0.625,0.625,0.625,8,0.0201058085284797
"updown",1.2,10,"SVP",0.5,0.5,0.5,8,0.0227562824538309
"updown",1.2,10,"SVP (BIC)",0.625,0.625,0.625,8,0.0201058085284797
"updown",1.2,11,"PELT",0.875,0.875,0.875,8,0.0184779556357139
"updown",1.2,11,"SVP",0.875,0.875,0.875,8,0.0184779556357139
"updown",1.2,11,"SVP (BIC)",0.875,0.875,0.875,8,0.0184779556357139
"updown",1.2,12,"PELT",0.625,0.625,0.625,8,0.0333082596073996
"updown",1.2,12,"SVP",0.625,0.625,0.625,8,0.0333082596073996
"updown",1.2,12,"SVP (BIC)",0.625,0.625,0.625,8,0.0333082596073996
"updown",1.2,13,"PELT",0.75,0.75,0.75,8,0.0320745637407525
"updown",1.2,13,"SVP",0.75,0.75,0.75,8,0.0320745637407525
"updown",1.2,13,"SVP (BIC)",0.75,0.75,0.75,8,0.0320745637407525
"updown",1.2,14,"PELT",0.875,0.875,0.875,8,0.0222681780454289
"updown",1.2,14,"SVP",0.875,0.875,0.875,8,0.0222681780454289
"updown",1.2,14,"SVP (BIC)",0.875,0.875,0.875,8,0.0222681780454289
"updown",1.2,15,"PELT",0.75,0.75,0.75,8,0.0649853908995001
"updown",1.2,15,"SVP",0.75,0.75,0.75,8,0.0649853908995001
"updown",1.2,15,"SVP (BIC)",0.75,0.75,0.75,8,0.0649853908995001
"updown",1.2,16,"PELT",0.75,0.75,0.75,8,0.0349391306886951
"updown",1.2,16,"SVP",0.75,0.75,0.75,8,0.0349391306886951
"updown",1.2,16,"SVP (BIC)",0.75,0.75,0.75,8,0.0349391306886951
"updown",1.2,17,"PELT",0.75,0.75,0.75,8,0.0208927570636613
"updown",1.2,17,"SVP",0.75,0.75,0.75,8,0.0208927570636613
"updown",1.2,17,"SVP (BIC)",0.75,0.75,0.75,8,0.0208927570636613
"updown",1.2,18,"PELT",0.5,0.5,0.5,8,0.0582892315332685
"updown",1.2,18,"SVP",0.5,0.5,0.5,8,0.0582892315332685
"updown",1.2,18,"SVP (BIC)",0.5,0.5,0.5,8,0.0582892315332685
"updown",1.2,19,"PELT",0.7,0.875,0.777777777777778,10,0.0571874047741731
"updown",1.2,19,"SVP",0.625,0.625,0.625,8,0.0482284266800324
"updown",1.2,19,"SVP (BIC)",0.75,0.75,0.75,8,0.0261108936765482
"updown",1.2,20,"PELT",0.625,0.625,0.625,8,0.0307522414915581
"updown",1.2,20,"SVP",0.625,0.625,0.625,8,0.0307522414915581
"updown",1.2,20,"SVP (BIC)",0.625,0.625,0.625,8,0.0307522414915581
"updown",1.2,21,"PELT",0.75,0.75,0.75,8,0.0309621126417401
"updown",1.2,21,"SVP",0.75,0.75,0.75,8,0.0309621126417401
"updown",1.2,21,"SVP (BIC)",0.75,0.75,0.75,8,0.0309621126417401
"updown",1.2,22,"PELT",0.875,0.875,0.875,8,0.0244841779828407
"updown",1.2,22,"SVP",0.875,0.875,0.875,8,0.0244841779828407
"updown",1.2,22,"SVP (BIC)",0.571428571428571,0.5,0.533333333333333,7,0.140903204343402
"updown",1.2,23,"PELT",0.75,0.75,0.75,8,0.0254235208458018
"updown",1.2,23,"SVP",0.75,0.75,0.75,8,0.0254235208458018
"updown",1.2,23,"SVP (BIC)",0.75,0.75,0.75,8,0.0254235208458018
"updown",1.2,24,"PELT",0.875,0.875,0.875,8,0.0186528325816445
"updown",1.2,24,"SVP",0.875,0.875,0.875,8,0.0186528325816445
"updown",1.2,24,"SVP (BIC)",0.875,0.875,0.875,8,0.0186528325816445
"updown",1.2,25,"PELT",0.75,0.75,0.75,8,0.0256756186712645
"updown",1.2,25,"SVP",0.75,0.75,0.75,8,0.0256756186712645
"updown",1.2,25,"SVP (BIC)",0.75,0.75,0.75,8,0.0256756186712645
"updown",1.2,26,"PELT",0.625,0.625,0.625,8,0.0350683286902204
"updown",1.2,26,"SVP",0.625,0.625,0.625,8,0.0350683286902204
"updown",1.2,26,"SVP (BIC)",0.625,0.625,0.625,8,0.0350683286902204
"updown",1.2,27,"PELT",0.875,0.875,0.875,8,0.0214924858507685
"updown",1.2,27,"SVP",0.875,0.875,0.875,8,0.0214924858507685
"updown",1.2,27,"SVP (BIC)",0.875,0.875,0.875,8,0.0214924858507685
"updown",1.2,28,"PELT",0.875,0.875,0.875,8,0.0145786379649552
"updown",1.2,28,"SVP",0.875,0.875,0.875,8,0.0145786379649552
"updown",1.2,28,"SVP (BIC)",0.875,0.875,0.875,8,0.0145786379649552
"updown",1.2,29,"PELT",0.625,0.625,0.625,8,0.0386230077106825
"updown",1.2,29,"SVP",0.625,0.625,0.625,8,0.0386230077106825
"updown",1.2,29,"SVP (BIC)",0.625,0.625,0.625,8,0.0386230077106825
"updown",1.2,30,"PELT",0.875,0.875,0.875,8,0.0191843293251284
"updown",1.2,30,"SVP",0.875,0.875,0.875,8,0.0191843293251284
"updown",1.2,30,"SVP (BIC)",0.875,0.875,0.875,8,0.0191843293251284
"updown",1.2,31,"PELT",0.875,0.875,0.875,8,0.0167037792100528
"updown",1.2,31,"SVP",0.875,0.875,0.875,8,0.0167037792100528
"updown",1.2,31,"SVP (BIC)",0.875,0.875,0.875,8,0.0167037792100528
"updown",1.2,32,"PELT",0.625,0.625,0.625,8,0.0362156115277338
"updown",1.2,32,"SVP",0.625,0.625,0.625,8,0.0362156115277338
"updown",1.2,32,"SVP (BIC)",0.625,0.625,0.625,8,0.0362156115277338
"updown",1.2,33,"PELT",0.875,0.875,0.875,8,0.0279825208358343
"updown",1.2,33,"SVP",0.875,0.875,0.875,8,0.0279825208358343
"updown",1.2,33,"SVP (BIC)",0.875,0.875,0.875,8,0.0279825208358343
"updown",1.2,34,"PELT",0.875,0.875,0.875,8,0.0222118208967192
"updown",1.2,34,"SVP",0.875,0.875,0.875,8,0.0222118208967192
"updown",1.2,34,"SVP (BIC)",0.875,0.875,0.875,8,0.0222118208967192
"updown",1.2,35,"PELT",1,1,1,8,0.00761568778236661
"updown",1.2,35,"SVP",1,1,1,8,0.00761568778236661
"updown",1.2,35,"SVP (BIC)",1,1,1,8,0.00761568778236661
"updown",1.2,36,"PELT",0.875,0.875,0.875,8,0.0267252752075944
"updown",1.2,36,"SVP",0.875,0.875,0.875,8,0.0267252752075944
"updown",1.2,36,"SVP (BIC)",0.875,0.875,0.875,8,0.0267252752075944
"updown",1.2,37,"PELT",1,1,1,8,0.0133917792229542
"updown",1.2,37,"SVP",1,1,1,8,0.0133917792229542
"updown",1.2,37,"SVP (BIC)",1,1,1,8,0.0133917792229542
"updown",1.2,38,"PELT",0.75,0.75,0.75,8,0.0382887810328447
"updown",1.2,38,"SVP",0.75,0.75,0.75,8,0.0382887810328447
"updown",1.2,38,"SVP (BIC)",0.75,0.75,0.75,8,0.0382887810328447
"updown",1.2,39,"PELT",0.75,0.75,0.75,8,0.0296292062600496
"updown",1.2,39,"SVP",0.75,0.75,0.75,8,0.0296292062600496
"updown",1.2,39,"SVP (BIC)",0.75,0.75,0.75,8,0.0296292062600496
"updown",1.2,40,"PELT",0.75,0.75,0.75,8,0.0316089634627475
"updown",1.2,40,"SVP",0.75,0.75,0.75,8,0.0316089634627475
"updown",1.2,40,"SVP (BIC)",0.75,0.75,0.75,8,0.0316089634627475
"updown",1.2,41,"PELT",0.875,0.875,0.875,8,0.0404474116093437
"updown",1.2,41,"SVP",0.875,0.875,0.875,8,0.0404474116093437
"updown",1.2,41,"SVP (BIC)",0.875,0.875,0.875,8,0.0404474116093437
"updown",1.2,42,"PELT",0.5,0.5,0.5,8,0.0602200016383231
"updown",1.2,42,"SVP",0.5,0.5,0.5,8,0.0602200016383231
"updown",1.2,42,"SVP (BIC)",0.5,0.5,0.5,8,0.0602200016383231
"updown",1.2,43,"PELT",0.875,0.875,0.875,8,0.0442973775217396
"updown",1.2,43,"SVP",0.875,0.875,0.875,8,0.0442973775217396
"updown",1.2,43,"SVP (BIC)",0.875,0.875,0.875,8,0.0442973775217396
"updown",1.2,44,"PELT",0.875,0.875,0.875,8,0.0330501864659705
"updown",1.2,44,"SVP",0.875,0.875,0.875,8,0.0330501864659705
"updown",1.2,44,"SVP (BIC)",0.875,0.875,0.875,8,0.0330501864659705
"updown",1.2,45,"PELT",0.875,0.875,0.875,8,0.0207183416537302
"updown",1.2,45,"SVP",0.875,0.875,0.875,8,0.0207183416537302
"updown",1.2,45,"SVP (BIC)",0.875,0.875,0.875,8,0.0207183416537302
"updown",1.2,46,"PELT",0.375,0.375,0.375,8,0.0355586564374535
"updown",1.2,46,"SVP",0.375,0.375,0.375,8,0.0355586564374535
"updown",1.2,46,"SVP (BIC)",0.375,0.375,0.375,8,0.0355586564374535
"updown",1.2,47,"PELT",0.625,0.625,0.625,8,0.0360599786774787
"updown",1.2,47,"SVP",0.625,0.625,0.625,8,0.0360599786774787
"updown",1.2,47,"SVP (BIC)",0.625,0.625,0.625,8,0.0360599786774787
"updown",1.2,48,"PELT",0.875,0.875,0.875,8,0.0132728912142463
"updown",1.2,48,"SVP",0.875,0.875,0.875,8,0.0132728912142463
"updown",1.2,48,"SVP (BIC)",0.875,0.875,0.875,8,0.0132728912142463
"updown",1.2,49,"PELT",0.8,1,0.888888888888889,10,0.0505225308394404
"updown",1.2,49,"SVP",0.888888888888889,1,0.941176470588235,9,0.0243140358990141
"updown",1.2,49,"SVP (BIC)",1,1,1,8,0.0231054847692224
"updown",1.2,50,"PELT",0.5,0.5,0.5,8,0.0631877535774585
"updown",1.2,50,"SVP",0.625,0.625,0.625,8,0.0338546814152899
"updown",1.2,50,"SVP (BIC)",0.5,0.5,0.5,8,0.0631877535774585
"rand1",1.2,1,"PELT",0.666666666666667,0.5,0.571428571428572,6,0.026446059862962
"rand1",1.2,1,"SVP",0.8,0.5,0.615384615384615,5,0.0326669495208688
"rand1",1.2,1,"SVP (BIC)",0.8,0.5,0.615384615384615,5,0.0326669495208688
"rand1",1.2,2,"PELT",0.666666666666667,0.5,0.571428571428572,6,0.026446059862962
"rand1",1.2,2,"SVP",0.8,0.5,0.615384615384615,5,0.0326669495208688
"rand1",1.2,2,"SVP (BIC)",0.8,0.5,0.615384615384615,5,0.0326669495208688
"rand1",1.2,3,"PELT",0.666666666666667,0.5,0.571428571428572,6,0.026446059862962
"rand1",1.2,3,"SVP",0.8,0.5,0.615384615384615,5,0.0326669495208688
"rand1",1.2,3,"SVP (BIC)",0.8,0.5,0.615384615384615,5,0.0326669495208688
"rand1",1.2,4,"PELT",0.666666666666667,0.5,0.571428571428572,6,0.026446059862962
"rand1",1.2,4,"SVP",0.8,0.5,0.615384615384615,5,0.0326669495208688
"rand1",1.2,4,"SVP (BIC)",0.8,0.5,0.615384615384615,5,0.0326669495208688
"rand1",1.2,5,"PELT",0.666666666666667,0.5,0.571428571428572,6,0.026446059862962
"rand1",1.2,5,"SVP",0.8,0.5,0.615384615384615,5,0.0326669495208688
"rand1",1.2,5,"SVP (BIC)",0.8,0.5,0.615384615384615,5,0.0326669495208688
"rand1",1.2,6,"PELT",0.666666666666667,0.5,0.571428571428572,6,0.026446059862962
"rand1",1.2,6,"SVP",0.8,0.5,0.615384615384615,5,0.0326669495208688
"rand1",1.2,6,"SVP (BIC)",0.8,0.5,0.615384615384615,5,0.0326669495208688
"rand1",1.2,7,"PELT",0.666666666666667,0.5,0.571428571428572,6,0.026446059862962
"rand1",1.2,7,"SVP",0.8,0.5,0.615384615384615,5,0.0326669495208688
"rand1",1.2,7,"SVP (BIC)",0.8,0.5,0.615384615384615,5,0.0326669495208688
"rand1",1.2,8,"PELT",0.666666666666667,0.5,0.571428571428572,6,0.026446059862962
"rand1",1.2,8,"SVP",0.8,0.5,0.615384615384615,5,0.0326669495208688
"rand1",1.2,8,"SVP (BIC)",0.8,0.5,0.615384615384615,5,0.0326669495208688
"rand1",1.2,9,"PELT",0.666666666666667,0.5,0.571428571428572,6,0.026446059862962
"rand1",1.2,9,"SVP",0.8,0.5,0.615384615384615,5,0.0326669495208688
"rand1",1.2,9,"SVP (BIC)",0.8,0.5,0.615384615384615,5,0.0326669495208688
"rand1",1.2,10,"PELT",0.666666666666667,0.5,0.571428571428572,6,0.026446059862962
"rand1",1.2,10,"SVP",0.8,0.5,0.615384615384615,5,0.0326669495208688
"rand1",1.2,10,"SVP (BIC)",0.8,0.5,0.615384615384615,5,0.0326669495208688
"rand1",1.2,11,"PELT",0.666666666666667,0.5,0.571428571428572,6,0.026446059862962
"rand1",1.2,11,"SVP",0.8,0.5,0.615384615384615,5,0.0326669495208688
"rand1",1.2,11,"SVP (BIC)",0.8,0.5,0.615384615384615,5,0.0326669495208688
"rand1",1.2,12,"PELT",0.666666666666667,0.5,0.571428571428572,6,0.026446059862962
"rand1",1.2,12,"SVP",0.8,0.5,0.615384615384615,5,0.0326669495208688
"rand1",1.2,12,"SVP (BIC)",0.8,0.5,0.615384615384615,5,0.0326669495208688
"rand1",1.2,13,"PELT",0.666666666666667,0.5,0.571428571428572,6,0.026446059862962
"rand1",1.2,13,"SVP",0.8,0.5,0.615384615384615,5,0.0326669495208688
"rand1",1.2,13,"SVP (BIC)",0.8,0.5,0.615384615384615,5,0.0326669495208688
"rand1",1.2,14,"PELT",0.666666666666667,0.5,0.571428571428572,6,0.026446059862962
"rand1",1.2,14,"SVP",0.8,0.5,0.615384615384615,5,0.0326669495208688
"rand1",1.2,14,"SVP (BIC)",0.8,0.5,0.615384615384615,5,0.0326669495208688
"rand1",1.2,15,"PELT",0.666666666666667,0.5,0.571428571428572,6,0.026446059862962
"rand1",1.2,15,"SVP",0.8,0.5,0.615384615384615,5,0.0326669495208688
"rand1",1.2,15,"SVP (BIC)",0.8,0.5,0.615384615384615,5,0.0326669495208688
"rand1",1.2,16,"PELT",0.666666666666667,0.5,0.571428571428572,6,0.026446059862962
"rand1",1.2,16,"SVP",0.8,0.5,0.615384615384615,5,0.0326669495208688
"rand1",1.2,16,"SVP (BIC)",0.8,0.5,0.615384615384615,5,0.0326669495208688
"rand1",1.2,17,"PELT",0.666666666666667,0.5,0.571428571428572,6,0.026446059862962
"rand1",1.2,17,"SVP",0.8,0.5,0.615384615384615,5,0.0326669495208688
"rand1",1.2,17,"SVP (BIC)",0.8,0.5,0.615384615384615,5,0.0326669495208688
"rand1",1.2,18,"PELT",0.666666666666667,0.5,0.571428571428572,6,0.026446059862962
"rand1",1.2,18,"SVP",0.8,0.5,0.615384615384615,5,0.0326669495208688
"rand1",1.2,18,"SVP (BIC)",0.8,0.5,0.615384615384615,5,0.0326669495208688
"rand1",1.2,19,"PELT",0.666666666666667,0.5,0.571428571428572,6,0.026446059862962
"rand1",1.2,19,"SVP",0.8,0.5,0.615384615384615,5,0.0326669495208688
"rand1",1.2,19,"SVP (BIC)",0.8,0.5,0.615384615384615,5,0.0326669495208688
"rand1",1.2,20,"PELT",0.666666666666667,0.5,0.571428571428572,6,0.026446059862962
"rand1",1.2,20,"SVP",0.8,0.5,0.615384615384615,5,0.0326669495208688
"rand1",1.2,20,"SVP (BIC)",0.8,0.5,0.615384615384615,5,0.0326669495208688
"rand1",1.2,21,"PELT",0.666666666666667,0.5,0.571428571428572,6,0.026446059862962
"rand1",1.2,21,"SVP",0.8,0.5,0.615384615384615,5,0.0326669495208688
"rand1",1.2,21,"SVP (BIC)",0.8,0.5,0.615384615384615,5,0.0326669495208688
"rand1",1.2,22,"PELT",0.666666666666667,0.5,0.571428571428572,6,0.026446059862962
"rand1",1.2,22,"SVP",0.8,0.5,0.615384615384615,5,0.0326669495208688
"rand1",1.2,22,"SVP (BIC)",0.8,0.5,0.615384615384615,5,0.0326669495208688
"rand1",1.2,23,"PELT",0.666666666666667,0.5,0.571428571428572,6,0.026446059862962
"rand1",1.2,23,"SVP",0.8,0.5,0.615384615384615,5,0.0326669495208688
"rand1",1.2,23,"SVP (BIC)",0.8,0.5,0.615384615384615,5,0.0326669495208688
"rand1",1.2,24,"PELT",0.666666666666667,0.5,0.571428571428572,6,0.026446059862962
"rand1",1.2,24,"SVP",0.8,0.5,0.615384615384615,5,0.0326669495208688
"rand1",1.2,24,"SVP (BIC)",0.8,0.5,0.615384615384615,5,0.0326669495208688
"rand1",1.2,25,"PELT",0.666666666666667,0.5,0.571428571428572,6,0.026446059862962
"rand1",1.2,25,"SVP",0.8,0.5,0.615384615384615,5,0.0326669495208688
"rand1",1.2,25,"SVP (BIC)",0.8,0.5,0.615384615384615,5,0.0326669495208688
"rand1",1.2,26,"PELT",0.666666666666667,0.5,0.571428571428572,6,0.026446059862962
"rand1",1.2,26,"SVP",0.8,0.5,0.615384615384615,5,0.0326669495208688
"rand1",1.2,26,"SVP (BIC)",0.8,0.5,0.615384615384615,5,0.0326669495208688
"rand1",1.2,27,"PELT",0.666666666666667,0.5,0.571428571428572,6,0.026446059862962
"rand1",1.2,27,"SVP",0.8,0.5,0.615384615384615,5,0.0326669495208688
"rand1",1.2,27,"SVP (BIC)",0.8,0.5,0.615384615384615,5,0.0326669495208688
"rand1",1.2,28,"PELT",0.666666666666667,0.5,0.571428571428572,6,0.026446059862962
"rand1",1.2,28,"SVP",0.8,0.5,0.615384615384615,5,0.0326669495208688
"rand1",1.2,28,"SVP (BIC)",0.8,0.5,0.615384615384615,5,0.0326669495208688
"rand1",1.2,29,"PELT",0.666666666666667,0.5,0.571428571428572,6,0.026446059862962
"rand1",1.2,29,"SVP",0.8,0.5,0.615384615384615,5,0.0326669495208688
"rand1",1.2,29,"SVP (BIC)",0.8,0.5,0.615384615384615,5,0.0326669495208688
"rand1",1.2,30,"PELT",0.666666666666667,0.5,0.571428571428572,6,0.026446059862962
"rand1",1.2,30,"SVP",0.8,0.5,0.615384615384615,5,0.0326669495208688
"rand1",1.2,30,"SVP (BIC)",0.8,0.5,0.615384615384615,5,0.0326669495208688
"rand1",1.2,31,"PELT",0.666666666666667,0.5,0.571428571428572,6,0.026446059862962
"rand1",1.2,31,"SVP",0.8,0.5,0.615384615384615,5,0.0326669495208688
"rand1",1.2,31,"SVP (BIC)",0.8,0.5,0.615384615384615,5,0.0326669495208688
"rand1",1.2,32,"PELT",0.666666666666667,0.5,0.571428571428572,6,0.026446059862962
"rand1",1.2,32,"SVP",0.8,0.5,0.615384615384615,5,0.0326669495208688
"rand1",1.2,32,"SVP (BIC)",0.8,0.5,0.615384615384615,5,0.0326669495208688
"rand1",1.2,33,"PELT",0.666666666666667,0.5,0.571428571428572,6,0.026446059862962
"rand1",1.2,33,"SVP",0.8,0.5,0.615384615384615,5,0.0326669495208688
"rand1",1.2,33,"SVP (BIC)",0.8,0.5,0.615384615384615,5,0.0326669495208688
"rand1",1.2,34,"PELT",0.666666666666667,0.5,0.571428571428572,6,0.026446059862962
"rand1",1.2,34,"SVP",0.8,0.5,0.615384615384615,5,0.0326669495208688
"rand1",1.2,34,"SVP (BIC)",0.8,0.5,0.615384615384615,5,0.0326669495208688
"rand1",1.2,35,"PELT",0.666666666666667,0.5,0.571428571428572,6,0.026446059862962
"rand1",1.2,35,"SVP",0.8,0.5,0.615384615384615,5,0.0326669495208688
"rand1",1.2,35,"SVP (BIC)",0.8,0.5,0.615384615384615,5,0.0326669495208688
"rand1",1.2,36,"PELT",0.666666666666667,0.5,0.571428571428572,6,0.026446059862962
"rand1",1.2,36,"SVP",0.8,0.5,0.615384615384615,5,0.0326669495208688
"rand1",1.2,36,"SVP (BIC)",0.8,0.5,0.615384615384615,5,0.0326669495208688
"rand1",1.2,37,"PELT",0.666666666666667,0.5,0.571428571428572,6,0.026446059862962
"rand1",1.2,37,"SVP",0.8,0.5,0.615384615384615,5,0.0326669495208688
"rand1",1.2,37,"SVP (BIC)",0.8,0.5,0.615384615384615,5,0.0326669495208688
"rand1",1.2,38,"PELT",0.666666666666667,0.5,0.571428571428572,6,0.026446059862962
"rand1",1.2,38,"SVP",0.8,0.5,0.615384615384615,5,0.0326669495208688
"rand1",1.2,38,"SVP (BIC)",0.8,0.5,0.615384615384615,5,0.0326669495208688
"rand1",1.2,39,"PELT",0.666666666666667,0.5,0.571428571428572,6,0.026446059862962
"rand1",1.2,39,"SVP",0.8,0.5,0.615384615384615,5,0.0326669495208688
"rand1",1.2,39,"SVP (BIC)",0.8,0.5,0.615384615384615,5,0.0326669495208688
"rand1",1.2,40,"PELT",0.666666666666667,0.5,0.571428571428572,6,0.026446059862962
"rand1",1.2,40,"SVP",0.8,0.5,0.615384615384615,5,0.0326669495208688
"rand1",1.2,40,"SVP (BIC)",0.8,0.5,0.615384615384615,5,0.0326669495208688
"rand1",1.2,41,"PELT",0.666666666666667,0.5,0.571428571428572,6,0.026446059862962
"rand1",1.2,41,"SVP",0.8,0.5,0.615384615384615,5,0.0326669495208688
"rand1",1.2,41,"SVP (BIC)",0.8,0.5,0.615384615384615,5,0.0326669495208688
"rand1",1.2,42,"PELT",0.666666666666667,0.5,0.571428571428572,6,0.026446059862962
"rand1",1.2,42,"SVP",0.8,0.5,0.615384615384615,5,0.0326669495208688
"rand1",1.2,42,"SVP (BIC)",0.8,0.5,0.615384615384615,5,0.0326669495208688
"rand1",1.2,43,"PELT",0.666666666666667,0.5,0.571428571428572,6,0.026446059862962
"rand1",1.2,43,"SVP",0.8,0.5,0.615384615384615,5,0.0326669495208688
"rand1",1.2,43,"SVP (BIC)",0.8,0.5,0.615384615384615,5,0.0326669495208688
"rand1",1.2,44,"PELT",0.666666666666667,0.5,0.571428571428572,6,0.026446059862962
"rand1",1.2,44,"SVP",0.8,0.5,0.615384615384615,5,0.0326669495208688
"rand1",1.2,44,"SVP (BIC)",0.8,0.5,0.615384615384615,5,0.0326669495208688
"rand1",1.2,45,"PELT",0.666666666666667,0.5,0.571428571428572,6,0.026446059862962
"rand1",1.2,45,"SVP",0.8,0.5,0.615384615384615,5,0.0326669495208688
"rand1",1.2,45,"SVP (BIC)",0.8,0.5,0.615384615384615,5,0.0326669495208688
"rand1",1.2,46,"PELT",0.666666666666667,0.5,0.571428571428572,6,0.026446059862962
"rand1",1.2,46,"SVP",0.8,0.5,0.615384615384615,5,0.0326669495208688
"rand1",1.2,46,"SVP (BIC)",0.8,0.5,0.615384615384615,5,0.0326669495208688
"rand1",1.2,47,"PELT",0.666666666666667,0.5,0.571428571428572,6,0.026446059862962
"rand1",1.2,47,"SVP",0.8,0.5,0.615384615384615,5,0.0326669495208688
"rand1",1.2,47,"SVP (BIC)",0.8,0.5,0.615384615384615,5,0.0326669495208688
"rand1",1.2,48,"PELT",0.666666666666667,0.5,0.571428571428572,6,0.026446059862962
"rand1",1.2,48,"SVP",0.8,0.5,0.615384615384615,5,0.0326669495208688
"rand1",1.2,48,"SVP (BIC)",0.8,0.5,0.615384615384615,5,0.0326669495208688
"rand1",1.2,49,"PELT",0.666666666666667,0.5,0.571428571428572,6,0.026446059862962
"rand1",1.2,49,"SVP",0.8,0.5,0.615384615384615,5,0.0326669495208688
"rand1",1.2,49,"SVP (BIC)",0.8,0.5,0.615384615384615,5,0.0326669495208688
"rand1",1.2,50,"PELT",0.666666666666667,0.5,0.571428571428572,6,0.026446059862962
"rand1",1.2,50,"SVP",0.8,0.5,0.615384615384615,5,0.0326669495208688
"rand1",1.2,50,"SVP (BIC)",0.8,0.5,0.615384615384615,5,0.0326669495208688
"none",1.3,1,"PELT",1,1,1,1,0.000408778943387071
"none",1.3,1,"SVP",1,1,1,1,0.000408778943387071
"none",1.3,1,"SVP (BIC)",1,1,1,1,0.000408778943387071
"none",1.3,2,"PELT",1,1,1,1,0.00341556311555173
"none",1.3,2,"SVP",1,1,1,1,0.00341556311555173
"none",1.3,2,"SVP (BIC)",1,1,1,1,0.00341556311555173
"none",1.3,3,"PELT",1,1,1,1,0.000474099473353412
"none",1.3,3,"SVP",1,1,1,1,0.000474099473353412
"none",1.3,3,"SVP (BIC)",1,1,1,1,0.000474099473353412
"none",1.3,4,"PELT",1,1,1,1,7.02304099966913e-06
"none",1.3,4,"SVP",1,1,1,1,7.02304099966913e-06
"none",1.3,4,"SVP (BIC)",1,1,1,1,7.02304099966913e-06
"none",1.3,5,"PELT",1,1,1,1,0.00223235066972188
"none",1.3,5,"SVP",1,1,1,1,0.00223235066972188
"none",1.3,5,"SVP (BIC)",1,1,1,1,0.00223235066972188
"none",1.3,6,"PELT",1,1,1,1,2.04547710477004e-05
"none",1.3,6,"SVP",1,1,1,1,2.04547710477004e-05
"none",1.3,6,"SVP (BIC)",1,1,1,1,2.04547710477004e-05
"none",1.3,7,"PELT",1,1,1,1,0.000329144103870839
"none",1.3,7,"SVP",1,1,1,1,0.000329144103870839
"none",1.3,7,"SVP (BIC)",1,1,1,1,0.000329144103870839
"none",1.3,8,"PELT",1,1,1,1,0.00186271645974899
"none",1.3,8,"SVP",1,1,1,1,0.00186271645974899
"none",1.3,8,"SVP (BIC)",1,1,1,1,0.00186271645974899
"none",1.3,9,"PELT",1,1,1,1,0.00267220908579124
"none",1.3,9,"SVP",1,1,1,1,0.00267220908579124
"none",1.3,9,"SVP (BIC)",1,1,1,1,0.00267220908579124
"none",1.3,10,"PELT",1,1,1,1,0.000333812008637281
"none",1.3,10,"SVP",1,1,1,1,0.000333812008637281
"none",1.3,10,"SVP (BIC)",1,1,1,1,0.000333812008637281
"none",1.3,11,"PELT",1,1,1,1,0.000294135906020981
"none",1.3,11,"SVP",1,1,1,1,0.000294135906020981
"none",1.3,11,"SVP (BIC)",1,1,1,1,0.000294135906020981
"none",1.3,12,"PELT",1,1,1,1,0.00307381699973081
"none",1.3,12,"SVP",1,1,1,1,0.00307381699973081
"none",1.3,12,"SVP (BIC)",1,1,1,1,0.00307381699973081
"none",1.3,13,"PELT",0.333333333333333,1,0.5,3,0.028726890653754
"none",1.3,13,"SVP",0.5,1,0.666666666666667,2,0.00447578687096366
"none",1.3,13,"SVP (BIC)",0.5,1,0.666666666666667,2,0.00455900105772502
"none",1.3,14,"PELT",0.333333333333333,1,0.5,3,0.028234352634172
"none",1.3,14,"SVP",0.5,1,0.666666666666667,2,0.00142729984200512
"none",1.3,14,"SVP (BIC)",1,1,1,1,0.000388459412697769
"none",1.3,15,"PELT",1,1,1,1,4.83236055495033e-05
"none",1.3,15,"SVP",1,1,1,1,4.83236055495033e-05
"none",1.3,15,"SVP (BIC)",1,1,1,1,4.83236055495033e-05
"none",1.3,16,"PELT",1,1,1,1,0.000128486073232305
"none",1.3,16,"SVP",1,1,1,1,0.000128486073232305
"none",1.3,16,"SVP (BIC)",1,1,1,1,0.000128486073232305
"none",1.3,17,"PELT",1,1,1,1,0.000103657909435224
"none",1.3,17,"SVP",1,1,1,1,0.000103657909435224
"none",1.3,17,"SVP (BIC)",1,1,1,1,0.000103657909435224
"none",1.3,18,"PELT",1,1,1,1,0.0059760515855399
"none",1.3,18,"SVP",1,1,1,1,0.0059760515855399
"none",1.3,18,"SVP (BIC)",1,1,1,1,0.0059760515855399
"none",1.3,19,"PELT",1,1,1,1,0.000201702481283573
"none",1.3,19,"SVP",1,1,1,1,0.000201702481283573
"none",1.3,19,"SVP (BIC)",1,1,1,1,0.000201702481283573
"none",1.3,20,"PELT",1,1,1,1,0.000360370939431981
"none",1.3,20,"SVP",1,1,1,1,0.000360370939431981
"none",1.3,20,"SVP (BIC)",1,1,1,1,0.000360370939431981
"none",1.3,21,"PELT",1,1,1,1,0.000306499912794935
"none",1.3,21,"SVP",1,1,1,1,0.000306499912794935
"none",1.3,21,"SVP (BIC)",1,1,1,1,0.000306499912794935
"none",1.3,22,"PELT",1,1,1,1,0.000152829055607409
"none",1.3,22,"SVP",1,1,1,1,0.000152829055607409
"none",1.3,22,"SVP (BIC)",1,1,1,1,0.000152829055607409
"none",1.3,23,"PELT",1,1,1,1,0.000724320044231358
"none",1.3,23,"SVP",1,1,1,1,0.000724320044231358
"none",1.3,23,"SVP (BIC)",1,1,1,1,0.000724320044231358
"none",1.3,24,"PELT",1,1,1,1,0.000410393212377772
"none",1.3,24,"SVP",1,1,1,1,0.000410393212377772
"none",1.3,24,"SVP (BIC)",1,1,1,1,0.000410393212377772
"none",1.3,25,"PELT",1,1,1,1,0.00104611961244039
"none",1.3,25,"SVP",1,1,1,1,0.00104611961244039
"none",1.3,25,"SVP (BIC)",1,1,1,1,0.00104611961244039
"none",1.3,26,"PELT",1,1,1,1,0.000219861929090873
"none",1.3,26,"SVP",1,1,1,1,0.000219861929090873
"none",1.3,26,"SVP (BIC)",1,1,1,1,0.000219861929090873
"none",1.3,27,"PELT",1,1,1,1,0.000872579653618616
"none",1.3,27,"SVP",1,1,1,1,0.000872579653618616
"none",1.3,27,"SVP (BIC)",1,1,1,1,0.000872579653618616
"none",1.3,28,"PELT",0.333333333333333,1,0.5,3,0.032101669839132
"none",1.3,28,"SVP",0.5,1,0.666666666666667,2,0.00295192975509004
"none",1.3,28,"SVP (BIC)",0.5,1,0.666666666666667,2,0.00472530871326107
"none",1.3,29,"PELT",1,1,1,1,0.000709530708646284
"none",1.3,29,"SVP",1,1,1,1,0.000709530708646284
"none",1.3,29,"SVP (BIC)",1,1,1,1,0.000709530708646284
"none",1.3,30,"PELT",1,1,1,1,0.000187039277345558
"none",1.3,30,"SVP",1,1,1,1,0.000187039277345558
"none",1.3,30,"SVP (BIC)",1,1,1,1,0.000187039277345558
"none",1.3,31,"PELT",1,1,1,1,0.000471109917374459
"none",1.3,31,"SVP",1,1,1,1,0.000471109917374459
"none",1.3,31,"SVP (BIC)",1,1,1,1,0.000471109917374459
"none",1.3,32,"PELT",1,1,1,1,0.00185221263617457
"none",1.3,32,"SVP",1,1,1,1,0.00185221263617457
"none",1.3,32,"SVP (BIC)",1,1,1,1,0.00185221263617457
"none",1.3,33,"PELT",1,1,1,1,0.0009070536404995
"none",1.3,33,"SVP",1,1,1,1,0.0009070536404995
"none",1.3,33,"SVP (BIC)",1,1,1,1,0.0009070536404995
"none",1.3,34,"PELT",1,1,1,1,0.000279402464860127
"none",1.3,34,"SVP",1,1,1,1,0.000279402464860127
"none",1.3,34,"SVP (BIC)",1,1,1,1,0.000279402464860127
"none",1.3,35,"PELT",1,1,1,1,0.001177182729317
"none",1.3,35,"SVP",1,1,1,1,0.001177182729317
"none",1.3,35,"SVP (BIC)",1,1,1,1,0.001177182729317
"none",1.3,36,"PELT",1,1,1,1,0.000332125289114285
"none",1.3,36,"SVP",1,1,1,1,0.000332125289114285
"none",1.3,36,"SVP (BIC)",1,1,1,1,0.000332125289114285
"none",1.3,37,"PELT",1,1,1,1,0.00422423492276827
"none",1.3,37,"SVP",0.5,1,0.666666666666667,2,0.00920504251460254
"none",1.3,37,"SVP (BIC)",1,1,1,1,0.00422423492276827
"none",1.3,38,"PELT",1,1,1,1,4.71094030498438e-06
"none",1.3,38,"SVP",1,1,1,1,4.71094030498438e-06
"none",1.3,38,"SVP (BIC)",1,1,1,1,4.71094030498438e-06
"none",1.3,39,"PELT",1,1,1,1,0.00342209015473112
"none",1.3,39,"SVP",1,1,1,1,0.00342209015473112
"none",1.3,39,"SVP (BIC)",1,1,1,1,0.00342209015473112
"none",1.3,40,"PELT",1,1,1,1,0.00134700819610728
"none",1.3,40,"SVP",1,1,1,1,0.00134700819610728
"none",1.3,40,"SVP (BIC)",1,1,1,1,0.00134700819610728
"none",1.3,41,"PELT",1,1,1,1,0.00445440970664809
"none",1.3,41,"SVP",1,1,1,1,0.00445440970664809
"none",1.3,41,"SVP (BIC)",1,1,1,1,0.00445440970664809
"none",1.3,42,"PELT",1,1,1,1,0.0017855701129308
"none",1.3,42,"SVP",1,1,1,1,0.0017855701129308
"none",1.3,42,"SVP (BIC)",1,1,1,1,0.0017855701129308
"none",1.3,43,"PELT",1,1,1,1,1.19285419734387e-06
"none",1.3,43,"SVP",1,1,1,1,1.19285419734387e-06
"none",1.3,43,"SVP (BIC)",1,1,1,1,1.19285419734387e-06
"none",1.3,44,"PELT",1,1,1,1,3.60767531310104e-06
"none",1.3,44,"SVP",1,1,1,1,3.60767531310104e-06
"none",1.3,44,"SVP (BIC)",1,1,1,1,3.60767531310104e-06
"none",1.3,45,"PELT",1,1,1,1,0.00032009676501241
"none",1.3,45,"SVP",1,1,1,1,0.00032009676501241
"none",1.3,45,"SVP (BIC)",1,1,1,1,0.00032009676501241
"none",1.3,46,"PELT",1,1,1,1,0.000281446907857468
"none",1.3,46,"SVP",1,1,1,1,0.000281446907857468
"none",1.3,46,"SVP (BIC)",1,1,1,1,0.000281446907857468
"none",1.3,47,"PELT",1,1,1,1,0.00045105077680747
"none",1.3,47,"SVP",1,1,1,1,0.00045105077680747
"none",1.3,47,"SVP (BIC)",1,1,1,1,0.00045105077680747
"none",1.3,48,"PELT",1,1,1,1,0.000694705638113712
"none",1.3,48,"SVP",1,1,1,1,0.000694705638113712
"none",1.3,48,"SVP (BIC)",1,1,1,1,0.000694705638113712
"none",1.3,49,"PELT",1,1,1,1,0.000437075875371914
"none",1.3,49,"SVP",1,1,1,1,0.000437075875371914
"none",1.3,49,"SVP (BIC)",1,1,1,1,0.000437075875371914
"none",1.3,50,"PELT",1,1,1,1,7.09647482395509e-06
"none",1.3,50,"SVP",1,1,1,1,7.09647482395509e-06
"none",1.3,50,"SVP (BIC)",1,1,1,1,7.09647482395509e-06
"up",1.3,1,"PELT",0.75,0.75,0.75,8,0.0441011153431058
"up",1.3,1,"SVP",0.75,0.75,0.75,8,0.0441011153431058
"up",1.3,1,"SVP (BIC)",0.75,0.75,0.75,8,0.0441011153431058
"up",1.3,2,"PELT",0.875,0.875,0.875,8,0.0225389112476415
"up",1.3,2,"SVP",0.875,0.875,0.875,8,0.0225389112476415
"up",1.3,2,"SVP (BIC)",0.875,0.875,0.875,8,0.0225389112476415
"up",1.3,3,"PELT",0.875,0.875,0.875,8,0.0294357763105975
"up",1.3,3,"SVP",0.875,0.875,0.875,8,0.0294357763105975
"up",1.3,3,"SVP (BIC)",0.875,0.875,0.875,8,0.0294357763105975
"up",1.3,4,"PELT",0.875,0.875,0.875,8,0.0220481688165313
"up",1.3,4,"SVP",0.875,0.875,0.875,8,0.0220481688165313
"up",1.3,4,"SVP (BIC)",0.875,0.875,0.875,8,0.0220481688165313
"up",1.3,5,"PELT",0.75,0.75,0.75,8,0.025386712175045
"up",1.3,5,"SVP",0.75,0.75,0.75,8,0.025386712175045
"up",1.3,5,"SVP (BIC)",0.75,0.75,0.75,8,0.025386712175045
"up",1.3,6,"PELT",1,1,1,8,0.0196752914117614
"up",1.3,6,"SVP",1,1,1,8,0.0196752914117614
"up",1.3,6,"SVP (BIC)",1,1,1,8,0.0196752914117614
"up",1.3,7,"PELT",0.625,0.625,0.625,8,0.0348064901893889
"up",1.3,7,"SVP",0.625,0.625,0.625,8,0.0348064901893889
"up",1.3,7,"SVP (BIC)",0.625,0.625,0.625,8,0.0348064901893889
"up",1.3,8,"PELT",0.875,0.875,0.875,8,0.0195968692219641
"up",1.3,8,"SVP",0.875,0.875,0.875,8,0.0195968692219641
"up",1.3,8,"SVP (BIC)",0.875,0.875,0.875,8,0.0195968692219641
"up",1.3,9,"PELT",0.75,0.75,0.75,8,0.0214935625151995
"up",1.3,9,"SVP",0.75,0.75,0.75,8,0.0214935625151995
"up",1.3,9,"SVP (BIC)",0.75,0.75,0.75,8,0.0214935625151995
"up",1.3,10,"PELT",1,1,1,8,0.0186008200971594
"up",1.3,10,"SVP",1,1,1,8,0.0186008200971594
"up",1.3,10,"SVP (BIC)",1,1,1,8,0.0186008200971594
"up",1.3,11,"PELT",0.625,0.625,0.625,8,0.042990326096684
"up",1.3,11,"SVP",0.625,0.625,0.625,8,0.042990326096684
"up",1.3,11,"SVP (BIC)",0.625,0.625,0.625,8,0.042990326096684
"up",1.3,12,"PELT",0.875,0.875,0.875,8,0.0125862229176472
"up",1.3,12,"SVP",0.875,0.875,0.875,8,0.0125862229176472
"up",1.3,12,"SVP (BIC)",0.875,0.875,0.875,8,0.0125862229176472
"up",1.3,13,"PELT",0.75,0.75,0.75,8,0.0362925592342135
"up",1.3,13,"SVP",0.75,0.75,0.75,8,0.0362925592342135
"up",1.3,13,"SVP (BIC)",0.75,0.75,0.75,8,0.0362925592342135
"up",1.3,14,"PELT",0.75,0.75,0.75,8,0.0398575691063761
"up",1.3,14,"SVP",0.75,0.75,0.75,8,0.0398575691063761
"up",1.3,14,"SVP (BIC)",0.75,0.75,0.75,8,0.0398575691063761
"up",1.3,15,"PELT",1,1,1,8,0.0177756288126165
"up",1.3,15,"SVP",1,1,1,8,0.0177756288126165
"up",1.3,15,"SVP (BIC)",1,1,1,8,0.0177756288126165
"up",1.3,16,"PELT",0.875,0.875,0.875,8,0.0215758157284124
"up",1.3,16,"SVP",0.875,0.875,0.875,8,0.0215758157284124
"up",1.3,16,"SVP (BIC)",0.875,0.875,0.875,8,0.0215758157284124
"up",1.3,17,"PELT",0.625,0.625,0.625,8,0.0342502679037494
"up",1.3,17,"SVP",0.625,0.625,0.625,8,0.0342502679037494
"up",1.3,17,"SVP (BIC)",0.625,0.625,0.625,8,0.0342502679037494
"up",1.3,18,"PELT",0.75,0.75,0.75,8,0.021177083705507
"up",1.3,18,"SVP",0.75,0.75,0.75,8,0.021177083705507
"up",1.3,18,"SVP (BIC)",0.75,0.75,0.75,8,0.021177083705507
"up",1.3,19,"PELT",0.625,0.625,0.625,8,0.0444367187523246
"up",1.3,19,"SVP",0.625,0.625,0.625,8,0.0444367187523246
"up",1.3,19,"SVP (BIC)",0.625,0.625,0.625,8,0.0444367187523246
"up",1.3,20,"PELT",0.75,0.75,0.75,8,0.0308144840162046
"up",1.3,20,"SVP",0.75,0.75,0.75,8,0.0308144840162046
"up",1.3,20,"SVP (BIC)",0.75,0.75,0.75,8,0.0308144840162046
"up",1.3,21,"PELT",0.75,0.75,0.75,8,0.0248937012227442
"up",1.3,21,"SVP",0.75,0.75,0.75,8,0.0248937012227442
"up",1.3,21,"SVP (BIC)",0.75,0.75,0.75,8,0.0248937012227442
"up",1.3,22,"PELT",0.875,0.875,0.875,8,0.0192576238717346
"up",1.3,22,"SVP",0.875,0.875,0.875,8,0.0192576238717346
"up",1.3,22,"SVP (BIC)",0.875,0.875,0.875,8,0.0192576238717346
"up",1.3,23,"PELT",0.875,0.875,0.875,8,0.0252613306826992
"up",1.3,23,"SVP",0.875,0.875,0.875,8,0.0252613306826992
"up",1.3,23,"SVP (BIC)",0.875,0.875,0.875,8,0.0252613306826992
"up",1.3,24,"PELT",1,1,1,8,0.00817975546010872
"up",1.3,24,"SVP",1,1,1,8,0.00817975546010872
"up",1.3,24,"SVP (BIC)",1,1,1,8,0.00817975546010872
"up",1.3,25,"PELT",0.75,0.75,0.75,8,0.0285457346205834
"up",1.3,25,"SVP",0.75,0.75,0.75,8,0.0285457346205834
"up",1.3,25,"SVP (BIC)",0.75,0.75,0.75,8,0.0285457346205834
"up",1.3,26,"PELT",0.625,0.625,0.625,8,0.0375722681545688
"up",1.3,26,"SVP",0.625,0.625,0.625,8,0.0375722681545688
"up",1.3,26,"SVP (BIC)",0.625,0.625,0.625,8,0.0375722681545688
"up",1.3,27,"PELT",0.875,0.875,0.875,8,0.0182525303994438
"up",1.3,27,"SVP",0.875,0.875,0.875,8,0.0384383774988922
"up",1.3,27,"SVP (BIC)",0.875,0.875,0.875,8,0.0182525303994438
"up",1.3,28,"PELT",0.625,0.625,0.625,8,0.0317608881851705
"up",1.3,28,"SVP",0.625,0.625,0.625,8,0.0317608881851705
"up",1.3,28,"SVP (BIC)",0.625,0.625,0.625,8,0.0317608881851705
"up",1.3,29,"PELT",0.625,0.625,0.625,8,0.0351745280932926
"up",1.3,29,"SVP",0.625,0.625,0.625,8,0.0351745280932926
"up",1.3,29,"SVP (BIC)",0.625,0.625,0.625,8,0.0351745280932926
"up",1.3,30,"PELT",0.75,0.75,0.75,8,0.0252208463281919
"up",1.3,30,"SVP",0.75,0.75,0.75,8,0.0252208463281919
"up",1.3,30,"SVP (BIC)",0.75,0.75,0.75,8,0.0252208463281919
"up",1.3,31,"PELT",1,1,1,8,0.010640943010173
"up",1.3,31,"SVP",1,1,1,8,0.010640943010173
"up",1.3,31,"SVP (BIC)",1,1,1,8,0.010640943010173
"up",1.3,32,"PELT",0.75,0.75,0.75,8,0.0266387892020598
"up",1.3,32,"SVP",0.75,0.75,0.75,8,0.0266387892020598
"up",1.3,32,"SVP (BIC)",0.75,0.75,0.75,8,0.0266387892020598
"up",1.3,33,"PELT",0.75,0.75,0.75,8,0.0276370558046421
"up",1.3,33,"SVP",0.75,0.75,0.75,8,0.0276370558046421
"up",1.3,33,"SVP (BIC)",0.75,0.75,0.75,8,0.0276370558046421
"up",1.3,34,"PELT",0.875,0.875,0.875,8,0.0325172335929016
"up",1.3,34,"SVP",0.875,0.875,0.875,8,0.0325172335929016
"up",1.3,34,"SVP (BIC)",0.875,0.875,0.875,8,0.0325172335929016
"up",1.3,35,"PELT",1,1,1,8,0.0212069362785913
"up",1.3,35,"SVP",1,1,1,8,0.0212069362785913
"up",1.3,35,"SVP (BIC)",1,1,1,8,0.0212069362785913
"up",1.3,36,"PELT",0.875,0.875,0.875,8,0.0204383677167867
"up",1.3,36,"SVP",0.875,0.875,0.875,8,0.0204383677167867
"up",1.3,36,"SVP (BIC)",0.875,0.875,0.875,8,0.0204383677167867
"up",1.3,37,"PELT",0.75,0.75,0.75,8,0.0252080652652206
"up",1.3,37,"SVP",0.75,0.75,0.75,8,0.0252080652652206
"up",1.3,37,"SVP (BIC)",0.75,0.75,0.75,8,0.0252080652652206
"up",1.3,38,"PELT",0.875,0.875,0.875,8,0.0152237634916871
"up",1.3,38,"SVP",0.875,0.875,0.875,8,0.0152237634916871
"up",1.3,38,"SVP (BIC)",0.875,0.875,0.875,8,0.0152237634916871
"up",1.3,39,"PELT",0.75,0.75,0.75,8,0.0302787095589492
"up",1.3,39,"SVP",0.666666666666667,0.75,0.705882352941177,9,0.0413870739335697
"up",1.3,39,"SVP (BIC)",0.75,0.75,0.75,8,0.0302787095589492
"up",1.3,40,"PELT",0.75,0.75,0.75,8,0.0280232408989115
"up",1.3,40,"SVP",0.75,0.75,0.75,8,0.0280232408989115
"up",1.3,40,"SVP (BIC)",0.75,0.75,0.75,8,0.0280232408989115
"up",1.3,41,"PELT",0.875,0.875,0.875,8,0.0182245934419844
"up",1.3,41,"SVP",0.875,0.875,0.875,8,0.0182245934419844
"up",1.3,41,"SVP (BIC)",0.875,0.875,0.875,8,0.0182245934419844
"up",1.3,42,"PELT",1,1,1,8,0.0287526833319945
"up",1.3,42,"SVP",1,1,1,8,0.0287526833319945
"up",1.3,42,"SVP (BIC)",1,1,1,8,0.0287526833319945
"up",1.3,43,"PELT",0.625,0.625,0.625,8,0.0394733064838746
"up",1.3,43,"SVP",0.625,0.625,0.625,8,0.0394733064838746
"up",1.3,43,"SVP (BIC)",0.625,0.625,0.625,8,0.0394733064838746
"up",1.3,44,"PELT",0.625,0.625,0.625,8,0.0298361444411147
"up",1.3,44,"SVP",0.625,0.625,0.625,8,0.0298361444411147
"up",1.3,44,"SVP (BIC)",0.625,0.625,0.625,8,0.0298361444411147
"up",1.3,45,"PELT",0.5,0.5,0.5,8,0.033425574041748
"up",1.3,45,"SVP",0.5,0.5,0.5,8,0.033425574041748
"up",1.3,45,"SVP (BIC)",0.5,0.5,0.5,8,0.033425574041748
"up",1.3,46,"PELT",0.625,0.625,0.625,8,0.0366984797718081
"up",1.3,46,"SVP",0.625,0.625,0.625,8,0.0366984797718081
"up",1.3,46,"SVP (BIC)",0.625,0.625,0.625,8,0.0366984797718081
"up",1.3,47,"PELT",1,1,1,8,0.0158835880136681
"up",1.3,47,"SVP",1,1,1,8,0.0158835880136681
"up",1.3,47,"SVP (BIC)",1,1,1,8,0.0158835880136681
"up",1.3,48,"PELT",0.666666666666667,0.75,0.705882352941177,9,0.0673498607527018
"up",1.3,48,"SVP",0.75,0.75,0.75,8,0.0539884820397682
"up",1.3,48,"SVP (BIC)",0.75,0.75,0.75,8,0.0539884820397682
"up",1.3,49,"PELT",1,1,1,8,0.0202891158178242
"up",1.3,49,"SVP",1,1,1,8,0.0202891158178242
"up",1.3,49,"SVP (BIC)",1,1,1,8,0.0202891158178242
"up",1.3,50,"PELT",0.75,0.75,0.75,8,0.0268523883210685
"up",1.3,50,"SVP",0.75,0.75,0.75,8,0.0268523883210685
"up",1.3,50,"SVP (BIC)",0.75,0.75,0.75,8,0.0268523883210685
"updown",1.3,1,"PELT",0.875,0.875,0.875,8,0.0297495193777479
"updown",1.3,1,"SVP",0.875,0.875,0.875,8,0.0297495193777479
"updown",1.3,1,"SVP (BIC)",0.875,0.875,0.875,8,0.0297495193777479
"updown",1.3,2,"PELT",1,1,1,8,0.0178724837258586
"updown",1.3,2,"SVP",1,1,1,8,0.0178724837258586
"updown",1.3,2,"SVP (BIC)",1,1,1,8,0.0178724837258586
"updown",1.3,3,"PELT",1,1,1,8,0.0146774177481125
"updown",1.3,3,"SVP",1,1,1,8,0.0146774177481125
"updown",1.3,3,"SVP (BIC)",1,1,1,8,0.0146774177481125
"updown",1.3,4,"PELT",1,1,1,8,0.0174831279239012
"updown",1.3,4,"SVP",1,1,1,8,0.0174831279239012
"updown",1.3,4,"SVP (BIC)",1,1,1,8,0.0174831279239012
"updown",1.3,5,"PELT",0.625,0.625,0.625,8,0.0272106127268371
"updown",1.3,5,"SVP",0.625,0.625,0.625,8,0.0272106127268371
"updown",1.3,5,"SVP (BIC)",0.625,0.625,0.625,8,0.0272106127268371
"updown",1.3,6,"PELT",0.75,0.75,0.75,8,0.04048808212412
"updown",1.3,6,"SVP",0.75,0.75,0.75,8,0.04048808212412
"updown",1.3,6,"SVP (BIC)",0.75,0.75,0.75,8,0.04048808212412
"updown",1.3,7,"PELT",1,1,1,8,0.0181935661812065
"updown",1.3,7,"SVP",1,1,1,8,0.0181935661812065
"updown",1.3,7,"SVP (BIC)",1,1,1,8,0.0181935661812065
"updown",1.3,8,"PELT",0.75,0.75,0.75,8,0.0177320301197605
"updown",1.3,8,"SVP",0.75,0.75,0.75,8,0.0177320301197605
"updown",1.3,8,"SVP (BIC)",0.75,0.75,0.75,8,0.0177320301197605
"updown",1.3,9,"PELT",0.777777777777778,0.875,0.823529411764706,9,0.0488229877991588
"updown",1.3,9,"SVP",0.75,0.75,0.75,8,0.0366459542115214
"updown",1.3,9,"SVP (BIC)",0.75,0.75,0.75,8,0.0366459542115214
"updown",1.3,10,"PELT",0.75,0.75,0.75,8,0.02092845814869
"updown",1.3,10,"SVP",0.75,0.75,0.75,8,0.02092845814869
"updown",1.3,10,"SVP (BIC)",0.75,0.75,0.75,8,0.02092845814869
"updown",1.3,11,"PELT",1,1,1,8,0.0109838399094968
"updown",1.3,11,"SVP",1,1,1,8,0.0109838399094968
"updown",1.3,11,"SVP (BIC)",1,1,1,8,0.0109838399094968
"updown",1.3,12,"PELT",0.75,0.75,0.75,8,0.0252687919245345
"updown",1.3,12,"SVP",0.75,0.75,0.75,8,0.0252687919245345
"updown",1.3,12,"SVP (BIC)",0.75,0.75,0.75,8,0.0252687919245345
"updown",1.3,13,"PELT",1,1,1,8,0.0150803141447217
"updown",1.3,13,"SVP",1,1,1,8,0.0150803141447217
"updown",1.3,13,"SVP (BIC)",1,1,1,8,0.0150803141447217
"updown",1.3,14,"PELT",1,1,1,8,0.0156110790122135
"updown",1.3,14,"SVP",1,1,1,8,0.0156110790122135
"updown",1.3,14,"SVP (BIC)",1,1,1,8,0.0156110790122135
"updown",1.3,15,"PELT",0.75,0.75,0.75,8,0.0284925778073584
"updown",1.3,15,"SVP",0.75,0.75,0.75,8,0.0284925778073584
"updown",1.3,15,"SVP (BIC)",0.75,0.75,0.75,8,0.0284925778073584
"updown",1.3,16,"PELT",0.875,0.875,0.875,8,0.0201109238605635
"updown",1.3,16,"SVP",0.875,0.875,0.875,8,0.0201109238605635
"updown",1.3,16,"SVP (BIC)",0.875,0.875,0.875,8,0.0201109238605635
"updown",1.3,17,"PELT",0.875,0.875,0.875,8,0.0232084603112073
"updown",1.3,17,"SVP",0.875,0.875,0.875,8,0.0232084603112073
"updown",1.3,17,"SVP (BIC)",0.875,0.875,0.875,8,0.0232084603112073
"updown",1.3,18,"PELT",0.875,0.875,0.875,8,0.00970039702307293
"updown",1.3,18,"SVP",0.875,0.875,0.875,8,0.00970039702307293
"updown",1.3,18,"SVP (BIC)",0.875,0.875,0.875,8,0.00970039702307293
"updown",1.3,19,"PELT",0.777777777777778,0.875,0.823529411764706,9,0.0315556360915928
"updown",1.3,19,"SVP",0.75,0.75,0.75,8,0.0190586969438337
"updown",1.3,19,"SVP (BIC)",0.75,0.75,0.75,8,0.0190586969438337
"updown",1.3,20,"PELT",0.625,0.625,0.625,8,0.0407040414734687
"updown",1.3,20,"SVP",0.625,0.625,0.625,8,0.0407040414734687
"updown",1.3,20,"SVP (BIC)",0.625,0.625,0.625,8,0.0407040414734687
"updown",1.3,21,"PELT",0.875,0.875,0.875,8,0.038691311955263
"updown",1.3,21,"SVP",0.875,0.875,0.875,8,0.038691311955263
"updown",1.3,21,"SVP (BIC)",0.875,0.875,0.875,8,0.038691311955263
"updown",1.3,22,"PELT",0.875,0.875,0.875,8,0.0222778293085605
"updown",1.3,22,"SVP",0.875,0.875,0.875,8,0.0222778293085605
"updown",1.3,22,"SVP (BIC)",0.875,0.875,0.875,8,0.0222778293085605
"updown",1.3,23,"PELT",0.777777777777778,0.875,0.823529411764706,9,0.035869509122861
"updown",1.3,23,"SVP",0.875,0.875,0.875,8,0.0188497760742839
"updown",1.3,23,"SVP (BIC)",0.875,0.875,0.875,8,0.0188497760742839
"updown",1.3,24,"PELT",0.875,0.875,0.875,8,0.0428926749464218
"updown",1.3,24,"SVP",0.875,0.875,0.875,8,0.0428926749464218
"updown",1.3,24,"SVP (BIC)",0.875,0.875,0.875,8,0.0428926749464218
"updown",1.3,25,"PELT",0.5,0.5,0.5,8,0.0521449755590441
"updown",1.3,25,"SVP",0.5,0.5,0.5,8,0.0521449755590441
"updown",1.3,25,"SVP (BIC)",0.5,0.5,0.5,8,0.0521449755590441
"updown",1.3,26,"PELT",0.888888888888889,1,0.941176470588235,9,0.0270176797930091
"updown",1.3,26,"SVP",1,1,1,8,0.0107671328671809
"updown",1.3,26,"SVP (BIC)",1,1,1,8,0.0107671328671809
"updown",1.3,27,"PELT",0.875,0.875,0.875,8,0.0274796708568102
"updown",1.3,27,"SVP",0.875,0.875,0.875,8,0.0274796708568102
"updown",1.3,27,"SVP (BIC)",0.875,0.875,0.875,8,0.0274796708568102
"updown",1.3,28,"PELT",0.875,0.875,0.875,8,0.0176108156305099
"updown",1.3,28,"SVP",0.875,0.875,0.875,8,0.0176108156305099
"updown",1.3,28,"SVP (BIC)",0.875,0.875,0.875,8,0.0176108156305099
"updown",1.3,29,"PELT",0.875,0.875,0.875,8,0.0153086988409255
"updown",1.3,29,"SVP",0.875,0.875,0.875,8,0.0153086988409255
"updown",1.3,29,"SVP (BIC)",0.875,0.875,0.875,8,0.0153086988409255
"updown",1.3,30,"PELT",0.666666666666667,0.75,0.705882352941177,9,0.0422968839511784
"updown",1.3,30,"SVP",0.75,0.75,0.75,8,0.0260816112620404
"updown",1.3,30,"SVP (BIC)",0.75,0.75,0.75,8,0.0260816112620404
"updown",1.3,31,"PELT",1,1,1,8,0.0105909877050134
"updown",1.3,31,"SVP",1,1,1,8,0.0105909877050134
"updown",1.3,31,"SVP (BIC)",1,1,1,8,0.0105909877050134
"updown",1.3,32,"PELT",0.875,0.875,0.875,8,0.0242514420422198
"updown",1.3,32,"SVP",0.875,0.875,0.875,8,0.0242514420422198
"updown",1.3,32,"SVP (BIC)",0.875,0.875,0.875,8,0.0242514420422198
"updown",1.3,33,"PELT",0.875,0.875,0.875,8,0.0166867533441313
"updown",1.3,33,"SVP",0.875,0.875,0.875,8,0.0166867533441313
"updown",1.3,33,"SVP (BIC)",0.875,0.875,0.875,8,0.0166867533441313
"updown",1.3,34,"PELT",0.875,0.875,0.875,8,0.0233135378841546
"updown",1.3,34,"SVP",0.875,0.875,0.875,8,0.0233135378841546
"updown",1.3,34,"SVP (BIC)",0.875,0.875,0.875,8,0.0233135378841546
"updown",1.3,35,"PELT",1,1,1,8,0.0226770805130689
"updown",1.3,35,"SVP",1,1,1,8,0.0226770805130689
"updown",1.3,35,"SVP (BIC)",1,1,1,8,0.0226770805130689
"updown",1.3,36,"PELT",0.875,0.875,0.875,8,0.0241736870257892
"updown",1.3,36,"SVP",0.875,0.875,0.875,8,0.0241736870257892
"updown",1.3,36,"SVP (BIC)",0.875,0.875,0.875,8,0.0241736870257892
"updown",1.3,37,"PELT",0.375,0.375,0.375,8,0.0693577265818851
"updown",1.3,37,"SVP",0.375,0.375,0.375,8,0.0693577265818851
"updown",1.3,37,"SVP (BIC)",0.375,0.375,0.375,8,0.0693577265818851
"updown",1.3,38,"PELT",1,1,1,8,0.0078519021212372
"updown",1.3,38,"SVP",0.888888888888889,1,0.941176470588235,9,0.00830245746604954
"updown",1.3,38,"SVP (BIC)",1,1,1,8,0.0078519021212372
"updown",1.3,39,"PELT",1,1,1,8,0.0203199962334281
"updown",1.3,39,"SVP",1,1,1,8,0.0203199962334281
"updown",1.3,39,"SVP (BIC)",1,1,1,8,0.0203199962334281
"updown",1.3,40,"PELT",0.75,0.75,0.75,8,0.0388145279973618
"updown",1.3,40,"SVP",0.75,0.75,0.75,8,0.0388145279973618
"updown",1.3,40,"SVP (BIC)",0.75,0.75,0.75,8,0.0388145279973618
"updown",1.3,41,"PELT",0.75,0.75,0.75,8,0.0281493177041936
"updown",1.3,41,"SVP",0.75,0.75,0.75,8,0.0281493177041936
"updown",1.3,41,"SVP (BIC)",0.75,0.75,0.75,8,0.0281493177041936
"updown",1.3,42,"PELT",0.5,0.5,0.5,8,0.0507610670500874
"updown",1.3,42,"SVP",0.5,0.5,0.5,8,0.0507610670500874
"updown",1.3,42,"SVP (BIC)",0.5,0.5,0.5,8,0.0507610670500874
"updown",1.3,43,"PELT",0.875,0.875,0.875,8,0.0355131388427707
"updown",1.3,43,"SVP",0.875,0.875,0.875,8,0.0355131388427707
"updown",1.3,43,"SVP (BIC)",0.875,0.875,0.875,8,0.0355131388427707
"updown",1.3,44,"PELT",0.75,0.75,0.75,8,0.038174598141385
"updown",1.3,44,"SVP",0.75,0.75,0.75,8,0.038174598141385
"updown",1.3,44,"SVP (BIC)",0.75,0.75,0.75,8,0.038174598141385
"updown",1.3,45,"PELT",0.875,0.875,0.875,8,0.0133617295972755
"updown",1.3,45,"SVP",0.875,0.875,0.875,8,0.0133617295972755
"updown",1.3,45,"SVP (BIC)",0.875,0.875,0.875,8,0.0133617295972755
"updown",1.3,46,"PELT",0.875,0.875,0.875,8,0.0239630818184909
"updown",1.3,46,"SVP",0.875,0.875,0.875,8,0.0239630818184909
"updown",1.3,46,"SVP (BIC)",0.875,0.875,0.875,8,0.0239630818184909
"updown",1.3,47,"PELT",0.75,0.75,0.75,8,0.0379229878996461
"updown",1.3,47,"SVP",0.75,0.75,0.75,8,0.0379229878996461
"updown",1.3,47,"SVP (BIC)",0.75,0.75,0.75,8,0.0379229878996461
"updown",1.3,48,"PELT",0.5,0.5,0.5,8,0.0387817127469499
"updown",1.3,48,"SVP",0.5,0.5,0.5,8,0.0387817127469499
"updown",1.3,48,"SVP (BIC)",0.5,0.5,0.5,8,0.0387817127469499
"updown",1.3,49,"PELT",0.875,0.875,0.875,8,0.0258609150394641
"updown",1.3,49,"SVP",0.875,0.875,0.875,8,0.0258609150394641
"updown",1.3,49,"SVP (BIC)",0.875,0.875,0.875,8,0.0258609150394641
"updown",1.3,50,"PELT",0.875,0.875,0.875,8,0.0176665339793354
"updown",1.3,50,"SVP",0.875,0.875,0.875,8,0.0176665339793354
"updown",1.3,50,"SVP (BIC)",0.875,0.875,0.875,8,0.0176665339793354
"rand1",1.3,1,"PELT",0.666666666666667,0.5,0.571428571428572,6,0.0303613648355972
"rand1",1.3,1,"SVP",0.666666666666667,0.5,0.571428571428572,6,0.0303613648355972
"rand1",1.3,1,"SVP (BIC)",0.8,0.5,0.615384615384615,5,0.0379899140619258
"rand1",1.3,2,"PELT",0.666666666666667,0.5,0.571428571428572,6,0.0303613648355972
"rand1",1.3,2,"SVP",0.666666666666667,0.5,0.571428571428572,6,0.0303613648355972
"rand1",1.3,2,"SVP (BIC)",0.8,0.5,0.615384615384615,5,0.0379899140619258
"rand1",1.3,3,"PELT",0.666666666666667,0.5,0.571428571428572,6,0.0303613648355972
"rand1",1.3,3,"SVP",0.666666666666667,0.5,0.571428571428572,6,0.0303613648355972
"rand1",1.3,3,"SVP (BIC)",0.8,0.5,0.615384615384615,5,0.0379899140619258
"rand1",1.3,4,"PELT",0.666666666666667,0.5,0.571428571428572,6,0.0303613648355972
"rand1",1.3,4,"SVP",0.666666666666667,0.5,0.571428571428572,6,0.0303613648355972
"rand1",1.3,4,"SVP (BIC)",0.8,0.5,0.615384615384615,5,0.0379899140619258
"rand1",1.3,5,"PELT",0.666666666666667,0.5,0.571428571428572,6,0.0303613648355972
"rand1",1.3,5,"SVP",0.666666666666667,0.5,0.571428571428572,6,0.0303613648355972
"rand1",1.3,5,"SVP (BIC)",0.8,0.5,0.615384615384615,5,0.0379899140619258
"rand1",1.3,6,"PELT",0.666666666666667,0.5,0.571428571428572,6,0.0303613648355972
"rand1",1.3,6,"SVP",0.666666666666667,0.5,0.571428571428572,6,0.0303613648355972
"rand1",1.3,6,"SVP (BIC)",0.8,0.5,0.615384615384615,5,0.0379899140619258
"rand1",1.3,7,"PELT",0.666666666666667,0.5,0.571428571428572,6,0.0303613648355972
"rand1",1.3,7,"SVP",0.666666666666667,0.5,0.571428571428572,6,0.0303613648355972
"rand1",1.3,7,"SVP (BIC)",0.8,0.5,0.615384615384615,5,0.0379899140619258
"rand1",1.3,8,"PELT",0.666666666666667,0.5,0.571428571428572,6,0.0303613648355972
"rand1",1.3,8,"SVP",0.666666666666667,0.5,0.571428571428572,6,0.0303613648355972
"rand1",1.3,8,"SVP (BIC)",0.8,0.5,0.615384615384615,5,0.0379899140619258
"rand1",1.3,9,"PELT",0.666666666666667,0.5,0.571428571428572,6,0.0303613648355972
"rand1",1.3,9,"SVP",0.666666666666667,0.5,0.571428571428572,6,0.0303613648355972
"rand1",1.3,9,"SVP (BIC)",0.8,0.5,0.615384615384615,5,0.0379899140619258
"rand1",1.3,10,"PELT",0.666666666666667,0.5,0.571428571428572,6,0.0303613648355972
"rand1",1.3,10,"SVP",0.666666666666667,0.5,0.571428571428572,6,0.0303613648355972
"rand1",1.3,10,"SVP (BIC)",0.8,0.5,0.615384615384615,5,0.0379899140619258
"rand1",1.3,11,"PELT",0.666666666666667,0.5,0.571428571428572,6,0.0303613648355972
"rand1",1.3,11,"SVP",0.666666666666667,0.5,0.571428571428572,6,0.0303613648355972
"rand1",1.3,11,"SVP (BIC)",0.8,0.5,0.615384615384615,5,0.0379899140619258
"rand1",1.3,12,"PELT",0.666666666666667,0.5,0.571428571428572,6,0.0303613648355972
"rand1",1.3,12,"SVP",0.666666666666667,0.5,0.571428571428572,6,0.0303613648355972
"rand1",1.3,12,"SVP (BIC)",0.8,0.5,0.615384615384615,5,0.0379899140619258
"rand1",1.3,13,"PELT",0.666666666666667,0.5,0.571428571428572,6,0.0303613648355972
"rand1",1.3,13,"SVP",0.666666666666667,0.5,0.571428571428572,6,0.0303613648355972
"rand1",1.3,13,"SVP (BIC)",0.8,0.5,0.615384615384615,5,0.0379899140619258
"rand1",1.3,14,"PELT",0.666666666666667,0.5,0.571428571428572,6,0.0303613648355972
"rand1",1.3,14,"SVP",0.666666666666667,0.5,0.571428571428572,6,0.0303613648355972
"rand1",1.3,14,"SVP (BIC)",0.8,0.5,0.615384615384615,5,0.0379899140619258
"rand1",1.3,15,"PELT",0.666666666666667,0.5,0.571428571428572,6,0.0303613648355972
"rand1",1.3,15,"SVP",0.666666666666667,0.5,0.571428571428572,6,0.0303613648355972
"rand1",1.3,15,"SVP (BIC)",0.8,0.5,0.615384615384615,5,0.0379899140619258
"rand1",1.3,16,"PELT",0.666666666666667,0.5,0.571428571428572,6,0.0303613648355972
"rand1",1.3,16,"SVP",0.666666666666667,0.5,0.571428571428572,6,0.0303613648355972
"rand1",1.3,16,"SVP (BIC)",0.8,0.5,0.615384615384615,5,0.0379899140619258
"rand1",1.3,17,"PELT",0.666666666666667,0.5,0.571428571428572,6,0.0303613648355972
"rand1",1.3,17,"SVP",0.666666666666667,0.5,0.571428571428572,6,0.0303613648355972
"rand1",1.3,17,"SVP (BIC)",0.8,0.5,0.615384615384615,5,0.0379899140619258
"rand1",1.3,18,"PELT",0.666666666666667,0.5,0.571428571428572,6,0.0303613648355972
"rand1",1.3,18,"SVP",0.666666666666667,0.5,0.571428571428572,6,0.0303613648355972
"rand1",1.3,18,"SVP (BIC)",0.8,0.5,0.615384615384615,5,0.0379899140619258
"rand1",1.3,19,"PELT",0.666666666666667,0.5,0.571428571428572,6,0.0303613648355972
"rand1",1.3,19,"SVP",0.666666666666667,0.5,0.571428571428572,6,0.0303613648355972
"rand1",1.3,19,"SVP (BIC)",0.8,0.5,0.615384615384615,5,0.0379899140619258
"rand1",1.3,20,"PELT",0.666666666666667,0.5,0.571428571428572,6,0.0303613648355972
"rand1",1.3,20,"SVP",0.666666666666667,0.5,0.571428571428572,6,0.0303613648355972
"rand1",1.3,20,"SVP (BIC)",0.8,0.5,0.615384615384615,5,0.0379899140619258
"rand1",1.3,21,"PELT",0.666666666666667,0.5,0.571428571428572,6,0.0303613648355972
"rand1",1.3,21,"SVP",0.666666666666667,0.5,0.571428571428572,6,0.0303613648355972
"rand1",1.3,21,"SVP (BIC)",0.8,0.5,0.615384615384615,5,0.0379899140619258
"rand1",1.3,22,"PELT",0.666666666666667,0.5,0.571428571428572,6,0.0303613648355972
"rand1",1.3,22,"SVP",0.666666666666667,0.5,0.571428571428572,6,0.0303613648355972
"rand1",1.3,22,"SVP (BIC)",0.8,0.5,0.615384615384615,5,0.0379899140619258
"rand1",1.3,23,"PELT",0.666666666666667,0.5,0.571428571428572,6,0.0303613648355972
"rand1",1.3,23,"SVP",0.666666666666667,0.5,0.571428571428572,6,0.0303613648355972
"rand1",1.3,23,"SVP (BIC)",0.8,0.5,0.615384615384615,5,0.0379899140619258
"rand1",1.3,24,"PELT",0.666666666666667,0.5,0.571428571428572,6,0.0303613648355972
"rand1",1.3,24,"SVP",0.666666666666667,0.5,0.571428571428572,6,0.0303613648355972
"rand1",1.3,24,"SVP (BIC)",0.8,0.5,0.615384615384615,5,0.0379899140619258
"rand1",1.3,25,"PELT",0.666666666666667,0.5,0.571428571428572,6,0.0303613648355972
"rand1",1.3,25,"SVP",0.666666666666667,0.5,0.571428571428572,6,0.0303613648355972
"rand1",1.3,25,"SVP (BIC)",0.8,0.5,0.615384615384615,5,0.0379899140619258
"rand1",1.3,26,"PELT",0.666666666666667,0.5,0.571428571428572,6,0.0303613648355972
"rand1",1.3,26,"SVP",0.666666666666667,0.5,0.571428571428572,6,0.0303613648355972
"rand1",1.3,26,"SVP (BIC)",0.8,0.5,0.615384615384615,5,0.0379899140619258
"rand1",1.3,27,"PELT",0.666666666666667,0.5,0.571428571428572,6,0.0303613648355972
"rand1",1.3,27,"SVP",0.666666666666667,0.5,0.571428571428572,6,0.0303613648355972
"rand1",1.3,27,"SVP (BIC)",0.8,0.5,0.615384615384615,5,0.0379899140619258
"rand1",1.3,28,"PELT",0.666666666666667,0.5,0.571428571428572,6,0.0303613648355972
"rand1",1.3,28,"SVP",0.666666666666667,0.5,0.571428571428572,6,0.0303613648355972
"rand1",1.3,28,"SVP (BIC)",0.8,0.5,0.615384615384615,5,0.0379899140619258
"rand1",1.3,29,"PELT",0.666666666666667,0.5,0.571428571428572,6,0.0303613648355972
"rand1",1.3,29,"SVP",0.666666666666667,0.5,0.571428571428572,6,0.0303613648355972
"rand1",1.3,29,"SVP (BIC)",0.8,0.5,0.615384615384615,5,0.0379899140619258
"rand1",1.3,30,"PELT",0.666666666666667,0.5,0.571428571428572,6,0.0303613648355972
"rand1",1.3,30,"SVP",0.666666666666667,0.5,0.571428571428572,6,0.0303613648355972
"rand1",1.3,30,"SVP (BIC)",0.8,0.5,0.615384615384615,5,0.0379899140619258
"rand1",1.3,31,"PELT",0.666666666666667,0.5,0.571428571428572,6,0.0303613648355972
"rand1",1.3,31,"SVP",0.666666666666667,0.5,0.571428571428572,6,0.0303613648355972
"rand1",1.3,31,"SVP (BIC)",0.8,0.5,0.615384615384615,5,0.0379899140619258
"rand1",1.3,32,"PELT",0.666666666666667,0.5,0.571428571428572,6,0.0303613648355972
"rand1",1.3,32,"SVP",0.666666666666667,0.5,0.571428571428572,6,0.0303613648355972
"rand1",1.3,32,"SVP (BIC)",0.8,0.5,0.615384615384615,5,0.0379899140619258
"rand1",1.3,33,"PELT",0.666666666666667,0.5,0.571428571428572,6,0.0303613648355972
"rand1",1.3,33,"SVP",0.666666666666667,0.5,0.571428571428572,6,0.0303613648355972
"rand1",1.3,33,"SVP (BIC)",0.8,0.5,0.615384615384615,5,0.0379899140619258
"rand1",1.3,34,"PELT",0.666666666666667,0.5,0.571428571428572,6,0.0303613648355972
"rand1",1.3,34,"SVP",0.666666666666667,0.5,0.571428571428572,6,0.0303613648355972
"rand1",1.3,34,"SVP (BIC)",0.8,0.5,0.615384615384615,5,0.0379899140619258
"rand1",1.3,35,"PELT",0.666666666666667,0.5,0.571428571428572,6,0.0303613648355972
"rand1",1.3,35,"SVP",0.666666666666667,0.5,0.571428571428572,6,0.0303613648355972
"rand1",1.3,35,"SVP (BIC)",0.8,0.5,0.615384615384615,5,0.0379899140619258
"rand1",1.3,36,"PELT",0.666666666666667,0.5,0.571428571428572,6,0.0303613648355972
"rand1",1.3,36,"SVP",0.666666666666667,0.5,0.571428571428572,6,0.0303613648355972
"rand1",1.3,36,"SVP (BIC)",0.8,0.5,0.615384615384615,5,0.0379899140619258
"rand1",1.3,37,"PELT",0.666666666666667,0.5,0.571428571428572,6,0.0303613648355972
"rand1",1.3,37,"SVP",0.666666666666667,0.5,0.571428571428572,6,0.0303613648355972
"rand1",1.3,37,"SVP (BIC)",0.8,0.5,0.615384615384615,5,0.0379899140619258
"rand1",1.3,38,"PELT",0.666666666666667,0.5,0.571428571428572,6,0.0303613648355972
"rand1",1.3,38,"SVP",0.666666666666667,0.5,0.571428571428572,6,0.0303613648355972
"rand1",1.3,38,"SVP (BIC)",0.8,0.5,0.615384615384615,5,0.0379899140619258
"rand1",1.3,39,"PELT",0.666666666666667,0.5,0.571428571428572,6,0.0303613648355972
"rand1",1.3,39,"SVP",0.666666666666667,0.5,0.571428571428572,6,0.0303613648355972
"rand1",1.3,39,"SVP (BIC)",0.8,0.5,0.615384615384615,5,0.0379899140619258
"rand1",1.3,40,"PELT",0.666666666666667,0.5,0.571428571428572,6,0.0303613648355972
"rand1",1.3,40,"SVP",0.666666666666667,0.5,0.571428571428572,6,0.0303613648355972
"rand1",1.3,40,"SVP (BIC)",0.8,0.5,0.615384615384615,5,0.0379899140619258
"rand1",1.3,41,"PELT",0.666666666666667,0.5,0.571428571428572,6,0.0303613648355972
"rand1",1.3,41,"SVP",0.666666666666667,0.5,0.571428571428572,6,0.0303613648355972
"rand1",1.3,41,"SVP (BIC)",0.8,0.5,0.615384615384615,5,0.0379899140619258
"rand1",1.3,42,"PELT",0.666666666666667,0.5,0.571428571428572,6,0.0303613648355972
"rand1",1.3,42,"SVP",0.666666666666667,0.5,0.571428571428572,6,0.0303613648355972
"rand1",1.3,42,"SVP (BIC)",0.8,0.5,0.615384615384615,5,0.0379899140619258
"rand1",1.3,43,"PELT",0.666666666666667,0.5,0.571428571428572,6,0.0303613648355972
"rand1",1.3,43,"SVP",0.666666666666667,0.5,0.571428571428572,6,0.0303613648355972
"rand1",1.3,43,"SVP (BIC)",0.8,0.5,0.615384615384615,5,0.0379899140619258
"rand1",1.3,44,"PELT",0.666666666666667,0.5,0.571428571428572,6,0.0303613648355972
"rand1",1.3,44,"SVP",0.666666666666667,0.5,0.571428571428572,6,0.0303613648355972
"rand1",1.3,44,"SVP (BIC)",0.8,0.5,0.615384615384615,5,0.0379899140619258
"rand1",1.3,45,"PELT",0.666666666666667,0.5,0.571428571428572,6,0.0303613648355972
"rand1",1.3,45,"SVP",0.666666666666667,0.5,0.571428571428572,6,0.0303613648355972
"rand1",1.3,45,"SVP (BIC)",0.8,0.5,0.615384615384615,5,0.0379899140619258
"rand1",1.3,46,"PELT",0.666666666666667,0.5,0.571428571428572,6,0.0303613648355972
"rand1",1.3,46,"SVP",0.666666666666667,0.5,0.571428571428572,6,0.0303613648355972
"rand1",1.3,46,"SVP (BIC)",0.8,0.5,0.615384615384615,5,0.0379899140619258
"rand1",1.3,47,"PELT",0.666666666666667,0.5,0.571428571428572,6,0.0303613648355972
"rand1",1.3,47,"SVP",0.666666666666667,0.5,0.571428571428572,6,0.0303613648355972
"rand1",1.3,47,"SVP (BIC)",0.8,0.5,0.615384615384615,5,0.0379899140619258
"rand1",1.3,48,"PELT",0.666666666666667,0.5,0.571428571428572,6,0.0303613648355972
"rand1",1.3,48,"SVP",0.666666666666667,0.5,0.571428571428572,6,0.0303613648355972
"rand1",1.3,48,"SVP (BIC)",0.8,0.5,0.615384615384615,5,0.0379899140619258
"rand1",1.3,49,"PELT",0.666666666666667,0.5,0.571428571428572,6,0.0303613648355972
"rand1",1.3,49,"SVP",0.666666666666667,0.5,0.571428571428572,6,0.0303613648355972
"rand1",1.3,49,"SVP (BIC)",0.8,0.5,0.615384615384615,5,0.0379899140619258
"rand1",1.3,50,"PELT",0.666666666666667,0.5,0.571428571428572,6,0.0303613648355972
"rand1",1.3,50,"SVP",0.666666666666667,0.5,0.571428571428572,6,0.0303613648355972
"rand1",1.3,50,"SVP (BIC)",0.8,0.5,0.615384615384615,5,0.0379899140619258
"none",1.4,1,"PELT",1,1,1,1,0.00286905662678326
"none",1.4,1,"SVP",1,1,1,1,0.00286905662678326
"none",1.4,1,"SVP (BIC)",1,1,1,1,0.00286905662678326
"none",1.4,2,"PELT",1,1,1,1,0.000139217939659672
"none",1.4,2,"SVP",1,1,1,1,0.000139217939659672
"none",1.4,2,"SVP (BIC)",1,1,1,1,0.000139217939659672
"none",1.4,3,"PELT",1,1,1,1,0.00145444711962892
"none",1.4,3,"SVP",1,1,1,1,0.00145444711962892
"none",1.4,3,"SVP (BIC)",1,1,1,1,0.00145444711962892
"none",1.4,4,"PELT",1,1,1,1,0.00355056617996071
"none",1.4,4,"SVP",1,1,1,1,0.00355056617996071
"none",1.4,4,"SVP (BIC)",1,1,1,1,0.00355056617996071
"none",1.4,5,"PELT",1,1,1,1,0.00638359548915746
"none",1.4,5,"SVP",1,1,1,1,0.00638359548915746
"none",1.4,5,"SVP (BIC)",1,1,1,1,0.00638359548915746
"none",1.4,6,"PELT",1,1,1,1,9.82833853340947e-05
"none",1.4,6,"SVP",1,1,1,1,9.82833853340947e-05
"none",1.4,6,"SVP (BIC)",1,1,1,1,9.82833853340947e-05
"none",1.4,7,"PELT",1,1,1,1,0.000101778084333712
"none",1.4,7,"SVP",1,1,1,1,0.000101778084333712
"none",1.4,7,"SVP (BIC)",1,1,1,1,0.000101778084333712
"none",1.4,8,"PELT",1,1,1,1,0.000106011930515682
"none",1.4,8,"SVP",1,1,1,1,0.000106011930515682
"none",1.4,8,"SVP (BIC)",1,1,1,1,0.000106011930515682
"none",1.4,9,"PELT",1,1,1,1,0.000780191703353744
"none",1.4,9,"SVP",1,1,1,1,0.000780191703353744
"none",1.4,9,"SVP (BIC)",1,1,1,1,0.000780191703353744
"none",1.4,10,"PELT",1,1,1,1,0.00144134393483981
"none",1.4,10,"SVP",1,1,1,1,0.00144134393483981
"none",1.4,10,"SVP (BIC)",1,1,1,1,0.00144134393483981
"none",1.4,11,"PELT",1,1,1,1,4.44911861831477e-05
"none",1.4,11,"SVP",1,1,1,1,4.44911861831477e-05
"none",1.4,11,"SVP (BIC)",1,1,1,1,4.44911861831477e-05
"none",1.4,12,"PELT",1,1,1,1,0.00016414451290588
"none",1.4,12,"SVP",1,1,1,1,0.00016414451290588
"none",1.4,12,"SVP (BIC)",1,1,1,1,0.00016414451290588
"none",1.4,13,"PELT",1,1,1,1,0.001645848298564
"none",1.4,13,"SVP",1,1,1,1,0.001645848298564
"none",1.4,13,"SVP (BIC)",1,1,1,1,0.001645848298564
"none",1.4,14,"PELT",1,1,1,1,0.000330811297908327
"none",1.4,14,"SVP",1,1,1,1,0.000330811297908327
"none",1.4,14,"SVP (BIC)",1,1,1,1,0.000330811297908327
"none",1.4,15,"PELT",1,1,1,1,8.19842033784657e-05
"none",1.4,15,"SVP",1,1,1,1,8.19842033784657e-05
"none",1.4,15,"SVP (BIC)",1,1,1,1,8.19842033784657e-05
"none",1.4,16,"PELT",1,1,1,1,7.09211930886204e-05
"none",1.4,16,"SVP",1,1,1,1,7.09211930886204e-05
"none",1.4,16,"SVP (BIC)",1,1,1,1,7.09211930886204e-05
"none",1.4,17,"PELT",1,1,1,1,0.0016770505680374
"none",1.4,17,"SVP",1,1,1,1,0.0016770505680374
"none",1.4,17,"SVP (BIC)",1,1,1,1,0.0016770505680374
"none",1.4,18,"PELT",1,1,1,1,0.000487565818471964
"none",1.4,18,"SVP",1,1,1,1,0.000487565818471964
"none",1.4,18,"SVP (BIC)",1,1,1,1,0.000487565818471964
"none",1.4,19,"PELT",1,1,1,1,0.000714669654939389
"none",1.4,19,"SVP",1,1,1,1,0.000714669654939389
"none",1.4,19,"SVP (BIC)",1,1,1,1,0.000714669654939389
"none",1.4,20,"PELT",1,1,1,1,0.000689857248919409
"none",1.4,20,"SVP",1,1,1,1,0.000689857248919409
"none",1.4,20,"SVP (BIC)",1,1,1,1,0.000689857248919409
"none",1.4,21,"PELT",1,1,1,1,7.41074623400758e-05
"none",1.4,21,"SVP",1,1,1,1,7.41074623400758e-05
"none",1.4,21,"SVP (BIC)",1,1,1,1,7.41074623400758e-05
"none",1.4,22,"PELT",1,1,1,1,0.000738599050940673
"none",1.4,22,"SVP",1,1,1,1,0.000738599050940673
"none",1.4,22,"SVP (BIC)",1,1,1,1,0.000738599050940673
"none",1.4,23,"PELT",1,1,1,1,0.000190013382510167
"none",1.4,23,"SVP",1,1,1,1,0.000190013382510167
"none",1.4,23,"SVP (BIC)",1,1,1,1,0.000190013382510167
"none",1.4,24,"PELT",1,1,1,1,0.000212704043554363
"none",1.4,24,"SVP",1,1,1,1,0.000212704043554363
"none",1.4,24,"SVP (BIC)",1,1,1,1,0.000212704043554363
"none",1.4,25,"PELT",1,1,1,1,0.00188831631633214
"none",1.4,25,"SVP",1,1,1,1,0.00188831631633214
"none",1.4,25,"SVP (BIC)",1,1,1,1,0.00188831631633214
"none",1.4,26,"PELT",1,1,1,1,0.000315630834952147
"none",1.4,26,"SVP",1,1,1,1,0.000315630834952147
"none",1.4,26,"SVP (BIC)",1,1,1,1,0.000315630834952147
"none",1.4,27,"PELT",1,1,1,1,2.97318188961315e-05
"none",1.4,27,"SVP",1,1,1,1,2.97318188961315e-05
"none",1.4,27,"SVP (BIC)",1,1,1,1,2.97318188961315e-05
"none",1.4,28,"PELT",1,1,1,1,0.00151607135729778
"none",1.4,28,"SVP",1,1,1,1,0.00151607135729778
"none",1.4,28,"SVP (BIC)",1,1,1,1,0.00151607135729778
"none",1.4,29,"PELT",1,1,1,1,0.000230660673803746
"none",1.4,29,"SVP",1,1,1,1,0.000230660673803746
"none",1.4,29,"SVP (BIC)",1,1,1,1,0.000230660673803746
"none",1.4,30,"PELT",1,1,1,1,7.48274814103084e-05
"none",1.4,30,"SVP",1,1,1,1,7.48274814103084e-05
"none",1.4,30,"SVP (BIC)",1,1,1,1,7.48274814103084e-05
"none",1.4,31,"PELT",1,1,1,1,4.02780086284917e-05
"none",1.4,31,"SVP",1,1,1,1,4.02780086284917e-05
"none",1.4,31,"SVP (BIC)",1,1,1,1,4.02780086284917e-05
"none",1.4,32,"PELT",1,1,1,1,3.66604688269781e-06
"none",1.4,32,"SVP",1,1,1,1,3.66604688269781e-06
"none",1.4,32,"SVP (BIC)",1,1,1,1,3.66604688269781e-06
"none",1.4,33,"PELT",1,1,1,1,0.00349075652998018
"none",1.4,33,"SVP",1,1,1,1,0.00349075652998018
"none",1.4,33,"SVP (BIC)",1,1,1,1,0.00349075652998018
"none",1.4,34,"PELT",1,1,1,1,8.75945870616308e-06
"none",1.4,34,"SVP",1,1,1,1,8.75945870616308e-06
"none",1.4,34,"SVP (BIC)",1,1,1,1,8.75945870616308e-06
"none",1.4,35,"PELT",1,1,1,1,1.27256281048556e-05
"none",1.4,35,"SVP",1,1,1,1,1.27256281048556e-05
"none",1.4,35,"SVP (BIC)",1,1,1,1,1.27256281048556e-05
"none",1.4,36,"PELT",1,1,1,1,0.000100671301667448
"none",1.4,36,"SVP",1,1,1,1,0.000100671301667448
"none",1.4,36,"SVP (BIC)",1,1,1,1,0.000100671301667448
"none",1.4,37,"PELT",1,1,1,1,0.00015830049966995
"none",1.4,37,"SVP",1,1,1,1,0.00015830049966995
"none",1.4,37,"SVP (BIC)",1,1,1,1,0.00015830049966995
"none",1.4,38,"PELT",1,1,1,1,1.07796341590353e-06
"none",1.4,38,"SVP",1,1,1,1,1.07796341590353e-06
"none",1.4,38,"SVP (BIC)",1,1,1,1,1.07796341590353e-06
"none",1.4,39,"PELT",0.333333333333333,1,0.5,3,0.028698475156461
"none",1.4,39,"SVP",0.5,1,0.666666666666667,2,0.00450665247312769
"none",1.4,39,"SVP (BIC)",1,1,1,1,7.9280384446377e-06
"none",1.4,40,"PELT",1,1,1,1,0.000300452723914466
"none",1.4,40,"SVP",1,1,1,1,0.000300452723914466
"none",1.4,40,"SVP (BIC)",1,1,1,1,0.000300452723914466
"none",1.4,41,"PELT",1,1,1,1,0.00344753881757621
"none",1.4,41,"SVP",1,1,1,1,0.00344753881757621
"none",1.4,41,"SVP (BIC)",1,1,1,1,0.00344753881757621
"none",1.4,42,"PELT",1,1,1,1,2.36212411276281e-05
"none",1.4,42,"SVP",1,1,1,1,2.36212411276281e-05
"none",1.4,42,"SVP (BIC)",1,1,1,1,2.36212411276281e-05
"none",1.4,43,"PELT",1,1,1,1,0.00428189306921664
"none",1.4,43,"SVP",1,1,1,1,0.00428189306921664
"none",1.4,43,"SVP (BIC)",1,1,1,1,0.00428189306921664
"none",1.4,44,"PELT",1,1,1,1,0.00192883820092868
"none",1.4,44,"SVP",1,1,1,1,0.00192883820092868
"none",1.4,44,"SVP (BIC)",1,1,1,1,0.00192883820092868
"none",1.4,45,"PELT",1,1,1,1,0.00327534869915401
"none",1.4,45,"SVP",1,1,1,1,0.00327534869915401
"none",1.4,45,"SVP (BIC)",1,1,1,1,0.00327534869915401
"none",1.4,46,"PELT",1,1,1,1,6.77344107669128e-05
"none",1.4,46,"SVP",1,1,1,1,6.77344107669128e-05
"none",1.4,46,"SVP (BIC)",1,1,1,1,6.77344107669128e-05
"none",1.4,47,"PELT",1,1,1,1,0.00143677020722782
"none",1.4,47,"SVP",1,1,1,1,0.00143677020722782
"none",1.4,47,"SVP (BIC)",1,1,1,1,0.00143677020722782
"none",1.4,48,"PELT",1,1,1,1,1.26452858886349e-05
"none",1.4,48,"SVP",1,1,1,1,1.26452858886349e-05
"none",1.4,48,"SVP (BIC)",1,1,1,1,1.26452858886349e-05
"none",1.4,49,"PELT",1,1,1,1,1.42246810094112e-06
"none",1.4,49,"SVP",1,1,1,1,1.42246810094112e-06
"none",1.4,49,"SVP (BIC)",1,1,1,1,1.42246810094112e-06
"none",1.4,50,"PELT",1,1,1,1,0.000702665556832753
"none",1.4,50,"SVP",1,1,1,1,0.000702665556832753
"none",1.4,50,"SVP (BIC)",1,1,1,1,0.000702665556832753
"up",1.4,1,"PELT",1,1,1,8,0.015946384210438
"up",1.4,1,"SVP",1,1,1,8,0.015946384210438
"up",1.4,1,"SVP (BIC)",1,1,1,8,0.015946384210438
"up",1.4,2,"PELT",1,1,1,8,0.0142777892570317
"up",1.4,2,"SVP",1,1,1,8,0.0142777892570317
"up",1.4,2,"SVP (BIC)",1,1,1,8,0.0142777892570317
"up",1.4,3,"PELT",0.875,0.875,0.875,8,0.0218263607585113
"up",1.4,3,"SVP",0.875,0.875,0.875,8,0.0218263607585113
"up",1.4,3,"SVP (BIC)",0.875,0.875,0.875,8,0.0218263607585113
"up",1.4,4,"PELT",1,1,1,8,0.0126113874303895
"up",1.4,4,"SVP",1,1,1,8,0.0126113874303895
"up",1.4,4,"SVP (BIC)",1,1,1,8,0.0126113874303895
"up",1.4,5,"PELT",0.875,0.875,0.875,8,0.033576942870001
"up",1.4,5,"SVP",0.875,0.875,0.875,8,0.033576942870001
"up",1.4,5,"SVP (BIC)",0.875,0.875,0.875,8,0.033576942870001
"up",1.4,6,"PELT",0.875,0.875,0.875,8,0.0159890182109389
"up",1.4,6,"SVP",0.875,0.875,0.875,8,0.0159890182109389
"up",1.4,6,"SVP (BIC)",0.875,0.875,0.875,8,0.0159890182109389
"up",1.4,7,"PELT",0.75,0.75,0.75,8,0.0462138155262117
"up",1.4,7,"SVP",0.75,0.75,0.75,8,0.0462138155262117
"up",1.4,7,"SVP (BIC)",0.75,0.75,0.75,8,0.0462138155262117
"up",1.4,8,"PELT",0.75,0.75,0.75,8,0.027358941771196
"up",1.4,8,"SVP",0.75,0.75,0.75,8,0.027358941771196
"up",1.4,8,"SVP (BIC)",0.75,0.75,0.75,8,0.027358941771196
"up",1.4,9,"PELT",0.75,0.75,0.75,8,0.0281888153177235
"up",1.4,9,"SVP",0.75,0.75,0.75,8,0.0281888153177235
"up",1.4,9,"SVP (BIC)",0.75,0.75,0.75,8,0.0281888153177235
"up",1.4,10,"PELT",0.75,0.75,0.75,8,0.0344851666648573
"up",1.4,10,"SVP",0.75,0.75,0.75,8,0.0344851666648573
"up",1.4,10,"SVP (BIC)",0.75,0.75,0.75,8,0.0344851666648573
"up",1.4,11,"PELT",0.875,0.875,0.875,8,0.0250132951709626
"up",1.4,11,"SVP",0.875,0.875,0.875,8,0.0250132951709626
"up",1.4,11,"SVP (BIC)",0.875,0.875,0.875,8,0.0250132951709626
"up",1.4,12,"PELT",0.625,0.625,0.625,8,0.0410988099255759
"up",1.4,12,"SVP",0.625,0.625,0.625,8,0.0410988099255759
"up",1.4,12,"SVP (BIC)",0.625,0.625,0.625,8,0.0410988099255759
"up",1.4,13,"PELT",1,1,1,8,0.0156856456212884
"up",1.4,13,"SVP",1,1,1,8,0.0156856456212884
"up",1.4,13,"SVP (BIC)",1,1,1,8,0.0156856456212884
"up",1.4,14,"PELT",0.888888888888889,1,0.941176470588235,9,0.0325361284131872
"up",1.4,14,"SVP",1,1,1,8,0.0190683882096417
"up",1.4,14,"SVP (BIC)",1,1,1,8,0.0190683882096417
"up",1.4,15,"PELT",1,1,1,8,0.0273923500065402
"up",1.4,15,"SVP",1,1,1,8,0.0273923500065402
"up",1.4,15,"SVP (BIC)",1,1,1,8,0.0273923500065402
"up",1.4,16,"PELT",0.875,0.875,0.875,8,0.0267760298225056
"up",1.4,16,"SVP",0.875,0.875,0.875,8,0.0267760298225056
"up",1.4,16,"SVP (BIC)",0.875,0.875,0.875,8,0.0267760298225056
"up",1.4,17,"PELT",0.875,0.875,0.875,8,0.0319756620169358
"up",1.4,17,"SVP",0.875,0.875,0.875,8,0.0319756620169358
"up",1.4,17,"SVP (BIC)",0.875,0.875,0.875,8,0.0319756620169358
"up",1.4,18,"PELT",0.888888888888889,1,0.941176470588235,9,0.0347976676490118
"up",1.4,18,"SVP",1,1,1,8,0.0186710966417384
"up",1.4,18,"SVP (BIC)",1,1,1,8,0.0186710966417384
"up",1.4,19,"PELT",0.888888888888889,1,0.941176470588235,9,0.0384857057082693
"up",1.4,19,"SVP",1,1,1,8,0.0197088765315298
"up",1.4,19,"SVP (BIC)",1,1,1,8,0.0197088765315298
"up",1.4,20,"PELT",0.625,0.625,0.625,8,0.0385532717583497
"up",1.4,20,"SVP",0.625,0.625,0.625,8,0.0385532717583497
"up",1.4,20,"SVP (BIC)",0.625,0.625,0.625,8,0.0385532717583497
"up",1.4,21,"PELT",0.875,0.875,0.875,8,0.0188728033705817
"up",1.4,21,"SVP",0.875,0.875,0.875,8,0.0188728033705817
"up",1.4,21,"SVP (BIC)",0.875,0.875,0.875,8,0.0188728033705817
"up",1.4,22,"PELT",0.75,0.75,0.75,8,0.0259168813057681
"up",1.4,22,"SVP",0.75,0.75,0.75,8,0.0259168813057681
"up",1.4,22,"SVP (BIC)",0.75,0.75,0.75,8,0.0259168813057681
"up",1.4,23,"PELT",0.875,0.875,0.875,8,0.0226947398631818
"up",1.4,23,"SVP",0.875,0.875,0.875,8,0.0226947398631818
"up",1.4,23,"SVP (BIC)",0.875,0.875,0.875,8,0.0226947398631818
"up",1.4,24,"PELT",0.875,0.875,0.875,8,0.0199902085396144
"up",1.4,24,"SVP",0.875,0.875,0.875,8,0.0199902085396144
"up",1.4,24,"SVP (BIC)",0.875,0.875,0.875,8,0.0199902085396144
"up",1.4,25,"PELT",0.875,0.875,0.875,8,0.0291456651224383
"up",1.4,25,"SVP",0.875,0.875,0.875,8,0.0291456651224383
"up",1.4,25,"SVP (BIC)",0.875,0.875,0.875,8,0.0291456651224383
"up",1.4,26,"PELT",0.875,0.875,0.875,8,0.0426290578846152
"up",1.4,26,"SVP",0.875,0.875,0.875,8,0.0426290578846152
"up",1.4,26,"SVP (BIC)",0.875,0.875,0.875,8,0.0426290578846152
"up",1.4,27,"PELT",0.875,0.875,0.875,8,0.0274691006833665
"up",1.4,27,"SVP",0.875,0.875,0.875,8,0.0274691006833665
"up",1.4,27,"SVP (BIC)",0.875,0.875,0.875,8,0.0274691006833665
"up",1.4,28,"PELT",0.875,0.875,0.875,8,0.0262113756780337
"up",1.4,28,"SVP",0.875,0.875,0.875,8,0.0262113756780337
"up",1.4,28,"SVP (BIC)",0.875,0.875,0.875,8,0.0262113756780337
"up",1.4,29,"PELT",0.875,0.875,0.875,8,0.0227515956984955
"up",1.4,29,"SVP",0.875,0.875,0.875,8,0.0227515956984955
"up",1.4,29,"SVP (BIC)",0.875,0.875,0.875,8,0.0227515956984955
"up",1.4,30,"PELT",0.875,0.875,0.875,8,0.0143426966234704
"up",1.4,30,"SVP",0.875,0.875,0.875,8,0.0143426966234704
"up",1.4,30,"SVP (BIC)",0.875,0.875,0.875,8,0.0143426966234704
"up",1.4,31,"PELT",0.875,0.875,0.875,8,0.0286533486396347
"up",1.4,31,"SVP",0.875,0.875,0.875,8,0.0286533486396347
"up",1.4,31,"SVP (BIC)",0.875,0.875,0.875,8,0.0286533486396347
"up",1.4,32,"PELT",0.75,0.75,0.75,8,0.0229291576536244
"up",1.4,32,"SVP",0.75,0.75,0.75,8,0.0229291576536244
"up",1.4,32,"SVP (BIC)",0.75,0.75,0.75,8,0.0229291576536244
"up",1.4,33,"PELT",1,1,1,8,0.027395148004436
"up",1.4,33,"SVP",1,1,1,8,0.027395148004436
"up",1.4,33,"SVP (BIC)",1,1,1,8,0.027395148004436
"up",1.4,34,"PELT",0.875,0.875,0.875,8,0.034864089849475
"up",1.4,34,"SVP",0.875,0.875,0.875,8,0.034864089849475
"up",1.4,34,"SVP (BIC)",0.875,0.875,0.875,8,0.034864089849475
"up",1.4,35,"PELT",0.875,0.875,0.875,8,0.0235335656956777
"up",1.4,35,"SVP",0.875,0.875,0.875,8,0.0235335656956777
"up",1.4,35,"SVP (BIC)",0.875,0.875,0.875,8,0.0235335656956777
"up",1.4,36,"PELT",0.625,0.625,0.625,8,0.0432909652194578
"up",1.4,36,"SVP",0.625,0.625,0.625,8,0.0432909652194578
"up",1.4,36,"SVP (BIC)",0.625,0.625,0.625,8,0.0432909652194578
"up",1.4,37,"PELT",0.875,0.875,0.875,8,0.0377674354997904
"up",1.4,37,"SVP",0.875,0.875,0.875,8,0.0377674354997904
"up",1.4,37,"SVP (BIC)",0.875,0.875,0.875,8,0.0377674354997904
"up",1.4,38,"PELT",0.625,0.625,0.625,8,0.0341281578893988
"up",1.4,38,"SVP",0.625,0.625,0.625,8,0.0341281578893988
"up",1.4,38,"SVP (BIC)",0.625,0.625,0.625,8,0.0341281578893988
"up",1.4,39,"PELT",0.75,0.75,0.75,8,0.028248825868958
"up",1.4,39,"SVP",0.75,0.75,0.75,8,0.028248825868958
"up",1.4,39,"SVP (BIC)",0.75,0.75,0.75,8,0.028248825868958
"up",1.4,40,"PELT",0.875,0.875,0.875,8,0.0134642710484807
"up",1.4,40,"SVP",0.875,0.875,0.875,8,0.0134642710484807
"up",1.4,40,"SVP (BIC)",0.875,0.875,0.875,8,0.0134642710484807
"up",1.4,41,"PELT",0.875,0.875,0.875,8,0.0183163851875242
"up",1.4,41,"SVP",0.777777777777778,0.875,0.823529411764706,9,0.0206087342990604
"up",1.4,41,"SVP (BIC)",0.875,0.875,0.875,8,0.0183163851875242
"up",1.4,42,"PELT",0.625,0.625,0.625,8,0.0336833562056069
"up",1.4,42,"SVP",0.625,0.625,0.625,8,0.0336833562056069
"up",1.4,42,"SVP (BIC)",0.625,0.625,0.625,8,0.0336833562056069
"up",1.4,43,"PELT",0.875,0.875,0.875,8,0.011431514308233
"up",1.4,43,"SVP",0.875,0.875,0.875,8,0.011431514308233
"up",1.4,43,"SVP (BIC)",0.875,0.875,0.875,8,0.011431514308233
"up",1.4,44,"PELT",0.875,0.875,0.875,8,0.0189764542261458
"up",1.4,44,"SVP",0.875,0.875,0.875,8,0.0189764542261458
"up",1.4,44,"SVP (BIC)",0.875,0.875,0.875,8,0.0189764542261458
"up",1.4,45,"PELT",0.875,0.875,0.875,8,0.0303568038979
"up",1.4,45,"SVP",0.875,0.875,0.875,8,0.0303568038979
"up",1.4,45,"SVP (BIC)",0.875,0.875,0.875,8,0.0303568038979
"up",1.4,46,"PELT",1,1,1,8,0.0141725362808356
"up",1.4,46,"SVP",1,1,1,8,0.0141725362808356
"up",1.4,46,"SVP (BIC)",1,1,1,8,0.0141725362808356
"up",1.4,47,"PELT",1,1,1,8,0.015289798879512
"up",1.4,47,"SVP",1,1,1,8,0.015289798879512
"up",1.4,47,"SVP (BIC)",1,1,1,8,0.015289798879512
"up",1.4,48,"PELT",0.75,0.75,0.75,8,0.0393275706365863
"up",1.4,48,"SVP",0.75,0.75,0.75,8,0.0393275706365863
"up",1.4,48,"SVP (BIC)",0.75,0.75,0.75,8,0.0393275706365863
"up",1.4,49,"PELT",1,1,1,8,0.019780579642473
"up",1.4,49,"SVP",1,1,1,8,0.019780579642473
"up",1.4,49,"SVP (BIC)",1,1,1,8,0.019780579642473
"up",1.4,50,"PELT",1,1,1,8,0.0215579028696175
"up",1.4,50,"SVP",1,1,1,8,0.0215579028696175
"up",1.4,50,"SVP (BIC)",1,1,1,8,0.0215579028696175
"updown",1.4,1,"PELT",1,1,1,8,0.00452568198238033
"updown",1.4,1,"SVP",1,1,1,8,0.00452568198238033
"updown",1.4,1,"SVP (BIC)",1,1,1,8,0.00452568198238033
"updown",1.4,2,"PELT",0.777777777777778,0.875,0.823529411764706,9,0.0377911545029999
"updown",1.4,2,"SVP",0.875,0.875,0.875,8,0.0167716260450678
"updown",1.4,2,"SVP (BIC)",0.875,0.875,0.875,8,0.0167716260450678
"updown",1.4,3,"PELT",0.875,0.875,0.875,8,0.0243590831559241
"updown",1.4,3,"SVP",0.875,0.875,0.875,8,0.0243590831559241
"updown",1.4,3,"SVP (BIC)",0.875,0.875,0.875,8,0.0243590831559241
"updown",1.4,4,"PELT",0.555555555555556,0.625,0.588235294117647,9,0.0685129877591207
"updown",1.4,4,"SVP",0.625,0.625,0.625,8,0.0633301368925204
"updown",1.4,4,"SVP (BIC)",0.625,0.625,0.625,8,0.0633301368925204
"updown",1.4,5,"PELT",0.625,0.625,0.625,8,0.0328785018204334
"updown",1.4,5,"SVP",0.625,0.625,0.625,8,0.0328785018204334
"updown",1.4,5,"SVP (BIC)",0.625,0.625,0.625,8,0.0328785018204334
"updown",1.4,6,"PELT",0.875,0.875,0.875,8,0.0229193625229962
"updown",1.4,6,"SVP",0.875,0.875,0.875,8,0.0229193625229962
"updown",1.4,6,"SVP (BIC)",0.875,0.875,0.875,8,0.0229193625229962
"updown",1.4,7,"PELT",0.875,0.875,0.875,8,0.032384196093601
"updown",1.4,7,"SVP",0.875,0.875,0.875,8,0.032384196093601
"updown",1.4,7,"SVP (BIC)",0.875,0.875,0.875,8,0.032384196093601
"updown",1.4,8,"PELT",0.875,0.875,0.875,8,0.0294633706923866
"updown",1.4,8,"SVP",0.875,0.875,0.875,8,0.0294633706923866
"updown",1.4,8,"SVP (BIC)",0.875,0.875,0.875,8,0.0294633706923866
"updown",1.4,9,"PELT",0.875,0.875,0.875,8,0.0253301296745044
"updown",1.4,9,"SVP",0.875,0.875,0.875,8,0.0253301296745044
"updown",1.4,9,"SVP (BIC)",0.875,0.875,0.875,8,0.0253301296745044
"updown",1.4,10,"PELT",1,1,1,8,0.0101141003622765
"updown",1.4,10,"SVP",1,1,1,8,0.0101141003622765
"updown",1.4,10,"SVP (BIC)",1,1,1,8,0.0101141003622765
"updown",1.4,11,"PELT",1,1,1,8,0.0138335266634247
"updown",1.4,11,"SVP",1,1,1,8,0.0138335266634247
"updown",1.4,11,"SVP (BIC)",1,1,1,8,0.0138335266634247
"updown",1.4,12,"PELT",1,1,1,8,0.0146811533086986
"updown",1.4,12,"SVP",1,1,1,8,0.0146811533086986
"updown",1.4,12,"SVP (BIC)",1,1,1,8,0.0146811533086986
"updown",1.4,13,"PELT",0.625,0.625,0.625,8,0.0464641686571871
"updown",1.4,13,"SVP",0.625,0.625,0.625,8,0.0464641686571871
"updown",1.4,13,"SVP (BIC)",0.625,0.625,0.625,8,0.0464641686571871
"updown",1.4,14,"PELT",1,1,1,8,0.0210192257535175
"updown",1.4,14,"SVP",1,1,1,8,0.0210192257535175
"updown",1.4,14,"SVP (BIC)",1,1,1,8,0.0210192257535175
"updown",1.4,15,"PELT",0.875,0.875,0.875,8,0.0355696537148048
"updown",1.4,15,"SVP",0.875,0.875,0.875,8,0.0355696537148048
"updown",1.4,15,"SVP (BIC)",0.875,0.875,0.875,8,0.0355696537148048
"updown",1.4,16,"PELT",0.875,0.875,0.875,8,0.0316356417661655
"updown",1.4,16,"SVP",0.875,0.875,0.875,8,0.0316356417661655
"updown",1.4,16,"SVP (BIC)",0.875,0.875,0.875,8,0.0316356417661655
"updown",1.4,17,"PELT",0.75,0.75,0.75,8,0.0241348258594462
"updown",1.4,17,"SVP",0.75,0.75,0.75,8,0.0241348258594462
"updown",1.4,17,"SVP (BIC)",0.75,0.75,0.75,8,0.0241348258594462
"updown",1.4,18,"PELT",0.555555555555556,0.625,0.588235294117647,9,0.0542041725914961
"updown",1.4,18,"SVP",0.625,0.625,0.625,8,0.0355701302190758
"updown",1.4,18,"SVP (BIC)",0.625,0.625,0.625,8,0.0355701302190758
"updown",1.4,19,"PELT",1,1,1,8,0.0165884434008628
"updown",1.4,19,"SVP",1,1,1,8,0.0165884434008628
"updown",1.4,19,"SVP (BIC)",1,1,1,8,0.0165884434008628
"updown",1.4,20,"PELT",0.875,0.875,0.875,8,0.0228411054778809
"updown",1.4,20,"SVP",0.875,0.875,0.875,8,0.0228411054778809
"updown",1.4,20,"SVP (BIC)",0.875,0.875,0.875,8,0.0228411054778809
"updown",1.4,21,"PELT",1,1,1,8,0.0274194762280596
"updown",1.4,21,"SVP",1,1,1,8,0.0274194762280596
"updown",1.4,21,"SVP (BIC)",1,1,1,8,0.0274194762280596
"updown",1.4,22,"PELT",0.875,0.875,0.875,8,0.0266939086406248
"updown",1.4,22,"SVP",0.875,0.875,0.875,8,0.0266939086406248
"updown",1.4,22,"SVP (BIC)",0.875,0.875,0.875,8,0.0266939086406248
"updown",1.4,23,"PELT",0.875,0.875,0.875,8,0.0226591829735301
"updown",1.4,23,"SVP",0.875,0.875,0.875,8,0.0226591829735301
"updown",1.4,23,"SVP (BIC)",0.875,0.875,0.875,8,0.0226591829735301
"updown",1.4,24,"PELT",1,1,1,8,0.0148521563998656
"updown",1.4,24,"SVP",1,1,1,8,0.0148521563998656
"updown",1.4,24,"SVP (BIC)",1,1,1,8,0.0148521563998656
"updown",1.4,25,"PELT",1,1,1,8,0.0116275951335841
"updown",1.4,25,"SVP",1,1,1,8,0.0116275951335841
"updown",1.4,25,"SVP (BIC)",1,1,1,8,0.0116275951335841
"updown",1.4,26,"PELT",0.875,0.875,0.875,8,0.021584847107281
"updown",1.4,26,"SVP",0.875,0.875,0.875,8,0.021584847107281
"updown",1.4,26,"SVP (BIC)",0.875,0.875,0.875,8,0.021584847107281
"updown",1.4,27,"PELT",0.875,0.875,0.875,8,0.0175581052437237
"updown",1.4,27,"SVP",0.875,0.875,0.875,8,0.0175581052437237
"updown",1.4,27,"SVP (BIC)",0.875,0.875,0.875,8,0.0175581052437237
"updown",1.4,28,"PELT",0.777777777777778,0.875,0.823529411764706,9,0.0435588023853705
"updown",1.4,28,"SVP",1,1,1,8,0.0186995540320412
"updown",1.4,28,"SVP (BIC)",1,1,1,8,0.0186995540320412
"updown",1.4,29,"PELT",0.75,0.75,0.75,8,0.0281055851400738
"updown",1.4,29,"SVP",0.75,0.75,0.75,8,0.0281055851400738
"updown",1.4,29,"SVP (BIC)",0.75,0.75,0.75,8,0.0281055851400738
"updown",1.4,30,"PELT",0.875,0.875,0.875,8,0.026555120629824
"updown",1.4,30,"SVP",0.875,0.875,0.875,8,0.026555120629824
"updown",1.4,30,"SVP (BIC)",0.875,0.875,0.875,8,0.026555120629824
"updown",1.4,31,"PELT",0.875,0.875,0.875,8,0.0138238554544656
"updown",1.4,31,"SVP",0.875,0.875,0.875,8,0.0138238554544656
"updown",1.4,31,"SVP (BIC)",0.875,0.875,0.875,8,0.0138238554544656
"updown",1.4,32,"PELT",0.75,0.75,0.75,8,0.0486605341411174
"updown",1.4,32,"SVP",0.75,0.75,0.75,8,0.0486605341411174
"updown",1.4,32,"SVP (BIC)",0.75,0.75,0.75,8,0.0486605341411174
"updown",1.4,33,"PELT",0.875,0.875,0.875,8,0.0183439831794844
"updown",1.4,33,"SVP",0.875,0.875,0.875,8,0.0183439831794844
"updown",1.4,33,"SVP (BIC)",0.875,0.875,0.875,8,0.0183439831794844
"updown",1.4,34,"PELT",0.777777777777778,0.875,0.823529411764706,9,0.034039376965812
"updown",1.4,34,"SVP",0.875,0.875,0.875,8,0.0192856070188535
"updown",1.4,34,"SVP (BIC)",0.875,0.875,0.875,8,0.0192856070188535
"updown",1.4,35,"PELT",0.875,0.875,0.875,8,0.0267406668948657
"updown",1.4,35,"SVP",0.875,0.875,0.875,8,0.0267406668948657
"updown",1.4,35,"SVP (BIC)",0.875,0.875,0.875,8,0.0267406668948657
"updown",1.4,36,"PELT",0.375,0.375,0.375,8,0.0676079097703808
"updown",1.4,36,"SVP",0.375,0.375,0.375,8,0.0676079097703808
"updown",1.4,36,"SVP (BIC)",0.375,0.375,0.375,8,0.0676079097703808
"updown",1.4,37,"PELT",0.75,0.75,0.75,8,0.0425218571171409
"updown",1.4,37,"SVP",0.75,0.75,0.75,8,0.0425218571171409
"updown",1.4,37,"SVP (BIC)",0.75,0.75,0.75,8,0.0425218571171409
"updown",1.4,38,"PELT",0.875,0.875,0.875,8,0.0336421766034486
"updown",1.4,38,"SVP",0.875,0.875,0.875,8,0.0336421766034486
"updown",1.4,38,"SVP (BIC)",0.875,0.875,0.875,8,0.0336421766034486
"updown",1.4,39,"PELT",0.875,0.875,0.875,8,0.0203586164532057
"updown",1.4,39,"SVP",0.875,0.875,0.875,8,0.0203586164532057
"updown",1.4,39,"SVP (BIC)",0.875,0.875,0.875,8,0.0203586164532057
"updown",1.4,40,"PELT",0.875,0.875,0.875,8,0.00884388702366137
"updown",1.4,40,"SVP",0.875,0.875,0.875,8,0.00884388702366137
"updown",1.4,40,"SVP (BIC)",0.875,0.875,0.875,8,0.00884388702366137
"updown",1.4,41,"PELT",0.875,0.875,0.875,8,0.0175547689314538
"updown",1.4,41,"SVP",0.875,0.875,0.875,8,0.0175547689314538
"updown",1.4,41,"SVP (BIC)",0.875,0.875,0.875,8,0.0175547689314538
"updown",1.4,42,"PELT",0.625,0.625,0.625,8,0.0450927123215324
"updown",1.4,42,"SVP",0.625,0.625,0.625,8,0.0450927123215324
"updown",1.4,42,"SVP (BIC)",0.625,0.625,0.625,8,0.0450927123215324
"updown",1.4,43,"PELT",0.75,0.75,0.75,8,0.025627103843494
"updown",1.4,43,"SVP",0.75,0.75,0.75,8,0.025627103843494
"updown",1.4,43,"SVP (BIC)",0.75,0.75,0.75,8,0.025627103843494
"updown",1.4,44,"PELT",0.625,0.625,0.625,8,0.0630668692264746
"updown",1.4,44,"SVP",0.625,0.625,0.625,8,0.0630668692264746
"updown",1.4,44,"SVP (BIC)",0.625,0.625,0.625,8,0.0630668692264746
"updown",1.4,45,"PELT",0.875,0.875,0.875,8,0.0175445706125994
"updown",1.4,45,"SVP",0.875,0.875,0.875,8,0.0175445706125994
"updown",1.4,45,"SVP (BIC)",0.875,0.875,0.875,8,0.0175445706125994
"updown",1.4,46,"PELT",0.75,0.75,0.75,8,0.0193945426808466
"updown",1.4,46,"SVP",0.75,0.75,0.75,8,0.0193945426808466
"updown",1.4,46,"SVP (BIC)",0.75,0.75,0.75,8,0.0193945426808466
"updown",1.4,47,"PELT",0.625,0.625,0.625,8,0.0524925982590947
"updown",1.4,47,"SVP",0.75,0.75,0.75,8,0.0339739892048799
"updown",1.4,47,"SVP (BIC)",0.625,0.625,0.625,8,0.0524925982590947
"updown",1.4,48,"PELT",0.875,0.875,0.875,8,0.0210007330651176
"updown",1.4,48,"SVP",0.875,0.875,0.875,8,0.0210007330651176
"updown",1.4,48,"SVP (BIC)",0.875,0.875,0.875,8,0.0210007330651176
"updown",1.4,49,"PELT",0.75,0.75,0.75,8,0.0426042050482642
"updown",1.4,49,"SVP",0.75,0.75,0.75,8,0.0426042050482642
"updown",1.4,49,"SVP (BIC)",0.75,0.75,0.75,8,0.0426042050482642
"updown",1.4,50,"PELT",0.875,0.875,0.875,8,0.0209393391763003
"updown",1.4,50,"SVP",0.875,0.875,0.875,8,0.0209393391763003
"updown",1.4,50,"SVP (BIC)",0.875,0.875,0.875,8,0.0209393391763003
"rand1",1.4,1,"PELT",0.666666666666667,0.5,0.571428571428572,6,0.0312242295129438
"rand1",1.4,1,"SVP",0.666666666666667,0.5,0.571428571428572,6,0.0312242295129438
"rand1",1.4,1,"SVP (BIC)",0.8,0.5,0.615384615384615,5,0.0403730510731682
"rand1",1.4,2,"PELT",0.666666666666667,0.5,0.571428571428572,6,0.0312242295129438
"rand1",1.4,2,"SVP",0.666666666666667,0.5,0.571428571428572,6,0.0312242295129438
"rand1",1.4,2,"SVP (BIC)",0.8,0.5,0.615384615384615,5,0.0403730510731682
"rand1",1.4,3,"PELT",0.666666666666667,0.5,0.571428571428572,6,0.0312242295129438
"rand1",1.4,3,"SVP",0.666666666666667,0.5,0.571428571428572,6,0.0312242295129438
"rand1",1.4,3,"SVP (BIC)",0.8,0.5,0.615384615384615,5,0.0403730510731682
"rand1",1.4,4,"PELT",0.666666666666667,0.5,0.571428571428572,6,0.0312242295129438
"rand1",1.4,4,"SVP",0.666666666666667,0.5,0.571428571428572,6,0.0312242295129438
"rand1",1.4,4,"SVP (BIC)",0.8,0.5,0.615384615384615,5,0.0403730510731682
"rand1",1.4,5,"PELT",0.666666666666667,0.5,0.571428571428572,6,0.0312242295129438
"rand1",1.4,5,"SVP",0.666666666666667,0.5,0.571428571428572,6,0.0312242295129438
"rand1",1.4,5,"SVP (BIC)",0.8,0.5,0.615384615384615,5,0.0403730510731682
"rand1",1.4,6,"PELT",0.666666666666667,0.5,0.571428571428572,6,0.0312242295129438
"rand1",1.4,6,"SVP",0.666666666666667,0.5,0.571428571428572,6,0.0312242295129438
"rand1",1.4,6,"SVP (BIC)",0.8,0.5,0.615384615384615,5,0.0403730510731682
"rand1",1.4,7,"PELT",0.666666666666667,0.5,0.571428571428572,6,0.0312242295129438
"rand1",1.4,7,"SVP",0.666666666666667,0.5,0.571428571428572,6,0.0312242295129438
"rand1",1.4,7,"SVP (BIC)",0.8,0.5,0.615384615384615,5,0.0403730510731682
"rand1",1.4,8,"PELT",0.666666666666667,0.5,0.571428571428572,6,0.0312242295129438
"rand1",1.4,8,"SVP",0.666666666666667,0.5,0.571428571428572,6,0.0312242295129438
"rand1",1.4,8,"SVP (BIC)",0.8,0.5,0.615384615384615,5,0.0403730510731682
"rand1",1.4,9,"PELT",0.666666666666667,0.5,0.571428571428572,6,0.0312242295129438
"rand1",1.4,9,"SVP",0.666666666666667,0.5,0.571428571428572,6,0.0312242295129438
"rand1",1.4,9,"SVP (BIC)",0.8,0.5,0.615384615384615,5,0.0403730510731682
"rand1",1.4,10,"PELT",0.666666666666667,0.5,0.571428571428572,6,0.0312242295129438
"rand1",1.4,10,"SVP",0.666666666666667,0.5,0.571428571428572,6,0.0312242295129438
"rand1",1.4,10,"SVP (BIC)",0.8,0.5,0.615384615384615,5,0.0403730510731682
"rand1",1.4,11,"PELT",0.666666666666667,0.5,0.571428571428572,6,0.0312242295129438
"rand1",1.4,11,"SVP",0.666666666666667,0.5,0.571428571428572,6,0.0312242295129438
"rand1",1.4,11,"SVP (BIC)",0.8,0.5,0.615384615384615,5,0.0403730510731682
"rand1",1.4,12,"PELT",0.666666666666667,0.5,0.571428571428572,6,0.0312242295129438
"rand1",1.4,12,"SVP",0.666666666666667,0.5,0.571428571428572,6,0.0312242295129438
"rand1",1.4,12,"SVP (BIC)",0.8,0.5,0.615384615384615,5,0.0403730510731682
"rand1",1.4,13,"PELT",0.666666666666667,0.5,0.571428571428572,6,0.0312242295129438
"rand1",1.4,13,"SVP",0.666666666666667,0.5,0.571428571428572,6,0.0312242295129438
"rand1",1.4,13,"SVP (BIC)",0.8,0.5,0.615384615384615,5,0.0403730510731682
"rand1",1.4,14,"PELT",0.666666666666667,0.5,0.571428571428572,6,0.0312242295129438
"rand1",1.4,14,"SVP",0.666666666666667,0.5,0.571428571428572,6,0.0312242295129438
"rand1",1.4,14,"SVP (BIC)",0.8,0.5,0.615384615384615,5,0.0403730510731682
"rand1",1.4,15,"PELT",0.666666666666667,0.5,0.571428571428572,6,0.0312242295129438
"rand1",1.4,15,"SVP",0.666666666666667,0.5,0.571428571428572,6,0.0312242295129438
"rand1",1.4,15,"SVP (BIC)",0.8,0.5,0.615384615384615,5,0.0403730510731682
"rand1",1.4,16,"PELT",0.666666666666667,0.5,0.571428571428572,6,0.0312242295129438
"rand1",1.4,16,"SVP",0.666666666666667,0.5,0.571428571428572,6,0.0312242295129438
"rand1",1.4,16,"SVP (BIC)",0.8,0.5,0.615384615384615,5,0.0403730510731682
"rand1",1.4,17,"PELT",0.666666666666667,0.5,0.571428571428572,6,0.0312242295129438
"rand1",1.4,17,"SVP",0.666666666666667,0.5,0.571428571428572,6,0.0312242295129438
"rand1",1.4,17,"SVP (BIC)",0.8,0.5,0.615384615384615,5,0.0403730510731682
"rand1",1.4,18,"PELT",0.666666666666667,0.5,0.571428571428572,6,0.0312242295129438
"rand1",1.4,18,"SVP",0.666666666666667,0.5,0.571428571428572,6,0.0312242295129438
"rand1",1.4,18,"SVP (BIC)",0.8,0.5,0.615384615384615,5,0.0403730510731682
"rand1",1.4,19,"PELT",0.666666666666667,0.5,0.571428571428572,6,0.0312242295129438
"rand1",1.4,19,"SVP",0.666666666666667,0.5,0.571428571428572,6,0.0312242295129438
"rand1",1.4,19,"SVP (BIC)",0.8,0.5,0.615384615384615,5,0.0403730510731682
"rand1",1.4,20,"PELT",0.666666666666667,0.5,0.571428571428572,6,0.0312242295129438
"rand1",1.4,20,"SVP",0.666666666666667,0.5,0.571428571428572,6,0.0312242295129438
"rand1",1.4,20,"SVP (BIC)",0.8,0.5,0.615384615384615,5,0.0403730510731682
"rand1",1.4,21,"PELT",0.666666666666667,0.5,0.571428571428572,6,0.0312242295129438
"rand1",1.4,21,"SVP",0.666666666666667,0.5,0.571428571428572,6,0.0312242295129438
"rand1",1.4,21,"SVP (BIC)",0.8,0.5,0.615384615384615,5,0.0403730510731682
"rand1",1.4,22,"PELT",0.666666666666667,0.5,0.571428571428572,6,0.0312242295129438
"rand1",1.4,22,"SVP",0.666666666666667,0.5,0.571428571428572,6,0.0312242295129438
"rand1",1.4,22,"SVP (BIC)",0.8,0.5,0.615384615384615,5,0.0403730510731682
"rand1",1.4,23,"PELT",0.666666666666667,0.5,0.571428571428572,6,0.0312242295129438
"rand1",1.4,23,"SVP",0.666666666666667,0.5,0.571428571428572,6,0.0312242295129438
"rand1",1.4,23,"SVP (BIC)",0.8,0.5,0.615384615384615,5,0.0403730510731682
"rand1",1.4,24,"PELT",0.666666666666667,0.5,0.571428571428572,6,0.0312242295129438
"rand1",1.4,24,"SVP",0.666666666666667,0.5,0.571428571428572,6,0.0312242295129438
"rand1",1.4,24,"SVP (BIC)",0.8,0.5,0.615384615384615,5,0.0403730510731682
"rand1",1.4,25,"PELT",0.666666666666667,0.5,0.571428571428572,6,0.0312242295129438
"rand1",1.4,25,"SVP",0.666666666666667,0.5,0.571428571428572,6,0.0312242295129438
"rand1",1.4,25,"SVP (BIC)",0.8,0.5,0.615384615384615,5,0.0403730510731682
"rand1",1.4,26,"PELT",0.666666666666667,0.5,0.571428571428572,6,0.0312242295129438
"rand1",1.4,26,"SVP",0.666666666666667,0.5,0.571428571428572,6,0.0312242295129438
"rand1",1.4,26,"SVP (BIC)",0.8,0.5,0.615384615384615,5,0.0403730510731682
"rand1",1.4,27,"PELT",0.666666666666667,0.5,0.571428571428572,6,0.0312242295129438
"rand1",1.4,27,"SVP",0.666666666666667,0.5,0.571428571428572,6,0.0312242295129438
"rand1",1.4,27,"SVP (BIC)",0.8,0.5,0.615384615384615,5,0.0403730510731682
"rand1",1.4,28,"PELT",0.666666666666667,0.5,0.571428571428572,6,0.0312242295129438
"rand1",1.4,28,"SVP",0.666666666666667,0.5,0.571428571428572,6,0.0312242295129438
"rand1",1.4,28,"SVP (BIC)",0.8,0.5,0.615384615384615,5,0.0403730510731682
"rand1",1.4,29,"PELT",0.666666666666667,0.5,0.571428571428572,6,0.0312242295129438
"rand1",1.4,29,"SVP",0.666666666666667,0.5,0.571428571428572,6,0.0312242295129438
"rand1",1.4,29,"SVP (BIC)",0.8,0.5,0.615384615384615,5,0.0403730510731682
"rand1",1.4,30,"PELT",0.666666666666667,0.5,0.571428571428572,6,0.0312242295129438
"rand1",1.4,30,"SVP",0.666666666666667,0.5,0.571428571428572,6,0.0312242295129438
"rand1",1.4,30,"SVP (BIC)",0.8,0.5,0.615384615384615,5,0.0403730510731682
"rand1",1.4,31,"PELT",0.666666666666667,0.5,0.571428571428572,6,0.0312242295129438
"rand1",1.4,31,"SVP",0.666666666666667,0.5,0.571428571428572,6,0.0312242295129438
"rand1",1.4,31,"SVP (BIC)",0.8,0.5,0.615384615384615,5,0.0403730510731682
"rand1",1.4,32,"PELT",0.666666666666667,0.5,0.571428571428572,6,0.0312242295129438
"rand1",1.4,32,"SVP",0.666666666666667,0.5,0.571428571428572,6,0.0312242295129438
"rand1",1.4,32,"SVP (BIC)",0.8,0.5,0.615384615384615,5,0.0403730510731682
"rand1",1.4,33,"PELT",0.666666666666667,0.5,0.571428571428572,6,0.0312242295129438
"rand1",1.4,33,"SVP",0.666666666666667,0.5,0.571428571428572,6,0.0312242295129438
"rand1",1.4,33,"SVP (BIC)",0.8,0.5,0.615384615384615,5,0.0403730510731682
"rand1",1.4,34,"PELT",0.666666666666667,0.5,0.571428571428572,6,0.0312242295129438
"rand1",1.4,34,"SVP",0.666666666666667,0.5,0.571428571428572,6,0.0312242295129438
"rand1",1.4,34,"SVP (BIC)",0.8,0.5,0.615384615384615,5,0.0403730510731682
"rand1",1.4,35,"PELT",0.666666666666667,0.5,0.571428571428572,6,0.0312242295129438
"rand1",1.4,35,"SVP",0.666666666666667,0.5,0.571428571428572,6,0.0312242295129438
"rand1",1.4,35,"SVP (BIC)",0.8,0.5,0.615384615384615,5,0.0403730510731682
"rand1",1.4,36,"PELT",0.666666666666667,0.5,0.571428571428572,6,0.0312242295129438
"rand1",1.4,36,"SVP",0.666666666666667,0.5,0.571428571428572,6,0.0312242295129438
"rand1",1.4,36,"SVP (BIC)",0.8,0.5,0.615384615384615,5,0.0403730510731682
"rand1",1.4,37,"PELT",0.666666666666667,0.5,0.571428571428572,6,0.0312242295129438
"rand1",1.4,37,"SVP",0.666666666666667,0.5,0.571428571428572,6,0.0312242295129438
"rand1",1.4,37,"SVP (BIC)",0.8,0.5,0.615384615384615,5,0.0403730510731682
"rand1",1.4,38,"PELT",0.666666666666667,0.5,0.571428571428572,6,0.0312242295129438
"rand1",1.4,38,"SVP",0.666666666666667,0.5,0.571428571428572,6,0.0312242295129438
"rand1",1.4,38,"SVP (BIC)",0.8,0.5,0.615384615384615,5,0.0403730510731682
"rand1",1.4,39,"PELT",0.666666666666667,0.5,0.571428571428572,6,0.0312242295129438
"rand1",1.4,39,"SVP",0.666666666666667,0.5,0.571428571428572,6,0.0312242295129438
"rand1",1.4,39,"SVP (BIC)",0.8,0.5,0.615384615384615,5,0.0403730510731682
"rand1",1.4,40,"PELT",0.666666666666667,0.5,0.571428571428572,6,0.0312242295129438
"rand1",1.4,40,"SVP",0.666666666666667,0.5,0.571428571428572,6,0.0312242295129438
"rand1",1.4,40,"SVP (BIC)",0.8,0.5,0.615384615384615,5,0.0403730510731682
"rand1",1.4,41,"PELT",0.666666666666667,0.5,0.571428571428572,6,0.0312242295129438
"rand1",1.4,41,"SVP",0.666666666666667,0.5,0.571428571428572,6,0.0312242295129438
"rand1",1.4,41,"SVP (BIC)",0.8,0.5,0.615384615384615,5,0.0403730510731682
"rand1",1.4,42,"PELT",0.666666666666667,0.5,0.571428571428572,6,0.0312242295129438
"rand1",1.4,42,"SVP",0.666666666666667,0.5,0.571428571428572,6,0.0312242295129438
"rand1",1.4,42,"SVP (BIC)",0.8,0.5,0.615384615384615,5,0.0403730510731682
"rand1",1.4,43,"PELT",0.666666666666667,0.5,0.571428571428572,6,0.0312242295129438
"rand1",1.4,43,"SVP",0.666666666666667,0.5,0.571428571428572,6,0.0312242295129438
"rand1",1.4,43,"SVP (BIC)",0.8,0.5,0.615384615384615,5,0.0403730510731682
"rand1",1.4,44,"PELT",0.666666666666667,0.5,0.571428571428572,6,0.0312242295129438
"rand1",1.4,44,"SVP",0.666666666666667,0.5,0.571428571428572,6,0.0312242295129438
"rand1",1.4,44,"SVP (BIC)",0.8,0.5,0.615384615384615,5,0.0403730510731682
"rand1",1.4,45,"PELT",0.666666666666667,0.5,0.571428571428572,6,0.0312242295129438
"rand1",1.4,45,"SVP",0.666666666666667,0.5,0.571428571428572,6,0.0312242295129438
"rand1",1.4,45,"SVP (BIC)",0.8,0.5,0.615384615384615,5,0.0403730510731682
"rand1",1.4,46,"PELT",0.666666666666667,0.5,0.571428571428572,6,0.0312242295129438
"rand1",1.4,46,"SVP",0.666666666666667,0.5,0.571428571428572,6,0.0312242295129438
"rand1",1.4,46,"SVP (BIC)",0.8,0.5,0.615384615384615,5,0.0403730510731682
"rand1",1.4,47,"PELT",0.666666666666667,0.5,0.571428571428572,6,0.0312242295129438
"rand1",1.4,47,"SVP",0.666666666666667,0.5,0.571428571428572,6,0.0312242295129438
"rand1",1.4,47,"SVP (BIC)",0.8,0.5,0.615384615384615,5,0.0403730510731682
"rand1",1.4,48,"PELT",0.666666666666667,0.5,0.571428571428572,6,0.0312242295129438
"rand1",1.4,48,"SVP",0.666666666666667,0.5,0.571428571428572,6,0.0312242295129438
"rand1",1.4,48,"SVP (BIC)",0.8,0.5,0.615384615384615,5,0.0403730510731682
"rand1",1.4,49,"PELT",0.666666666666667,0.5,0.571428571428572,6,0.0312242295129438
"rand1",1.4,49,"SVP",0.666666666666667,0.5,0.571428571428572,6,0.0312242295129438
"rand1",1.4,49,"SVP (BIC)",0.8,0.5,0.615384615384615,5,0.0403730510731682
"rand1",1.4,50,"PELT",0.666666666666667,0.5,0.571428571428572,6,0.0312242295129438
"rand1",1.4,50,"SVP",0.666666666666667,0.5,0.571428571428572,6,0.0312242295129438
"rand1",1.4,50,"SVP (BIC)",0.8,0.5,0.615384615384615,5,0.0403730510731682
"none",1.5,1,"PELT",1,1,1,1,9.51977168775063e-05
"none",1.5,1,"SVP",1,1,1,1,9.51977168775063e-05
"none",1.5,1,"SVP (BIC)",1,1,1,1,9.51977168775063e-05
"none",1.5,2,"PELT",1,1,1,1,3.97157204219944e-05
"none",1.5,2,"SVP",1,1,1,1,3.97157204219944e-05
"none",1.5,2,"SVP (BIC)",1,1,1,1,3.97157204219944e-05
"none",1.5,3,"PELT",1,1,1,1,5.60466326855241e-05
"none",1.5,3,"SVP",1,1,1,1,5.60466326855241e-05
"none",1.5,3,"SVP (BIC)",1,1,1,1,5.60466326855241e-05
"none",1.5,4,"PELT",1,1,1,1,8.54390293876223e-06
"none",1.5,4,"SVP",1,1,1,1,8.54390293876223e-06
"none",1.5,4,"SVP (BIC)",1,1,1,1,8.54390293876223e-06
"none",1.5,5,"PELT",1,1,1,1,0.00072584359117153
"none",1.5,5,"SVP",1,1,1,1,0.00072584359117153
"none",1.5,5,"SVP (BIC)",1,1,1,1,0.00072584359117153
"none",1.5,6,"PELT",0.5,1,0.666666666666667,2,0.0143779059230609
"none",1.5,6,"SVP",1,1,1,1,4.54040196698412e-06
"none",1.5,6,"SVP (BIC)",1,1,1,1,4.54040196698412e-06
"none",1.5,7,"PELT",1,1,1,1,0.000245088286881265
"none",1.5,7,"SVP",1,1,1,1,0.000245088286881265
"none",1.5,7,"SVP (BIC)",1,1,1,1,0.000245088286881265
"none",1.5,8,"PELT",1,1,1,1,3.54774659870282e-06
"none",1.5,8,"SVP",1,1,1,1,3.54774659870282e-06
"none",1.5,8,"SVP (BIC)",1,1,1,1,3.54774659870282e-06
"none",1.5,9,"PELT",1,1,1,1,0.000872950129015678
"none",1.5,9,"SVP",1,1,1,1,0.000872950129015678
"none",1.5,9,"SVP (BIC)",1,1,1,1,0.000872950129015678
"none",1.5,10,"PELT",1,1,1,1,0.00132143019881484
"none",1.5,10,"SVP",1,1,1,1,0.00132143019881484
"none",1.5,10,"SVP (BIC)",1,1,1,1,0.00132143019881484
"none",1.5,11,"PELT",1,1,1,1,0.000124418344569674
"none",1.5,11,"SVP",1,1,1,1,0.000124418344569674
"none",1.5,11,"SVP (BIC)",1,1,1,1,0.000124418344569674
"none",1.5,12,"PELT",1,1,1,1,0.00142048629024054
"none",1.5,12,"SVP",1,1,1,1,0.00142048629024054
"none",1.5,12,"SVP (BIC)",1,1,1,1,0.00142048629024054
"none",1.5,13,"PELT",1,1,1,1,0.00135888093932373
"none",1.5,13,"SVP",1,1,1,1,0.00135888093932373
"none",1.5,13,"SVP (BIC)",1,1,1,1,0.00135888093932373
"none",1.5,14,"PELT",1,1,1,1,0.000507063809921703
"none",1.5,14,"SVP",1,1,1,1,0.000507063809921703
"none",1.5,14,"SVP (BIC)",1,1,1,1,0.000507063809921703
"none",1.5,15,"PELT",1,1,1,1,0.00149698365117234
"none",1.5,15,"SVP",1,1,1,1,0.00149698365117234
"none",1.5,15,"SVP (BIC)",1,1,1,1,0.00149698365117234
"none",1.5,16,"PELT",1,1,1,1,5.86142102094151e-05
"none",1.5,16,"SVP",1,1,1,1,5.86142102094151e-05
"none",1.5,16,"SVP (BIC)",1,1,1,1,5.86142102094151e-05
"none",1.5,17,"PELT",1,1,1,1,4.90599787770866e-05
"none",1.5,17,"SVP",1,1,1,1,4.90599787770866e-05
"none",1.5,17,"SVP (BIC)",1,1,1,1,4.90599787770866e-05
"none",1.5,18,"PELT",1,1,1,1,0.0025745784296026
"none",1.5,18,"SVP",1,1,1,1,0.0025745784296026
"none",1.5,18,"SVP (BIC)",1,1,1,1,0.0025745784296026
"none",1.5,19,"PELT",1,1,1,1,1.46830439107547e-05
"none",1.5,19,"SVP",1,1,1,1,1.46830439107547e-05
"none",1.5,19,"SVP (BIC)",1,1,1,1,1.46830439107547e-05
"none",1.5,20,"PELT",1,1,1,1,8.10621708026918e-06
"none",1.5,20,"SVP",1,1,1,1,8.10621708026918e-06
"none",1.5,20,"SVP (BIC)",1,1,1,1,8.10621708026918e-06
"none",1.5,21,"PELT",1,1,1,1,0.00587503288066358
"none",1.5,21,"SVP",1,1,1,1,0.00587503288066358
"none",1.5,21,"SVP (BIC)",1,1,1,1,0.00587503288066358
"none",1.5,22,"PELT",1,1,1,1,0.00649608311887486
"none",1.5,22,"SVP",1,1,1,1,0.00649608311887486
"none",1.5,22,"SVP (BIC)",1,1,1,1,0.00649608311887486
"none",1.5,23,"PELT",1,1,1,1,8.78869180294033e-06
"none",1.5,23,"SVP",1,1,1,1,8.78869180294033e-06
"none",1.5,23,"SVP (BIC)",1,1,1,1,8.78869180294033e-06
"none",1.5,24,"PELT",1,1,1,1,0.000263424478536084
"none",1.5,24,"SVP",1,1,1,1,0.000263424478536084
"none",1.5,24,"SVP (BIC)",1,1,1,1,0.000263424478536084
"none",1.5,25,"PELT",1,1,1,1,0.000735944834565306
"none",1.5,25,"SVP",1,1,1,1,0.000735944834565306
"none",1.5,25,"SVP (BIC)",1,1,1,1,0.000735944834565306
"none",1.5,26,"PELT",1,1,1,1,4.12925615667413e-06
"none",1.5,26,"SVP",1,1,1,1,4.12925615667413e-06
"none",1.5,26,"SVP (BIC)",1,1,1,1,4.12925615667413e-06
"none",1.5,27,"PELT",1,1,1,1,0.000595344132352904
"none",1.5,27,"SVP",1,1,1,1,0.000595344132352904
"none",1.5,27,"SVP (BIC)",1,1,1,1,0.000595344132352904
"none",1.5,28,"PELT",1,1,1,1,0.000316576837069443
"none",1.5,28,"SVP",1,1,1,1,0.000316576837069443
"none",1.5,28,"SVP (BIC)",1,1,1,1,0.000316576837069443
"none",1.5,29,"PELT",1,1,1,1,7.25785363699911e-05
"none",1.5,29,"SVP",1,1,1,1,7.25785363699911e-05
"none",1.5,29,"SVP (BIC)",1,1,1,1,7.25785363699911e-05
"none",1.5,30,"PELT",1,1,1,1,1.65924832791971e-05
"none",1.5,30,"SVP",1,1,1,1,1.65924832791971e-05
"none",1.5,30,"SVP (BIC)",1,1,1,1,1.65924832791971e-05
"none",1.5,31,"PELT",1,1,1,1,0.00172700775189294
"none",1.5,31,"SVP",1,1,1,1,0.00172700775189294
"none",1.5,31,"SVP (BIC)",1,1,1,1,0.00172700775189294
"none",1.5,32,"PELT",1,1,1,1,9.86673579092874e-05
"none",1.5,32,"SVP",1,1,1,1,9.86673579092874e-05
"none",1.5,32,"SVP (BIC)",1,1,1,1,9.86673579092874e-05
"none",1.5,33,"PELT",1,1,1,1,1.91383257283456e-05
"none",1.5,33,"SVP",1,1,1,1,1.91383257283456e-05
"none",1.5,33,"SVP (BIC)",1,1,1,1,1.91383257283456e-05
"none",1.5,34,"PELT",1,1,1,1,0.000220286782351394
"none",1.5,34,"SVP",1,1,1,1,0.000220286782351394
"none",1.5,34,"SVP (BIC)",1,1,1,1,0.000220286782351394
"none",1.5,35,"PELT",1,1,1,1,0.000293217700343739
"none",1.5,35,"SVP",1,1,1,1,0.000293217700343739
"none",1.5,35,"SVP (BIC)",1,1,1,1,0.000293217700343739
"none",1.5,36,"PELT",1,1,1,1,0.00164023947912952
"none",1.5,36,"SVP",1,1,1,1,0.00164023947912952
"none",1.5,36,"SVP (BIC)",1,1,1,1,0.00164023947912952
"none",1.5,37,"PELT",1,1,1,1,0.00181161544683184
"none",1.5,37,"SVP",1,1,1,1,0.00181161544683184
"none",1.5,37,"SVP (BIC)",1,1,1,1,0.00181161544683184
"none",1.5,38,"PELT",1,1,1,1,6.97686434614414e-05
"none",1.5,38,"SVP",1,1,1,1,6.97686434614414e-05
"none",1.5,38,"SVP (BIC)",1,1,1,1,6.97686434614414e-05
"none",1.5,39,"PELT",1,1,1,1,0.000127688841824787
"none",1.5,39,"SVP",1,1,1,1,0.000127688841824787
"none",1.5,39,"SVP (BIC)",1,1,1,1,0.000127688841824787
"none",1.5,40,"PELT",1,1,1,1,0.00120827306719545
"none",1.5,40,"SVP",1,1,1,1,0.00120827306719545
"none",1.5,40,"SVP (BIC)",1,1,1,1,0.00120827306719545
"none",1.5,41,"PELT",1,1,1,1,9.98659662216261e-05
"none",1.5,41,"SVP",1,1,1,1,9.98659662216261e-05
"none",1.5,41,"SVP (BIC)",1,1,1,1,9.98659662216261e-05
"none",1.5,42,"PELT",1,1,1,1,0.000575736306790684
"none",1.5,42,"SVP",1,1,1,1,0.000575736306790684
"none",1.5,42,"SVP (BIC)",1,1,1,1,0.000575736306790684
"none",1.5,43,"PELT",1,1,1,1,0.000201732767827593
"none",1.5,43,"SVP",1,1,1,1,0.000201732767827593
"none",1.5,43,"SVP (BIC)",1,1,1,1,0.000201732767827593
"none",1.5,44,"PELT",1,1,1,1,0.00265994448466437
"none",1.5,44,"SVP",1,1,1,1,0.00265994448466437
"none",1.5,44,"SVP (BIC)",1,1,1,1,0.00265994448466437
"none",1.5,45,"PELT",1,1,1,1,0.000592374834433339
"none",1.5,45,"SVP",1,1,1,1,0.000592374834433339
"none",1.5,45,"SVP (BIC)",1,1,1,1,0.000592374834433339
"none",1.5,46,"PELT",1,1,1,1,0.000205697431153654
"none",1.5,46,"SVP",1,1,1,1,0.000205697431153654
"none",1.5,46,"SVP (BIC)",1,1,1,1,0.000205697431153654
"none",1.5,47,"PELT",1,1,1,1,8.84484041704432e-05
"none",1.5,47,"SVP",1,1,1,1,8.84484041704432e-05
"none",1.5,47,"SVP (BIC)",1,1,1,1,8.84484041704432e-05
"none",1.5,48,"PELT",1,1,1,1,0.000923492510038057
"none",1.5,48,"SVP",0.5,1,0.666666666666667,2,0.00223031480509408
"none",1.5,48,"SVP (BIC)",1,1,1,1,0.000923492510038057
"none",1.5,49,"PELT",1,1,1,1,0.00028796461571351
"none",1.5,49,"SVP",1,1,1,1,0.00028796461571351
"none",1.5,49,"SVP (BIC)",1,1,1,1,0.00028796461571351
"none",1.5,50,"PELT",1,1,1,1,0.000557274359252974
"none",1.5,50,"SVP",1,1,1,1,0.000557274359252974
"none",1.5,50,"SVP (BIC)",1,1,1,1,0.000557274359252974
"up",1.5,1,"PELT",0.75,0.75,0.75,8,0.0388910002756066
"up",1.5,1,"SVP",0.75,0.75,0.75,8,0.0388910002756066
"up",1.5,1,"SVP (BIC)",0.75,0.75,0.75,8,0.0388910002756066
"up",1.5,2,"PELT",1,1,1,8,0.0209421966799667
"up",1.5,2,"SVP",1,1,1,8,0.0209421966799667
"up",1.5,2,"SVP (BIC)",1,1,1,8,0.0209421966799667
"up",1.5,3,"PELT",1,1,1,8,0.00932977111497626
"up",1.5,3,"SVP",1,1,1,8,0.00932977111497626
"up",1.5,3,"SVP (BIC)",1,1,1,8,0.00932977111497626
"up",1.5,4,"PELT",0.875,0.875,0.875,8,0.0169507605754565
"up",1.5,4,"SVP",0.875,0.875,0.875,8,0.0169507605754565
"up",1.5,4,"SVP (BIC)",0.875,0.875,0.875,8,0.0169507605754565
"up",1.5,5,"PELT",0.75,0.75,0.75,8,0.0307915362653942
"up",1.5,5,"SVP",0.75,0.75,0.75,8,0.0307915362653942
"up",1.5,5,"SVP (BIC)",0.75,0.75,0.75,8,0.0307915362653942
"up",1.5,6,"PELT",0.875,0.875,0.875,8,0.0256152152043054
"up",1.5,6,"SVP",0.875,0.875,0.875,8,0.0256152152043054
"up",1.5,6,"SVP (BIC)",0.875,0.875,0.875,8,0.0256152152043054
"up",1.5,7,"PELT",0.75,0.75,0.75,8,0.0460725035175243
"up",1.5,7,"SVP",0.75,0.75,0.75,8,0.0460725035175243
"up",1.5,7,"SVP (BIC)",0.75,0.75,0.75,8,0.0460725035175243
"up",1.5,8,"PELT",0.875,0.875,0.875,8,0.0178347749093134
"up",1.5,8,"SVP",0.875,0.875,0.875,8,0.0178347749093134
"up",1.5,8,"SVP (BIC)",0.875,0.875,0.875,8,0.0178347749093134
"up",1.5,9,"PELT",0.75,0.75,0.75,8,0.02446662624983
"up",1.5,9,"SVP",0.75,0.75,0.75,8,0.02446662624983
"up",1.5,9,"SVP (BIC)",0.75,0.75,0.75,8,0.02446662624983
"up",1.5,10,"PELT",1,1,1,8,0.0203743869238654
"up",1.5,10,"SVP",1,1,1,8,0.0203743869238654
"up",1.5,10,"SVP (BIC)",1,1,1,8,0.0203743869238654
"up",1.5,11,"PELT",0.875,0.875,0.875,8,0.0145610258063779
"up",1.5,11,"SVP",0.875,0.875,0.875,8,0.0145610258063779
"up",1.5,11,"SVP (BIC)",0.875,0.875,0.875,8,0.0145610258063779
"up",1.5,12,"PELT",0.875,0.875,0.875,8,0.0280992809199382
"up",1.5,12,"SVP",0.875,0.875,0.875,8,0.0280992809199382
"up",1.5,12,"SVP (BIC)",0.875,0.875,0.875,8,0.0280992809199382
"up",1.5,13,"PELT",0.75,0.75,0.75,8,0.0364335052622285
"up",1.5,13,"SVP",0.75,0.75,0.75,8,0.0364335052622285
"up",1.5,13,"SVP (BIC)",0.75,0.75,0.75,8,0.0364335052622285
"up",1.5,14,"PELT",1,1,1,8,0.0179665873157825
"up",1.5,14,"SVP",1,1,1,8,0.0179665873157825
"up",1.5,14,"SVP (BIC)",1,1,1,8,0.0179665873157825
"up",1.5,15,"PELT",0.875,0.875,0.875,8,0.0306191565345139
"up",1.5,15,"SVP",0.875,0.875,0.875,8,0.0306191565345139
"up",1.5,15,"SVP (BIC)",0.875,0.875,0.875,8,0.0306191565345139
"up",1.5,16,"PELT",0.75,0.75,0.75,8,0.0403672484374439
"up",1.5,16,"SVP",0.75,0.75,0.75,8,0.0403672484374439
"up",1.5,16,"SVP (BIC)",0.75,0.75,0.75,8,0.0403672484374439
"up",1.5,17,"PELT",0.875,0.875,0.875,8,0.0271910600992743
"up",1.5,17,"SVP",0.875,0.875,0.875,8,0.0271910600992743
"up",1.5,17,"SVP (BIC)",0.875,0.875,0.875,8,0.0271910600992743
"up",1.5,18,"PELT",0.75,0.75,0.75,8,0.0473391564588034
"up",1.5,18,"SVP",0.75,0.75,0.75,8,0.0473391564588034
"up",1.5,18,"SVP (BIC)",0.75,0.75,0.75,8,0.0473391564588034
"up",1.5,19,"PELT",0.875,0.875,0.875,8,0.0347036595975264
"up",1.5,19,"SVP",0.875,0.875,0.875,8,0.0347036595975264
"up",1.5,19,"SVP (BIC)",0.875,0.875,0.875,8,0.0347036595975264
"up",1.5,20,"PELT",0.875,0.875,0.875,8,0.0186058971646669
"up",1.5,20,"SVP",0.875,0.875,0.875,8,0.0186058971646669
"up",1.5,20,"SVP (BIC)",0.875,0.875,0.875,8,0.0186058971646669
"up",1.5,21,"PELT",0.75,0.75,0.75,8,0.0336395910733859
"up",1.5,21,"SVP",0.75,0.75,0.75,8,0.0336395910733859
"up",1.5,21,"SVP (BIC)",0.75,0.75,0.75,8,0.0336395910733859
"up",1.5,22,"PELT",1,1,1,8,0.00569819878139967
"up",1.5,22,"SVP",1,1,1,8,0.00569819878139967
"up",1.5,22,"SVP (BIC)",1,1,1,8,0.00569819878139967
"up",1.5,23,"PELT",1,1,1,8,0.018523802880902
"up",1.5,23,"SVP",1,1,1,8,0.018523802880902
"up",1.5,23,"SVP (BIC)",1,1,1,8,0.018523802880902
"up",1.5,24,"PELT",0.875,0.875,0.875,8,0.0292352237398379
"up",1.5,24,"SVP",0.875,0.875,0.875,8,0.0292352237398379
"up",1.5,24,"SVP (BIC)",0.875,0.875,0.875,8,0.0292352237398379
"up",1.5,25,"PELT",0.875,0.875,0.875,8,0.0230221640819941
"up",1.5,25,"SVP",0.875,0.875,0.875,8,0.0230221640819941
"up",1.5,25,"SVP (BIC)",0.875,0.875,0.875,8,0.0230221640819941
"up",1.5,26,"PELT",0.875,0.875,0.875,8,0.027490513363253
"up",1.5,26,"SVP",0.875,0.875,0.875,8,0.027490513363253
"up",1.5,26,"SVP (BIC)",0.875,0.875,0.875,8,0.027490513363253
"up",1.5,27,"PELT",1,1,1,8,0.0246309047019948
"up",1.5,27,"SVP",1,1,1,8,0.0246309047019948
"up",1.5,27,"SVP (BIC)",1,1,1,8,0.0246309047019948
"up",1.5,28,"PELT",0.75,0.75,0.75,8,0.0269090866359287
"up",1.5,28,"SVP",0.75,0.75,0.75,8,0.0269090866359287
"up",1.5,28,"SVP (BIC)",0.75,0.75,0.75,8,0.0269090866359287
"up",1.5,29,"PELT",0.75,0.75,0.75,8,0.0260622811804349
"up",1.5,29,"SVP",0.75,0.75,0.75,8,0.0260622811804349
"up",1.5,29,"SVP (BIC)",0.75,0.75,0.75,8,0.0260622811804349
"up",1.5,30,"PELT",0.875,0.875,0.875,8,0.0351834625569065
"up",1.5,30,"SVP",0.875,0.875,0.875,8,0.0351834625569065
"up",1.5,30,"SVP (BIC)",0.875,0.875,0.875,8,0.0351834625569065
"up",1.5,31,"PELT",0.5,0.5,0.5,8,0.0425135397219393
"up",1.5,31,"SVP",0.5,0.5,0.5,8,0.0425135397219393
"up",1.5,31,"SVP (BIC)",0.5,0.5,0.5,8,0.0425135397219393
"up",1.5,32,"PELT",1,1,1,8,0.0240656115530499
"up",1.5,32,"SVP",1,1,1,8,0.0240656115530499
"up",1.5,32,"SVP (BIC)",1,1,1,8,0.0240656115530499
"up",1.5,33,"PELT",0.75,0.75,0.75,8,0.0255734299585876
"up",1.5,33,"SVP",0.75,0.75,0.75,8,0.0255734299585876
"up",1.5,33,"SVP (BIC)",0.75,0.75,0.75,8,0.0255734299585876
"up",1.5,34,"PELT",0.625,0.625,0.625,8,0.0456339174942675
"up",1.5,34,"SVP",0.625,0.625,0.625,8,0.0456339174942675
"up",1.5,34,"SVP (BIC)",0.625,0.625,0.625,8,0.0456339174942675
"up",1.5,35,"PELT",0.875,0.875,0.875,8,0.0313614100963239
"up",1.5,35,"SVP",0.875,0.875,0.875,8,0.0313614100963239
"up",1.5,35,"SVP (BIC)",0.875,0.875,0.875,8,0.0313614100963239
"up",1.5,36,"PELT",0.5,0.5,0.5,8,0.0562796558333082
"up",1.5,36,"SVP",0.5,0.5,0.5,8,0.0562796558333082
"up",1.5,36,"SVP (BIC)",0.5,0.5,0.5,8,0.0562796558333082
"up",1.5,37,"PELT",0.75,0.75,0.75,8,0.0378428952846816
"up",1.5,37,"SVP",0.75,0.75,0.75,8,0.0378428952846816
"up",1.5,37,"SVP (BIC)",0.75,0.75,0.75,8,0.0378428952846816
"up",1.5,38,"PELT",0.875,0.875,0.875,8,0.0188831856118934
"up",1.5,38,"SVP",0.875,0.875,0.875,8,0.0188831856118934
"up",1.5,38,"SVP (BIC)",0.875,0.875,0.875,8,0.0188831856118934
"up",1.5,39,"PELT",0.875,0.875,0.875,8,0.0238865586762092
"up",1.5,39,"SVP",0.875,0.875,0.875,8,0.0238865586762092
"up",1.5,39,"SVP (BIC)",0.875,0.875,0.875,8,0.0238865586762092
"up",1.5,40,"PELT",0.875,0.875,0.875,8,0.0292413637575078
"up",1.5,40,"SVP",0.875,0.875,0.875,8,0.0292413637575078
"up",1.5,40,"SVP (BIC)",0.875,0.875,0.875,8,0.0292413637575078
"up",1.5,41,"PELT",1,1,1,8,0.01893984488388
"up",1.5,41,"SVP",1,1,1,8,0.01893984488388
"up",1.5,41,"SVP (BIC)",1,1,1,8,0.01893984488388
"up",1.5,42,"PELT",0.75,0.75,0.75,8,0.0285707265770374
"up",1.5,42,"SVP",0.75,0.75,0.75,8,0.0285707265770374
"up",1.5,42,"SVP (BIC)",0.75,0.75,0.75,8,0.0285707265770374
"up",1.5,43,"PELT",1,1,1,8,0.0188584181799915
"up",1.5,43,"SVP",1,1,1,8,0.0188584181799915
"up",1.5,43,"SVP (BIC)",1,1,1,8,0.0188584181799915
"up",1.5,44,"PELT",1,1,1,8,0.0171118259989658
"up",1.5,44,"SVP",1,1,1,8,0.0171118259989658
"up",1.5,44,"SVP (BIC)",1,1,1,8,0.0171118259989658
"up",1.5,45,"PELT",0.875,0.875,0.875,8,0.0321467783946951
"up",1.5,45,"SVP",0.875,0.875,0.875,8,0.0321467783946951
"up",1.5,45,"SVP (BIC)",0.875,0.875,0.875,8,0.0321467783946951
"up",1.5,46,"PELT",0.75,0.75,0.75,8,0.0546283272017048
"up",1.5,46,"SVP",0.75,0.75,0.75,8,0.0546283272017048
"up",1.5,46,"SVP (BIC)",0.75,0.75,0.75,8,0.0546283272017048
"up",1.5,47,"PELT",1,1,1,8,0.023180489183349
"up",1.5,47,"SVP",1,1,1,8,0.023180489183349
"up",1.5,47,"SVP (BIC)",1,1,1,8,0.023180489183349
"up",1.5,48,"PELT",1,1,1,8,0.0102766095645122
"up",1.5,48,"SVP",1,1,1,8,0.0102766095645122
"up",1.5,48,"SVP (BIC)",1,1,1,8,0.0102766095645122
"up",1.5,49,"PELT",1,1,1,8,0.0217150154118572
"up",1.5,49,"SVP",1,1,1,8,0.0217150154118572
"up",1.5,49,"SVP (BIC)",1,1,1,8,0.0217150154118572
"up",1.5,50,"PELT",0.666666666666667,0.75,0.705882352941177,9,0.0341788153823305
"up",1.5,50,"SVP",0.875,0.875,0.875,8,0.0226414126574723
"up",1.5,50,"SVP (BIC)",0.875,0.875,0.875,8,0.0226414126574723
"updown",1.5,1,"PELT",0.75,0.75,0.75,8,0.0421143978488179
"updown",1.5,1,"SVP",0.75,0.75,0.75,8,0.0421143978488179
"updown",1.5,1,"SVP (BIC)",0.75,0.75,0.75,8,0.0421143978488179
"updown",1.5,2,"PELT",0.875,0.875,0.875,8,0.0288970567456509
"updown",1.5,2,"SVP",0.875,0.875,0.875,8,0.0288970567456509
"updown",1.5,2,"SVP (BIC)",0.875,0.875,0.875,8,0.0288970567456509
"updown",1.5,3,"PELT",0.875,0.875,0.875,8,0.0281047793278153
"updown",1.5,3,"SVP",0.875,0.875,0.875,8,0.0281047793278153
"updown",1.5,3,"SVP (BIC)",0.875,0.875,0.875,8,0.0281047793278153
"updown",1.5,4,"PELT",1,1,1,8,0.0191848922418329
"updown",1.5,4,"SVP",1,1,1,8,0.0191848922418329
"updown",1.5,4,"SVP (BIC)",1,1,1,8,0.0191848922418329
"updown",1.5,5,"PELT",0.555555555555556,0.625,0.588235294117647,9,0.0541522207708889
"updown",1.5,5,"SVP",0.625,0.625,0.625,8,0.0382033471409895
"updown",1.5,5,"SVP (BIC)",0.625,0.625,0.625,8,0.0382033471409895
"updown",1.5,6,"PELT",1,1,1,8,0.0245903777389318
"updown",1.5,6,"SVP",1,1,1,8,0.0245903777389318
"updown",1.5,6,"SVP (BIC)",1,1,1,8,0.0245903777389318
"updown",1.5,7,"PELT",1,1,1,8,0.0158223628793204
"updown",1.5,7,"SVP",1,1,1,8,0.0158223628793204
"updown",1.5,7,"SVP (BIC)",1,1,1,8,0.0158223628793204
"updown",1.5,8,"PELT",0.875,0.875,0.875,8,0.0157126696613826
"updown",1.5,8,"SVP",0.875,0.875,0.875,8,0.0157126696613826
"updown",1.5,8,"SVP (BIC)",0.875,0.875,0.875,8,0.0157126696613826
"updown",1.5,9,"PELT",1,1,1,8,0.00587768703980617
"updown",1.5,9,"SVP",1,1,1,8,0.00587768703980617
"updown",1.5,9,"SVP (BIC)",1,1,1,8,0.00587768703980617
"updown",1.5,10,"PELT",0.75,0.75,0.75,8,0.0281710948798081
"updown",1.5,10,"SVP",0.75,0.75,0.75,8,0.0281710948798081
"updown",1.5,10,"SVP (BIC)",0.75,0.75,0.75,8,0.0281710948798081
"updown",1.5,11,"PELT",0.875,0.875,0.875,8,0.0272487529498726
"updown",1.5,11,"SVP",0.875,0.875,0.875,8,0.0272487529498726
"updown",1.5,11,"SVP (BIC)",0.875,0.875,0.875,8,0.0272487529498726
"updown",1.5,12,"PELT",0.875,0.875,0.875,8,0.0246622413114663
"updown",1.5,12,"SVP",0.875,0.875,0.875,8,0.0246622413114663
"updown",1.5,12,"SVP (BIC)",0.875,0.875,0.875,8,0.0246622413114663
"updown",1.5,13,"PELT",1,1,1,8,0.0285428578880069
"updown",1.5,13,"SVP",1,1,1,8,0.0285428578880069
"updown",1.5,13,"SVP (BIC)",1,1,1,8,0.0285428578880069
"updown",1.5,14,"PELT",0.875,0.875,0.875,8,0.0227369003703465
"updown",1.5,14,"SVP",0.875,0.875,0.875,8,0.0227369003703465
"updown",1.5,14,"SVP (BIC)",0.875,0.875,0.875,8,0.0227369003703465
"updown",1.5,15,"PELT",0.875,0.875,0.875,8,0.0286876679207544
"updown",1.5,15,"SVP",0.875,0.875,0.875,8,0.0286876679207544
"updown",1.5,15,"SVP (BIC)",0.875,0.875,0.875,8,0.0286876679207544
"updown",1.5,16,"PELT",1,1,1,8,0.0228610893622757
"updown",1.5,16,"SVP",1,1,1,8,0.0228610893622757
"updown",1.5,16,"SVP (BIC)",1,1,1,8,0.0228610893622757
"updown",1.5,17,"PELT",1,1,1,8,0.0201763068374408
"updown",1.5,17,"SVP",1,1,1,8,0.0201763068374408
"updown",1.5,17,"SVP (BIC)",1,1,1,8,0.0201763068374408
"updown",1.5,18,"PELT",0.555555555555556,0.625,0.588235294117647,9,0.0596345017199024
"updown",1.5,18,"SVP",0.555555555555556,0.625,0.588235294117647,9,0.0596345017199024
"updown",1.5,18,"SVP (BIC)",0.625,0.625,0.625,8,0.0370971889392494
"updown",1.5,19,"PELT",0.75,0.75,0.75,8,0.0438170215646769
"updown",1.5,19,"SVP",0.75,0.75,0.75,8,0.0438170215646769
"updown",1.5,19,"SVP (BIC)",0.75,0.75,0.75,8,0.0438170215646769
"updown",1.5,20,"PELT",0.875,0.875,0.875,8,0.0222609151126369
"updown",1.5,20,"SVP",0.875,0.875,0.875,8,0.0222609151126369
"updown",1.5,20,"SVP (BIC)",0.875,0.875,0.875,8,0.0222609151126369
"updown",1.5,21,"PELT",0.875,0.875,0.875,8,0.0290068340009002
"updown",1.5,21,"SVP",0.875,0.875,0.875,8,0.0290068340009002
"updown",1.5,21,"SVP (BIC)",0.875,0.875,0.875,8,0.0290068340009002
"updown",1.5,22,"PELT",0.875,0.875,0.875,8,0.0308908769712699
"updown",1.5,22,"SVP",0.875,0.875,0.875,8,0.0308908769712699
"updown",1.5,22,"SVP (BIC)",0.875,0.875,0.875,8,0.0308908769712699
"updown",1.5,23,"PELT",0.75,0.75,0.75,8,0.0344874529917024
"updown",1.5,23,"SVP",0.75,0.75,0.75,8,0.0344874529917024
"updown",1.5,23,"SVP (BIC)",0.75,0.75,0.75,8,0.0344874529917024
"updown",1.5,24,"PELT",0.75,0.75,0.75,8,0.0475016563833778
"updown",1.5,24,"SVP",0.75,0.75,0.75,8,0.0475016563833778
"updown",1.5,24,"SVP (BIC)",0.75,0.75,0.75,8,0.0475016563833778
"updown",1.5,25,"PELT",1,1,1,8,0.012141918708304
"updown",1.5,25,"SVP",1,1,1,8,0.012141918708304
"updown",1.5,25,"SVP (BIC)",1,1,1,8,0.012141918708304
"updown",1.5,26,"PELT",1,1,1,8,0.0103033276957655
"updown",1.5,26,"SVP",1,1,1,8,0.0103033276957655
"updown",1.5,26,"SVP (BIC)",1,1,1,8,0.0103033276957655
"updown",1.5,27,"PELT",0.625,0.625,0.625,8,0.0375998041427543
"updown",1.5,27,"SVP",0.625,0.625,0.625,8,0.0375998041427543
"updown",1.5,27,"SVP (BIC)",0.625,0.625,0.625,8,0.0375998041427543
"updown",1.5,28,"PELT",0.875,0.875,0.875,8,0.0307501925318535
"updown",1.5,28,"SVP",0.875,0.875,0.875,8,0.0307501925318535
"updown",1.5,28,"SVP (BIC)",0.875,0.875,0.875,8,0.0307501925318535
"updown",1.5,29,"PELT",1,1,1,8,0.0216495845461326
"updown",1.5,29,"SVP",1,1,1,8,0.0216495845461326
"updown",1.5,29,"SVP (BIC)",1,1,1,8,0.0216495845461326
"updown",1.5,30,"PELT",0.75,0.75,0.75,8,0.0348059999659913
"updown",1.5,30,"SVP",0.75,0.75,0.75,8,0.0348059999659913
"updown",1.5,30,"SVP (BIC)",0.75,0.75,0.75,8,0.0348059999659913
"updown",1.5,31,"PELT",1,1,1,8,0.0271840918334925
"updown",1.5,31,"SVP",1,1,1,8,0.0271840918334925
"updown",1.5,31,"SVP (BIC)",1,1,1,8,0.0271840918334925
"updown",1.5,32,"PELT",0.75,0.75,0.75,8,0.0333152123005185
"updown",1.5,32,"SVP",0.75,0.75,0.75,8,0.0333152123005185
"updown",1.5,32,"SVP (BIC)",0.75,0.75,0.75,8,0.0333152123005185
"updown",1.5,33,"PELT",0.875,0.875,0.875,8,0.0207095243627851
"updown",1.5,33,"SVP",0.875,0.875,0.875,8,0.0207095243627851
"updown",1.5,33,"SVP (BIC)",0.875,0.875,0.875,8,0.0207095243627851
"updown",1.5,34,"PELT",1,1,1,8,0.0122173888999916
"updown",1.5,34,"SVP",1,1,1,8,0.0122173888999916
"updown",1.5,34,"SVP (BIC)",1,1,1,8,0.0122173888999916
"updown",1.5,35,"PELT",1,1,1,8,0.0257499220386498
"updown",1.5,35,"SVP",1,1,1,8,0.0257499220386498
"updown",1.5,35,"SVP (BIC)",1,1,1,8,0.0257499220386498
"updown",1.5,36,"PELT",0.75,0.75,0.75,8,0.042737497034606
"updown",1.5,36,"SVP",0.75,0.75,0.75,8,0.042737497034606
"updown",1.5,36,"SVP (BIC)",0.75,0.75,0.75,8,0.042737497034606
"updown",1.5,37,"PELT",1,1,1,8,0.0257100143276554
"updown",1.5,37,"SVP",1,1,1,8,0.0257100143276554
"updown",1.5,37,"SVP (BIC)",1,1,1,8,0.0257100143276554
"updown",1.5,38,"PELT",1,1,1,8,0.0150587949275916
"updown",1.5,38,"SVP",1,1,1,8,0.0150587949275916
"updown",1.5,38,"SVP (BIC)",1,1,1,8,0.0150587949275916
"updown",1.5,39,"PELT",0.875,0.875,0.875,8,0.0256404276817731
"updown",1.5,39,"SVP",0.875,0.875,0.875,8,0.0256404276817731
"updown",1.5,39,"SVP (BIC)",0.875,0.875,0.875,8,0.0256404276817731
"updown",1.5,40,"PELT",0.875,0.875,0.875,8,0.0180473150404705
"updown",1.5,40,"SVP",0.875,0.875,0.875,8,0.0180473150404705
"updown",1.5,40,"SVP (BIC)",0.875,0.875,0.875,8,0.0180473150404705
"updown",1.5,41,"PELT",0.875,0.875,0.875,8,0.02128223468401
"updown",1.5,41,"SVP",0.875,0.875,0.875,8,0.02128223468401
"updown",1.5,41,"SVP (BIC)",0.875,0.875,0.875,8,0.02128223468401
"updown",1.5,42,"PELT",1,1,1,8,0.0171833508227521
"updown",1.5,42,"SVP",1,1,1,8,0.0171833508227521
"updown",1.5,42,"SVP (BIC)",1,1,1,8,0.0171833508227521
"updown",1.5,43,"PELT",1,1,1,8,0.0128895426204241
"updown",1.5,43,"SVP",1,1,1,8,0.0128895426204241
"updown",1.5,43,"SVP (BIC)",1,1,1,8,0.0128895426204241
"updown",1.5,44,"PELT",1,1,1,8,0.0213421604451557
"updown",1.5,44,"SVP",1,1,1,8,0.0213421604451557
"updown",1.5,44,"SVP (BIC)",1,1,1,8,0.0213421604451557
"updown",1.5,45,"PELT",0.875,0.875,0.875,8,0.0185941558990087
"updown",1.5,45,"SVP",0.875,0.875,0.875,8,0.0185941558990087
"updown",1.5,45,"SVP (BIC)",0.875,0.875,0.875,8,0.0185941558990087
"updown",1.5,46,"PELT",0.875,0.875,0.875,8,0.018037737830679
"updown",1.5,46,"SVP",0.875,0.875,0.875,8,0.018037737830679
"updown",1.5,46,"SVP (BIC)",0.875,0.875,0.875,8,0.018037737830679
"updown",1.5,47,"PELT",1,1,1,8,0.00744983013158327
"updown",1.5,47,"SVP",1,1,1,8,0.00744983013158327
"updown",1.5,47,"SVP (BIC)",1,1,1,8,0.00744983013158327
"updown",1.5,48,"PELT",0.875,0.875,0.875,8,0.0263444083441342
"updown",1.5,48,"SVP",0.875,0.875,0.875,8,0.0263444083441342
"updown",1.5,48,"SVP (BIC)",0.875,0.875,0.875,8,0.0263444083441342
"updown",1.5,49,"PELT",0.875,0.875,0.875,8,0.0307885024690015
"updown",1.5,49,"SVP",0.875,0.875,0.875,8,0.0307885024690015
"updown",1.5,49,"SVP (BIC)",0.875,0.875,0.875,8,0.0307885024690015
"updown",1.5,50,"PELT",0.625,0.625,0.625,8,0.0448589575153868
"updown",1.5,50,"SVP",0.625,0.625,0.625,8,0.0448589575153868
"updown",1.5,50,"SVP (BIC)",0.625,0.625,0.625,8,0.0448589575153868
"rand1",1.5,1,"PELT",0.666666666666667,0.5,0.571428571428572,6,0.0352587797351297
"rand1",1.5,1,"SVP",0.666666666666667,0.5,0.571428571428572,6,0.0352587797351297
"rand1",1.5,1,"SVP (BIC)",0.8,0.5,0.615384615384615,5,0.0460404863947233
"rand1",1.5,2,"PELT",0.666666666666667,0.5,0.571428571428572,6,0.0352587797351297
"rand1",1.5,2,"SVP",0.666666666666667,0.5,0.571428571428572,6,0.0352587797351297
"rand1",1.5,2,"SVP (BIC)",0.8,0.5,0.615384615384615,5,0.0460404863947233
"rand1",1.5,3,"PELT",0.666666666666667,0.5,0.571428571428572,6,0.0352587797351297
"rand1",1.5,3,"SVP",0.666666666666667,0.5,0.571428571428572,6,0.0352587797351297
"rand1",1.5,3,"SVP (BIC)",0.8,0.5,0.615384615384615,5,0.0460404863947233
"rand1",1.5,4,"PELT",0.666666666666667,0.5,0.571428571428572,6,0.0352587797351297
"rand1",1.5,4,"SVP",0.666666666666667,0.5,0.571428571428572,6,0.0352587797351297
"rand1",1.5,4,"SVP (BIC)",0.8,0.5,0.615384615384615,5,0.0460404863947233
"rand1",1.5,5,"PELT",0.666666666666667,0.5,0.571428571428572,6,0.0352587797351297
"rand1",1.5,5,"SVP",0.666666666666667,0.5,0.571428571428572,6,0.0352587797351297
"rand1",1.5,5,"SVP (BIC)",0.8,0.5,0.615384615384615,5,0.0460404863947233
"rand1",1.5,6,"PELT",0.666666666666667,0.5,0.571428571428572,6,0.0352587797351297
"rand1",1.5,6,"SVP",0.666666666666667,0.5,0.571428571428572,6,0.0352587797351297
"rand1",1.5,6,"SVP (BIC)",0.8,0.5,0.615384615384615,5,0.0460404863947233
"rand1",1.5,7,"PELT",0.666666666666667,0.5,0.571428571428572,6,0.0352587797351297
"rand1",1.5,7,"SVP",0.666666666666667,0.5,0.571428571428572,6,0.0352587797351297
"rand1",1.5,7,"SVP (BIC)",0.8,0.5,0.615384615384615,5,0.0460404863947233
"rand1",1.5,8,"PELT",0.666666666666667,0.5,0.571428571428572,6,0.0352587797351297
"rand1",1.5,8,"SVP",0.666666666666667,0.5,0.571428571428572,6,0.0352587797351297
"rand1",1.5,8,"SVP (BIC)",0.8,0.5,0.615384615384615,5,0.0460404863947233
"rand1",1.5,9,"PELT",0.666666666666667,0.5,0.571428571428572,6,0.0352587797351297
"rand1",1.5,9,"SVP",0.666666666666667,0.5,0.571428571428572,6,0.0352587797351297
"rand1",1.5,9,"SVP (BIC)",0.8,0.5,0.615384615384615,5,0.0460404863947233
"rand1",1.5,10,"PELT",0.666666666666667,0.5,0.571428571428572,6,0.0352587797351297
"rand1",1.5,10,"SVP",0.666666666666667,0.5,0.571428571428572,6,0.0352587797351297
"rand1",1.5,10,"SVP (BIC)",0.8,0.5,0.615384615384615,5,0.0460404863947233
"rand1",1.5,11,"PELT",0.666666666666667,0.5,0.571428571428572,6,0.0352587797351297
"rand1",1.5,11,"SVP",0.666666666666667,0.5,0.571428571428572,6,0.0352587797351297
"rand1",1.5,11,"SVP (BIC)",0.8,0.5,0.615384615384615,5,0.0460404863947233
"rand1",1.5,12,"PELT",0.666666666666667,0.5,0.571428571428572,6,0.0352587797351297
"rand1",1.5,12,"SVP",0.666666666666667,0.5,0.571428571428572,6,0.0352587797351297
"rand1",1.5,12,"SVP (BIC)",0.8,0.5,0.615384615384615,5,0.0460404863947233
"rand1",1.5,13,"PELT",0.666666666666667,0.5,0.571428571428572,6,0.0352587797351297
"rand1",1.5,13,"SVP",0.666666666666667,0.5,0.571428571428572,6,0.0352587797351297
"rand1",1.5,13,"SVP (BIC)",0.8,0.5,0.615384615384615,5,0.0460404863947233
"rand1",1.5,14,"PELT",0.666666666666667,0.5,0.571428571428572,6,0.0352587797351297
"rand1",1.5,14,"SVP",0.666666666666667,0.5,0.571428571428572,6,0.0352587797351297
"rand1",1.5,14,"SVP (BIC)",0.8,0.5,0.615384615384615,5,0.0460404863947233
"rand1",1.5,15,"PELT",0.666666666666667,0.5,0.571428571428572,6,0.0352587797351297
"rand1",1.5,15,"SVP",0.666666666666667,0.5,0.571428571428572,6,0.0352587797351297
"rand1",1.5,15,"SVP (BIC)",0.8,0.5,0.615384615384615,5,0.0460404863947233
"rand1",1.5,16,"PELT",0.666666666666667,0.5,0.571428571428572,6,0.0352587797351297
"rand1",1.5,16,"SVP",0.666666666666667,0.5,0.571428571428572,6,0.0352587797351297
"rand1",1.5,16,"SVP (BIC)",0.8,0.5,0.615384615384615,5,0.0460404863947233
"rand1",1.5,17,"PELT",0.666666666666667,0.5,0.571428571428572,6,0.0352587797351297
"rand1",1.5,17,"SVP",0.666666666666667,0.5,0.571428571428572,6,0.0352587797351297
"rand1",1.5,17,"SVP (BIC)",0.8,0.5,0.615384615384615,5,0.0460404863947233
"rand1",1.5,18,"PELT",0.666666666666667,0.5,0.571428571428572,6,0.0352587797351297
"rand1",1.5,18,"SVP",0.666666666666667,0.5,0.571428571428572,6,0.0352587797351297
"rand1",1.5,18,"SVP (BIC)",0.8,0.5,0.615384615384615,5,0.0460404863947233
"rand1",1.5,19,"PELT",0.666666666666667,0.5,0.571428571428572,6,0.0352587797351297
"rand1",1.5,19,"SVP",0.666666666666667,0.5,0.571428571428572,6,0.0352587797351297
"rand1",1.5,19,"SVP (BIC)",0.8,0.5,0.615384615384615,5,0.0460404863947233
"rand1",1.5,20,"PELT",0.666666666666667,0.5,0.571428571428572,6,0.0352587797351297
"rand1",1.5,20,"SVP",0.666666666666667,0.5,0.571428571428572,6,0.0352587797351297
"rand1",1.5,20,"SVP (BIC)",0.8,0.5,0.615384615384615,5,0.0460404863947233
"rand1",1.5,21,"PELT",0.666666666666667,0.5,0.571428571428572,6,0.0352587797351297
"rand1",1.5,21,"SVP",0.666666666666667,0.5,0.571428571428572,6,0.0352587797351297
"rand1",1.5,21,"SVP (BIC)",0.8,0.5,0.615384615384615,5,0.0460404863947233
"rand1",1.5,22,"PELT",0.666666666666667,0.5,0.571428571428572,6,0.0352587797351297
"rand1",1.5,22,"SVP",0.666666666666667,0.5,0.571428571428572,6,0.0352587797351297
"rand1",1.5,22,"SVP (BIC)",0.8,0.5,0.615384615384615,5,0.0460404863947233
"rand1",1.5,23,"PELT",0.666666666666667,0.5,0.571428571428572,6,0.0352587797351297
"rand1",1.5,23,"SVP",0.666666666666667,0.5,0.571428571428572,6,0.0352587797351297
"rand1",1.5,23,"SVP (BIC)",0.8,0.5,0.615384615384615,5,0.0460404863947233
"rand1",1.5,24,"PELT",0.666666666666667,0.5,0.571428571428572,6,0.0352587797351297
"rand1",1.5,24,"SVP",0.666666666666667,0.5,0.571428571428572,6,0.0352587797351297
"rand1",1.5,24,"SVP (BIC)",0.8,0.5,0.615384615384615,5,0.0460404863947233
"rand1",1.5,25,"PELT",0.666666666666667,0.5,0.571428571428572,6,0.0352587797351297
"rand1",1.5,25,"SVP",0.666666666666667,0.5,0.571428571428572,6,0.0352587797351297
"rand1",1.5,25,"SVP (BIC)",0.8,0.5,0.615384615384615,5,0.0460404863947233
"rand1",1.5,26,"PELT",0.666666666666667,0.5,0.571428571428572,6,0.0352587797351297
"rand1",1.5,26,"SVP",0.666666666666667,0.5,0.571428571428572,6,0.0352587797351297
"rand1",1.5,26,"SVP (BIC)",0.8,0.5,0.615384615384615,5,0.0460404863947233
"rand1",1.5,27,"PELT",0.666666666666667,0.5,0.571428571428572,6,0.0352587797351297
"rand1",1.5,27,"SVP",0.666666666666667,0.5,0.571428571428572,6,0.0352587797351297
"rand1",1.5,27,"SVP (BIC)",0.8,0.5,0.615384615384615,5,0.0460404863947233
"rand1",1.5,28,"PELT",0.666666666666667,0.5,0.571428571428572,6,0.0352587797351297
"rand1",1.5,28,"SVP",0.666666666666667,0.5,0.571428571428572,6,0.0352587797351297
"rand1",1.5,28,"SVP (BIC)",0.8,0.5,0.615384615384615,5,0.0460404863947233
"rand1",1.5,29,"PELT",0.666666666666667,0.5,0.571428571428572,6,0.0352587797351297
"rand1",1.5,29,"SVP",0.666666666666667,0.5,0.571428571428572,6,0.0352587797351297
"rand1",1.5,29,"SVP (BIC)",0.8,0.5,0.615384615384615,5,0.0460404863947233
"rand1",1.5,30,"PELT",0.666666666666667,0.5,0.571428571428572,6,0.0352587797351297
"rand1",1.5,30,"SVP",0.666666666666667,0.5,0.571428571428572,6,0.0352587797351297
"rand1",1.5,30,"SVP (BIC)",0.8,0.5,0.615384615384615,5,0.0460404863947233
"rand1",1.5,31,"PELT",0.666666666666667,0.5,0.571428571428572,6,0.0352587797351297
"rand1",1.5,31,"SVP",0.666666666666667,0.5,0.571428571428572,6,0.0352587797351297
"rand1",1.5,31,"SVP (BIC)",0.8,0.5,0.615384615384615,5,0.0460404863947233
"rand1",1.5,32,"PELT",0.666666666666667,0.5,0.571428571428572,6,0.0352587797351297
"rand1",1.5,32,"SVP",0.666666666666667,0.5,0.571428571428572,6,0.0352587797351297
"rand1",1.5,32,"SVP (BIC)",0.8,0.5,0.615384615384615,5,0.0460404863947233
"rand1",1.5,33,"PELT",0.666666666666667,0.5,0.571428571428572,6,0.0352587797351297
"rand1",1.5,33,"SVP",0.666666666666667,0.5,0.571428571428572,6,0.0352587797351297
"rand1",1.5,33,"SVP (BIC)",0.8,0.5,0.615384615384615,5,0.0460404863947233
"rand1",1.5,34,"PELT",0.666666666666667,0.5,0.571428571428572,6,0.0352587797351297
"rand1",1.5,34,"SVP",0.666666666666667,0.5,0.571428571428572,6,0.0352587797351297
"rand1",1.5,34,"SVP (BIC)",0.8,0.5,0.615384615384615,5,0.0460404863947233
"rand1",1.5,35,"PELT",0.666666666666667,0.5,0.571428571428572,6,0.0352587797351297
"rand1",1.5,35,"SVP",0.666666666666667,0.5,0.571428571428572,6,0.0352587797351297
"rand1",1.5,35,"SVP (BIC)",0.8,0.5,0.615384615384615,5,0.0460404863947233
"rand1",1.5,36,"PELT",0.666666666666667,0.5,0.571428571428572,6,0.0352587797351297
"rand1",1.5,36,"SVP",0.666666666666667,0.5,0.571428571428572,6,0.0352587797351297
"rand1",1.5,36,"SVP (BIC)",0.8,0.5,0.615384615384615,5,0.0460404863947233
"rand1",1.5,37,"PELT",0.666666666666667,0.5,0.571428571428572,6,0.0352587797351297
"rand1",1.5,37,"SVP",0.666666666666667,0.5,0.571428571428572,6,0.0352587797351297
"rand1",1.5,37,"SVP (BIC)",0.8,0.5,0.615384615384615,5,0.0460404863947233
"rand1",1.5,38,"PELT",0.666666666666667,0.5,0.571428571428572,6,0.0352587797351297
"rand1",1.5,38,"SVP",0.666666666666667,0.5,0.571428571428572,6,0.0352587797351297
"rand1",1.5,38,"SVP (BIC)",0.8,0.5,0.615384615384615,5,0.0460404863947233
"rand1",1.5,39,"PELT",0.666666666666667,0.5,0.571428571428572,6,0.0352587797351297
"rand1",1.5,39,"SVP",0.666666666666667,0.5,0.571428571428572,6,0.0352587797351297
"rand1",1.5,39,"SVP (BIC)",0.8,0.5,0.615384615384615,5,0.0460404863947233
"rand1",1.5,40,"PELT",0.666666666666667,0.5,0.571428571428572,6,0.0352587797351297
"rand1",1.5,40,"SVP",0.666666666666667,0.5,0.571428571428572,6,0.0352587797351297
"rand1",1.5,40,"SVP (BIC)",0.8,0.5,0.615384615384615,5,0.0460404863947233
"rand1",1.5,41,"PELT",0.666666666666667,0.5,0.571428571428572,6,0.0352587797351297
"rand1",1.5,41,"SVP",0.666666666666667,0.5,0.571428571428572,6,0.0352587797351297
"rand1",1.5,41,"SVP (BIC)",0.8,0.5,0.615384615384615,5,0.0460404863947233
"rand1",1.5,42,"PELT",0.666666666666667,0.5,0.571428571428572,6,0.0352587797351297
"rand1",1.5,42,"SVP",0.666666666666667,0.5,0.571428571428572,6,0.0352587797351297
"rand1",1.5,42,"SVP (BIC)",0.8,0.5,0.615384615384615,5,0.0460404863947233
"rand1",1.5,43,"PELT",0.666666666666667,0.5,0.571428571428572,6,0.0352587797351297
"rand1",1.5,43,"SVP",0.666666666666667,0.5,0.571428571428572,6,0.0352587797351297
"rand1",1.5,43,"SVP (BIC)",0.8,0.5,0.615384615384615,5,0.0460404863947233
"rand1",1.5,44,"PELT",0.666666666666667,0.5,0.571428571428572,6,0.0352587797351297
"rand1",1.5,44,"SVP",0.666666666666667,0.5,0.571428571428572,6,0.0352587797351297
"rand1",1.5,44,"SVP (BIC)",0.8,0.5,0.615384615384615,5,0.0460404863947233
"rand1",1.5,45,"PELT",0.666666666666667,0.5,0.571428571428572,6,0.0352587797351297
"rand1",1.5,45,"SVP",0.666666666666667,0.5,0.571428571428572,6,0.0352587797351297
"rand1",1.5,45,"SVP (BIC)",0.8,0.5,0.615384615384615,5,0.0460404863947233
"rand1",1.5,46,"PELT",0.666666666666667,0.5,0.571428571428572,6,0.0352587797351297
"rand1",1.5,46,"SVP",0.666666666666667,0.5,0.571428571428572,6,0.0352587797351297
"rand1",1.5,46,"SVP (BIC)",0.8,0.5,0.615384615384615,5,0.0460404863947233
"rand1",1.5,47,"PELT",0.666666666666667,0.5,0.571428571428572,6,0.0352587797351297
"rand1",1.5,47,"SVP",0.666666666666667,0.5,0.571428571428572,6,0.0352587797351297
"rand1",1.5,47,"SVP (BIC)",0.8,0.5,0.615384615384615,5,0.0460404863947233
"rand1",1.5,48,"PELT",0.666666666666667,0.5,0.571428571428572,6,0.0352587797351297
"rand1",1.5,48,"SVP",0.666666666666667,0.5,0.571428571428572,6,0.0352587797351297
"rand1",1.5,48,"SVP (BIC)",0.8,0.5,0.615384615384615,5,0.0460404863947233
"rand1",1.5,49,"PELT",0.666666666666667,0.5,0.571428571428572,6,0.0352587797351297
"rand1",1.5,49,"SVP",0.666666666666667,0.5,0.571428571428572,6,0.0352587797351297
"rand1",1.5,49,"SVP (BIC)",0.8,0.5,0.615384615384615,5,0.0460404863947233
"rand1",1.5,50,"PELT",0.666666666666667,0.5,0.571428571428572,6,0.0352587797351297
"rand1",1.5,50,"SVP",0.666666666666667,0.5,0.571428571428572,6,0.0352587797351297
"rand1",1.5,50,"SVP (BIC)",0.8,0.5,0.615384615384615,5,0.0460404863947233
"none",1.6,1,"PELT",1,1,1,1,3.72030487170793e-05
"none",1.6,1,"SVP",1,1,1,1,3.72030487170793e-05
"none",1.6,1,"SVP (BIC)",1,1,1,1,3.72030487170793e-05
"none",1.6,2,"PELT",1,1,1,1,6.55435906265513e-05
"none",1.6,2,"SVP",1,1,1,1,6.55435906265513e-05
"none",1.6,2,"SVP (BIC)",1,1,1,1,6.55435906265513e-05
"none",1.6,3,"PELT",1,1,1,1,0.000639784328917307
"none",1.6,3,"SVP",1,1,1,1,0.000639784328917307
"none",1.6,3,"SVP (BIC)",1,1,1,1,0.000639784328917307
"none",1.6,4,"PELT",1,1,1,1,0.00211480063891121
"none",1.6,4,"SVP",1,1,1,1,0.00211480063891121
"none",1.6,4,"SVP (BIC)",1,1,1,1,0.00211480063891121
"none",1.6,5,"PELT",1,1,1,1,0.00183135958713099
"none",1.6,5,"SVP",1,1,1,1,0.00183135958713099
"none",1.6,5,"SVP (BIC)",1,1,1,1,0.00183135958713099
"none",1.6,6,"PELT",1,1,1,1,0.00268668566744273
"none",1.6,6,"SVP",1,1,1,1,0.00268668566744273
"none",1.6,6,"SVP (BIC)",1,1,1,1,0.00268668566744273
"none",1.6,7,"PELT",1,1,1,1,0.000569932485365816
"none",1.6,7,"SVP",1,1,1,1,0.000569932485365816
"none",1.6,7,"SVP (BIC)",1,1,1,1,0.000569932485365816
"none",1.6,8,"PELT",1,1,1,1,0.000218622924360863
"none",1.6,8,"SVP",1,1,1,1,0.000218622924360863
"none",1.6,8,"SVP (BIC)",1,1,1,1,0.000218622924360863
"none",1.6,9,"PELT",1,1,1,1,7.16782873081995e-05
"none",1.6,9,"SVP",1,1,1,1,7.16782873081995e-05
"none",1.6,9,"SVP (BIC)",1,1,1,1,7.16782873081995e-05
"none",1.6,10,"PELT",1,1,1,1,0.000917600355528562
"none",1.6,10,"SVP",1,1,1,1,0.000917600355528562
"none",1.6,10,"SVP (BIC)",1,1,1,1,0.000917600355528562
"none",1.6,11,"PELT",1,1,1,1,5.06469462086898e-05
"none",1.6,11,"SVP",1,1,1,1,5.06469462086898e-05
"none",1.6,11,"SVP (BIC)",1,1,1,1,5.06469462086898e-05
"none",1.6,12,"PELT",1,1,1,1,0.00237522237002009
"none",1.6,12,"SVP",1,1,1,1,0.00237522237002009
"none",1.6,12,"SVP (BIC)",1,1,1,1,0.00237522237002009
"none",1.6,13,"PELT",0.5,1,0.666666666666667,2,0.016731621537805
"none",1.6,13,"SVP",1,1,1,1,0.00154649151150858
"none",1.6,13,"SVP (BIC)",1,1,1,1,0.00154649151150858
"none",1.6,14,"PELT",1,1,1,1,0.000187765895363931
"none",1.6,14,"SVP",1,1,1,1,0.000187765895363931
"none",1.6,14,"SVP (BIC)",1,1,1,1,0.000187765895363931
"none",1.6,15,"PELT",1,1,1,1,6.16556229857846e-05
"none",1.6,15,"SVP",1,1,1,1,6.16556229857846e-05
"none",1.6,15,"SVP (BIC)",1,1,1,1,6.16556229857846e-05
"none",1.6,16,"PELT",1,1,1,1,0.000303546856201085
"none",1.6,16,"SVP",1,1,1,1,0.000303546856201085
"none",1.6,16,"SVP (BIC)",1,1,1,1,0.000303546856201085
"none",1.6,17,"PELT",1,1,1,1,0.000323784603678716
"none",1.6,17,"SVP",1,1,1,1,0.000323784603678716
"none",1.6,17,"SVP (BIC)",1,1,1,1,0.000323784603678716
"none",1.6,18,"PELT",1,1,1,1,0.0024394323884215
"none",1.6,18,"SVP",1,1,1,1,0.0024394323884215
"none",1.6,18,"SVP (BIC)",1,1,1,1,0.0024394323884215
"none",1.6,19,"PELT",1,1,1,1,0.000643165998420338
"none",1.6,19,"SVP",1,1,1,1,0.000643165998420338
"none",1.6,19,"SVP (BIC)",1,1,1,1,0.000643165998420338
"none",1.6,20,"PELT",1,1,1,1,0.000432931916058725
"none",1.6,20,"SVP",1,1,1,1,0.000432931916058725
"none",1.6,20,"SVP (BIC)",1,1,1,1,0.000432931916058725
"none",1.6,21,"PELT",1,1,1,1,0.00116315276230957
"none",1.6,21,"SVP",1,1,1,1,0.00116315276230957
"none",1.6,21,"SVP (BIC)",1,1,1,1,0.00116315276230957
"none",1.6,22,"PELT",1,1,1,1,3.04766507728641e-05
"none",1.6,22,"SVP",1,1,1,1,3.04766507728641e-05
"none",1.6,22,"SVP (BIC)",1,1,1,1,3.04766507728641e-05
"none",1.6,23,"PELT",1,1,1,1,0.00288184872162658
"none",1.6,23,"SVP",1,1,1,1,0.00288184872162658
"none",1.6,23,"SVP (BIC)",1,1,1,1,0.00288184872162658
"none",1.6,24,"PELT",1,1,1,1,0.00166899501776758
"none",1.6,24,"SVP",1,1,1,1,0.00166899501776758
"none",1.6,24,"SVP (BIC)",1,1,1,1,0.00166899501776758
"none",1.6,25,"PELT",1,1,1,1,0.002133639711797
"none",1.6,25,"SVP",1,1,1,1,0.002133639711797
"none",1.6,25,"SVP (BIC)",1,1,1,1,0.002133639711797
"none",1.6,26,"PELT",1,1,1,1,1.69481007691159e-05
"none",1.6,26,"SVP",1,1,1,1,1.69481007691159e-05
"none",1.6,26,"SVP (BIC)",1,1,1,1,1.69481007691159e-05
"none",1.6,27,"PELT",1,1,1,1,0.00111541024444664
"none",1.6,27,"SVP",1,1,1,1,0.00111541024444664
"none",1.6,27,"SVP (BIC)",1,1,1,1,0.00111541024444664
"none",1.6,28,"PELT",1,1,1,1,0.000349736411320978
"none",1.6,28,"SVP",1,1,1,1,0.000349736411320978
"none",1.6,28,"SVP (BIC)",1,1,1,1,0.000349736411320978
"none",1.6,29,"PELT",1,1,1,1,0.000129357979270271
"none",1.6,29,"SVP",1,1,1,1,0.000129357979270271
"none",1.6,29,"SVP (BIC)",1,1,1,1,0.000129357979270271
"none",1.6,30,"PELT",1,1,1,1,0.00215729137356529
"none",1.6,30,"SVP",1,1,1,1,0.00215729137356529
"none",1.6,30,"SVP (BIC)",1,1,1,1,0.00215729137356529
"none",1.6,31,"PELT",1,1,1,1,0.00484896734842857
"none",1.6,31,"SVP",1,1,1,1,0.00484896734842857
"none",1.6,31,"SVP (BIC)",1,1,1,1,0.00484896734842857
"none",1.6,32,"PELT",1,1,1,1,2.53317513339524e-05
"none",1.6,32,"SVP",1,1,1,1,2.53317513339524e-05
"none",1.6,32,"SVP (BIC)",1,1,1,1,2.53317513339524e-05
"none",1.6,33,"PELT",1,1,1,1,0.000796269806980011
"none",1.6,33,"SVP",1,1,1,1,0.000796269806980011
"none",1.6,33,"SVP (BIC)",1,1,1,1,0.000796269806980011
"none",1.6,34,"PELT",1,1,1,1,0.000341413720020513
"none",1.6,34,"SVP",1,1,1,1,0.000341413720020513
"none",1.6,34,"SVP (BIC)",1,1,1,1,0.000341413720020513
"none",1.6,35,"PELT",1,1,1,1,0.000325955006955586
"none",1.6,35,"SVP",1,1,1,1,0.000325955006955586
"none",1.6,35,"SVP (BIC)",1,1,1,1,0.000325955006955586
"none",1.6,36,"PELT",1,1,1,1,5.72591900374967e-05
"none",1.6,36,"SVP",1,1,1,1,5.72591900374967e-05
"none",1.6,36,"SVP (BIC)",1,1,1,1,5.72591900374967e-05
"none",1.6,37,"PELT",1,1,1,1,0.000678380825419743
"none",1.6,37,"SVP",1,1,1,1,0.000678380825419743
"none",1.6,37,"SVP (BIC)",1,1,1,1,0.000678380825419743
"none",1.6,38,"PELT",0.5,1,0.666666666666667,2,0.0203554903359427
"none",1.6,38,"SVP",1,1,1,1,0.00487480229062312
"none",1.6,38,"SVP (BIC)",1,1,1,1,0.00487480229062312
"none",1.6,39,"PELT",1,1,1,1,0.000330516155490682
"none",1.6,39,"SVP",1,1,1,1,0.000330516155490682
"none",1.6,39,"SVP (BIC)",1,1,1,1,0.000330516155490682
"none",1.6,40,"PELT",1,1,1,1,0.00188551040148765
"none",1.6,40,"SVP",1,1,1,1,0.00188551040148765
"none",1.6,40,"SVP (BIC)",1,1,1,1,0.00188551040148765
"none",1.6,41,"PELT",1,1,1,1,0.0013681931806319
"none",1.6,41,"SVP",1,1,1,1,0.0013681931806319
"none",1.6,41,"SVP (BIC)",1,1,1,1,0.0013681931806319
"none",1.6,42,"PELT",1,1,1,1,0.000260418731412114
"none",1.6,42,"SVP",1,1,1,1,0.000260418731412114
"none",1.6,42,"SVP (BIC)",1,1,1,1,0.000260418731412114
"none",1.6,43,"PELT",1,1,1,1,0.00206838915524816
"none",1.6,43,"SVP",0.5,1,0.666666666666667,2,0.00859090055175732
"none",1.6,43,"SVP (BIC)",1,1,1,1,0.00206838915524816
"none",1.6,44,"PELT",1,1,1,1,4.81851874540864e-05
"none",1.6,44,"SVP",1,1,1,1,4.81851874540864e-05
"none",1.6,44,"SVP (BIC)",1,1,1,1,4.81851874540864e-05
"none",1.6,45,"PELT",1,1,1,1,6.53598445392167e-05
"none",1.6,45,"SVP",1,1,1,1,6.53598445392167e-05
"none",1.6,45,"SVP (BIC)",1,1,1,1,6.53598445392167e-05
"none",1.6,46,"PELT",1,1,1,1,0.00298595053678193
"none",1.6,46,"SVP",1,1,1,1,0.00298595053678193
"none",1.6,46,"SVP (BIC)",1,1,1,1,0.00298595053678193
"none",1.6,47,"PELT",1,1,1,1,0.00102555436694939
"none",1.6,47,"SVP",1,1,1,1,0.00102555436694939
"none",1.6,47,"SVP (BIC)",1,1,1,1,0.00102555436694939
"none",1.6,48,"PELT",1,1,1,1,0.000542437696573061
"none",1.6,48,"SVP",1,1,1,1,0.000542437696573061
"none",1.6,48,"SVP (BIC)",1,1,1,1,0.000542437696573061
"none",1.6,49,"PELT",1,1,1,1,0.00112701314955955
"none",1.6,49,"SVP",1,1,1,1,0.00112701314955955
"none",1.6,49,"SVP (BIC)",1,1,1,1,0.00112701314955955
"none",1.6,50,"PELT",1,1,1,1,0.000110932697930902
"none",1.6,50,"SVP",1,1,1,1,0.000110932697930902
"none",1.6,50,"SVP (BIC)",1,1,1,1,0.000110932697930902
"up",1.6,1,"PELT",0.875,0.875,0.875,8,0.0315976561329252
"up",1.6,1,"SVP",0.875,0.875,0.875,8,0.0315976561329252
"up",1.6,1,"SVP (BIC)",0.875,0.875,0.875,8,0.0315976561329252
"up",1.6,2,"PELT",1,1,1,8,0.0139897193957824
"up",1.6,2,"SVP",1,1,1,8,0.0139897193957824
"up",1.6,2,"SVP (BIC)",1,1,1,8,0.0139897193957824
"up",1.6,3,"PELT",0.875,0.875,0.875,8,0.0227384678894771
"up",1.6,3,"SVP",0.875,0.875,0.875,8,0.0227384678894771
"up",1.6,3,"SVP (BIC)",0.875,0.875,0.875,8,0.0227384678894771
"up",1.6,4,"PELT",1,1,1,8,0.0197764392807773
"up",1.6,4,"SVP",1,1,1,8,0.0197764392807773
"up",1.6,4,"SVP (BIC)",1,1,1,8,0.0197764392807773
"up",1.6,5,"PELT",1,1,1,8,0.00531996993703305
"up",1.6,5,"SVP",1,1,1,8,0.00531996993703305
"up",1.6,5,"SVP (BIC)",1,1,1,8,0.00531996993703305
"up",1.6,6,"PELT",1,1,1,8,0.0218583063921518
"up",1.6,6,"SVP",1,1,1,8,0.0218583063921518
"up",1.6,6,"SVP (BIC)",1,1,1,8,0.0218583063921518
"up",1.6,7,"PELT",0.75,0.75,0.75,8,0.0436421638276672
"up",1.6,7,"SVP",0.75,0.75,0.75,8,0.0436421638276672
"up",1.6,7,"SVP (BIC)",0.75,0.75,0.75,8,0.0436421638276672
"up",1.6,8,"PELT",0.875,0.875,0.875,8,0.0223559466659745
"up",1.6,8,"SVP",0.875,0.875,0.875,8,0.0223559466659745
"up",1.6,8,"SVP (BIC)",0.875,0.875,0.875,8,0.0223559466659745
"up",1.6,9,"PELT",0.625,0.625,0.625,8,0.0553722923332635
"up",1.6,9,"SVP",0.625,0.625,0.625,8,0.0553722923332635
"up",1.6,9,"SVP (BIC)",0.625,0.625,0.625,8,0.0553722923332635
"up",1.6,10,"PELT",0.75,0.75,0.75,8,0.0428576007243312
"up",1.6,10,"SVP",0.75,0.75,0.75,8,0.0428576007243312
"up",1.6,10,"SVP (BIC)",0.75,0.75,0.75,8,0.0428576007243312
"up",1.6,11,"PELT",0.875,0.875,0.875,8,0.033284261065978
"up",1.6,11,"SVP",0.875,0.875,0.875,8,0.033284261065978
"up",1.6,11,"SVP (BIC)",0.875,0.875,0.875,8,0.033284261065978
"up",1.6,12,"PELT",1,1,1,8,0.0126986190122687
"up",1.6,12,"SVP",1,1,1,8,0.0126986190122687
"up",1.6,12,"SVP (BIC)",1,1,1,8,0.0126986190122687
"up",1.6,13,"PELT",0.75,0.75,0.75,8,0.0280125968188927
"up",1.6,13,"SVP",0.75,0.75,0.75,8,0.0280125968188927
"up",1.6,13,"SVP (BIC)",0.75,0.75,0.75,8,0.0280125968188927
"up",1.6,14,"PELT",0.625,0.625,0.625,8,0.0486534980719958
"up",1.6,14,"SVP",0.625,0.625,0.625,8,0.0486534980719958
"up",1.6,14,"SVP (BIC)",0.625,0.625,0.625,8,0.0486534980719958
"up",1.6,15,"PELT",0.875,0.875,0.875,8,0.0295017962856371
"up",1.6,15,"SVP",0.875,0.875,0.875,8,0.0295017962856371
"up",1.6,15,"SVP (BIC)",0.875,0.875,0.875,8,0.0295017962856371
"up",1.6,16,"PELT",0.75,0.75,0.75,8,0.0339564162182711
"up",1.6,16,"SVP",0.75,0.75,0.75,8,0.0339564162182711
"up",1.6,16,"SVP (BIC)",0.75,0.75,0.75,8,0.0339564162182711
"up",1.6,17,"PELT",0.875,0.875,0.875,8,0.0384705840286539
"up",1.6,17,"SVP",0.875,0.875,0.875,8,0.0384705840286539
"up",1.6,17,"SVP (BIC)",0.875,0.875,0.875,8,0.0384705840286539
"up",1.6,18,"PELT",0.875,0.875,0.875,8,0.0231405656134722
"up",1.6,18,"SVP",0.875,0.875,0.875,8,0.0231405656134722
"up",1.6,18,"SVP (BIC)",0.875,0.875,0.875,8,0.0231405656134722
"up",1.6,19,"PELT",0.875,0.875,0.875,8,0.0368627917586157
"up",1.6,19,"SVP",0.875,0.875,0.875,8,0.0368627917586157
"up",1.6,19,"SVP (BIC)",0.875,0.875,0.875,8,0.0368627917586157
"up",1.6,20,"PELT",0.75,0.75,0.75,8,0.027977745575945
"up",1.6,20,"SVP",0.75,0.75,0.75,8,0.027977745575945
"up",1.6,20,"SVP (BIC)",0.75,0.75,0.75,8,0.027977745575945
"up",1.6,21,"PELT",0.875,0.875,0.875,8,0.0493943030171621
"up",1.6,21,"SVP",0.875,0.875,0.875,8,0.0493943030171621
"up",1.6,21,"SVP (BIC)",0.875,0.875,0.875,8,0.0493943030171621
"up",1.6,22,"PELT",0.875,0.875,0.875,8,0.0305295962787921
"up",1.6,22,"SVP",0.875,0.875,0.875,8,0.0305295962787921
"up",1.6,22,"SVP (BIC)",0.875,0.875,0.875,8,0.0305295962787921
"up",1.6,23,"PELT",0.625,0.625,0.625,8,0.0393938766519594
"up",1.6,23,"SVP",0.625,0.625,0.625,8,0.0393938766519594
"up",1.6,23,"SVP (BIC)",0.625,0.625,0.625,8,0.0393938766519594
"up",1.6,24,"PELT",1,1,1,8,0.0150603595066287
"up",1.6,24,"SVP",1,1,1,8,0.0150603595066287
"up",1.6,24,"SVP (BIC)",1,1,1,8,0.0150603595066287
"up",1.6,25,"PELT",0.777777777777778,0.875,0.823529411764706,9,0.0474702674493669
"up",1.6,25,"SVP",0.777777777777778,0.875,0.823529411764706,9,0.0474702674493669
"up",1.6,25,"SVP (BIC)",0.875,0.875,0.875,8,0.0294327237547566
"up",1.6,26,"PELT",0.75,0.75,0.75,8,0.0441338426095107
"up",1.6,26,"SVP",0.75,0.75,0.75,8,0.0441338426095107
"up",1.6,26,"SVP (BIC)",0.75,0.75,0.75,8,0.0441338426095107
"up",1.6,27,"PELT",1,1,1,8,0.0123170264024371
"up",1.6,27,"SVP",1,1,1,8,0.0123170264024371
"up",1.6,27,"SVP (BIC)",1,1,1,8,0.0123170264024371
"up",1.6,28,"PELT",1,1,1,8,0.0274531737998865
"up",1.6,28,"SVP",1,1,1,8,0.0274531737998865
"up",1.6,28,"SVP (BIC)",1,1,1,8,0.0274531737998865
"up",1.6,29,"PELT",0.875,0.875,0.875,8,0.029059339558675
"up",1.6,29,"SVP",0.875,0.875,0.875,8,0.029059339558675
"up",1.6,29,"SVP (BIC)",0.875,0.875,0.875,8,0.029059339558675
"up",1.6,30,"PELT",0.75,0.75,0.75,8,0.039756526969646
"up",1.6,30,"SVP",0.75,0.75,0.75,8,0.039756526969646
"up",1.6,30,"SVP (BIC)",0.75,0.75,0.75,8,0.039756526969646
"up",1.6,31,"PELT",1,1,1,8,0.0190757625496513
"up",1.6,31,"SVP",1,1,1,8,0.0190757625496513
"up",1.6,31,"SVP (BIC)",1,1,1,8,0.0190757625496513
"up",1.6,32,"PELT",0.625,0.625,0.625,8,0.0379118495188865
"up",1.6,32,"SVP",0.625,0.625,0.625,8,0.0379118495188865
"up",1.6,32,"SVP (BIC)",0.625,0.625,0.625,8,0.0379118495188865
"up",1.6,33,"PELT",0.75,0.75,0.75,8,0.0409238046478402
"up",1.6,33,"SVP",0.75,0.75,0.75,8,0.0409238046478402
"up",1.6,33,"SVP (BIC)",0.75,0.75,0.75,8,0.0409238046478402
"up",1.6,34,"PELT",0.875,0.875,0.875,8,0.0226074570933666
"up",1.6,34,"SVP",0.875,0.875,0.875,8,0.0226074570933666
"up",1.6,34,"SVP (BIC)",0.875,0.875,0.875,8,0.0226074570933666
"up",1.6,35,"PELT",0.875,0.875,0.875,8,0.0237324141307285
"up",1.6,35,"SVP",0.875,0.875,0.875,8,0.0237324141307285
"up",1.6,35,"SVP (BIC)",0.875,0.875,0.875,8,0.0237324141307285
"up",1.6,36,"PELT",1,1,1,8,0.00556600127138141
"up",1.6,36,"SVP",1,1,1,8,0.00556600127138141
"up",1.6,36,"SVP (BIC)",1,1,1,8,0.00556600127138141
"up",1.6,37,"PELT",0.625,0.625,0.625,8,0.0660908683826578
"up",1.6,37,"SVP",0.625,0.625,0.625,8,0.0660908683826578
"up",1.6,37,"SVP (BIC)",0.625,0.625,0.625,8,0.0660908683826578
"up",1.6,38,"PELT",1,1,1,8,0.0285723114285081
"up",1.6,38,"SVP",1,1,1,8,0.0285723114285081
"up",1.6,38,"SVP (BIC)",1,1,1,8,0.0285723114285081
"up",1.6,39,"PELT",0.875,0.875,0.875,8,0.0280036546894247
"up",1.6,39,"SVP",0.875,0.875,0.875,8,0.0280036546894247
"up",1.6,39,"SVP (BIC)",0.875,0.875,0.875,8,0.0280036546894247
"up",1.6,40,"PELT",0.875,0.875,0.875,8,0.0250239548714683
"up",1.6,40,"SVP",0.875,0.875,0.875,8,0.0250239548714683
"up",1.6,40,"SVP (BIC)",0.875,0.875,0.875,8,0.0250239548714683
"up",1.6,41,"PELT",0.75,0.75,0.75,8,0.0340385744781781
"up",1.6,41,"SVP",0.75,0.75,0.75,8,0.0340385744781781
"up",1.6,41,"SVP (BIC)",0.75,0.75,0.75,8,0.0340385744781781
"up",1.6,42,"PELT",0.666666666666667,0.75,0.705882352941177,9,0.0581948137213841
"up",1.6,42,"SVP",0.75,0.75,0.75,8,0.0406314261758023
"up",1.6,42,"SVP (BIC)",0.75,0.75,0.75,8,0.0406314261758023
"up",1.6,43,"PELT",1,1,1,8,0.012409579641258
"up",1.6,43,"SVP",1,1,1,8,0.012409579641258
"up",1.6,43,"SVP (BIC)",1,1,1,8,0.012409579641258
"up",1.6,44,"PELT",0.888888888888889,1,0.941176470588235,9,0.0299839506855493
"up",1.6,44,"SVP",1,1,1,8,0.0157571620433603
"up",1.6,44,"SVP (BIC)",1,1,1,8,0.013228096565102
"up",1.6,45,"PELT",0.875,0.875,0.875,8,0.025101203855556
"up",1.6,45,"SVP",0.875,0.875,0.875,8,0.025101203855556
"up",1.6,45,"SVP (BIC)",0.875,0.875,0.875,8,0.025101203855556
"up",1.6,46,"PELT",1,1,1,8,0.0195466152997195
"up",1.6,46,"SVP",1,1,1,8,0.0195466152997195
"up",1.6,46,"SVP (BIC)",1,1,1,8,0.0195466152997195
"up",1.6,47,"PELT",1,1,1,8,0.0216054534608928
"up",1.6,47,"SVP",1,1,1,8,0.0216054534608928
"up",1.6,47,"SVP (BIC)",1,1,1,8,0.0216054534608928
"up",1.6,48,"PELT",1,1,1,8,0.0173894572756899
"up",1.6,48,"SVP",1,1,1,8,0.0173894572756899
"up",1.6,48,"SVP (BIC)",1,1,1,8,0.0173894572756899
"up",1.6,49,"PELT",0.875,0.875,0.875,8,0.0209814430449398
"up",1.6,49,"SVP",0.875,0.875,0.875,8,0.0209814430449398
"up",1.6,49,"SVP (BIC)",0.875,0.875,0.875,8,0.0209814430449398
"up",1.6,50,"PELT",1,1,1,8,0.0176941515043165
"up",1.6,50,"SVP",1,1,1,8,0.0176941515043165
"up",1.6,50,"SVP (BIC)",1,1,1,8,0.0176941515043165
"updown",1.6,1,"PELT",0.75,0.75,0.75,8,0.0297451049417811
"updown",1.6,1,"SVP",0.75,0.75,0.75,8,0.0297451049417811
"updown",1.6,1,"SVP (BIC)",0.75,0.75,0.75,8,0.0297451049417811
"updown",1.6,2,"PELT",0.625,0.625,0.625,8,0.040752713485606
"updown",1.6,2,"SVP",0.625,0.625,0.625,8,0.040752713485606
"updown",1.6,2,"SVP (BIC)",0.625,0.625,0.625,8,0.040752713485606
"updown",1.6,3,"PELT",0.875,0.875,0.875,8,0.0237459721710003
"updown",1.6,3,"SVP",0.875,0.875,0.875,8,0.0237459721710003
"updown",1.6,3,"SVP (BIC)",0.875,0.875,0.875,8,0.0237459721710003
"updown",1.6,4,"PELT",1,1,1,8,0.0175320251257329
"updown",1.6,4,"SVP",1,1,1,8,0.0175320251257329
"updown",1.6,4,"SVP (BIC)",1,1,1,8,0.0175320251257329
"updown",1.6,5,"PELT",0.777777777777778,0.875,0.823529411764706,9,0.0362221906982545
"updown",1.6,5,"SVP",0.75,0.75,0.75,8,0.0415208365785443
"updown",1.6,5,"SVP (BIC)",0.75,0.75,0.75,8,0.0415208365785443
"updown",1.6,6,"PELT",0.875,0.875,0.875,8,0.0426613687897309
"updown",1.6,6,"SVP",0.875,0.875,0.875,8,0.0426613687897309
"updown",1.6,6,"SVP (BIC)",0.875,0.875,0.875,8,0.0426613687897309
"updown",1.6,7,"PELT",1,1,1,8,0.00960351922244791
"updown",1.6,7,"SVP",1,1,1,8,0.00960351922244791
"updown",1.6,7,"SVP (BIC)",1,1,1,8,0.00960351922244791
"updown",1.6,8,"PELT",0.875,0.875,0.875,8,0.0344653689451972
"updown",1.6,8,"SVP",0.875,0.875,0.875,8,0.0344653689451972
"updown",1.6,8,"SVP (BIC)",0.875,0.875,0.875,8,0.0344653689451972
"updown",1.6,9,"PELT",0.75,0.75,0.75,8,0.0372343429075702
"updown",1.6,9,"SVP",0.75,0.75,0.75,8,0.0372343429075702
"updown",1.6,9,"SVP (BIC)",0.75,0.75,0.75,8,0.0372343429075702
"updown",1.6,10,"PELT",0.875,0.875,0.875,8,0.0314854738909111
"updown",1.6,10,"SVP",0.875,0.875,0.875,8,0.0314854738909111
"updown",1.6,10,"SVP (BIC)",0.875,0.875,0.875,8,0.0314854738909111
"updown",1.6,11,"PELT",0.875,0.875,0.875,8,0.0270526850022381
"updown",1.6,11,"SVP",0.875,0.875,0.875,8,0.0270526850022381
"updown",1.6,11,"SVP (BIC)",0.875,0.875,0.875,8,0.0270526850022381
"updown",1.6,12,"PELT",0.875,0.875,0.875,8,0.0516887163700545
"updown",1.6,12,"SVP",0.875,0.875,0.875,8,0.0516887163700545
"updown",1.6,12,"SVP (BIC)",0.875,0.875,0.875,8,0.0516887163700545
"updown",1.6,13,"PELT",0.875,0.875,0.875,8,0.0388654513964735
"updown",1.6,13,"SVP",0.875,0.875,0.875,8,0.0388654513964735
"updown",1.6,13,"SVP (BIC)",0.875,0.875,0.875,8,0.0388654513964735
"updown",1.6,14,"PELT",0.875,0.875,0.875,8,0.0337999233078393
"updown",1.6,14,"SVP",0.875,0.875,0.875,8,0.0337999233078393
"updown",1.6,14,"SVP (BIC)",0.875,0.875,0.875,8,0.0337999233078393
"updown",1.6,15,"PELT",0.875,0.875,0.875,8,0.0544876054565067
"updown",1.6,15,"SVP",0.875,0.875,0.875,8,0.0544876054565067
"updown",1.6,15,"SVP (BIC)",0.875,0.875,0.875,8,0.0544876054565067
"updown",1.6,16,"PELT",1,1,1,8,0.0132238134156086
"updown",1.6,16,"SVP",1,1,1,8,0.0132238134156086
"updown",1.6,16,"SVP (BIC)",1,1,1,8,0.0132238134156086
"updown",1.6,17,"PELT",0.875,0.875,0.875,8,0.0255193104763156
"updown",1.6,17,"SVP",0.875,0.875,0.875,8,0.0255193104763156
"updown",1.6,17,"SVP (BIC)",0.875,0.875,0.875,8,0.0255193104763156
"updown",1.6,18,"PELT",1,1,1,8,0.0170823447823099
"updown",1.6,18,"SVP",1,1,1,8,0.0170823447823099
"updown",1.6,18,"SVP (BIC)",1,1,1,8,0.0170823447823099
"updown",1.6,19,"PELT",0.875,0.875,0.875,8,0.0403731839328487
"updown",1.6,19,"SVP",0.875,0.875,0.875,8,0.0403731839328487
"updown",1.6,19,"SVP (BIC)",0.875,0.875,0.875,8,0.0403731839328487
"updown",1.6,20,"PELT",0.75,0.75,0.75,8,0.0389101041723264
"updown",1.6,20,"SVP",0.75,0.75,0.75,8,0.0389101041723264
"updown",1.6,20,"SVP (BIC)",0.75,0.75,0.75,8,0.0389101041723264
"updown",1.6,21,"PELT",0.625,0.625,0.625,8,0.0558497607605864
"updown",1.6,21,"SVP",0.625,0.625,0.625,8,0.0558497607605864
"updown",1.6,21,"SVP (BIC)",0.625,0.625,0.625,8,0.0558497607605864
"updown",1.6,22,"PELT",1,1,1,8,0.016139061327574
"updown",1.6,22,"SVP",1,1,1,8,0.016139061327574
"updown",1.6,22,"SVP (BIC)",1,1,1,8,0.016139061327574
"updown",1.6,23,"PELT",0.75,0.75,0.75,8,0.0579011765807547
"updown",1.6,23,"SVP",0.75,0.75,0.75,8,0.0579011765807547
"updown",1.6,23,"SVP (BIC)",0.75,0.75,0.75,8,0.0579011765807547
"updown",1.6,24,"PELT",1,1,1,8,0.0171268973941541
"updown",1.6,24,"SVP",1,1,1,8,0.0171268973941541
"updown",1.6,24,"SVP (BIC)",1,1,1,8,0.0171268973941541
"updown",1.6,25,"PELT",1,1,1,8,0.0202274109033142
"updown",1.6,25,"SVP",1,1,1,8,0.0202274109033142
"updown",1.6,25,"SVP (BIC)",1,1,1,8,0.0202274109033142
"updown",1.6,26,"PELT",1,1,1,8,0.0115954435120932
"updown",1.6,26,"SVP",1,1,1,8,0.0115954435120932
"updown",1.6,26,"SVP (BIC)",1,1,1,8,0.0115954435120932
"updown",1.6,27,"PELT",1,1,1,8,0.0155353715986165
"updown",1.6,27,"SVP",1,1,1,8,0.0155353715986165
"updown",1.6,27,"SVP (BIC)",1,1,1,8,0.0155353715986165
"updown",1.6,28,"PELT",1,1,1,8,0.0130412367171467
"updown",1.6,28,"SVP",1,1,1,8,0.0130412367171467
"updown",1.6,28,"SVP (BIC)",1,1,1,8,0.0130412367171467
"updown",1.6,29,"PELT",0.625,0.625,0.625,8,0.0312120867594997
"updown",1.6,29,"SVP",0.625,0.625,0.625,8,0.0312120867594997
"updown",1.6,29,"SVP (BIC)",0.625,0.625,0.625,8,0.0312120867594997
"updown",1.6,30,"PELT",0.75,0.75,0.75,8,0.0396768944580663
"updown",1.6,30,"SVP",0.75,0.75,0.75,8,0.0396768944580663
"updown",1.6,30,"SVP (BIC)",0.75,0.75,0.75,8,0.0396768944580663
"updown",1.6,31,"PELT",0.875,0.875,0.875,8,0.0385970637885825
"updown",1.6,31,"SVP",0.875,0.875,0.875,8,0.0385970637885825
"updown",1.6,31,"SVP (BIC)",0.875,0.875,0.875,8,0.0385970637885825
"updown",1.6,32,"PELT",0.75,0.75,0.75,8,0.0287005424834165
"updown",1.6,32,"SVP",0.75,0.75,0.75,8,0.0287005424834165
"updown",1.6,32,"SVP (BIC)",0.75,0.75,0.75,8,0.0287005424834165
"updown",1.6,33,"PELT",0.875,0.875,0.875,8,0.0217785140863333
"updown",1.6,33,"SVP",0.875,0.875,0.875,8,0.0217785140863333
"updown",1.6,33,"SVP (BIC)",0.875,0.875,0.875,8,0.0217785140863333
"updown",1.6,34,"PELT",1,1,1,8,0.0222623365575793
"updown",1.6,34,"SVP",1,1,1,8,0.0222623365575793
"updown",1.6,34,"SVP (BIC)",1,1,1,8,0.0222623365575793
"updown",1.6,35,"PELT",0.75,0.75,0.75,8,0.0308804546902972
"updown",1.6,35,"SVP",0.75,0.75,0.75,8,0.0308804546902972
"updown",1.6,35,"SVP (BIC)",0.75,0.75,0.75,8,0.0308804546902972
"updown",1.6,36,"PELT",1,1,1,8,0.00847224493704089
"updown",1.6,36,"SVP",1,1,1,8,0.00847224493704089
"updown",1.6,36,"SVP (BIC)",1,1,1,8,0.00847224493704089
"updown",1.6,37,"PELT",0.75,0.75,0.75,8,0.0392240078923617
"updown",1.6,37,"SVP",0.75,0.75,0.75,8,0.0392240078923617
"updown",1.6,37,"SVP (BIC)",0.75,0.75,0.75,8,0.0392240078923617
"updown",1.6,38,"PELT",1,1,1,8,0.0106347067778392
"updown",1.6,38,"SVP",1,1,1,8,0.0106347067778392
"updown",1.6,38,"SVP (BIC)",1,1,1,8,0.0106347067778392
"updown",1.6,39,"PELT",0.875,0.875,0.875,8,0.0281249725674622
"updown",1.6,39,"SVP",0.875,0.875,0.875,8,0.0281249725674622
"updown",1.6,39,"SVP (BIC)",0.875,0.875,0.875,8,0.0281249725674622
"updown",1.6,40,"PELT",0.75,0.75,0.75,8,0.0297594969409874
"updown",1.6,40,"SVP",0.75,0.75,0.75,8,0.0297594969409874
"updown",1.6,40,"SVP (BIC)",0.75,0.75,0.75,8,0.0297594969409874
"updown",1.6,41,"PELT",0.875,0.875,0.875,8,0.0343825050180586
"updown",1.6,41,"SVP",0.875,0.875,0.875,8,0.0343825050180586
"updown",1.6,41,"SVP (BIC)",0.875,0.875,0.875,8,0.0343825050180586
"updown",1.6,42,"PELT",1,1,1,8,0.0401712190634803
"updown",1.6,42,"SVP",1,1,1,8,0.0401712190634803
"updown",1.6,42,"SVP (BIC)",1,1,1,8,0.0401712190634803
"updown",1.6,43,"PELT",0.75,0.75,0.75,8,0.0573409695750148
"updown",1.6,43,"SVP",0.75,0.75,0.75,8,0.0573409695750148
"updown",1.6,43,"SVP (BIC)",0.75,0.75,0.75,8,0.0573409695750148
"updown",1.6,44,"PELT",0.875,0.875,0.875,8,0.0346852746811844
"updown",1.6,44,"SVP",0.875,0.875,0.875,8,0.0346852746811844
"updown",1.6,44,"SVP (BIC)",0.875,0.875,0.875,8,0.0346852746811844
"updown",1.6,45,"PELT",0.875,0.875,0.875,8,0.0216526561486963
"updown",1.6,45,"SVP",0.875,0.875,0.875,8,0.0216526561486963
"updown",1.6,45,"SVP (BIC)",0.875,0.875,0.875,8,0.0216526561486963
"updown",1.6,46,"PELT",0.875,0.875,0.875,8,0.0197287164656941
"updown",1.6,46,"SVP",0.875,0.875,0.875,8,0.0197287164656941
"updown",1.6,46,"SVP (BIC)",0.875,0.875,0.875,8,0.0197287164656941
"updown",1.6,47,"PELT",1,1,1,8,0.0125048261846647
"updown",1.6,47,"SVP",1,1,1,8,0.0125048261846647
"updown",1.6,47,"SVP (BIC)",1,1,1,8,0.0125048261846647
"updown",1.6,48,"PELT",0.875,0.875,0.875,8,0.0313022426136121
"updown",1.6,48,"SVP",0.875,0.875,0.875,8,0.0313022426136121
"updown",1.6,48,"SVP (BIC)",0.875,0.875,0.875,8,0.0313022426136121
"updown",1.6,49,"PELT",1,1,1,8,0.0181201077728036
"updown",1.6,49,"SVP",1,1,1,8,0.0181201077728036
"updown",1.6,49,"SVP (BIC)",1,1,1,8,0.0181201077728036
"updown",1.6,50,"PELT",0.75,0.75,0.75,8,0.0663649709268039
"updown",1.6,50,"SVP",0.75,0.75,0.75,8,0.0663649709268039
"updown",1.6,50,"SVP (BIC)",0.75,0.75,0.75,8,0.0663649709268039
"rand1",1.6,1,"PELT",0.833333333333333,0.625,0.714285714285714,6,0.0246482335086224
"rand1",1.6,1,"SVP",0.833333333333333,0.625,0.714285714285714,6,0.0246482335086224
"rand1",1.6,1,"SVP (BIC)",0.833333333333333,0.625,0.714285714285714,6,0.0246482335086224
"rand1",1.6,2,"PELT",0.833333333333333,0.625,0.714285714285714,6,0.0246482335086224
"rand1",1.6,2,"SVP",0.833333333333333,0.625,0.714285714285714,6,0.0246482335086224
"rand1",1.6,2,"SVP (BIC)",0.833333333333333,0.625,0.714285714285714,6,0.0246482335086224
"rand1",1.6,3,"PELT",0.833333333333333,0.625,0.714285714285714,6,0.0246482335086224
"rand1",1.6,3,"SVP",0.833333333333333,0.625,0.714285714285714,6,0.0246482335086224
"rand1",1.6,3,"SVP (BIC)",0.833333333333333,0.625,0.714285714285714,6,0.0246482335086224
"rand1",1.6,4,"PELT",0.833333333333333,0.625,0.714285714285714,6,0.0246482335086224
"rand1",1.6,4,"SVP",0.833333333333333,0.625,0.714285714285714,6,0.0246482335086224
"rand1",1.6,4,"SVP (BIC)",0.833333333333333,0.625,0.714285714285714,6,0.0246482335086224
"rand1",1.6,5,"PELT",0.833333333333333,0.625,0.714285714285714,6,0.0246482335086224
"rand1",1.6,5,"SVP",0.833333333333333,0.625,0.714285714285714,6,0.0246482335086224
"rand1",1.6,5,"SVP (BIC)",0.833333333333333,0.625,0.714285714285714,6,0.0246482335086224
"rand1",1.6,6,"PELT",0.833333333333333,0.625,0.714285714285714,6,0.0246482335086224
"rand1",1.6,6,"SVP",0.833333333333333,0.625,0.714285714285714,6,0.0246482335086224
"rand1",1.6,6,"SVP (BIC)",0.833333333333333,0.625,0.714285714285714,6,0.0246482335086224
"rand1",1.6,7,"PELT",0.833333333333333,0.625,0.714285714285714,6,0.0246482335086224
"rand1",1.6,7,"SVP",0.833333333333333,0.625,0.714285714285714,6,0.0246482335086224
"rand1",1.6,7,"SVP (BIC)",0.833333333333333,0.625,0.714285714285714,6,0.0246482335086224
"rand1",1.6,8,"PELT",0.833333333333333,0.625,0.714285714285714,6,0.0246482335086224
"rand1",1.6,8,"SVP",0.833333333333333,0.625,0.714285714285714,6,0.0246482335086224
"rand1",1.6,8,"SVP (BIC)",0.833333333333333,0.625,0.714285714285714,6,0.0246482335086224
"rand1",1.6,9,"PELT",0.833333333333333,0.625,0.714285714285714,6,0.0246482335086224
"rand1",1.6,9,"SVP",0.833333333333333,0.625,0.714285714285714,6,0.0246482335086224
"rand1",1.6,9,"SVP (BIC)",0.833333333333333,0.625,0.714285714285714,6,0.0246482335086224
"rand1",1.6,10,"PELT",0.833333333333333,0.625,0.714285714285714,6,0.0246482335086224
"rand1",1.6,10,"SVP",0.833333333333333,0.625,0.714285714285714,6,0.0246482335086224
"rand1",1.6,10,"SVP (BIC)",0.833333333333333,0.625,0.714285714285714,6,0.0246482335086224
"rand1",1.6,11,"PELT",0.833333333333333,0.625,0.714285714285714,6,0.0246482335086224
"rand1",1.6,11,"SVP",0.833333333333333,0.625,0.714285714285714,6,0.0246482335086224
"rand1",1.6,11,"SVP (BIC)",0.833333333333333,0.625,0.714285714285714,6,0.0246482335086224
"rand1",1.6,12,"PELT",0.833333333333333,0.625,0.714285714285714,6,0.0246482335086224
"rand1",1.6,12,"SVP",0.833333333333333,0.625,0.714285714285714,6,0.0246482335086224
"rand1",1.6,12,"SVP (BIC)",0.833333333333333,0.625,0.714285714285714,6,0.0246482335086224
"rand1",1.6,13,"PELT",0.833333333333333,0.625,0.714285714285714,6,0.0246482335086224
"rand1",1.6,13,"SVP",0.833333333333333,0.625,0.714285714285714,6,0.0246482335086224
"rand1",1.6,13,"SVP (BIC)",0.833333333333333,0.625,0.714285714285714,6,0.0246482335086224
"rand1",1.6,14,"PELT",0.833333333333333,0.625,0.714285714285714,6,0.0246482335086224
"rand1",1.6,14,"SVP",0.833333333333333,0.625,0.714285714285714,6,0.0246482335086224
"rand1",1.6,14,"SVP (BIC)",0.833333333333333,0.625,0.714285714285714,6,0.0246482335086224
"rand1",1.6,15,"PELT",0.833333333333333,0.625,0.714285714285714,6,0.0246482335086224
"rand1",1.6,15,"SVP",0.833333333333333,0.625,0.714285714285714,6,0.0246482335086224
"rand1",1.6,15,"SVP (BIC)",0.833333333333333,0.625,0.714285714285714,6,0.0246482335086224
"rand1",1.6,16,"PELT",0.833333333333333,0.625,0.714285714285714,6,0.0246482335086224
"rand1",1.6,16,"SVP",0.833333333333333,0.625,0.714285714285714,6,0.0246482335086224
"rand1",1.6,16,"SVP (BIC)",0.833333333333333,0.625,0.714285714285714,6,0.0246482335086224
"rand1",1.6,17,"PELT",0.833333333333333,0.625,0.714285714285714,6,0.0246482335086224
"rand1",1.6,17,"SVP",0.833333333333333,0.625,0.714285714285714,6,0.0246482335086224
"rand1",1.6,17,"SVP (BIC)",0.833333333333333,0.625,0.714285714285714,6,0.0246482335086224
"rand1",1.6,18,"PELT",0.833333333333333,0.625,0.714285714285714,6,0.0246482335086224
"rand1",1.6,18,"SVP",0.833333333333333,0.625,0.714285714285714,6,0.0246482335086224
"rand1",1.6,18,"SVP (BIC)",0.833333333333333,0.625,0.714285714285714,6,0.0246482335086224
"rand1",1.6,19,"PELT",0.833333333333333,0.625,0.714285714285714,6,0.0246482335086224
"rand1",1.6,19,"SVP",0.833333333333333,0.625,0.714285714285714,6,0.0246482335086224
"rand1",1.6,19,"SVP (BIC)",0.833333333333333,0.625,0.714285714285714,6,0.0246482335086224
"rand1",1.6,20,"PELT",0.833333333333333,0.625,0.714285714285714,6,0.0246482335086224
"rand1",1.6,20,"SVP",0.833333333333333,0.625,0.714285714285714,6,0.0246482335086224
"rand1",1.6,20,"SVP (BIC)",0.833333333333333,0.625,0.714285714285714,6,0.0246482335086224
"rand1",1.6,21,"PELT",0.833333333333333,0.625,0.714285714285714,6,0.0246482335086224
"rand1",1.6,21,"SVP",0.833333333333333,0.625,0.714285714285714,6,0.0246482335086224
"rand1",1.6,21,"SVP (BIC)",0.833333333333333,0.625,0.714285714285714,6,0.0246482335086224
"rand1",1.6,22,"PELT",0.833333333333333,0.625,0.714285714285714,6,0.0246482335086224
"rand1",1.6,22,"SVP",0.833333333333333,0.625,0.714285714285714,6,0.0246482335086224
"rand1",1.6,22,"SVP (BIC)",0.833333333333333,0.625,0.714285714285714,6,0.0246482335086224
"rand1",1.6,23,"PELT",0.833333333333333,0.625,0.714285714285714,6,0.0246482335086224
"rand1",1.6,23,"SVP",0.833333333333333,0.625,0.714285714285714,6,0.0246482335086224
"rand1",1.6,23,"SVP (BIC)",0.833333333333333,0.625,0.714285714285714,6,0.0246482335086224
"rand1",1.6,24,"PELT",0.833333333333333,0.625,0.714285714285714,6,0.0246482335086224
"rand1",1.6,24,"SVP",0.833333333333333,0.625,0.714285714285714,6,0.0246482335086224
"rand1",1.6,24,"SVP (BIC)",0.833333333333333,0.625,0.714285714285714,6,0.0246482335086224
"rand1",1.6,25,"PELT",0.833333333333333,0.625,0.714285714285714,6,0.0246482335086224
"rand1",1.6,25,"SVP",0.833333333333333,0.625,0.714285714285714,6,0.0246482335086224
"rand1",1.6,25,"SVP (BIC)",0.833333333333333,0.625,0.714285714285714,6,0.0246482335086224
"rand1",1.6,26,"PELT",0.833333333333333,0.625,0.714285714285714,6,0.0246482335086224
"rand1",1.6,26,"SVP",0.833333333333333,0.625,0.714285714285714,6,0.0246482335086224
"rand1",1.6,26,"SVP (BIC)",0.833333333333333,0.625,0.714285714285714,6,0.0246482335086224
"rand1",1.6,27,"PELT",0.833333333333333,0.625,0.714285714285714,6,0.0246482335086224
"rand1",1.6,27,"SVP",0.833333333333333,0.625,0.714285714285714,6,0.0246482335086224
"rand1",1.6,27,"SVP (BIC)",0.833333333333333,0.625,0.714285714285714,6,0.0246482335086224
"rand1",1.6,28,"PELT",0.833333333333333,0.625,0.714285714285714,6,0.0246482335086224
"rand1",1.6,28,"SVP",0.833333333333333,0.625,0.714285714285714,6,0.0246482335086224
"rand1",1.6,28,"SVP (BIC)",0.833333333333333,0.625,0.714285714285714,6,0.0246482335086224
"rand1",1.6,29,"PELT",0.833333333333333,0.625,0.714285714285714,6,0.0246482335086224
"rand1",1.6,29,"SVP",0.833333333333333,0.625,0.714285714285714,6,0.0246482335086224
"rand1",1.6,29,"SVP (BIC)",0.833333333333333,0.625,0.714285714285714,6,0.0246482335086224
"rand1",1.6,30,"PELT",0.833333333333333,0.625,0.714285714285714,6,0.0246482335086224
"rand1",1.6,30,"SVP",0.833333333333333,0.625,0.714285714285714,6,0.0246482335086224
"rand1",1.6,30,"SVP (BIC)",0.833333333333333,0.625,0.714285714285714,6,0.0246482335086224
"rand1",1.6,31,"PELT",0.833333333333333,0.625,0.714285714285714,6,0.0246482335086224
"rand1",1.6,31,"SVP",0.833333333333333,0.625,0.714285714285714,6,0.0246482335086224
"rand1",1.6,31,"SVP (BIC)",0.833333333333333,0.625,0.714285714285714,6,0.0246482335086224
"rand1",1.6,32,"PELT",0.833333333333333,0.625,0.714285714285714,6,0.0246482335086224
"rand1",1.6,32,"SVP",0.833333333333333,0.625,0.714285714285714,6,0.0246482335086224
"rand1",1.6,32,"SVP (BIC)",0.833333333333333,0.625,0.714285714285714,6,0.0246482335086224
"rand1",1.6,33,"PELT",0.833333333333333,0.625,0.714285714285714,6,0.0246482335086224
"rand1",1.6,33,"SVP",0.833333333333333,0.625,0.714285714285714,6,0.0246482335086224
"rand1",1.6,33,"SVP (BIC)",0.833333333333333,0.625,0.714285714285714,6,0.0246482335086224
"rand1",1.6,34,"PELT",0.833333333333333,0.625,0.714285714285714,6,0.0246482335086224
"rand1",1.6,34,"SVP",0.833333333333333,0.625,0.714285714285714,6,0.0246482335086224
"rand1",1.6,34,"SVP (BIC)",0.833333333333333,0.625,0.714285714285714,6,0.0246482335086224
"rand1",1.6,35,"PELT",0.833333333333333,0.625,0.714285714285714,6,0.0246482335086224
"rand1",1.6,35,"SVP",0.833333333333333,0.625,0.714285714285714,6,0.0246482335086224
"rand1",1.6,35,"SVP (BIC)",0.833333333333333,0.625,0.714285714285714,6,0.0246482335086224
"rand1",1.6,36,"PELT",0.833333333333333,0.625,0.714285714285714,6,0.0246482335086224
"rand1",1.6,36,"SVP",0.833333333333333,0.625,0.714285714285714,6,0.0246482335086224
"rand1",1.6,36,"SVP (BIC)",0.833333333333333,0.625,0.714285714285714,6,0.0246482335086224
"rand1",1.6,37,"PELT",0.833333333333333,0.625,0.714285714285714,6,0.0246482335086224
"rand1",1.6,37,"SVP",0.833333333333333,0.625,0.714285714285714,6,0.0246482335086224
"rand1",1.6,37,"SVP (BIC)",0.833333333333333,0.625,0.714285714285714,6,0.0246482335086224
"rand1",1.6,38,"PELT",0.833333333333333,0.625,0.714285714285714,6,0.0246482335086224
"rand1",1.6,38,"SVP",0.833333333333333,0.625,0.714285714285714,6,0.0246482335086224
"rand1",1.6,38,"SVP (BIC)",0.833333333333333,0.625,0.714285714285714,6,0.0246482335086224
"rand1",1.6,39,"PELT",0.833333333333333,0.625,0.714285714285714,6,0.0246482335086224
"rand1",1.6,39,"SVP",0.833333333333333,0.625,0.714285714285714,6,0.0246482335086224
"rand1",1.6,39,"SVP (BIC)",0.833333333333333,0.625,0.714285714285714,6,0.0246482335086224
"rand1",1.6,40,"PELT",0.833333333333333,0.625,0.714285714285714,6,0.0246482335086224
"rand1",1.6,40,"SVP",0.833333333333333,0.625,0.714285714285714,6,0.0246482335086224
"rand1",1.6,40,"SVP (BIC)",0.833333333333333,0.625,0.714285714285714,6,0.0246482335086224
"rand1",1.6,41,"PELT",0.833333333333333,0.625,0.714285714285714,6,0.0246482335086224
"rand1",1.6,41,"SVP",0.833333333333333,0.625,0.714285714285714,6,0.0246482335086224
"rand1",1.6,41,"SVP (BIC)",0.833333333333333,0.625,0.714285714285714,6,0.0246482335086224
"rand1",1.6,42,"PELT",0.833333333333333,0.625,0.714285714285714,6,0.0246482335086224
"rand1",1.6,42,"SVP",0.833333333333333,0.625,0.714285714285714,6,0.0246482335086224
"rand1",1.6,42,"SVP (BIC)",0.833333333333333,0.625,0.714285714285714,6,0.0246482335086224
"rand1",1.6,43,"PELT",0.833333333333333,0.625,0.714285714285714,6,0.0246482335086224
"rand1",1.6,43,"SVP",0.833333333333333,0.625,0.714285714285714,6,0.0246482335086224
"rand1",1.6,43,"SVP (BIC)",0.833333333333333,0.625,0.714285714285714,6,0.0246482335086224
"rand1",1.6,44,"PELT",0.833333333333333,0.625,0.714285714285714,6,0.0246482335086224
"rand1",1.6,44,"SVP",0.833333333333333,0.625,0.714285714285714,6,0.0246482335086224
"rand1",1.6,44,"SVP (BIC)",0.833333333333333,0.625,0.714285714285714,6,0.0246482335086224
"rand1",1.6,45,"PELT",0.833333333333333,0.625,0.714285714285714,6,0.0246482335086224
"rand1",1.6,45,"SVP",0.833333333333333,0.625,0.714285714285714,6,0.0246482335086224
"rand1",1.6,45,"SVP (BIC)",0.833333333333333,0.625,0.714285714285714,6,0.0246482335086224
"rand1",1.6,46,"PELT",0.833333333333333,0.625,0.714285714285714,6,0.0246482335086224
"rand1",1.6,46,"SVP",0.833333333333333,0.625,0.714285714285714,6,0.0246482335086224
"rand1",1.6,46,"SVP (BIC)",0.833333333333333,0.625,0.714285714285714,6,0.0246482335086224
"rand1",1.6,47,"PELT",0.833333333333333,0.625,0.714285714285714,6,0.0246482335086224
"rand1",1.6,47,"SVP",0.833333333333333,0.625,0.714285714285714,6,0.0246482335086224
"rand1",1.6,47,"SVP (BIC)",0.833333333333333,0.625,0.714285714285714,6,0.0246482335086224
"rand1",1.6,48,"PELT",0.833333333333333,0.625,0.714285714285714,6,0.0246482335086224
"rand1",1.6,48,"SVP",0.833333333333333,0.625,0.714285714285714,6,0.0246482335086224
"rand1",1.6,48,"SVP (BIC)",0.833333333333333,0.625,0.714285714285714,6,0.0246482335086224
"rand1",1.6,49,"PELT",0.833333333333333,0.625,0.714285714285714,6,0.0246482335086224
"rand1",1.6,49,"SVP",0.833333333333333,0.625,0.714285714285714,6,0.0246482335086224
"rand1",1.6,49,"SVP (BIC)",0.833333333333333,0.625,0.714285714285714,6,0.0246482335086224
"rand1",1.6,50,"PELT",0.833333333333333,0.625,0.714285714285714,6,0.0246482335086224
"rand1",1.6,50,"SVP",0.833333333333333,0.625,0.714285714285714,6,0.0246482335086224
"rand1",1.6,50,"SVP (BIC)",0.833333333333333,0.625,0.714285714285714,6,0.0246482335086224
"none",1.7,1,"PELT",1,1,1,1,0.0012112522505224
"none",1.7,1,"SVP",1,1,1,1,0.0012112522505224
"none",1.7,1,"SVP (BIC)",1,1,1,1,0.0012112522505224
"none",1.7,2,"PELT",1,1,1,1,0.000127839683895665
"none",1.7,2,"SVP",1,1,1,1,0.000127839683895665
"none",1.7,2,"SVP (BIC)",1,1,1,1,0.000127839683895665
"none",1.7,3,"PELT",1,1,1,1,0.00022328491605625
"none",1.7,3,"SVP",1,1,1,1,0.00022328491605625
"none",1.7,3,"SVP (BIC)",1,1,1,1,0.00022328491605625
"none",1.7,4,"PELT",1,1,1,1,9.07818853350986e-05
"none",1.7,4,"SVP",1,1,1,1,9.07818853350986e-05
"none",1.7,4,"SVP (BIC)",1,1,1,1,9.07818853350986e-05
"none",1.7,5,"PELT",1,1,1,1,0.00468560177374993
"none",1.7,5,"SVP",1,1,1,1,0.00468560177374993
"none",1.7,5,"SVP (BIC)",1,1,1,1,0.00468560177374993
"none",1.7,6,"PELT",0.5,1,0.666666666666667,2,0.0159097655176778
"none",1.7,6,"SVP",1,1,1,1,2.92002221467745e-05
"none",1.7,6,"SVP (BIC)",1,1,1,1,2.92002221467745e-05
"none",1.7,7,"PELT",1,1,1,1,0.000693983617501453
"none",1.7,7,"SVP",1,1,1,1,0.000693983617501453
"none",1.7,7,"SVP (BIC)",1,1,1,1,0.000693983617501453
"none",1.7,8,"PELT",1,1,1,1,1.33650657030338e-05
"none",1.7,8,"SVP",1,1,1,1,1.33650657030338e-05
"none",1.7,8,"SVP (BIC)",1,1,1,1,1.33650657030338e-05
"none",1.7,9,"PELT",0.333333333333333,1,0.5,3,0.0292750568531926
"none",1.7,9,"SVP",0.5,1,0.666666666666667,2,0.000185468450793179
"none",1.7,9,"SVP (BIC)",0.5,1,0.666666666666667,2,0.00122358318367363
"none",1.7,10,"PELT",1,1,1,1,0.000123469245358593
"none",1.7,10,"SVP",1,1,1,1,0.000123469245358593
"none",1.7,10,"SVP (BIC)",1,1,1,1,0.000123469245358593
"none",1.7,11,"PELT",1,1,1,1,0.000131393919934929
"none",1.7,11,"SVP",1,1,1,1,0.000131393919934929
"none",1.7,11,"SVP (BIC)",1,1,1,1,0.000131393919934929
"none",1.7,12,"PELT",1,1,1,1,0.000239506909579542
"none",1.7,12,"SVP",1,1,1,1,0.000239506909579542
"none",1.7,12,"SVP (BIC)",1,1,1,1,0.000239506909579542
"none",1.7,13,"PELT",1,1,1,1,0.000665159756276842
"none",1.7,13,"SVP",1,1,1,1,0.000665159756276842
"none",1.7,13,"SVP (BIC)",1,1,1,1,0.000665159756276842
"none",1.7,14,"PELT",1,1,1,1,5.1177082044132e-06
"none",1.7,14,"SVP",1,1,1,1,5.1177082044132e-06
"none",1.7,14,"SVP (BIC)",1,1,1,1,5.1177082044132e-06
"none",1.7,15,"PELT",1,1,1,1,0.0010354077225516
"none",1.7,15,"SVP",1,1,1,1,0.0010354077225516
"none",1.7,15,"SVP (BIC)",1,1,1,1,0.0010354077225516
"none",1.7,16,"PELT",1,1,1,1,9.36145055116076e-05
"none",1.7,16,"SVP",1,1,1,1,9.36145055116076e-05
"none",1.7,16,"SVP (BIC)",1,1,1,1,9.36145055116076e-05
"none",1.7,17,"PELT",1,1,1,1,0.000700197909242836
"none",1.7,17,"SVP",1,1,1,1,0.000700197909242836
"none",1.7,17,"SVP (BIC)",1,1,1,1,0.000700197909242836
"none",1.7,18,"PELT",1,1,1,1,0.00735242072545478
"none",1.7,18,"SVP",0.5,1,0.666666666666667,2,0.0142065959114783
"none",1.7,18,"SVP (BIC)",1,1,1,1,0.00735242072545478
"none",1.7,19,"PELT",1,1,1,1,0.000513209465458439
"none",1.7,19,"SVP",1,1,1,1,0.000513209465458439
"none",1.7,19,"SVP (BIC)",1,1,1,1,0.000513209465458439
"none",1.7,20,"PELT",1,1,1,1,0.00257299958543076
"none",1.7,20,"SVP",1,1,1,1,0.00257299958543076
"none",1.7,20,"SVP (BIC)",1,1,1,1,0.00257299958543076
"none",1.7,21,"PELT",1,1,1,1,0.000564023089021754
"none",1.7,21,"SVP",1,1,1,1,0.000564023089021754
"none",1.7,21,"SVP (BIC)",1,1,1,1,0.000564023089021754
"none",1.7,22,"PELT",1,1,1,1,0.00273732598219983
"none",1.7,22,"SVP",1,1,1,1,0.00273732598219983
"none",1.7,22,"SVP (BIC)",1,1,1,1,0.00273732598219983
"none",1.7,23,"PELT",1,1,1,1,0.000378371334298972
"none",1.7,23,"SVP",1,1,1,1,0.000378371334298972
"none",1.7,23,"SVP (BIC)",1,1,1,1,0.000378371334298972
"none",1.7,24,"PELT",1,1,1,1,0.000571734712905215
"none",1.7,24,"SVP",1,1,1,1,0.000571734712905215
"none",1.7,24,"SVP (BIC)",1,1,1,1,0.000571734712905215
"none",1.7,25,"PELT",1,1,1,1,1.83153041677446e-05
"none",1.7,25,"SVP",1,1,1,1,1.83153041677446e-05
"none",1.7,25,"SVP (BIC)",1,1,1,1,1.83153041677446e-05
"none",1.7,26,"PELT",1,1,1,1,0.000231472538630725
"none",1.7,26,"SVP",1,1,1,1,0.000231472538630725
"none",1.7,26,"SVP (BIC)",1,1,1,1,0.000231472538630725
"none",1.7,27,"PELT",1,1,1,1,3.978231697438e-05
"none",1.7,27,"SVP",1,1,1,1,3.978231697438e-05
"none",1.7,27,"SVP (BIC)",1,1,1,1,3.978231697438e-05
"none",1.7,28,"PELT",1,1,1,1,0.00790932963315854
"none",1.7,28,"SVP",1,1,1,1,0.00790932963315854
"none",1.7,28,"SVP (BIC)",1,1,1,1,0.00790932963315854
"none",1.7,29,"PELT",1,1,1,1,0.00735386753322943
"none",1.7,29,"SVP",1,1,1,1,0.00735386753322943
"none",1.7,29,"SVP (BIC)",1,1,1,1,0.00735386753322943
"none",1.7,30,"PELT",1,1,1,1,0.000192785122283184
"none",1.7,30,"SVP",1,1,1,1,0.000192785122283184
"none",1.7,30,"SVP (BIC)",1,1,1,1,0.000192785122283184
"none",1.7,31,"PELT",1,1,1,1,0.000251805338199736
"none",1.7,31,"SVP",1,1,1,1,0.000251805338199736
"none",1.7,31,"SVP (BIC)",1,1,1,1,0.000251805338199736
"none",1.7,32,"PELT",1,1,1,1,0.000438025473523246
"none",1.7,32,"SVP",1,1,1,1,0.000438025473523246
"none",1.7,32,"SVP (BIC)",1,1,1,1,0.000438025473523246
"none",1.7,33,"PELT",1,1,1,1,0.000435952235655156
"none",1.7,33,"SVP",1,1,1,1,0.000435952235655156
"none",1.7,33,"SVP (BIC)",1,1,1,1,0.000435952235655156
"none",1.7,34,"PELT",1,1,1,1,0.000341614356835488
"none",1.7,34,"SVP",1,1,1,1,0.000341614356835488
"none",1.7,34,"SVP (BIC)",1,1,1,1,0.000341614356835488
"none",1.7,35,"PELT",1,1,1,1,4.07387139022478e-05
"none",1.7,35,"SVP",1,1,1,1,4.07387139022478e-05
"none",1.7,35,"SVP (BIC)",1,1,1,1,4.07387139022478e-05
"none",1.7,36,"PELT",1,1,1,1,4.37063461818998e-05
"none",1.7,36,"SVP",1,1,1,1,4.37063461818998e-05
"none",1.7,36,"SVP (BIC)",1,1,1,1,4.37063461818998e-05
"none",1.7,37,"PELT",1,1,1,1,0.000193326128436651
"none",1.7,37,"SVP",1,1,1,1,0.000193326128436651
"none",1.7,37,"SVP (BIC)",1,1,1,1,0.000193326128436651
"none",1.7,38,"PELT",1,1,1,1,8.98198372566931e-07
"none",1.7,38,"SVP",1,1,1,1,8.98198372566931e-07
"none",1.7,38,"SVP (BIC)",1,1,1,1,8.98198372566931e-07
"none",1.7,39,"PELT",1,1,1,1,0.000119695258360591
"none",1.7,39,"SVP",1,1,1,1,0.000119695258360591
"none",1.7,39,"SVP (BIC)",1,1,1,1,0.000119695258360591
"none",1.7,40,"PELT",1,1,1,1,6.63085823479654e-06
"none",1.7,40,"SVP",1,1,1,1,6.63085823479654e-06
"none",1.7,40,"SVP (BIC)",1,1,1,1,6.63085823479654e-06
"none",1.7,41,"PELT",1,1,1,1,0.00328908254199695
"none",1.7,41,"SVP",0.5,1,0.666666666666667,2,0.00375678481163748
"none",1.7,41,"SVP (BIC)",1,1,1,1,0.00328908254199695
"none",1.7,42,"PELT",1,1,1,1,0.00116471270575649
"none",1.7,42,"SVP",1,1,1,1,0.00116471270575649
"none",1.7,42,"SVP (BIC)",1,1,1,1,0.00116471270575649
"none",1.7,43,"PELT",1,1,1,1,0.000104001776043665
"none",1.7,43,"SVP",1,1,1,1,0.000104001776043665
"none",1.7,43,"SVP (BIC)",1,1,1,1,0.000104001776043665
"none",1.7,44,"PELT",1,1,1,1,3.23294946561199e-07
"none",1.7,44,"SVP",1,1,1,1,3.23294946561199e-07
"none",1.7,44,"SVP (BIC)",1,1,1,1,3.23294946561199e-07
"none",1.7,45,"PELT",1,1,1,1,5.66146432967488e-05
"none",1.7,45,"SVP",1,1,1,1,5.66146432967488e-05
"none",1.7,45,"SVP (BIC)",1,1,1,1,5.66146432967488e-05
"none",1.7,46,"PELT",1,1,1,1,0.000156795104809308
"none",1.7,46,"SVP",1,1,1,1,0.000156795104809308
"none",1.7,46,"SVP (BIC)",1,1,1,1,0.000156795104809308
"none",1.7,47,"PELT",1,1,1,1,3.96390112034009e-05
"none",1.7,47,"SVP",1,1,1,1,3.96390112034009e-05
"none",1.7,47,"SVP (BIC)",1,1,1,1,3.96390112034009e-05
"none",1.7,48,"PELT",1,1,1,1,0.000143264108737051
"none",1.7,48,"SVP",1,1,1,1,0.000143264108737051
"none",1.7,48,"SVP (BIC)",1,1,1,1,0.000143264108737051
"none",1.7,49,"PELT",1,1,1,1,0.000593946915206686
"none",1.7,49,"SVP",1,1,1,1,0.000593946915206686
"none",1.7,49,"SVP (BIC)",1,1,1,1,0.000593946915206686
"none",1.7,50,"PELT",1,1,1,1,0.00503014867286807
"none",1.7,50,"SVP",1,1,1,1,0.00503014867286807
"none",1.7,50,"SVP (BIC)",1,1,1,1,0.00503014867286807
"up",1.7,1,"PELT",0.875,0.875,0.875,8,0.0256807266657533
"up",1.7,1,"SVP",0.875,0.875,0.875,8,0.0256807266657533
"up",1.7,1,"SVP (BIC)",0.875,0.875,0.875,8,0.0256807266657533
"up",1.7,2,"PELT",0.875,0.875,0.875,8,0.030975156369638
"up",1.7,2,"SVP",0.875,0.875,0.875,8,0.030975156369638
"up",1.7,2,"SVP (BIC)",0.875,0.875,0.875,8,0.030975156369638
"up",1.7,3,"PELT",0.875,0.875,0.875,8,0.0354714168199986
"up",1.7,3,"SVP",0.875,0.875,0.875,8,0.0354714168199986
"up",1.7,3,"SVP (BIC)",0.875,0.875,0.875,8,0.0354714168199986
"up",1.7,4,"PELT",1,1,1,8,0.0119744806494525
"up",1.7,4,"SVP",1,1,1,8,0.0119744806494525
"up",1.7,4,"SVP (BIC)",1,1,1,8,0.0119744806494525
"up",1.7,5,"PELT",0.875,0.875,0.875,8,0.0192745226950981
"up",1.7,5,"SVP",0.875,0.875,0.875,8,0.0192745226950981
"up",1.7,5,"SVP (BIC)",0.875,0.875,0.875,8,0.0192745226950981
"up",1.7,6,"PELT",0.875,0.875,0.875,8,0.0262899643230467
"up",1.7,6,"SVP",0.875,0.875,0.875,8,0.0262899643230467
"up",1.7,6,"SVP (BIC)",0.875,0.875,0.875,8,0.0262899643230467
"up",1.7,7,"PELT",1,1,1,8,0.0183873593748745
"up",1.7,7,"SVP",1,1,1,8,0.0183873593748745
"up",1.7,7,"SVP (BIC)",1,1,1,8,0.0183873593748745
"up",1.7,8,"PELT",0.875,0.875,0.875,8,0.022951096153327
"up",1.7,8,"SVP",0.875,0.875,0.875,8,0.022951096153327
"up",1.7,8,"SVP (BIC)",0.875,0.875,0.875,8,0.022951096153327
"up",1.7,9,"PELT",1,1,1,8,0.0256899217158204
"up",1.7,9,"SVP",1,1,1,8,0.0256899217158204
"up",1.7,9,"SVP (BIC)",1,1,1,8,0.0256899217158204
"up",1.7,10,"PELT",0.75,0.75,0.75,8,0.0297242491997967
"up",1.7,10,"SVP",0.75,0.75,0.75,8,0.0297242491997967
"up",1.7,10,"SVP (BIC)",0.75,0.75,0.75,8,0.0297242491997967
"up",1.7,11,"PELT",0.875,0.875,0.875,8,0.018265881667548
"up",1.7,11,"SVP",0.875,0.875,0.875,8,0.018265881667548
"up",1.7,11,"SVP (BIC)",0.875,0.875,0.875,8,0.018265881667548
"up",1.7,12,"PELT",0.75,0.75,0.75,8,0.0282007787869761
"up",1.7,12,"SVP",0.75,0.75,0.75,8,0.0282007787869761
"up",1.7,12,"SVP (BIC)",0.75,0.75,0.75,8,0.0282007787869761
"up",1.7,13,"PELT",0.875,0.875,0.875,8,0.0213500770920639
"up",1.7,13,"SVP",0.875,0.875,0.875,8,0.0213500770920639
"up",1.7,13,"SVP (BIC)",0.875,0.875,0.875,8,0.0213500770920639
"up",1.7,14,"PELT",1,1,1,8,0.0261101343271773
"up",1.7,14,"SVP",1,1,1,8,0.0261101343271773
"up",1.7,14,"SVP (BIC)",1,1,1,8,0.0261101343271773
"up",1.7,15,"PELT",0.875,0.875,0.875,8,0.0453147208285085
"up",1.7,15,"SVP",0.875,0.875,0.875,8,0.0453147208285085
"up",1.7,15,"SVP (BIC)",0.875,0.875,0.875,8,0.0453147208285085
"up",1.7,16,"PELT",1,1,1,8,0.0192654578448213
"up",1.7,16,"SVP",1,1,1,8,0.0192654578448213
"up",1.7,16,"SVP (BIC)",1,1,1,8,0.0192654578448213
"up",1.7,17,"PELT",0.875,0.875,0.875,8,0.0275380554385685
"up",1.7,17,"SVP",0.875,0.875,0.875,8,0.0275380554385685
"up",1.7,17,"SVP (BIC)",0.875,0.875,0.875,8,0.0275380554385685
"up",1.7,18,"PELT",0.75,0.75,0.75,8,0.0333682793115911
"up",1.7,18,"SVP",0.75,0.75,0.75,8,0.0333682793115911
"up",1.7,18,"SVP (BIC)",0.75,0.75,0.75,8,0.0333682793115911
"up",1.7,19,"PELT",1,1,1,8,0.0138828107488008
"up",1.7,19,"SVP",1,1,1,8,0.0138828107488008
"up",1.7,19,"SVP (BIC)",1,1,1,8,0.0138828107488008
"up",1.7,20,"PELT",1,1,1,8,0.0174561189716903
"up",1.7,20,"SVP",1,1,1,8,0.0203266204966489
"up",1.7,20,"SVP (BIC)",1,1,1,8,0.0174561189716903
"up",1.7,21,"PELT",0.875,0.875,0.875,8,0.0280340926004025
"up",1.7,21,"SVP",0.875,0.875,0.875,8,0.0280340926004025
"up",1.7,21,"SVP (BIC)",0.875,0.875,0.875,8,0.0280340926004025
"up",1.7,22,"PELT",0.875,0.875,0.875,8,0.039820896486609
"up",1.7,22,"SVP",0.875,0.875,0.875,8,0.039820896486609
"up",1.7,22,"SVP (BIC)",0.875,0.875,0.875,8,0.039820896486609
"up",1.7,23,"PELT",1,1,1,8,0.016135342869666
"up",1.7,23,"SVP",1,1,1,8,0.016135342869666
"up",1.7,23,"SVP (BIC)",1,1,1,8,0.016135342869666
"up",1.7,24,"PELT",0.875,0.875,0.875,8,0.0386384153753185
"up",1.7,24,"SVP",0.875,0.875,0.875,8,0.0386384153753185
"up",1.7,24,"SVP (BIC)",0.875,0.875,0.875,8,0.0386384153753185
"up",1.7,25,"PELT",1,1,1,8,0.0298298812658032
"up",1.7,25,"SVP",1,1,1,8,0.0298298812658032
"up",1.7,25,"SVP (BIC)",1,1,1,8,0.0298298812658032
"up",1.7,26,"PELT",1,1,1,8,0.0117391659686837
"up",1.7,26,"SVP",1,1,1,8,0.0117391659686837
"up",1.7,26,"SVP (BIC)",1,1,1,8,0.0117391659686837
"up",1.7,27,"PELT",1,1,1,8,0.00551382286396183
"up",1.7,27,"SVP",1,1,1,8,0.00551382286396183
"up",1.7,27,"SVP (BIC)",1,1,1,8,0.00551382286396183
"up",1.7,28,"PELT",0.875,0.875,0.875,8,0.0343322611404161
"up",1.7,28,"SVP",0.875,0.875,0.875,8,0.0343322611404161
"up",1.7,28,"SVP (BIC)",0.875,0.875,0.875,8,0.0343322611404161
"up",1.7,29,"PELT",1,1,1,8,0.0159642607501066
"up",1.7,29,"SVP",1,1,1,8,0.0159642607501066
"up",1.7,29,"SVP (BIC)",1,1,1,8,0.0159642607501066
"up",1.7,30,"PELT",0.875,0.875,0.875,8,0.0371554897924171
"up",1.7,30,"SVP",0.875,0.875,0.875,8,0.0371554897924171
"up",1.7,30,"SVP (BIC)",0.875,0.875,0.875,8,0.0371554897924171
"up",1.7,31,"PELT",0.75,0.75,0.75,8,0.0436233231366924
"up",1.7,31,"SVP",0.75,0.75,0.75,8,0.0436233231366924
"up",1.7,31,"SVP (BIC)",0.75,0.75,0.75,8,0.0436233231366924
"up",1.7,32,"PELT",0.625,0.625,0.625,8,0.0403097613303983
"up",1.7,32,"SVP",0.625,0.625,0.625,8,0.0403097613303983
"up",1.7,32,"SVP (BIC)",0.625,0.625,0.625,8,0.0403097613303983
"up",1.7,33,"PELT",1,1,1,8,0.0275367649246664
"up",1.7,33,"SVP",1,1,1,8,0.0275367649246664
"up",1.7,33,"SVP (BIC)",1,1,1,8,0.0275367649246664
"up",1.7,34,"PELT",1,1,1,8,0.0173875401119721
"up",1.7,34,"SVP",1,1,1,8,0.0173875401119721
"up",1.7,34,"SVP (BIC)",1,1,1,8,0.0173875401119721
"up",1.7,35,"PELT",1,1,1,8,0.0192065417779003
"up",1.7,35,"SVP",1,1,1,8,0.0192065417779003
"up",1.7,35,"SVP (BIC)",1,1,1,8,0.0192065417779003
"up",1.7,36,"PELT",0.75,0.75,0.75,8,0.0302931082347798
"up",1.7,36,"SVP",0.75,0.75,0.75,8,0.0302931082347798
"up",1.7,36,"SVP (BIC)",0.75,0.75,0.75,8,0.0302931082347798
"up",1.7,37,"PELT",0.875,0.875,0.875,8,0.0444360328618375
"up",1.7,37,"SVP",0.875,0.875,0.875,8,0.0444360328618375
"up",1.7,37,"SVP (BIC)",0.875,0.875,0.875,8,0.0444360328618375
"up",1.7,38,"PELT",1,1,1,8,0.0135494678135414
"up",1.7,38,"SVP",1,1,1,8,0.0135494678135414
"up",1.7,38,"SVP (BIC)",1,1,1,8,0.0135494678135414
"up",1.7,39,"PELT",1,1,1,8,0.0331810266087923
"up",1.7,39,"SVP",1,1,1,8,0.0331810266087923
"up",1.7,39,"SVP (BIC)",1,1,1,8,0.0331810266087923
"up",1.7,40,"PELT",0.875,0.875,0.875,8,0.027416538044231
"up",1.7,40,"SVP",0.875,0.875,0.875,8,0.027416538044231
"up",1.7,40,"SVP (BIC)",0.875,0.875,0.875,8,0.027416538044231
"up",1.7,41,"PELT",1,1,1,8,0.0245730165572432
"up",1.7,41,"SVP",1,1,1,8,0.0245730165572432
"up",1.7,41,"SVP (BIC)",1,1,1,8,0.0245730165572432
"up",1.7,42,"PELT",0.625,0.625,0.625,8,0.0366292436531705
"up",1.7,42,"SVP",0.625,0.625,0.625,8,0.0366292436531705
"up",1.7,42,"SVP (BIC)",0.625,0.625,0.625,8,0.0366292436531705
"up",1.7,43,"PELT",1,1,1,8,0.0300164670258284
"up",1.7,43,"SVP",1,1,1,8,0.0300164670258284
"up",1.7,43,"SVP (BIC)",1,1,1,8,0.0300164670258284
"up",1.7,44,"PELT",0.875,0.875,0.875,8,0.042887147006553
"up",1.7,44,"SVP",0.875,0.875,0.875,8,0.042887147006553
"up",1.7,44,"SVP (BIC)",0.875,0.875,0.875,8,0.042887147006553
"up",1.7,45,"PELT",1,1,1,8,0.0135178200283682
"up",1.7,45,"SVP",1,1,1,8,0.0135178200283682
"up",1.7,45,"SVP (BIC)",1,1,1,8,0.0135178200283682
"up",1.7,46,"PELT",1,1,1,8,0.0144011630083828
"up",1.7,46,"SVP",1,1,1,8,0.0144011630083828
"up",1.7,46,"SVP (BIC)",1,1,1,8,0.0144011630083828
"up",1.7,47,"PELT",1,1,1,8,0.0228541384684562
"up",1.7,47,"SVP",1,1,1,8,0.0228541384684562
"up",1.7,47,"SVP (BIC)",1,1,1,8,0.0228541384684562
"up",1.7,48,"PELT",1,1,1,8,0.0255706476362368
"up",1.7,48,"SVP",1,1,1,8,0.0255706476362368
"up",1.7,48,"SVP (BIC)",1,1,1,8,0.0255706476362368
"up",1.7,49,"PELT",0.75,0.75,0.75,8,0.0204266670836959
"up",1.7,49,"SVP",0.75,0.75,0.75,8,0.0204266670836959
"up",1.7,49,"SVP (BIC)",0.75,0.75,0.75,8,0.0204266670836959
"up",1.7,50,"PELT",1,1,1,8,0.0135303704321111
"up",1.7,50,"SVP",1,1,1,8,0.0135303704321111
"up",1.7,50,"SVP (BIC)",1,1,1,8,0.0135303704321111
"updown",1.7,1,"PELT",0.888888888888889,1,0.941176470588235,9,0.0445765875357372
"updown",1.7,1,"SVP",1,1,1,8,0.0308658102198275
"updown",1.7,1,"SVP (BIC)",1,1,1,8,0.0308658102198275
"updown",1.7,2,"PELT",1,1,1,8,0.0251147924154541
"updown",1.7,2,"SVP",1,1,1,8,0.0251147924154541
"updown",1.7,2,"SVP (BIC)",1,1,1,8,0.0251147924154541
"updown",1.7,3,"PELT",0.875,0.875,0.875,8,0.0315727066925099
"updown",1.7,3,"SVP",0.875,0.875,0.875,8,0.0315727066925099
"updown",1.7,3,"SVP (BIC)",0.875,0.875,0.875,8,0.0315727066925099
"updown",1.7,4,"PELT",1,1,1,8,0.0242331255044572
"updown",1.7,4,"SVP",1,1,1,8,0.0242331255044572
"updown",1.7,4,"SVP (BIC)",1,1,1,8,0.0242331255044572
"updown",1.7,5,"PELT",0.75,0.75,0.75,8,0.034613607583797
"updown",1.7,5,"SVP",0.75,0.75,0.75,8,0.034613607583797
"updown",1.7,5,"SVP (BIC)",0.75,0.75,0.75,8,0.034613607583797
"updown",1.7,6,"PELT",1,1,1,8,0.0165257481765185
"updown",1.7,6,"SVP",1,1,1,8,0.0165257481765185
"updown",1.7,6,"SVP (BIC)",1,1,1,8,0.0165257481765185
"updown",1.7,7,"PELT",0.75,0.75,0.75,8,0.0541014840964666
"updown",1.7,7,"SVP",0.75,0.75,0.75,8,0.0541014840964666
"updown",1.7,7,"SVP (BIC)",0.75,0.75,0.75,8,0.0541014840964666
"updown",1.7,8,"PELT",0.875,0.875,0.875,8,0.0309955167643047
"updown",1.7,8,"SVP",0.875,0.875,0.875,8,0.0309955167643047
"updown",1.7,8,"SVP (BIC)",0.875,0.875,0.875,8,0.0309955167643047
"updown",1.7,9,"PELT",1,1,1,8,0.0210791318962504
"updown",1.7,9,"SVP",1,1,1,8,0.0210791318962504
"updown",1.7,9,"SVP (BIC)",1,1,1,8,0.0210791318962504
"updown",1.7,10,"PELT",0.875,0.875,0.875,8,0.0294843643532845
"updown",1.7,10,"SVP",0.875,0.875,0.875,8,0.0294843643532845
"updown",1.7,10,"SVP (BIC)",0.875,0.875,0.875,8,0.0294843643532845
"updown",1.7,11,"PELT",0.75,0.75,0.75,8,0.0318691581294012
"updown",1.7,11,"SVP",0.75,0.75,0.75,8,0.0318691581294012
"updown",1.7,11,"SVP (BIC)",0.75,0.75,0.75,8,0.0318691581294012
"updown",1.7,12,"PELT",1,1,1,8,0.0174484118301245
"updown",1.7,12,"SVP",1,1,1,8,0.0174484118301245
"updown",1.7,12,"SVP (BIC)",1,1,1,8,0.0174484118301245
"updown",1.7,13,"PELT",1,1,1,8,0.0341607886839228
"updown",1.7,13,"SVP",1,1,1,8,0.0341607886839228
"updown",1.7,13,"SVP (BIC)",1,1,1,8,0.0341607886839228
"updown",1.7,14,"PELT",1,1,1,8,0.00232673269892536
"updown",1.7,14,"SVP",1,1,1,8,0.00232673269892536
"updown",1.7,14,"SVP (BIC)",1,1,1,8,0.00232673269892536
"updown",1.7,15,"PELT",1,1,1,8,0.0270356974461085
"updown",1.7,15,"SVP",1,1,1,8,0.0270356974461085
"updown",1.7,15,"SVP (BIC)",1,1,1,8,0.0270356974461085
"updown",1.7,16,"PELT",1,1,1,8,0.0103403822926905
"updown",1.7,16,"SVP",1,1,1,8,0.0103403822926905
"updown",1.7,16,"SVP (BIC)",1,1,1,8,0.0103403822926905
"updown",1.7,17,"PELT",1,1,1,8,0.010022436657769
"updown",1.7,17,"SVP",1,1,1,8,0.010022436657769
"updown",1.7,17,"SVP (BIC)",1,1,1,8,0.010022436657769
"updown",1.7,18,"PELT",0.875,0.875,0.875,8,0.0263154065380426
"updown",1.7,18,"SVP",0.875,0.875,0.875,8,0.0263154065380426
"updown",1.7,18,"SVP (BIC)",0.875,0.875,0.875,8,0.0263154065380426
"updown",1.7,19,"PELT",1,1,1,8,0.0207827123847792
"updown",1.7,19,"SVP",1,1,1,8,0.0207827123847792
"updown",1.7,19,"SVP (BIC)",1,1,1,8,0.0207827123847792
"updown",1.7,20,"PELT",1,1,1,8,0.0279484512811383
"updown",1.7,20,"SVP",1,1,1,8,0.0279484512811383
"updown",1.7,20,"SVP (BIC)",1,1,1,8,0.0279484512811383
"updown",1.7,21,"PELT",0.875,0.875,0.875,8,0.0284542213933882
"updown",1.7,21,"SVP",0.75,0.75,0.75,8,0.0304926863537794
"updown",1.7,21,"SVP (BIC)",0.875,0.875,0.875,8,0.0284542213933882
"updown",1.7,22,"PELT",0.875,0.875,0.875,8,0.023367229914669
"updown",1.7,22,"SVP",0.875,0.875,0.875,8,0.023367229914669
"updown",1.7,22,"SVP (BIC)",0.875,0.875,0.875,8,0.023367229914669
"updown",1.7,23,"PELT",0.75,0.75,0.75,8,0.0404266667932848
"updown",1.7,23,"SVP",0.75,0.75,0.75,8,0.0404266667932848
"updown",1.7,23,"SVP (BIC)",0.75,0.75,0.75,8,0.0404266667932848
"updown",1.7,24,"PELT",1,1,1,8,0.0123787857667584
"updown",1.7,24,"SVP",1,1,1,8,0.0123787857667584
"updown",1.7,24,"SVP (BIC)",1,1,1,8,0.0123787857667584
"updown",1.7,25,"PELT",0.888888888888889,1,0.941176470588235,9,0.0398188403008447
"updown",1.7,25,"SVP",1,1,1,8,0.0173727127426427
"updown",1.7,25,"SVP (BIC)",1,1,1,8,0.0173727127426427
"updown",1.7,26,"PELT",0.875,0.875,0.875,8,0.0257767472763513
"updown",1.7,26,"SVP",0.875,0.875,0.875,8,0.0257767472763513
"updown",1.7,26,"SVP (BIC)",0.875,0.875,0.875,8,0.0257767472763513
"updown",1.7,27,"PELT",0.777777777777778,0.875,0.823529411764706,9,0.0572036778121574
"updown",1.7,27,"SVP",0.875,0.875,0.875,8,0.0362136968017268
"updown",1.7,27,"SVP (BIC)",0.875,0.875,0.875,8,0.0362136968017268
"updown",1.7,28,"PELT",1,1,1,8,0.0158714654547421
"updown",1.7,28,"SVP",1,1,1,8,0.0158714654547421
"updown",1.7,28,"SVP (BIC)",1,1,1,8,0.0158714654547421
"updown",1.7,29,"PELT",1,1,1,8,0.0107602032568642
"updown",1.7,29,"SVP",1,1,1,8,0.0107602032568642
"updown",1.7,29,"SVP (BIC)",1,1,1,8,0.0107602032568642
"updown",1.7,30,"PELT",1,1,1,8,0.018054628371635
"updown",1.7,30,"SVP",1,1,1,8,0.018054628371635
"updown",1.7,30,"SVP (BIC)",1,1,1,8,0.018054628371635
"updown",1.7,31,"PELT",0.875,0.875,0.875,8,0.0273607646534453
"updown",1.7,31,"SVP",0.875,0.875,0.875,8,0.0273607646534453
"updown",1.7,31,"SVP (BIC)",0.875,0.875,0.875,8,0.0273607646534453
"updown",1.7,32,"PELT",1,1,1,8,0.00630133911890675
"updown",1.7,32,"SVP",1,1,1,8,0.00630133911890675
"updown",1.7,32,"SVP (BIC)",1,1,1,8,0.00630133911890675
"updown",1.7,33,"PELT",0.75,0.75,0.75,8,0.0595221996942192
"updown",1.7,33,"SVP",0.75,0.75,0.75,8,0.0595221996942192
"updown",1.7,33,"SVP (BIC)",0.75,0.75,0.75,8,0.0595221996942192
"updown",1.7,34,"PELT",0.875,0.875,0.875,8,0.039153860585326
"updown",1.7,34,"SVP",0.875,0.875,0.875,8,0.039153860585326
"updown",1.7,34,"SVP (BIC)",0.875,0.875,0.875,8,0.039153860585326
"updown",1.7,35,"PELT",1,1,1,8,0.0113286692862046
"updown",1.7,35,"SVP",1,1,1,8,0.0113286692862046
"updown",1.7,35,"SVP (BIC)",1,1,1,8,0.0113286692862046
"updown",1.7,36,"PELT",0.875,0.875,0.875,8,0.0207263420580088
"updown",1.7,36,"SVP",0.875,0.875,0.875,8,0.0207263420580088
"updown",1.7,36,"SVP (BIC)",0.875,0.875,0.875,8,0.0207263420580088
"updown",1.7,37,"PELT",0.75,0.75,0.75,8,0.0397800578256372
"updown",1.7,37,"SVP",0.75,0.75,0.75,8,0.0397800578256372
"updown",1.7,37,"SVP (BIC)",0.75,0.75,0.75,8,0.0397800578256372
"updown",1.7,38,"PELT",0.75,0.75,0.75,8,0.0323692229780922
"updown",1.7,38,"SVP",0.75,0.75,0.75,8,0.0323692229780922
"updown",1.7,38,"SVP (BIC)",0.75,0.75,0.75,8,0.0323692229780922
"updown",1.7,39,"PELT",1,1,1,8,0.0158979925725466
"updown",1.7,39,"SVP",1,1,1,8,0.0158979925725466
"updown",1.7,39,"SVP (BIC)",1,1,1,8,0.0158979925725466
"updown",1.7,40,"PELT",0.875,0.875,0.875,8,0.0286012960995808
"updown",1.7,40,"SVP",0.875,0.875,0.875,8,0.0286012960995808
"updown",1.7,40,"SVP (BIC)",0.875,0.875,0.875,8,0.0286012960995808
"updown",1.7,41,"PELT",1,1,1,8,0.0192987826136166
"updown",1.7,41,"SVP",1,1,1,8,0.0192987826136166
"updown",1.7,41,"SVP (BIC)",1,1,1,8,0.0192987826136166
"updown",1.7,42,"PELT",1,1,1,8,0.0243106141113265
"updown",1.7,42,"SVP",1,1,1,8,0.0243106141113265
"updown",1.7,42,"SVP (BIC)",1,1,1,8,0.0243106141113265
"updown",1.7,43,"PELT",1,1,1,8,0.0189735321549613
"updown",1.7,43,"SVP",1,1,1,8,0.0189735321549613
"updown",1.7,43,"SVP (BIC)",1,1,1,8,0.0189735321549613
"updown",1.7,44,"PELT",1,1,1,8,0.0298614481444702
"updown",1.7,44,"SVP",1,1,1,8,0.0298614481444702
"updown",1.7,44,"SVP (BIC)",1,1,1,8,0.0298614481444702
"updown",1.7,45,"PELT",1,1,1,8,0.0242618921734955
"updown",1.7,45,"SVP",1,1,1,8,0.0242618921734955
"updown",1.7,45,"SVP (BIC)",1,1,1,8,0.0242618921734955
"updown",1.7,46,"PELT",0.875,0.875,0.875,8,0.026357857720533
"updown",1.7,46,"SVP",0.875,0.875,0.875,8,0.026357857720533
"updown",1.7,46,"SVP (BIC)",0.875,0.875,0.875,8,0.026357857720533
"updown",1.7,47,"PELT",1,1,1,8,0.0190717859768653
"updown",1.7,47,"SVP",1,1,1,8,0.0190717859768653
"updown",1.7,47,"SVP (BIC)",1,1,1,8,0.0190717859768653
"updown",1.7,48,"PELT",1,1,1,8,0.0199067180021347
"updown",1.7,48,"SVP",1,1,1,8,0.0199067180021347
"updown",1.7,48,"SVP (BIC)",1,1,1,8,0.0199067180021347
"updown",1.7,49,"PELT",1,1,1,8,0.01017906434753
"updown",1.7,49,"SVP",1,1,1,8,0.01017906434753
"updown",1.7,49,"SVP (BIC)",1,1,1,8,0.01017906434753
"updown",1.7,50,"PELT",1,1,1,8,0.00924773840352126
"updown",1.7,50,"SVP",1,1,1,8,0.00924773840352126
"updown",1.7,50,"SVP (BIC)",1,1,1,8,0.00924773840352126
"rand1",1.7,1,"PELT",0.857142857142857,0.75,0.8,7,0.023194356595449
"rand1",1.7,1,"SVP",1,0.75,0.857142857142857,6,0.025955021471688
"rand1",1.7,1,"SVP (BIC)",1,0.75,0.857142857142857,6,0.025955021471688
"rand1",1.7,2,"PELT",0.857142857142857,0.75,0.8,7,0.023194356595449
"rand1",1.7,2,"SVP",1,0.75,0.857142857142857,6,0.025955021471688
"rand1",1.7,2,"SVP (BIC)",1,0.75,0.857142857142857,6,0.025955021471688
"rand1",1.7,3,"PELT",0.857142857142857,0.75,0.8,7,0.023194356595449
"rand1",1.7,3,"SVP",1,0.75,0.857142857142857,6,0.025955021471688
"rand1",1.7,3,"SVP (BIC)",1,0.75,0.857142857142857,6,0.025955021471688
"rand1",1.7,4,"PELT",0.857142857142857,0.75,0.8,7,0.023194356595449
"rand1",1.7,4,"SVP",1,0.75,0.857142857142857,6,0.025955021471688
"rand1",1.7,4,"SVP (BIC)",1,0.75,0.857142857142857,6,0.025955021471688
"rand1",1.7,5,"PELT",0.857142857142857,0.75,0.8,7,0.023194356595449
"rand1",1.7,5,"SVP",1,0.75,0.857142857142857,6,0.025955021471688
"rand1",1.7,5,"SVP (BIC)",1,0.75,0.857142857142857,6,0.025955021471688
"rand1",1.7,6,"PELT",0.857142857142857,0.75,0.8,7,0.023194356595449
"rand1",1.7,6,"SVP",1,0.75,0.857142857142857,6,0.025955021471688
"rand1",1.7,6,"SVP (BIC)",1,0.75,0.857142857142857,6,0.025955021471688
"rand1",1.7,7,"PELT",0.857142857142857,0.75,0.8,7,0.023194356595449
"rand1",1.7,7,"SVP",1,0.75,0.857142857142857,6,0.025955021471688
"rand1",1.7,7,"SVP (BIC)",1,0.75,0.857142857142857,6,0.025955021471688
"rand1",1.7,8,"PELT",0.857142857142857,0.75,0.8,7,0.023194356595449
"rand1",1.7,8,"SVP",1,0.75,0.857142857142857,6,0.025955021471688
"rand1",1.7,8,"SVP (BIC)",1,0.75,0.857142857142857,6,0.025955021471688
"rand1",1.7,9,"PELT",0.857142857142857,0.75,0.8,7,0.023194356595449
"rand1",1.7,9,"SVP",1,0.75,0.857142857142857,6,0.025955021471688
"rand1",1.7,9,"SVP (BIC)",1,0.75,0.857142857142857,6,0.025955021471688
"rand1",1.7,10,"PELT",0.857142857142857,0.75,0.8,7,0.023194356595449
"rand1",1.7,10,"SVP",1,0.75,0.857142857142857,6,0.025955021471688
"rand1",1.7,10,"SVP (BIC)",1,0.75,0.857142857142857,6,0.025955021471688
"rand1",1.7,11,"PELT",0.857142857142857,0.75,0.8,7,0.023194356595449
"rand1",1.7,11,"SVP",1,0.75,0.857142857142857,6,0.025955021471688
"rand1",1.7,11,"SVP (BIC)",1,0.75,0.857142857142857,6,0.025955021471688
"rand1",1.7,12,"PELT",0.857142857142857,0.75,0.8,7,0.023194356595449
"rand1",1.7,12,"SVP",1,0.75,0.857142857142857,6,0.025955021471688
"rand1",1.7,12,"SVP (BIC)",1,0.75,0.857142857142857,6,0.025955021471688
"rand1",1.7,13,"PELT",0.857142857142857,0.75,0.8,7,0.023194356595449
"rand1",1.7,13,"SVP",1,0.75,0.857142857142857,6,0.025955021471688
"rand1",1.7,13,"SVP (BIC)",1,0.75,0.857142857142857,6,0.025955021471688
"rand1",1.7,14,"PELT",0.857142857142857,0.75,0.8,7,0.023194356595449
"rand1",1.7,14,"SVP",1,0.75,0.857142857142857,6,0.025955021471688
"rand1",1.7,14,"SVP (BIC)",1,0.75,0.857142857142857,6,0.025955021471688
"rand1",1.7,15,"PELT",0.857142857142857,0.75,0.8,7,0.023194356595449
"rand1",1.7,15,"SVP",1,0.75,0.857142857142857,6,0.025955021471688
"rand1",1.7,15,"SVP (BIC)",1,0.75,0.857142857142857,6,0.025955021471688
"rand1",1.7,16,"PELT",0.857142857142857,0.75,0.8,7,0.023194356595449
"rand1",1.7,16,"SVP",1,0.75,0.857142857142857,6,0.025955021471688
"rand1",1.7,16,"SVP (BIC)",1,0.75,0.857142857142857,6,0.025955021471688
"rand1",1.7,17,"PELT",0.857142857142857,0.75,0.8,7,0.023194356595449
"rand1",1.7,17,"SVP",1,0.75,0.857142857142857,6,0.025955021471688
"rand1",1.7,17,"SVP (BIC)",1,0.75,0.857142857142857,6,0.025955021471688
"rand1",1.7,18,"PELT",0.857142857142857,0.75,0.8,7,0.023194356595449
"rand1",1.7,18,"SVP",1,0.75,0.857142857142857,6,0.025955021471688
"rand1",1.7,18,"SVP (BIC)",1,0.75,0.857142857142857,6,0.025955021471688
"rand1",1.7,19,"PELT",0.857142857142857,0.75,0.8,7,0.023194356595449
"rand1",1.7,19,"SVP",1,0.75,0.857142857142857,6,0.025955021471688
"rand1",1.7,19,"SVP (BIC)",1,0.75,0.857142857142857,6,0.025955021471688
"rand1",1.7,20,"PELT",0.857142857142857,0.75,0.8,7,0.023194356595449
"rand1",1.7,20,"SVP",1,0.75,0.857142857142857,6,0.025955021471688
"rand1",1.7,20,"SVP (BIC)",1,0.75,0.857142857142857,6,0.025955021471688
"rand1",1.7,21,"PELT",0.857142857142857,0.75,0.8,7,0.023194356595449
"rand1",1.7,21,"SVP",1,0.75,0.857142857142857,6,0.025955021471688
"rand1",1.7,21,"SVP (BIC)",1,0.75,0.857142857142857,6,0.025955021471688
"rand1",1.7,22,"PELT",0.857142857142857,0.75,0.8,7,0.023194356595449
"rand1",1.7,22,"SVP",1,0.75,0.857142857142857,6,0.025955021471688
"rand1",1.7,22,"SVP (BIC)",1,0.75,0.857142857142857,6,0.025955021471688
"rand1",1.7,23,"PELT",0.857142857142857,0.75,0.8,7,0.023194356595449
"rand1",1.7,23,"SVP",1,0.75,0.857142857142857,6,0.025955021471688
"rand1",1.7,23,"SVP (BIC)",1,0.75,0.857142857142857,6,0.025955021471688
"rand1",1.7,24,"PELT",0.857142857142857,0.75,0.8,7,0.023194356595449
"rand1",1.7,24,"SVP",1,0.75,0.857142857142857,6,0.025955021471688
"rand1",1.7,24,"SVP (BIC)",1,0.75,0.857142857142857,6,0.025955021471688
"rand1",1.7,25,"PELT",0.857142857142857,0.75,0.8,7,0.023194356595449
"rand1",1.7,25,"SVP",1,0.75,0.857142857142857,6,0.025955021471688
"rand1",1.7,25,"SVP (BIC)",1,0.75,0.857142857142857,6,0.025955021471688
"rand1",1.7,26,"PELT",0.857142857142857,0.75,0.8,7,0.023194356595449
"rand1",1.7,26,"SVP",1,0.75,0.857142857142857,6,0.025955021471688
"rand1",1.7,26,"SVP (BIC)",1,0.75,0.857142857142857,6,0.025955021471688
"rand1",1.7,27,"PELT",0.857142857142857,0.75,0.8,7,0.023194356595449
"rand1",1.7,27,"SVP",1,0.75,0.857142857142857,6,0.025955021471688
"rand1",1.7,27,"SVP (BIC)",1,0.75,0.857142857142857,6,0.025955021471688
"rand1",1.7,28,"PELT",0.857142857142857,0.75,0.8,7,0.023194356595449
"rand1",1.7,28,"SVP",1,0.75,0.857142857142857,6,0.025955021471688
"rand1",1.7,28,"SVP (BIC)",1,0.75,0.857142857142857,6,0.025955021471688
"rand1",1.7,29,"PELT",0.857142857142857,0.75,0.8,7,0.023194356595449
"rand1",1.7,29,"SVP",1,0.75,0.857142857142857,6,0.025955021471688
"rand1",1.7,29,"SVP (BIC)",1,0.75,0.857142857142857,6,0.025955021471688
"rand1",1.7,30,"PELT",0.857142857142857,0.75,0.8,7,0.023194356595449
"rand1",1.7,30,"SVP",1,0.75,0.857142857142857,6,0.025955021471688
"rand1",1.7,30,"SVP (BIC)",1,0.75,0.857142857142857,6,0.025955021471688
"rand1",1.7,31,"PELT",0.857142857142857,0.75,0.8,7,0.023194356595449
"rand1",1.7,31,"SVP",1,0.75,0.857142857142857,6,0.025955021471688
"rand1",1.7,31,"SVP (BIC)",1,0.75,0.857142857142857,6,0.025955021471688
"rand1",1.7,32,"PELT",0.857142857142857,0.75,0.8,7,0.023194356595449
"rand1",1.7,32,"SVP",1,0.75,0.857142857142857,6,0.025955021471688
"rand1",1.7,32,"SVP (BIC)",1,0.75,0.857142857142857,6,0.025955021471688
"rand1",1.7,33,"PELT",0.857142857142857,0.75,0.8,7,0.023194356595449
"rand1",1.7,33,"SVP",1,0.75,0.857142857142857,6,0.025955021471688
"rand1",1.7,33,"SVP (BIC)",1,0.75,0.857142857142857,6,0.025955021471688
"rand1",1.7,34,"PELT",0.857142857142857,0.75,0.8,7,0.023194356595449
"rand1",1.7,34,"SVP",1,0.75,0.857142857142857,6,0.025955021471688
"rand1",1.7,34,"SVP (BIC)",1,0.75,0.857142857142857,6,0.025955021471688
"rand1",1.7,35,"PELT",0.857142857142857,0.75,0.8,7,0.023194356595449
"rand1",1.7,35,"SVP",1,0.75,0.857142857142857,6,0.025955021471688
"rand1",1.7,35,"SVP (BIC)",1,0.75,0.857142857142857,6,0.025955021471688
"rand1",1.7,36,"PELT",0.857142857142857,0.75,0.8,7,0.023194356595449
"rand1",1.7,36,"SVP",1,0.75,0.857142857142857,6,0.025955021471688
"rand1",1.7,36,"SVP (BIC)",1,0.75,0.857142857142857,6,0.025955021471688
"rand1",1.7,37,"PELT",0.857142857142857,0.75,0.8,7,0.023194356595449
"rand1",1.7,37,"SVP",1,0.75,0.857142857142857,6,0.025955021471688
"rand1",1.7,37,"SVP (BIC)",1,0.75,0.857142857142857,6,0.025955021471688
"rand1",1.7,38,"PELT",0.857142857142857,0.75,0.8,7,0.023194356595449
"rand1",1.7,38,"SVP",1,0.75,0.857142857142857,6,0.025955021471688
"rand1",1.7,38,"SVP (BIC)",1,0.75,0.857142857142857,6,0.025955021471688
"rand1",1.7,39,"PELT",0.857142857142857,0.75,0.8,7,0.023194356595449
"rand1",1.7,39,"SVP",1,0.75,0.857142857142857,6,0.025955021471688
"rand1",1.7,39,"SVP (BIC)",1,0.75,0.857142857142857,6,0.025955021471688
"rand1",1.7,40,"PELT",0.857142857142857,0.75,0.8,7,0.023194356595449
"rand1",1.7,40,"SVP",1,0.75,0.857142857142857,6,0.025955021471688
"rand1",1.7,40,"SVP (BIC)",1,0.75,0.857142857142857,6,0.025955021471688
"rand1",1.7,41,"PELT",0.857142857142857,0.75,0.8,7,0.023194356595449
"rand1",1.7,41,"SVP",1,0.75,0.857142857142857,6,0.025955021471688
"rand1",1.7,41,"SVP (BIC)",1,0.75,0.857142857142857,6,0.025955021471688
"rand1",1.7,42,"PELT",0.857142857142857,0.75,0.8,7,0.023194356595449
"rand1",1.7,42,"SVP",1,0.75,0.857142857142857,6,0.025955021471688
"rand1",1.7,42,"SVP (BIC)",1,0.75,0.857142857142857,6,0.025955021471688
"rand1",1.7,43,"PELT",0.857142857142857,0.75,0.8,7,0.023194356595449
"rand1",1.7,43,"SVP",1,0.75,0.857142857142857,6,0.025955021471688
"rand1",1.7,43,"SVP (BIC)",1,0.75,0.857142857142857,6,0.025955021471688
"rand1",1.7,44,"PELT",0.857142857142857,0.75,0.8,7,0.023194356595449
"rand1",1.7,44,"SVP",1,0.75,0.857142857142857,6,0.025955021471688
"rand1",1.7,44,"SVP (BIC)",1,0.75,0.857142857142857,6,0.025955021471688
"rand1",1.7,45,"PELT",0.857142857142857,0.75,0.8,7,0.023194356595449
"rand1",1.7,45,"SVP",1,0.75,0.857142857142857,6,0.025955021471688
"rand1",1.7,45,"SVP (BIC)",1,0.75,0.857142857142857,6,0.025955021471688
"rand1",1.7,46,"PELT",0.857142857142857,0.75,0.8,7,0.023194356595449
"rand1",1.7,46,"SVP",1,0.75,0.857142857142857,6,0.025955021471688
"rand1",1.7,46,"SVP (BIC)",1,0.75,0.857142857142857,6,0.025955021471688
"rand1",1.7,47,"PELT",0.857142857142857,0.75,0.8,7,0.023194356595449
"rand1",1.7,47,"SVP",1,0.75,0.857142857142857,6,0.025955021471688
"rand1",1.7,47,"SVP (BIC)",1,0.75,0.857142857142857,6,0.025955021471688
"rand1",1.7,48,"PELT",0.857142857142857,0.75,0.8,7,0.023194356595449
"rand1",1.7,48,"SVP",1,0.75,0.857142857142857,6,0.025955021471688
"rand1",1.7,48,"SVP (BIC)",1,0.75,0.857142857142857,6,0.025955021471688
"rand1",1.7,49,"PELT",0.857142857142857,0.75,0.8,7,0.023194356595449
"rand1",1.7,49,"SVP",1,0.75,0.857142857142857,6,0.025955021471688
"rand1",1.7,49,"SVP (BIC)",1,0.75,0.857142857142857,6,0.025955021471688
"rand1",1.7,50,"PELT",0.857142857142857,0.75,0.8,7,0.023194356595449
"rand1",1.7,50,"SVP",1,0.75,0.857142857142857,6,0.025955021471688
"rand1",1.7,50,"SVP (BIC)",1,0.75,0.857142857142857,6,0.025955021471688
"none",1.8,1,"PELT",1,1,1,1,0.000187909748479744
"none",1.8,1,"SVP",1,1,1,1,0.000187909748479744
"none",1.8,1,"SVP (BIC)",1,1,1,1,0.000187909748479744
"none",1.8,2,"PELT",1,1,1,1,0.00155266998249724
"none",1.8,2,"SVP",1,1,1,1,0.00155266998249724
"none",1.8,2,"SVP (BIC)",1,1,1,1,0.00155266998249724
"none",1.8,3,"PELT",1,1,1,1,0.000863142842346826
"none",1.8,3,"SVP",1,1,1,1,0.000863142842346826
"none",1.8,3,"SVP (BIC)",1,1,1,1,0.000863142842346826
"none",1.8,4,"PELT",1,1,1,1,0.000382068794834965
"none",1.8,4,"SVP",1,1,1,1,0.000382068794834965
"none",1.8,4,"SVP (BIC)",1,1,1,1,0.000382068794834965
"none",1.8,5,"PELT",1,1,1,1,6.89268427598872e-08
"none",1.8,5,"SVP",1,1,1,1,6.89268427598872e-08
"none",1.8,5,"SVP (BIC)",1,1,1,1,6.89268427598872e-08
"none",1.8,6,"PELT",1,1,1,1,0.000832357593823043
"none",1.8,6,"SVP",1,1,1,1,0.000832357593823043
"none",1.8,6,"SVP (BIC)",1,1,1,1,0.000832357593823043
"none",1.8,7,"PELT",1,1,1,1,0.000110440635950137
"none",1.8,7,"SVP",1,1,1,1,0.000110440635950137
"none",1.8,7,"SVP (BIC)",1,1,1,1,0.000110440635950137
"none",1.8,8,"PELT",1,1,1,1,3.6484610479148e-05
"none",1.8,8,"SVP",1,1,1,1,3.6484610479148e-05
"none",1.8,8,"SVP (BIC)",1,1,1,1,3.6484610479148e-05
"none",1.8,9,"PELT",1,1,1,1,0.000338615139451709
"none",1.8,9,"SVP",1,1,1,1,0.000338615139451709
"none",1.8,9,"SVP (BIC)",1,1,1,1,0.000338615139451709
"none",1.8,10,"PELT",1,1,1,1,0.000393734771794825
"none",1.8,10,"SVP",1,1,1,1,0.000393734771794825
"none",1.8,10,"SVP (BIC)",1,1,1,1,0.000393734771794825
"none",1.8,11,"PELT",1,1,1,1,0.00276976883965073
"none",1.8,11,"SVP",1,1,1,1,0.00276976883965073
"none",1.8,11,"SVP (BIC)",1,1,1,1,0.00276976883965073
"none",1.8,12,"PELT",1,1,1,1,0.00121509051805407
"none",1.8,12,"SVP",1,1,1,1,0.00121509051805407
"none",1.8,12,"SVP (BIC)",1,1,1,1,0.00121509051805407
"none",1.8,13,"PELT",1,1,1,1,0.004434165251161
"none",1.8,13,"SVP",1,1,1,1,0.004434165251161
"none",1.8,13,"SVP (BIC)",1,1,1,1,0.004434165251161
"none",1.8,14,"PELT",0.5,1,0.666666666666667,2,0.0148222382430864
"none",1.8,14,"SVP",1,1,1,1,0.000313708760682191
"none",1.8,14,"SVP (BIC)",1,1,1,1,0.000313708760682191
"none",1.8,15,"PELT",1,1,1,1,0.000337707037088892
"none",1.8,15,"SVP",1,1,1,1,0.000337707037088892
"none",1.8,15,"SVP (BIC)",1,1,1,1,0.000337707037088892
"none",1.8,16,"PELT",1,1,1,1,0.000190443885492089
"none",1.8,16,"SVP",1,1,1,1,0.000190443885492089
"none",1.8,16,"SVP (BIC)",1,1,1,1,0.000190443885492089
"none",1.8,17,"PELT",1,1,1,1,0.00058552632908218
"none",1.8,17,"SVP",1,1,1,1,0.00058552632908218
"none",1.8,17,"SVP (BIC)",1,1,1,1,0.00058552632908218
"none",1.8,18,"PELT",1,1,1,1,0.000656816535682816
"none",1.8,18,"SVP",1,1,1,1,0.000656816535682816
"none",1.8,18,"SVP (BIC)",1,1,1,1,0.000656816535682816
"none",1.8,19,"PELT",1,1,1,1,0.00234483553566167
"none",1.8,19,"SVP",1,1,1,1,0.00234483553566167
"none",1.8,19,"SVP (BIC)",1,1,1,1,0.00234483553566167
"none",1.8,20,"PELT",1,1,1,1,0.00221558034591706
"none",1.8,20,"SVP",1,1,1,1,0.00221558034591706
"none",1.8,20,"SVP (BIC)",1,1,1,1,0.00221558034591706
"none",1.8,21,"PELT",1,1,1,1,0.000301146701010123
"none",1.8,21,"SVP",1,1,1,1,0.000301146701010123
"none",1.8,21,"SVP (BIC)",1,1,1,1,0.000301146701010123
"none",1.8,22,"PELT",1,1,1,1,6.35426047265762e-09
"none",1.8,22,"SVP",1,1,1,1,6.35426047265762e-09
"none",1.8,22,"SVP (BIC)",1,1,1,1,6.35426047265762e-09
"none",1.8,23,"PELT",1,1,1,1,3.15225223427047e-05
"none",1.8,23,"SVP",1,1,1,1,3.15225223427047e-05
"none",1.8,23,"SVP (BIC)",1,1,1,1,3.15225223427047e-05
"none",1.8,24,"PELT",1,1,1,1,0.00602607546400432
"none",1.8,24,"SVP",1,1,1,1,0.00602607546400432
"none",1.8,24,"SVP (BIC)",1,1,1,1,0.00602607546400432
"none",1.8,25,"PELT",1,1,1,1,0.00238499291093744
"none",1.8,25,"SVP",1,1,1,1,0.00238499291093744
"none",1.8,25,"SVP (BIC)",1,1,1,1,0.00238499291093744
"none",1.8,26,"PELT",1,1,1,1,0.00019911821599984
"none",1.8,26,"SVP",1,1,1,1,0.00019911821599984
"none",1.8,26,"SVP (BIC)",1,1,1,1,0.00019911821599984
"none",1.8,27,"PELT",1,1,1,1,0.000658244751131062
"none",1.8,27,"SVP",1,1,1,1,0.000658244751131062
"none",1.8,27,"SVP (BIC)",1,1,1,1,0.000658244751131062
"none",1.8,28,"PELT",1,1,1,1,0.000143598464070883
"none",1.8,28,"SVP",1,1,1,1,0.000143598464070883
"none",1.8,28,"SVP (BIC)",1,1,1,1,0.000143598464070883
"none",1.8,29,"PELT",1,1,1,1,0.000873036339643812
"none",1.8,29,"SVP",1,1,1,1,0.000873036339643812
"none",1.8,29,"SVP (BIC)",1,1,1,1,0.000873036339643812
"none",1.8,30,"PELT",1,1,1,1,8.55349111200152e-05
"none",1.8,30,"SVP",1,1,1,1,8.55349111200152e-05
"none",1.8,30,"SVP (BIC)",1,1,1,1,8.55349111200152e-05
"none",1.8,31,"PELT",1,1,1,1,0.00163919923341219
"none",1.8,31,"SVP",1,1,1,1,0.00163919923341219
"none",1.8,31,"SVP (BIC)",1,1,1,1,0.00163919923341219
"none",1.8,32,"PELT",1,1,1,1,0.001764611833282
"none",1.8,32,"SVP",1,1,1,1,0.001764611833282
"none",1.8,32,"SVP (BIC)",1,1,1,1,0.001764611833282
"none",1.8,33,"PELT",1,1,1,1,0.00118599076859419
"none",1.8,33,"SVP",1,1,1,1,0.00118599076859419
"none",1.8,33,"SVP (BIC)",1,1,1,1,0.00118599076859419
"none",1.8,34,"PELT",1,1,1,1,0.00012878964867219
"none",1.8,34,"SVP",0.5,1,0.666666666666667,2,0.000508976519867537
"none",1.8,34,"SVP (BIC)",1,1,1,1,0.00012878964867219
"none",1.8,35,"PELT",1,1,1,1,0.00121357199153235
"none",1.8,35,"SVP",1,1,1,1,0.00121357199153235
"none",1.8,35,"SVP (BIC)",1,1,1,1,0.00121357199153235
"none",1.8,36,"PELT",1,1,1,1,7.13440407230056e-09
"none",1.8,36,"SVP",1,1,1,1,7.13440407230056e-09
"none",1.8,36,"SVP (BIC)",1,1,1,1,7.13440407230056e-09
"none",1.8,37,"PELT",0.5,1,0.666666666666667,2,0.0165957566600015
"none",1.8,37,"SVP",0.5,1,0.666666666666667,2,0.00499807668388833
"none",1.8,37,"SVP (BIC)",1,1,1,1,0.00218086573874673
"none",1.8,38,"PELT",1,1,1,1,0.000322104930894194
"none",1.8,38,"SVP",1,1,1,1,0.000322104930894194
"none",1.8,38,"SVP (BIC)",1,1,1,1,0.000322104930894194
"none",1.8,39,"PELT",1,1,1,1,0.000499400364065536
"none",1.8,39,"SVP",1,1,1,1,0.000499400364065536
"none",1.8,39,"SVP (BIC)",1,1,1,1,0.000499400364065536
"none",1.8,40,"PELT",1,1,1,1,1.9580176681371e-05
"none",1.8,40,"SVP",1,1,1,1,1.9580176681371e-05
"none",1.8,40,"SVP (BIC)",1,1,1,1,1.9580176681371e-05
"none",1.8,41,"PELT",1,1,1,1,5.77921778891898e-05
"none",1.8,41,"SVP",1,1,1,1,5.77921778891898e-05
"none",1.8,41,"SVP (BIC)",1,1,1,1,5.77921778891898e-05
"none",1.8,42,"PELT",0.5,1,0.666666666666667,2,0.0138821566825879
"none",1.8,42,"SVP",1,1,1,1,1.17820992356184e-07
"none",1.8,42,"SVP (BIC)",1,1,1,1,1.17820992356184e-07
"none",1.8,43,"PELT",1,1,1,1,0.000772038470714068
"none",1.8,43,"SVP",1,1,1,1,0.000772038470714068
"none",1.8,43,"SVP (BIC)",1,1,1,1,0.000772038470714068
"none",1.8,44,"PELT",1,1,1,1,0.00188175669138447
"none",1.8,44,"SVP",1,1,1,1,0.00188175669138447
"none",1.8,44,"SVP (BIC)",1,1,1,1,0.00188175669138447
"none",1.8,45,"PELT",1,1,1,1,4.74624411400203e-06
"none",1.8,45,"SVP",1,1,1,1,4.74624411400203e-06
"none",1.8,45,"SVP (BIC)",1,1,1,1,4.74624411400203e-06
"none",1.8,46,"PELT",1,1,1,1,0.000468232511540051
"none",1.8,46,"SVP",1,1,1,1,0.000468232511540051
"none",1.8,46,"SVP (BIC)",1,1,1,1,0.000468232511540051
"none",1.8,47,"PELT",1,1,1,1,0.00316000032340552
"none",1.8,47,"SVP",1,1,1,1,0.00316000032340552
"none",1.8,47,"SVP (BIC)",1,1,1,1,0.00316000032340552
"none",1.8,48,"PELT",1,1,1,1,0.00099163647258521
"none",1.8,48,"SVP",1,1,1,1,0.00099163647258521
"none",1.8,48,"SVP (BIC)",1,1,1,1,0.00099163647258521
"none",1.8,49,"PELT",1,1,1,1,1.76502573397674e-05
"none",1.8,49,"SVP",1,1,1,1,1.76502573397674e-05
"none",1.8,49,"SVP (BIC)",1,1,1,1,1.76502573397674e-05
"none",1.8,50,"PELT",1,1,1,1,0.000255574995510692
"none",1.8,50,"SVP",1,1,1,1,0.000255574995510692
"none",1.8,50,"SVP (BIC)",1,1,1,1,0.000255574995510692
"up",1.8,1,"PELT",0.875,0.875,0.875,8,0.0403636888349391
"up",1.8,1,"SVP",0.875,0.875,0.875,8,0.0403636888349391
"up",1.8,1,"SVP (BIC)",0.875,0.875,0.875,8,0.0403636888349391
"up",1.8,2,"PELT",1,1,1,8,0.00473535514337975
"up",1.8,2,"SVP",1,1,1,8,0.00473535514337975
"up",1.8,2,"SVP (BIC)",1,1,1,8,0.00473535514337975
"up",1.8,3,"PELT",0.875,0.875,0.875,8,0.0137063227985565
"up",1.8,3,"SVP",0.875,0.875,0.875,8,0.0137063227985565
"up",1.8,3,"SVP (BIC)",0.875,0.875,0.875,8,0.0137063227985565
"up",1.8,4,"PELT",1,1,1,8,0.016437137330649
"up",1.8,4,"SVP",1,1,1,8,0.016437137330649
"up",1.8,4,"SVP (BIC)",1,1,1,8,0.016437137330649
"up",1.8,5,"PELT",1,1,1,8,0.0117045293128643
"up",1.8,5,"SVP",1,1,1,8,0.0117045293128643
"up",1.8,5,"SVP (BIC)",1,1,1,8,0.0117045293128643
"up",1.8,6,"PELT",0.875,0.875,0.875,8,0.0311195315459514
"up",1.8,6,"SVP",0.875,0.875,0.875,8,0.0311195315459514
"up",1.8,6,"SVP (BIC)",0.875,0.875,0.875,8,0.0311195315459514
"up",1.8,7,"PELT",0.875,0.875,0.875,8,0.0273110126561069
"up",1.8,7,"SVP",0.875,0.875,0.875,8,0.0273110126561069
"up",1.8,7,"SVP (BIC)",0.875,0.875,0.875,8,0.0273110126561069
"up",1.8,8,"PELT",1,1,1,8,0.0210453087407762
"up",1.8,8,"SVP",1,1,1,8,0.0210453087407762
"up",1.8,8,"SVP (BIC)",1,1,1,8,0.0210453087407762
"up",1.8,9,"PELT",1,1,1,8,0.0322676168244614
"up",1.8,9,"SVP",1,1,1,8,0.0322676168244614
"up",1.8,9,"SVP (BIC)",1,1,1,8,0.0322676168244614
"up",1.8,10,"PELT",0.875,0.875,0.875,8,0.0154639656913545
"up",1.8,10,"SVP",0.875,0.875,0.875,8,0.0154639656913545
"up",1.8,10,"SVP (BIC)",0.875,0.875,0.875,8,0.0154639656913545
"up",1.8,11,"PELT",1,1,1,8,0.0265778594716766
"up",1.8,11,"SVP",1,1,1,8,0.0265778594716766
"up",1.8,11,"SVP (BIC)",1,1,1,8,0.0265778594716766
"up",1.8,12,"PELT",0.75,0.75,0.75,8,0.0394398472734563
"up",1.8,12,"SVP",0.75,0.75,0.75,8,0.0394398472734563
"up",1.8,12,"SVP (BIC)",0.75,0.75,0.75,8,0.0394398472734563
"up",1.8,13,"PELT",0.875,0.875,0.875,8,0.0367994329119796
"up",1.8,13,"SVP",0.875,0.875,0.875,8,0.0367994329119796
"up",1.8,13,"SVP (BIC)",0.875,0.875,0.875,8,0.0367994329119796
"up",1.8,14,"PELT",1,1,1,8,0.0104881318930685
"up",1.8,14,"SVP",1,1,1,8,0.013319412180484
"up",1.8,14,"SVP (BIC)",1,1,1,8,0.0104881318930685
"up",1.8,15,"PELT",0.75,0.75,0.75,8,0.0382836419164787
"up",1.8,15,"SVP",0.875,0.875,0.875,8,0.0293031748180506
"up",1.8,15,"SVP (BIC)",0.75,0.75,0.75,8,0.0382836419164787
"up",1.8,16,"PELT",1,1,1,8,0.0102840480707257
"up",1.8,16,"SVP",1,1,1,8,0.0102840480707257
"up",1.8,16,"SVP (BIC)",1,1,1,8,0.0102840480707257
"up",1.8,17,"PELT",1,1,1,8,0.0267247804962996
"up",1.8,17,"SVP",1,1,1,8,0.0267247804962996
"up",1.8,17,"SVP (BIC)",1,1,1,8,0.0267247804962996
"up",1.8,18,"PELT",0.875,0.875,0.875,8,0.0327698196965084
"up",1.8,18,"SVP",0.875,0.875,0.875,8,0.0327698196965084
"up",1.8,18,"SVP (BIC)",0.875,0.875,0.875,8,0.0327698196965084
"up",1.8,19,"PELT",0.625,0.625,0.625,8,0.0491246737840575
"up",1.8,19,"SVP",0.625,0.625,0.625,8,0.0491246737840575
"up",1.8,19,"SVP (BIC)",0.625,0.625,0.625,8,0.0491246737840575
"up",1.8,20,"PELT",0.75,0.75,0.75,8,0.0460688779774592
"up",1.8,20,"SVP",0.75,0.75,0.75,8,0.0460688779774592
"up",1.8,20,"SVP (BIC)",0.75,0.75,0.75,8,0.0460688779774592
"up",1.8,21,"PELT",0.875,0.875,0.875,8,0.0213693521894212
"up",1.8,21,"SVP",0.875,0.875,0.875,8,0.0213693521894212
"up",1.8,21,"SVP (BIC)",0.875,0.875,0.875,8,0.0213693521894212
"up",1.8,22,"PELT",1,1,1,8,0.00630148929132292
"up",1.8,22,"SVP",1,1,1,8,0.00630148929132292
"up",1.8,22,"SVP (BIC)",1,1,1,8,0.00630148929132292
"up",1.8,23,"PELT",1,1,1,8,0.00790487959477472
"up",1.8,23,"SVP",1,1,1,8,0.00790487959477472
"up",1.8,23,"SVP (BIC)",1,1,1,8,0.00790487959477472
"up",1.8,24,"PELT",0.875,0.875,0.875,8,0.0336324417952692
"up",1.8,24,"SVP",0.875,0.875,0.875,8,0.0336324417952692
"up",1.8,24,"SVP (BIC)",0.875,0.875,0.875,8,0.0336324417952692
"up",1.8,25,"PELT",1,1,1,8,0.0134467809068113
"up",1.8,25,"SVP",1,1,1,8,0.0134467809068113
"up",1.8,25,"SVP (BIC)",1,1,1,8,0.0134467809068113
"up",1.8,26,"PELT",0.875,0.875,0.875,8,0.028778914871409
"up",1.8,26,"SVP",0.875,0.875,0.875,8,0.028778914871409
"up",1.8,26,"SVP (BIC)",0.875,0.875,0.875,8,0.028778914871409
"up",1.8,27,"PELT",0.875,0.875,0.875,8,0.0284570098173281
"up",1.8,27,"SVP",0.875,0.875,0.875,8,0.0284570098173281
"up",1.8,27,"SVP (BIC)",0.875,0.875,0.875,8,0.0284570098173281
"up",1.8,28,"PELT",0.875,0.875,0.875,8,0.0248658452793567
"up",1.8,28,"SVP",0.875,0.875,0.875,8,0.0248658452793567
"up",1.8,28,"SVP (BIC)",0.875,0.875,0.875,8,0.0248658452793567
"up",1.8,29,"PELT",1,1,1,8,0.026309594188428
"up",1.8,29,"SVP",1,1,1,8,0.026309594188428
"up",1.8,29,"SVP (BIC)",1,1,1,8,0.026309594188428
"up",1.8,30,"PELT",1,1,1,8,0.00745393548426423
"up",1.8,30,"SVP",1,1,1,8,0.00745393548426423
"up",1.8,30,"SVP (BIC)",1,1,1,8,0.00745393548426423
"up",1.8,31,"PELT",1,1,1,8,0.0258729820673334
"up",1.8,31,"SVP",1,1,1,8,0.0258729820673334
"up",1.8,31,"SVP (BIC)",1,1,1,8,0.0258729820673334
"up",1.8,32,"PELT",0.777777777777778,0.875,0.823529411764706,9,0.0460925026150061
"up",1.8,32,"SVP",1,1,1,8,0.0145516193710913
"up",1.8,32,"SVP (BIC)",1,1,1,8,0.0145516193710913
"up",1.8,33,"PELT",0.875,0.875,0.875,8,0.020605770554449
"up",1.8,33,"SVP",0.875,0.875,0.875,8,0.020605770554449
"up",1.8,33,"SVP (BIC)",0.875,0.875,0.875,8,0.020605770554449
"up",1.8,34,"PELT",0.875,0.875,0.875,8,0.0330714397210597
"up",1.8,34,"SVP",0.875,0.875,0.875,8,0.0330714397210597
"up",1.8,34,"SVP (BIC)",0.875,0.875,0.875,8,0.0330714397210597
"up",1.8,35,"PELT",1,1,1,8,0.0120887559114209
"up",1.8,35,"SVP",1,1,1,8,0.0120887559114209
"up",1.8,35,"SVP (BIC)",1,1,1,8,0.0120887559114209
"up",1.8,36,"PELT",0.875,0.875,0.875,8,0.0295013573603537
"up",1.8,36,"SVP",0.875,0.875,0.875,8,0.0295013573603537
"up",1.8,36,"SVP (BIC)",0.875,0.875,0.875,8,0.0295013573603537
"up",1.8,37,"PELT",0.666666666666667,0.75,0.705882352941177,9,0.0490280705564258
"up",1.8,37,"SVP",0.875,0.875,0.875,8,0.0274448762849933
"up",1.8,37,"SVP (BIC)",0.875,0.875,0.875,8,0.0274448762849933
"up",1.8,38,"PELT",0.875,0.875,0.875,8,0.0340623279065683
"up",1.8,38,"SVP",0.777777777777778,0.875,0.823529411764706,9,0.0415125898605602
"up",1.8,38,"SVP (BIC)",0.875,0.875,0.875,8,0.0340623279065683
"up",1.8,39,"PELT",1,1,1,8,0.0116223721631218
"up",1.8,39,"SVP",1,1,1,8,0.0116223721631218
"up",1.8,39,"SVP (BIC)",1,1,1,8,0.0116223721631218
"up",1.8,40,"PELT",0.875,0.875,0.875,8,0.0292272513591968
"up",1.8,40,"SVP",0.875,0.875,0.875,8,0.0292272513591968
"up",1.8,40,"SVP (BIC)",0.875,0.875,0.875,8,0.0292272513591968
"up",1.8,41,"PELT",1,1,1,8,0.0186208644556633
"up",1.8,41,"SVP",1,1,1,8,0.0186208644556633
"up",1.8,41,"SVP (BIC)",1,1,1,8,0.0186208644556633
"up",1.8,42,"PELT",1,1,1,8,0.017597486532679
"up",1.8,42,"SVP",1,1,1,8,0.017597486532679
"up",1.8,42,"SVP (BIC)",1,1,1,8,0.017597486532679
"up",1.8,43,"PELT",0.625,0.625,0.625,8,0.0520000067138331
"up",1.8,43,"SVP",0.625,0.625,0.625,8,0.0520000067138331
"up",1.8,43,"SVP (BIC)",0.625,0.625,0.625,8,0.0520000067138331
"up",1.8,44,"PELT",1,1,1,8,0.0285671642352248
"up",1.8,44,"SVP",1,1,1,8,0.0285671642352248
"up",1.8,44,"SVP (BIC)",1,1,1,8,0.0285671642352248
"up",1.8,45,"PELT",0.875,0.875,0.875,8,0.0187346021709553
"up",1.8,45,"SVP",0.875,0.875,0.875,8,0.0187346021709553
"up",1.8,45,"SVP (BIC)",0.875,0.875,0.875,8,0.0187346021709553
"up",1.8,46,"PELT",0.875,0.875,0.875,8,0.0331753825323548
"up",1.8,46,"SVP",0.875,0.875,0.875,8,0.0331753825323548
"up",1.8,46,"SVP (BIC)",0.875,0.875,0.875,8,0.0331753825323548
"up",1.8,47,"PELT",1,1,1,8,0.019584946888566
"up",1.8,47,"SVP",1,1,1,8,0.019584946888566
"up",1.8,47,"SVP (BIC)",1,1,1,8,0.019584946888566
"up",1.8,48,"PELT",0.875,0.875,0.875,8,0.0246942178315593
"up",1.8,48,"SVP",0.875,0.875,0.875,8,0.0246942178315593
"up",1.8,48,"SVP (BIC)",0.875,0.875,0.875,8,0.0246942178315593
"up",1.8,49,"PELT",0.875,0.875,0.875,8,0.0469856624517277
"up",1.8,49,"SVP",0.875,0.875,0.875,8,0.0469856624517277
"up",1.8,49,"SVP (BIC)",0.875,0.875,0.875,8,0.0469856624517277
"up",1.8,50,"PELT",0.777777777777778,0.875,0.823529411764706,9,0.0352983340241996
"up",1.8,50,"SVP",1,1,1,8,0.00879981268654586
"up",1.8,50,"SVP (BIC)",1,1,1,8,0.00879981268654586
"updown",1.8,1,"PELT",1,1,1,8,0.0226607844227566
"updown",1.8,1,"SVP",1,1,1,8,0.0226607844227566
"updown",1.8,1,"SVP (BIC)",1,1,1,8,0.0226607844227566
"updown",1.8,2,"PELT",0.875,0.875,0.875,8,0.0246608648667415
"updown",1.8,2,"SVP",0.875,0.875,0.875,8,0.0246608648667415
"updown",1.8,2,"SVP (BIC)",0.875,0.875,0.875,8,0.0246608648667415
"updown",1.8,3,"PELT",0.75,0.75,0.75,8,0.0431283867392057
"updown",1.8,3,"SVP",0.75,0.75,0.75,8,0.0431283867392057
"updown",1.8,3,"SVP (BIC)",0.75,0.75,0.75,8,0.0431283867392057
"updown",1.8,4,"PELT",1,1,1,8,0.0137054241628757
"updown",1.8,4,"SVP",1,1,1,8,0.0137054241628757
"updown",1.8,4,"SVP (BIC)",1,1,1,8,0.0137054241628757
"updown",1.8,5,"PELT",1,1,1,8,0.0294725356276553
"updown",1.8,5,"SVP",1,1,1,8,0.0294725356276553
"updown",1.8,5,"SVP (BIC)",1,1,1,8,0.0294725356276553
"updown",1.8,6,"PELT",1,1,1,8,0.0187607639353227
"updown",1.8,6,"SVP",1,1,1,8,0.0187607639353227
"updown",1.8,6,"SVP (BIC)",1,1,1,8,0.0187607639353227
"updown",1.8,7,"PELT",0.875,0.875,0.875,8,0.03374520369185
"updown",1.8,7,"SVP",0.875,0.875,0.875,8,0.03374520369185
"updown",1.8,7,"SVP (BIC)",0.875,0.875,0.875,8,0.03374520369185
"updown",1.8,8,"PELT",1,1,1,8,0.0229951025158884
"updown",1.8,8,"SVP",1,1,1,8,0.0229951025158884
"updown",1.8,8,"SVP (BIC)",1,1,1,8,0.0229951025158884
"updown",1.8,9,"PELT",0.888888888888889,1,0.941176470588235,9,0.0397768730166565
"updown",1.8,9,"SVP",1,1,1,8,0.023744670945369
"updown",1.8,9,"SVP (BIC)",1,1,1,8,0.023744670945369
"updown",1.8,10,"PELT",0.875,0.875,0.875,8,0.0265070819686003
"updown",1.8,10,"SVP",0.875,0.875,0.875,8,0.0265070819686003
"updown",1.8,10,"SVP (BIC)",0.875,0.875,0.875,8,0.0265070819686003
"updown",1.8,11,"PELT",1,1,1,8,0.0248656311682415
"updown",1.8,11,"SVP",1,1,1,8,0.0248656311682415
"updown",1.8,11,"SVP (BIC)",1,1,1,8,0.0248656311682415
"updown",1.8,12,"PELT",1,1,1,8,0.0309223121518872
"updown",1.8,12,"SVP",1,1,1,8,0.0309223121518872
"updown",1.8,12,"SVP (BIC)",1,1,1,8,0.0309223121518872
"updown",1.8,13,"PELT",1,1,1,8,0.030163062128995
"updown",1.8,13,"SVP",1,1,1,8,0.030163062128995
"updown",1.8,13,"SVP (BIC)",1,1,1,8,0.030163062128995
"updown",1.8,14,"PELT",0.75,0.75,0.75,8,0.038746676737573
"updown",1.8,14,"SVP",0.75,0.75,0.75,8,0.038746676737573
"updown",1.8,14,"SVP (BIC)",0.75,0.75,0.75,8,0.038746676737573
"updown",1.8,15,"PELT",0.875,0.875,0.875,8,0.0156970669930729
"updown",1.8,15,"SVP",0.875,0.875,0.875,8,0.0156970669930729
"updown",1.8,15,"SVP (BIC)",0.875,0.875,0.875,8,0.0156970669930729
"updown",1.8,16,"PELT",1,1,1,8,0.01499416904873
"updown",1.8,16,"SVP",1,1,1,8,0.01499416904873
"updown",1.8,16,"SVP (BIC)",1,1,1,8,0.01499416904873
"updown",1.8,17,"PELT",0.75,0.75,0.75,8,0.0453144575405958
"updown",1.8,17,"SVP",0.75,0.75,0.75,8,0.0453144575405958
"updown",1.8,17,"SVP (BIC)",0.75,0.75,0.75,8,0.0453144575405958
"updown",1.8,18,"PELT",0.7,0.875,0.777777777777778,10,0.056989743682719
"updown",1.8,18,"SVP",0.875,0.875,0.875,8,0.0254432811405133
"updown",1.8,18,"SVP (BIC)",0.875,0.875,0.875,8,0.0254432811405133
"updown",1.8,19,"PELT",1,1,1,8,0.0179578040435191
"updown",1.8,19,"SVP",1,1,1,8,0.0179578040435191
"updown",1.8,19,"SVP (BIC)",1,1,1,8,0.0179578040435191
"updown",1.8,20,"PELT",1,1,1,8,0.0373714482383052
"updown",1.8,20,"SVP",1,1,1,8,0.0373714482383052
"updown",1.8,20,"SVP (BIC)",1,1,1,8,0.0373714482383052
"updown",1.8,21,"PELT",1,1,1,8,0.0119540532323704
"updown",1.8,21,"SVP",1,1,1,8,0.0119540532323704
"updown",1.8,21,"SVP (BIC)",1,1,1,8,0.0119540532323704
"updown",1.8,22,"PELT",0.888888888888889,1,0.941176470588235,9,0.0447403088369937
"updown",1.8,22,"SVP",1,1,1,8,0.0337655315907264
"updown",1.8,22,"SVP (BIC)",1,1,1,8,0.0337655315907264
"updown",1.8,23,"PELT",1,1,1,8,0.0203898774328317
"updown",1.8,23,"SVP",1,1,1,8,0.0203898774328317
"updown",1.8,23,"SVP (BIC)",1,1,1,8,0.0203898774328317
"updown",1.8,24,"PELT",1,1,1,8,0.0137505203292949
"updown",1.8,24,"SVP",1,1,1,8,0.0137505203292949
"updown",1.8,24,"SVP (BIC)",1,1,1,8,0.0137505203292949
"updown",1.8,25,"PELT",1,1,1,8,0.0134741478502772
"updown",1.8,25,"SVP",1,1,1,8,0.0134741478502772
"updown",1.8,25,"SVP (BIC)",1,1,1,8,0.0134741478502772
"updown",1.8,26,"PELT",0.888888888888889,1,0.941176470588235,9,0.0317714944301868
"updown",1.8,26,"SVP",1,1,1,8,0.0153259004617067
"updown",1.8,26,"SVP (BIC)",1,1,1,8,0.0153259004617067
"updown",1.8,27,"PELT",0.875,0.875,0.875,8,0.0300932353137699
"updown",1.8,27,"SVP",0.875,0.875,0.875,8,0.0300932353137699
"updown",1.8,27,"SVP (BIC)",0.875,0.875,0.875,8,0.0300932353137699
"updown",1.8,28,"PELT",1,1,1,8,0.0105289134825629
"updown",1.8,28,"SVP",1,1,1,8,0.0105289134825629
"updown",1.8,28,"SVP (BIC)",1,1,1,8,0.0105289134825629
"updown",1.8,29,"PELT",0.875,0.875,0.875,8,0.0176659351178782
"updown",1.8,29,"SVP",0.875,0.875,0.875,8,0.0176659351178782
"updown",1.8,29,"SVP (BIC)",0.875,0.875,0.875,8,0.0176659351178782
"updown",1.8,30,"PELT",0.875,0.875,0.875,8,0.0314031080991344
"updown",1.8,30,"SVP",0.875,0.875,0.875,8,0.0314031080991344
"updown",1.8,30,"SVP (BIC)",0.875,0.875,0.875,8,0.0314031080991344
"updown",1.8,31,"PELT",1,1,1,8,0.0185220510624538
"updown",1.8,31,"SVP",1,1,1,8,0.0185220510624538
"updown",1.8,31,"SVP (BIC)",1,1,1,8,0.0185220510624538
"updown",1.8,32,"PELT",0.875,0.875,0.875,8,0.0432224222071221
"updown",1.8,32,"SVP",0.875,0.875,0.875,8,0.0432224222071221
"updown",1.8,32,"SVP (BIC)",0.875,0.875,0.875,8,0.0432224222071221
"updown",1.8,33,"PELT",1,1,1,8,0.013228672065051
"updown",1.8,33,"SVP",1,1,1,8,0.013228672065051
"updown",1.8,33,"SVP (BIC)",1,1,1,8,0.013228672065051
"updown",1.8,34,"PELT",1,1,1,8,0.0224973540774915
"updown",1.8,34,"SVP",1,1,1,8,0.0224973540774915
"updown",1.8,34,"SVP (BIC)",1,1,1,8,0.0224973540774915
"updown",1.8,35,"PELT",0.75,0.75,0.75,8,0.0520373015257311
"updown",1.8,35,"SVP",0.75,0.75,0.75,8,0.0520373015257311
"updown",1.8,35,"SVP (BIC)",0.75,0.75,0.75,8,0.0520373015257311
"updown",1.8,36,"PELT",1,1,1,8,0.0175034564568927
"updown",1.8,36,"SVP",1,1,1,8,0.0175034564568927
"updown",1.8,36,"SVP (BIC)",1,1,1,8,0.0175034564568927
"updown",1.8,37,"PELT",1,1,1,8,0.0245455384205195
"updown",1.8,37,"SVP",1,1,1,8,0.0245455384205195
"updown",1.8,37,"SVP (BIC)",1,1,1,8,0.0245455384205195
"updown",1.8,38,"PELT",0.875,0.875,0.875,8,0.0209877293674511
"updown",1.8,38,"SVP",0.875,0.875,0.875,8,0.0209877293674511
"updown",1.8,38,"SVP (BIC)",0.875,0.875,0.875,8,0.0209877293674511
"updown",1.8,39,"PELT",0.875,0.875,0.875,8,0.0395170954744408
"updown",1.8,39,"SVP",0.875,0.875,0.875,8,0.0395170954744408
"updown",1.8,39,"SVP (BIC)",0.875,0.875,0.875,8,0.0395170954744408
"updown",1.8,40,"PELT",1,1,1,8,0.0188368310998387
"updown",1.8,40,"SVP",1,1,1,8,0.0188368310998387
"updown",1.8,40,"SVP (BIC)",1,1,1,8,0.0188368310998387
"updown",1.8,41,"PELT",0.875,0.875,0.875,8,0.0366784104393768
"updown",1.8,41,"SVP",0.875,0.875,0.875,8,0.0366784104393768
"updown",1.8,41,"SVP (BIC)",0.875,0.875,0.875,8,0.0366784104393768
"updown",1.8,42,"PELT",0.875,0.875,0.875,8,0.0356027780971173
"updown",1.8,42,"SVP",0.875,0.875,0.875,8,0.0356027780971173
"updown",1.8,42,"SVP (BIC)",0.875,0.875,0.875,8,0.0356027780971173
"updown",1.8,43,"PELT",1,1,1,8,0.0151454037988642
"updown",1.8,43,"SVP",1,1,1,8,0.0151454037988642
"updown",1.8,43,"SVP (BIC)",1,1,1,8,0.0151454037988642
"updown",1.8,44,"PELT",1,1,1,8,0.0179065556734069
"updown",1.8,44,"SVP",1,1,1,8,0.0179065556734069
"updown",1.8,44,"SVP (BIC)",1,1,1,8,0.0179065556734069
"updown",1.8,45,"PELT",1,1,1,8,0.00947733306966956
"updown",1.8,45,"SVP",1,1,1,8,0.00947733306966956
"updown",1.8,45,"SVP (BIC)",1,1,1,8,0.00947733306966956
"updown",1.8,46,"PELT",0.875,0.875,0.875,8,0.0223661958903009
"updown",1.8,46,"SVP",0.875,0.875,0.875,8,0.0223661958903009
"updown",1.8,46,"SVP (BIC)",0.875,0.875,0.875,8,0.0223661958903009
"updown",1.8,47,"PELT",0.875,0.875,0.875,8,0.0199843107329412
"updown",1.8,47,"SVP",0.875,0.875,0.875,8,0.0199843107329412
"updown",1.8,47,"SVP (BIC)",0.875,0.875,0.875,8,0.0199843107329412
"updown",1.8,48,"PELT",0.875,0.875,0.875,8,0.0334352726296505
"updown",1.8,48,"SVP",0.875,0.875,0.875,8,0.0334352726296505
"updown",1.8,48,"SVP (BIC)",0.875,0.875,0.875,8,0.0334352726296505
"updown",1.8,49,"PELT",1,1,1,8,0.0153973682232458
"updown",1.8,49,"SVP",1,1,1,8,0.0153973682232458
"updown",1.8,49,"SVP (BIC)",1,1,1,8,0.0153973682232458
"updown",1.8,50,"PELT",1,1,1,8,0.0175319743467064
"updown",1.8,50,"SVP",1,1,1,8,0.0175319743467064
"updown",1.8,50,"SVP (BIC)",1,1,1,8,0.0175319743467064
"rand1",1.8,1,"PELT",0.857142857142857,0.75,0.8,7,0.0251681929412412
"rand1",1.8,1,"SVP",1,0.75,0.857142857142857,6,0.0285471979354073
"rand1",1.8,1,"SVP (BIC)",1,0.75,0.857142857142857,6,0.0285471979354073
"rand1",1.8,2,"PELT",0.857142857142857,0.75,0.8,7,0.0251681929412412
"rand1",1.8,2,"SVP",1,0.75,0.857142857142857,6,0.0285471979354073
"rand1",1.8,2,"SVP (BIC)",1,0.75,0.857142857142857,6,0.0285471979354073
"rand1",1.8,3,"PELT",0.857142857142857,0.75,0.8,7,0.0251681929412412
"rand1",1.8,3,"SVP",1,0.75,0.857142857142857,6,0.0285471979354073
"rand1",1.8,3,"SVP (BIC)",1,0.75,0.857142857142857,6,0.0285471979354073
"rand1",1.8,4,"PELT",0.857142857142857,0.75,0.8,7,0.0251681929412412
"rand1",1.8,4,"SVP",1,0.75,0.857142857142857,6,0.0285471979354073
"rand1",1.8,4,"SVP (BIC)",1,0.75,0.857142857142857,6,0.0285471979354073
"rand1",1.8,5,"PELT",0.857142857142857,0.75,0.8,7,0.0251681929412412
"rand1",1.8,5,"SVP",1,0.75,0.857142857142857,6,0.0285471979354073
"rand1",1.8,5,"SVP (BIC)",1,0.75,0.857142857142857,6,0.0285471979354073
"rand1",1.8,6,"PELT",0.857142857142857,0.75,0.8,7,0.0251681929412412
"rand1",1.8,6,"SVP",1,0.75,0.857142857142857,6,0.0285471979354073
"rand1",1.8,6,"SVP (BIC)",1,0.75,0.857142857142857,6,0.0285471979354073
"rand1",1.8,7,"PELT",0.857142857142857,0.75,0.8,7,0.0251681929412412
"rand1",1.8,7,"SVP",1,0.75,0.857142857142857,6,0.0285471979354073
"rand1",1.8,7,"SVP (BIC)",1,0.75,0.857142857142857,6,0.0285471979354073
"rand1",1.8,8,"PELT",0.857142857142857,0.75,0.8,7,0.0251681929412412
"rand1",1.8,8,"SVP",1,0.75,0.857142857142857,6,0.0285471979354073
"rand1",1.8,8,"SVP (BIC)",1,0.75,0.857142857142857,6,0.0285471979354073
"rand1",1.8,9,"PELT",0.857142857142857,0.75,0.8,7,0.0251681929412412
"rand1",1.8,9,"SVP",1,0.75,0.857142857142857,6,0.0285471979354073
"rand1",1.8,9,"SVP (BIC)",1,0.75,0.857142857142857,6,0.0285471979354073
"rand1",1.8,10,"PELT",0.857142857142857,0.75,0.8,7,0.0251681929412412
"rand1",1.8,10,"SVP",1,0.75,0.857142857142857,6,0.0285471979354073
"rand1",1.8,10,"SVP (BIC)",1,0.75,0.857142857142857,6,0.0285471979354073
"rand1",1.8,11,"PELT",0.857142857142857,0.75,0.8,7,0.0251681929412412
"rand1",1.8,11,"SVP",1,0.75,0.857142857142857,6,0.0285471979354073
"rand1",1.8,11,"SVP (BIC)",1,0.75,0.857142857142857,6,0.0285471979354073
"rand1",1.8,12,"PELT",0.857142857142857,0.75,0.8,7,0.0251681929412412
"rand1",1.8,12,"SVP",1,0.75,0.857142857142857,6,0.0285471979354073
"rand1",1.8,12,"SVP (BIC)",1,0.75,0.857142857142857,6,0.0285471979354073
"rand1",1.8,13,"PELT",0.857142857142857,0.75,0.8,7,0.0251681929412412
"rand1",1.8,13,"SVP",1,0.75,0.857142857142857,6,0.0285471979354073
"rand1",1.8,13,"SVP (BIC)",1,0.75,0.857142857142857,6,0.0285471979354073
"rand1",1.8,14,"PELT",0.857142857142857,0.75,0.8,7,0.0251681929412412
"rand1",1.8,14,"SVP",1,0.75,0.857142857142857,6,0.0285471979354073
"rand1",1.8,14,"SVP (BIC)",1,0.75,0.857142857142857,6,0.0285471979354073
"rand1",1.8,15,"PELT",0.857142857142857,0.75,0.8,7,0.0251681929412412
"rand1",1.8,15,"SVP",1,0.75,0.857142857142857,6,0.0285471979354073
"rand1",1.8,15,"SVP (BIC)",1,0.75,0.857142857142857,6,0.0285471979354073
"rand1",1.8,16,"PELT",0.857142857142857,0.75,0.8,7,0.0251681929412412
"rand1",1.8,16,"SVP",1,0.75,0.857142857142857,6,0.0285471979354073
"rand1",1.8,16,"SVP (BIC)",1,0.75,0.857142857142857,6,0.0285471979354073
"rand1",1.8,17,"PELT",0.857142857142857,0.75,0.8,7,0.0251681929412412
"rand1",1.8,17,"SVP",1,0.75,0.857142857142857,6,0.0285471979354073
"rand1",1.8,17,"SVP (BIC)",1,0.75,0.857142857142857,6,0.0285471979354073
"rand1",1.8,18,"PELT",0.857142857142857,0.75,0.8,7,0.0251681929412412
"rand1",1.8,18,"SVP",1,0.75,0.857142857142857,6,0.0285471979354073
"rand1",1.8,18,"SVP (BIC)",1,0.75,0.857142857142857,6,0.0285471979354073
"rand1",1.8,19,"PELT",0.857142857142857,0.75,0.8,7,0.0251681929412412
"rand1",1.8,19,"SVP",1,0.75,0.857142857142857,6,0.0285471979354073
"rand1",1.8,19,"SVP (BIC)",1,0.75,0.857142857142857,6,0.0285471979354073
"rand1",1.8,20,"PELT",0.857142857142857,0.75,0.8,7,0.0251681929412412
"rand1",1.8,20,"SVP",1,0.75,0.857142857142857,6,0.0285471979354073
"rand1",1.8,20,"SVP (BIC)",1,0.75,0.857142857142857,6,0.0285471979354073
"rand1",1.8,21,"PELT",0.857142857142857,0.75,0.8,7,0.0251681929412412
"rand1",1.8,21,"SVP",1,0.75,0.857142857142857,6,0.0285471979354073
"rand1",1.8,21,"SVP (BIC)",1,0.75,0.857142857142857,6,0.0285471979354073
"rand1",1.8,22,"PELT",0.857142857142857,0.75,0.8,7,0.0251681929412412
"rand1",1.8,22,"SVP",1,0.75,0.857142857142857,6,0.0285471979354073
"rand1",1.8,22,"SVP (BIC)",1,0.75,0.857142857142857,6,0.0285471979354073
"rand1",1.8,23,"PELT",0.857142857142857,0.75,0.8,7,0.0251681929412412
"rand1",1.8,23,"SVP",1,0.75,0.857142857142857,6,0.0285471979354073
"rand1",1.8,23,"SVP (BIC)",1,0.75,0.857142857142857,6,0.0285471979354073
"rand1",1.8,24,"PELT",0.857142857142857,0.75,0.8,7,0.0251681929412412
"rand1",1.8,24,"SVP",1,0.75,0.857142857142857,6,0.0285471979354073
"rand1",1.8,24,"SVP (BIC)",1,0.75,0.857142857142857,6,0.0285471979354073
"rand1",1.8,25,"PELT",0.857142857142857,0.75,0.8,7,0.0251681929412412
"rand1",1.8,25,"SVP",1,0.75,0.857142857142857,6,0.0285471979354073
"rand1",1.8,25,"SVP (BIC)",1,0.75,0.857142857142857,6,0.0285471979354073
"rand1",1.8,26,"PELT",0.857142857142857,0.75,0.8,7,0.0251681929412412
"rand1",1.8,26,"SVP",1,0.75,0.857142857142857,6,0.0285471979354073
"rand1",1.8,26,"SVP (BIC)",1,0.75,0.857142857142857,6,0.0285471979354073
"rand1",1.8,27,"PELT",0.857142857142857,0.75,0.8,7,0.0251681929412412
"rand1",1.8,27,"SVP",1,0.75,0.857142857142857,6,0.0285471979354073
"rand1",1.8,27,"SVP (BIC)",1,0.75,0.857142857142857,6,0.0285471979354073
"rand1",1.8,28,"PELT",0.857142857142857,0.75,0.8,7,0.0251681929412412
"rand1",1.8,28,"SVP",1,0.75,0.857142857142857,6,0.0285471979354073
"rand1",1.8,28,"SVP (BIC)",1,0.75,0.857142857142857,6,0.0285471979354073
"rand1",1.8,29,"PELT",0.857142857142857,0.75,0.8,7,0.0251681929412412
"rand1",1.8,29,"SVP",1,0.75,0.857142857142857,6,0.0285471979354073
"rand1",1.8,29,"SVP (BIC)",1,0.75,0.857142857142857,6,0.0285471979354073
"rand1",1.8,30,"PELT",0.857142857142857,0.75,0.8,7,0.0251681929412412
"rand1",1.8,30,"SVP",1,0.75,0.857142857142857,6,0.0285471979354073
"rand1",1.8,30,"SVP (BIC)",1,0.75,0.857142857142857,6,0.0285471979354073
"rand1",1.8,31,"PELT",0.857142857142857,0.75,0.8,7,0.0251681929412412
"rand1",1.8,31,"SVP",1,0.75,0.857142857142857,6,0.0285471979354073
"rand1",1.8,31,"SVP (BIC)",1,0.75,0.857142857142857,6,0.0285471979354073
"rand1",1.8,32,"PELT",0.857142857142857,0.75,0.8,7,0.0251681929412412
"rand1",1.8,32,"SVP",1,0.75,0.857142857142857,6,0.0285471979354073
"rand1",1.8,32,"SVP (BIC)",1,0.75,0.857142857142857,6,0.0285471979354073
"rand1",1.8,33,"PELT",0.857142857142857,0.75,0.8,7,0.0251681929412412
"rand1",1.8,33,"SVP",1,0.75,0.857142857142857,6,0.0285471979354073
"rand1",1.8,33,"SVP (BIC)",1,0.75,0.857142857142857,6,0.0285471979354073
"rand1",1.8,34,"PELT",0.857142857142857,0.75,0.8,7,0.0251681929412412
"rand1",1.8,34,"SVP",1,0.75,0.857142857142857,6,0.0285471979354073
"rand1",1.8,34,"SVP (BIC)",1,0.75,0.857142857142857,6,0.0285471979354073
"rand1",1.8,35,"PELT",0.857142857142857,0.75,0.8,7,0.0251681929412412
"rand1",1.8,35,"SVP",1,0.75,0.857142857142857,6,0.0285471979354073
"rand1",1.8,35,"SVP (BIC)",1,0.75,0.857142857142857,6,0.0285471979354073
"rand1",1.8,36,"PELT",0.857142857142857,0.75,0.8,7,0.0251681929412412
"rand1",1.8,36,"SVP",1,0.75,0.857142857142857,6,0.0285471979354073
"rand1",1.8,36,"SVP (BIC)",1,0.75,0.857142857142857,6,0.0285471979354073
"rand1",1.8,37,"PELT",0.857142857142857,0.75,0.8,7,0.0251681929412412
"rand1",1.8,37,"SVP",1,0.75,0.857142857142857,6,0.0285471979354073
"rand1",1.8,37,"SVP (BIC)",1,0.75,0.857142857142857,6,0.0285471979354073
"rand1",1.8,38,"PELT",0.857142857142857,0.75,0.8,7,0.0251681929412412
"rand1",1.8,38,"SVP",1,0.75,0.857142857142857,6,0.0285471979354073
"rand1",1.8,38,"SVP (BIC)",1,0.75,0.857142857142857,6,0.0285471979354073
"rand1",1.8,39,"PELT",0.857142857142857,0.75,0.8,7,0.0251681929412412
"rand1",1.8,39,"SVP",1,0.75,0.857142857142857,6,0.0285471979354073
"rand1",1.8,39,"SVP (BIC)",1,0.75,0.857142857142857,6,0.0285471979354073
"rand1",1.8,40,"PELT",0.857142857142857,0.75,0.8,7,0.0251681929412412
"rand1",1.8,40,"SVP",1,0.75,0.857142857142857,6,0.0285471979354073
"rand1",1.8,40,"SVP (BIC)",1,0.75,0.857142857142857,6,0.0285471979354073
"rand1",1.8,41,"PELT",0.857142857142857,0.75,0.8,7,0.0251681929412412
"rand1",1.8,41,"SVP",1,0.75,0.857142857142857,6,0.0285471979354073
"rand1",1.8,41,"SVP (BIC)",1,0.75,0.857142857142857,6,0.0285471979354073
"rand1",1.8,42,"PELT",0.857142857142857,0.75,0.8,7,0.0251681929412412
"rand1",1.8,42,"SVP",1,0.75,0.857142857142857,6,0.0285471979354073
"rand1",1.8,42,"SVP (BIC)",1,0.75,0.857142857142857,6,0.0285471979354073
"rand1",1.8,43,"PELT",0.857142857142857,0.75,0.8,7,0.0251681929412412
"rand1",1.8,43,"SVP",1,0.75,0.857142857142857,6,0.0285471979354073
"rand1",1.8,43,"SVP (BIC)",1,0.75,0.857142857142857,6,0.0285471979354073
"rand1",1.8,44,"PELT",0.857142857142857,0.75,0.8,7,0.0251681929412412
"rand1",1.8,44,"SVP",1,0.75,0.857142857142857,6,0.0285471979354073
"rand1",1.8,44,"SVP (BIC)",1,0.75,0.857142857142857,6,0.0285471979354073
"rand1",1.8,45,"PELT",0.857142857142857,0.75,0.8,7,0.0251681929412412
"rand1",1.8,45,"SVP",1,0.75,0.857142857142857,6,0.0285471979354073
"rand1",1.8,45,"SVP (BIC)",1,0.75,0.857142857142857,6,0.0285471979354073
"rand1",1.8,46,"PELT",0.857142857142857,0.75,0.8,7,0.0251681929412412
"rand1",1.8,46,"SVP",1,0.75,0.857142857142857,6,0.0285471979354073
"rand1",1.8,46,"SVP (BIC)",1,0.75,0.857142857142857,6,0.0285471979354073
"rand1",1.8,47,"PELT",0.857142857142857,0.75,0.8,7,0.0251681929412412
"rand1",1.8,47,"SVP",1,0.75,0.857142857142857,6,0.0285471979354073
"rand1",1.8,47,"SVP (BIC)",1,0.75,0.857142857142857,6,0.0285471979354073
"rand1",1.8,48,"PELT",0.857142857142857,0.75,0.8,7,0.0251681929412412
"rand1",1.8,48,"SVP",1,0.75,0.857142857142857,6,0.0285471979354073
"rand1",1.8,48,"SVP (BIC)",1,0.75,0.857142857142857,6,0.0285471979354073
"rand1",1.8,49,"PELT",0.857142857142857,0.75,0.8,7,0.0251681929412412
"rand1",1.8,49,"SVP",1,0.75,0.857142857142857,6,0.0285471979354073
"rand1",1.8,49,"SVP (BIC)",1,0.75,0.857142857142857,6,0.0285471979354073
"rand1",1.8,50,"PELT",0.857142857142857,0.75,0.8,7,0.0251681929412412
"rand1",1.8,50,"SVP",1,0.75,0.857142857142857,6,0.0285471979354073
"rand1",1.8,50,"SVP (BIC)",1,0.75,0.857142857142857,6,0.0285471979354073
"none",1.9,1,"PELT",1,1,1,1,0.000166783924581241
"none",1.9,1,"SVP",1,1,1,1,0.000166783924581241
"none",1.9,1,"SVP (BIC)",1,1,1,1,0.000166783924581241
"none",1.9,2,"PELT",1,1,1,1,7.36488390108012e-05
"none",1.9,2,"SVP",1,1,1,1,7.36488390108012e-05
"none",1.9,2,"SVP (BIC)",1,1,1,1,7.36488390108012e-05
"none",1.9,3,"PELT",1,1,1,1,7.45797156914411e-06
"none",1.9,3,"SVP",1,1,1,1,7.45797156914411e-06
"none",1.9,3,"SVP (BIC)",1,1,1,1,7.45797156914411e-06
"none",1.9,4,"PELT",1,1,1,1,1.92654862599882e-05
"none",1.9,4,"SVP",1,1,1,1,1.92654862599882e-05
"none",1.9,4,"SVP (BIC)",1,1,1,1,1.92654862599882e-05
"none",1.9,5,"PELT",1,1,1,1,0.000765078015357065
"none",1.9,5,"SVP",1,1,1,1,0.000765078015357065
"none",1.9,5,"SVP (BIC)",1,1,1,1,0.000765078015357065
"none",1.9,6,"PELT",1,1,1,1,0.000928113312270916
"none",1.9,6,"SVP",1,1,1,1,0.000928113312270916
"none",1.9,6,"SVP (BIC)",1,1,1,1,0.000928113312270916
"none",1.9,7,"PELT",1,1,1,1,6.40966794635352e-05
"none",1.9,7,"SVP",1,1,1,1,6.40966794635352e-05
"none",1.9,7,"SVP (BIC)",1,1,1,1,6.40966794635352e-05
"none",1.9,8,"PELT",1,1,1,1,0.00278910290513021
"none",1.9,8,"SVP",1,1,1,1,0.00278910290513021
"none",1.9,8,"SVP (BIC)",1,1,1,1,0.00278910290513021
"none",1.9,9,"PELT",0.5,1,0.666666666666667,2,0.014516665680494
"none",1.9,9,"SVP",1,1,1,1,0.000649961459226416
"none",1.9,9,"SVP (BIC)",1,1,1,1,0.000649961459226416
"none",1.9,10,"PELT",1,1,1,1,3.24831034172009e-05
"none",1.9,10,"SVP",1,1,1,1,3.24831034172009e-05
"none",1.9,10,"SVP (BIC)",1,1,1,1,3.24831034172009e-05
"none",1.9,11,"PELT",1,1,1,1,0.000106164992815035
"none",1.9,11,"SVP",1,1,1,1,0.000106164992815035
"none",1.9,11,"SVP (BIC)",1,1,1,1,0.000106164992815035
"none",1.9,12,"PELT",1,1,1,1,4.000579165163e-05
"none",1.9,12,"SVP",1,1,1,1,4.000579165163e-05
"none",1.9,12,"SVP (BIC)",1,1,1,1,4.000579165163e-05
"none",1.9,13,"PELT",1,1,1,1,7.50425284429364e-06
"none",1.9,13,"SVP",1,1,1,1,7.50425284429364e-06
"none",1.9,13,"SVP (BIC)",1,1,1,1,7.50425284429364e-06
"none",1.9,14,"PELT",1,1,1,1,0.00886162798075202
"none",1.9,14,"SVP",1,1,1,1,0.00886162798075202
"none",1.9,14,"SVP (BIC)",1,1,1,1,0.00886162798075202
"none",1.9,15,"PELT",1,1,1,1,0.00300100652269347
"none",1.9,15,"SVP",0.5,1,0.666666666666667,2,0.00348843289024337
"none",1.9,15,"SVP (BIC)",1,1,1,1,0.00300100652269347
"none",1.9,16,"PELT",1,1,1,1,0.000775925088898491
"none",1.9,16,"SVP",1,1,1,1,0.000775925088898491
"none",1.9,16,"SVP (BIC)",1,1,1,1,0.000775925088898491
"none",1.9,17,"PELT",1,1,1,1,0.000776689523868334
"none",1.9,17,"SVP",1,1,1,1,0.000776689523868334
"none",1.9,17,"SVP (BIC)",1,1,1,1,0.000776689523868334
"none",1.9,18,"PELT",1,1,1,1,0.00310086895638417
"none",1.9,18,"SVP",1,1,1,1,0.00310086895638417
"none",1.9,18,"SVP (BIC)",1,1,1,1,0.00310086895638417
"none",1.9,19,"PELT",1,1,1,1,0.000287418540976529
"none",1.9,19,"SVP",1,1,1,1,0.000287418540976529
"none",1.9,19,"SVP (BIC)",1,1,1,1,0.000287418540976529
"none",1.9,20,"PELT",1,1,1,1,0.00158408394418944
"none",1.9,20,"SVP",1,1,1,1,0.00158408394418944
"none",1.9,20,"SVP (BIC)",1,1,1,1,0.00158408394418944
"none",1.9,21,"PELT",1,1,1,1,0.000953016538990027
"none",1.9,21,"SVP",1,1,1,1,0.000953016538990027
"none",1.9,21,"SVP (BIC)",1,1,1,1,0.000953016538990027
"none",1.9,22,"PELT",1,1,1,1,0.000413878728493545
"none",1.9,22,"SVP",1,1,1,1,0.000413878728493545
"none",1.9,22,"SVP (BIC)",1,1,1,1,0.000413878728493545
"none",1.9,23,"PELT",1,1,1,1,0.0016292114915328
"none",1.9,23,"SVP",1,1,1,1,0.0016292114915328
"none",1.9,23,"SVP (BIC)",1,1,1,1,0.0016292114915328
"none",1.9,24,"PELT",1,1,1,1,0.00152347815366571
"none",1.9,24,"SVP",1,1,1,1,0.00152347815366571
"none",1.9,24,"SVP (BIC)",1,1,1,1,0.00152347815366571
"none",1.9,25,"PELT",1,1,1,1,0.000735223474904908
"none",1.9,25,"SVP",1,1,1,1,0.000735223474904908
"none",1.9,25,"SVP (BIC)",1,1,1,1,0.000735223474904908
"none",1.9,26,"PELT",1,1,1,1,0.00026554099355206
"none",1.9,26,"SVP",1,1,1,1,0.00026554099355206
"none",1.9,26,"SVP (BIC)",1,1,1,1,0.00026554099355206
"none",1.9,27,"PELT",1,1,1,1,0.000901474059167228
"none",1.9,27,"SVP",1,1,1,1,0.000901474059167228
"none",1.9,27,"SVP (BIC)",1,1,1,1,0.000901474059167228
"none",1.9,28,"PELT",1,1,1,1,0.0070737829341555
"none",1.9,28,"SVP",1,1,1,1,0.0070737829341555
"none",1.9,28,"SVP (BIC)",1,1,1,1,0.0070737829341555
"none",1.9,29,"PELT",1,1,1,1,2.49197782930123e-05
"none",1.9,29,"SVP",1,1,1,1,2.49197782930123e-05
"none",1.9,29,"SVP (BIC)",1,1,1,1,2.49197782930123e-05
"none",1.9,30,"PELT",1,1,1,1,9.1905491809012e-07
"none",1.9,30,"SVP",1,1,1,1,9.1905491809012e-07
"none",1.9,30,"SVP (BIC)",1,1,1,1,9.1905491809012e-07
"none",1.9,31,"PELT",1,1,1,1,0.000876252652748945
"none",1.9,31,"SVP",1,1,1,1,0.000876252652748945
"none",1.9,31,"SVP (BIC)",1,1,1,1,0.000876252652748945
"none",1.9,32,"PELT",1,1,1,1,0.000380538468977694
"none",1.9,32,"SVP",1,1,1,1,0.000380538468977694
"none",1.9,32,"SVP (BIC)",1,1,1,1,0.000380538468977694
"none",1.9,33,"PELT",1,1,1,1,0.000202933957738175
"none",1.9,33,"SVP",1,1,1,1,0.000202933957738175
"none",1.9,33,"SVP (BIC)",1,1,1,1,0.000202933957738175
"none",1.9,34,"PELT",1,1,1,1,0.00084204837329623
"none",1.9,34,"SVP",1,1,1,1,0.00084204837329623
"none",1.9,34,"SVP (BIC)",1,1,1,1,0.00084204837329623
"none",1.9,35,"PELT",1,1,1,1,0.000605703892702474
"none",1.9,35,"SVP",1,1,1,1,0.000605703892702474
"none",1.9,35,"SVP (BIC)",1,1,1,1,0.000605703892702474
"none",1.9,36,"PELT",1,1,1,1,0.00107488798717665
"none",1.9,36,"SVP",1,1,1,1,0.00107488798717665
"none",1.9,36,"SVP (BIC)",1,1,1,1,0.00107488798717665
"none",1.9,37,"PELT",1,1,1,1,0.000252945361677791
"none",1.9,37,"SVP",1,1,1,1,0.000252945361677791
"none",1.9,37,"SVP (BIC)",1,1,1,1,0.000252945361677791
"none",1.9,38,"PELT",1,1,1,1,0.0009483157479476
"none",1.9,38,"SVP",1,1,1,1,0.0009483157479476
"none",1.9,38,"SVP (BIC)",1,1,1,1,0.0009483157479476
"none",1.9,39,"PELT",1,1,1,1,0.000633000090337916
"none",1.9,39,"SVP",1,1,1,1,0.000633000090337916
"none",1.9,39,"SVP (BIC)",1,1,1,1,0.000633000090337916
"none",1.9,40,"PELT",1,1,1,1,0.000153029356892919
"none",1.9,40,"SVP",1,1,1,1,0.000153029356892919
"none",1.9,40,"SVP (BIC)",1,1,1,1,0.000153029356892919
"none",1.9,41,"PELT",1,1,1,1,0.000349526802996354
"none",1.9,41,"SVP",1,1,1,1,0.000349526802996354
"none",1.9,41,"SVP (BIC)",1,1,1,1,0.000349526802996354
"none",1.9,42,"PELT",1,1,1,1,9.31550989634063e-08
"none",1.9,42,"SVP",1,1,1,1,9.31550989634063e-08
"none",1.9,42,"SVP (BIC)",1,1,1,1,9.31550989634063e-08
"none",1.9,43,"PELT",1,1,1,1,0.00210767972976864
"none",1.9,43,"SVP",1,1,1,1,0.00210767972976864
"none",1.9,43,"SVP (BIC)",1,1,1,1,0.00210767972976864
"none",1.9,44,"PELT",1,1,1,1,0.00196361450959071
"none",1.9,44,"SVP",1,1,1,1,0.00196361450959071
"none",1.9,44,"SVP (BIC)",1,1,1,1,0.00196361450959071
"none",1.9,45,"PELT",1,1,1,1,0.00235262446652875
"none",1.9,45,"SVP",1,1,1,1,0.00235262446652875
"none",1.9,45,"SVP (BIC)",1,1,1,1,0.00235262446652875
"none",1.9,46,"PELT",1,1,1,1,0.00184293989789476
"none",1.9,46,"SVP",1,1,1,1,0.00184293989789476
"none",1.9,46,"SVP (BIC)",1,1,1,1,0.00184293989789476
"none",1.9,47,"PELT",1,1,1,1,0.00190478436124157
"none",1.9,47,"SVP",1,1,1,1,0.00190478436124157
"none",1.9,47,"SVP (BIC)",1,1,1,1,0.00190478436124157
"none",1.9,48,"PELT",1,1,1,1,0.00137554242578628
"none",1.9,48,"SVP",1,1,1,1,0.00137554242578628
"none",1.9,48,"SVP (BIC)",1,1,1,1,0.00137554242578628
"none",1.9,49,"PELT",1,1,1,1,9.6991820260733e-06
"none",1.9,49,"SVP",1,1,1,1,9.6991820260733e-06
"none",1.9,49,"SVP (BIC)",1,1,1,1,9.6991820260733e-06
"none",1.9,50,"PELT",1,1,1,1,2.41589260501885e-05
"none",1.9,50,"SVP",1,1,1,1,2.41589260501885e-05
"none",1.9,50,"SVP (BIC)",1,1,1,1,2.41589260501885e-05
"up",1.9,1,"PELT",1,1,1,8,0.0187523528147981
"up",1.9,1,"SVP",1,1,1,8,0.0187523528147981
"up",1.9,1,"SVP (BIC)",1,1,1,8,0.0187523528147981
"up",1.9,2,"PELT",1,1,1,8,0.0198245109416367
"up",1.9,2,"SVP",1,1,1,8,0.0198245109416367
"up",1.9,2,"SVP (BIC)",1,1,1,8,0.0198245109416367
"up",1.9,3,"PELT",0.875,0.875,0.875,8,0.0384782045885022
"up",1.9,3,"SVP",0.875,0.875,0.875,8,0.0384782045885022
"up",1.9,3,"SVP (BIC)",0.875,0.875,0.875,8,0.0384782045885022
"up",1.9,4,"PELT",1,1,1,8,0.0198580727682229
"up",1.9,4,"SVP",1,1,1,8,0.0198580727682229
"up",1.9,4,"SVP (BIC)",1,1,1,8,0.0198580727682229
"up",1.9,5,"PELT",0.8,1,0.888888888888889,10,0.0461404352372818
"up",1.9,5,"SVP",0.875,0.875,0.875,8,0.0303440935148297
"up",1.9,5,"SVP (BIC)",0.875,0.875,0.875,8,0.0303440935148297
"up",1.9,6,"PELT",1,1,1,8,0.0165519458454306
"up",1.9,6,"SVP",1,1,1,8,0.0165519458454306
"up",1.9,6,"SVP (BIC)",1,1,1,8,0.0165519458454306
"up",1.9,7,"PELT",0.875,0.875,0.875,8,0.037397245711664
"up",1.9,7,"SVP",0.875,0.875,0.875,8,0.037397245711664
"up",1.9,7,"SVP (BIC)",0.875,0.875,0.875,8,0.037397245711664
"up",1.9,8,"PELT",1,1,1,8,0.0144181347905388
"up",1.9,8,"SVP",1,1,1,8,0.0144181347905388
"up",1.9,8,"SVP (BIC)",1,1,1,8,0.0144181347905388
"up",1.9,9,"PELT",0.875,0.875,0.875,8,0.0492569492166509
"up",1.9,9,"SVP",0.875,0.875,0.875,8,0.0492569492166509
"up",1.9,9,"SVP (BIC)",0.875,0.875,0.875,8,0.0492569492166509
"up",1.9,10,"PELT",1,1,1,8,0.026166873003353
"up",1.9,10,"SVP",1,1,1,8,0.026166873003353
"up",1.9,10,"SVP (BIC)",1,1,1,8,0.026166873003353
"up",1.9,11,"PELT",1,1,1,8,0.0149566814892348
"up",1.9,11,"SVP",1,1,1,8,0.0149566814892348
"up",1.9,11,"SVP (BIC)",1,1,1,8,0.0149566814892348
"up",1.9,12,"PELT",1,1,1,8,0.00782306076118525
"up",1.9,12,"SVP",1,1,1,8,0.00782306076118525
"up",1.9,12,"SVP (BIC)",1,1,1,8,0.00782306076118525
"up",1.9,13,"PELT",1,1,1,8,0.00796117532434034
"up",1.9,13,"SVP",1,1,1,8,0.00796117532434034
"up",1.9,13,"SVP (BIC)",1,1,1,8,0.00796117532434034
"up",1.9,14,"PELT",1,1,1,8,0.0115302331371311
"up",1.9,14,"SVP",1,1,1,8,0.0115302331371311
"up",1.9,14,"SVP (BIC)",1,1,1,8,0.0115302331371311
"up",1.9,15,"PELT",0.875,0.875,0.875,8,0.0305967738874725
"up",1.9,15,"SVP",0.875,0.875,0.875,8,0.0305967738874725
"up",1.9,15,"SVP (BIC)",0.875,0.875,0.875,8,0.0305967738874725
"up",1.9,16,"PELT",0.875,0.875,0.875,8,0.031193934566042
"up",1.9,16,"SVP",0.875,0.875,0.875,8,0.031193934566042
"up",1.9,16,"SVP (BIC)",0.875,0.875,0.875,8,0.031193934566042
"up",1.9,17,"PELT",1,1,1,8,0.0166057793798636
"up",1.9,17,"SVP",1,1,1,8,0.0166057793798636
"up",1.9,17,"SVP (BIC)",1,1,1,8,0.0166057793798636
"up",1.9,18,"PELT",0.75,0.75,0.75,8,0.053600926363638
"up",1.9,18,"SVP",0.75,0.75,0.75,8,0.053600926363638
"up",1.9,18,"SVP (BIC)",0.75,0.75,0.75,8,0.053600926363638
"up",1.9,19,"PELT",0.777777777777778,0.875,0.823529411764706,9,0.0481767343747298
"up",1.9,19,"SVP",0.875,0.875,0.875,8,0.0297149616103232
"up",1.9,19,"SVP (BIC)",1,1,1,8,0.0124189779140546
"up",1.9,20,"PELT",0.75,0.75,0.75,8,0.0557339241353084
"up",1.9,20,"SVP",0.75,0.75,0.75,8,0.0557339241353084
"up",1.9,20,"SVP (BIC)",0.75,0.75,0.75,8,0.0557339241353084
"up",1.9,21,"PELT",1,1,1,8,0.0150519781166054
"up",1.9,21,"SVP",1,1,1,8,0.0150519781166054
"up",1.9,21,"SVP (BIC)",1,1,1,8,0.0150519781166054
"up",1.9,22,"PELT",0.875,0.875,0.875,8,0.0241521093517039
"up",1.9,22,"SVP",0.875,0.875,0.875,8,0.0241521093517039
"up",1.9,22,"SVP (BIC)",0.875,0.875,0.875,8,0.0241521093517039
"up",1.9,23,"PELT",0.75,0.75,0.75,8,0.041383694382899
"up",1.9,23,"SVP",0.75,0.75,0.75,8,0.041383694382899
"up",1.9,23,"SVP (BIC)",0.75,0.75,0.75,8,0.041383694382899
"up",1.9,24,"PELT",1,1,1,8,0.0244595204975672
"up",1.9,24,"SVP",1,1,1,8,0.0244595204975672
"up",1.9,24,"SVP (BIC)",1,1,1,8,0.0244595204975672
"up",1.9,25,"PELT",0.875,0.875,0.875,8,0.0419572219986741
"up",1.9,25,"SVP",0.875,0.875,0.875,8,0.0419572219986741
"up",1.9,25,"SVP (BIC)",0.875,0.875,0.875,8,0.0419572219986741
"up",1.9,26,"PELT",0.875,0.875,0.875,8,0.0335829818483111
"up",1.9,26,"SVP",0.875,0.875,0.875,8,0.0335829818483111
"up",1.9,26,"SVP (BIC)",0.875,0.875,0.875,8,0.0335829818483111
"up",1.9,27,"PELT",1,1,1,8,0.0262012939677439
"up",1.9,27,"SVP",1,1,1,8,0.0262012939677439
"up",1.9,27,"SVP (BIC)",1,1,1,8,0.0262012939677439
"up",1.9,28,"PELT",1,1,1,8,0.0163224341684385
"up",1.9,28,"SVP",1,1,1,8,0.0163224341684385
"up",1.9,28,"SVP (BIC)",1,1,1,8,0.0163224341684385
"up",1.9,29,"PELT",0.875,0.875,0.875,8,0.0297014158751151
"up",1.9,29,"SVP",0.875,0.875,0.875,8,0.0297014158751151
"up",1.9,29,"SVP (BIC)",0.875,0.875,0.875,8,0.0297014158751151
"up",1.9,30,"PELT",0.875,0.875,0.875,8,0.0325877958810284
"up",1.9,30,"SVP",0.875,0.875,0.875,8,0.0325877958810284
"up",1.9,30,"SVP (BIC)",0.875,0.875,0.875,8,0.0325877958810284
"up",1.9,31,"PELT",1,1,1,8,0.0261916781304902
"up",1.9,31,"SVP",1,1,1,8,0.0261916781304902
"up",1.9,31,"SVP (BIC)",1,1,1,8,0.0261916781304902
"up",1.9,32,"PELT",1,1,1,8,0.00872311136011443
"up",1.9,32,"SVP",1,1,1,8,0.00872311136011443
"up",1.9,32,"SVP (BIC)",1,1,1,8,0.00872311136011443
"up",1.9,33,"PELT",0.875,0.875,0.875,8,0.0186399909672998
"up",1.9,33,"SVP",0.875,0.875,0.875,8,0.0186399909672998
"up",1.9,33,"SVP (BIC)",0.875,0.875,0.875,8,0.0186399909672998
"up",1.9,34,"PELT",0.875,0.875,0.875,8,0.026005872004534
"up",1.9,34,"SVP",0.875,0.875,0.875,8,0.026005872004534
"up",1.9,34,"SVP (BIC)",0.875,0.875,0.875,8,0.026005872004534
"up",1.9,35,"PELT",1,1,1,8,0.0260320070159048
"up",1.9,35,"SVP",1,1,1,8,0.0260320070159048
"up",1.9,35,"SVP (BIC)",1,1,1,8,0.0260320070159048
"up",1.9,36,"PELT",0.875,0.875,0.875,8,0.0400313621226645
"up",1.9,36,"SVP",0.875,0.875,0.875,8,0.0360600677569946
"up",1.9,36,"SVP (BIC)",0.875,0.875,0.875,8,0.0400313621226645
"up",1.9,37,"PELT",1,1,1,8,0.0308584947963768
"up",1.9,37,"SVP",1,1,1,8,0.0308584947963768
"up",1.9,37,"SVP (BIC)",1,1,1,8,0.0308584947963768
"up",1.9,38,"PELT",0.875,0.875,0.875,8,0.0290206649941815
"up",1.9,38,"SVP",0.875,0.875,0.875,8,0.0290206649941815
"up",1.9,38,"SVP (BIC)",0.875,0.875,0.875,8,0.0290206649941815
"up",1.9,39,"PELT",1,1,1,8,0.0250800942159204
"up",1.9,39,"SVP",1,1,1,8,0.0250800942159204
"up",1.9,39,"SVP (BIC)",1,1,1,8,0.0250800942159204
"up",1.9,40,"PELT",0.875,0.875,0.875,8,0.0291820125928973
"up",1.9,40,"SVP",0.875,0.875,0.875,8,0.0291820125928973
"up",1.9,40,"SVP (BIC)",0.875,0.875,0.875,8,0.0291820125928973
"up",1.9,41,"PELT",1,1,1,8,0.0182600398756532
"up",1.9,41,"SVP",1,1,1,8,0.0182600398756532
"up",1.9,41,"SVP (BIC)",1,1,1,8,0.0182600398756532
"up",1.9,42,"PELT",1,1,1,8,0.0454359305784919
"up",1.9,42,"SVP",1,1,1,8,0.0454359305784919
"up",1.9,42,"SVP (BIC)",1,1,1,8,0.0454359305784919
"up",1.9,43,"PELT",0.875,0.875,0.875,8,0.0335364519270295
"up",1.9,43,"SVP",0.875,0.875,0.875,8,0.0335364519270295
"up",1.9,43,"SVP (BIC)",0.875,0.875,0.875,8,0.0335364519270295
"up",1.9,44,"PELT",1,1,1,8,0.0318671961590729
"up",1.9,44,"SVP",1,1,1,8,0.0318671961590729
"up",1.9,44,"SVP (BIC)",1,1,1,8,0.0318671961590729
"up",1.9,45,"PELT",0.875,0.875,0.875,8,0.020439135975153
"up",1.9,45,"SVP",0.875,0.875,0.875,8,0.020439135975153
"up",1.9,45,"SVP (BIC)",0.875,0.875,0.875,8,0.020439135975153
"up",1.9,46,"PELT",1,1,1,8,0.0133722129586264
"up",1.9,46,"SVP",1,1,1,8,0.0133722129586264
"up",1.9,46,"SVP (BIC)",1,1,1,8,0.0133722129586264
"up",1.9,47,"PELT",1,1,1,8,0.0221977747970784
"up",1.9,47,"SVP",1,1,1,8,0.0221977747970784
"up",1.9,47,"SVP (BIC)",1,1,1,8,0.0221977747970784
"up",1.9,48,"PELT",0.875,0.875,0.875,8,0.0240026299593564
"up",1.9,48,"SVP",0.875,0.875,0.875,8,0.0240026299593564
"up",1.9,48,"SVP (BIC)",0.875,0.875,0.875,8,0.0240026299593564
"up",1.9,49,"PELT",0.875,0.875,0.875,8,0.0391255093430685
"up",1.9,49,"SVP",0.875,0.875,0.875,8,0.0391255093430685
"up",1.9,49,"SVP (BIC)",0.875,0.875,0.875,8,0.0391255093430685
"up",1.9,50,"PELT",1,1,1,8,0.0148428344957841
"up",1.9,50,"SVP",0.888888888888889,1,0.941176470588235,9,0.0146597438511743
"up",1.9,50,"SVP (BIC)",1,1,1,8,0.0148428344957841
"updown",1.9,1,"PELT",0.75,0.75,0.75,8,0.0306891960629822
"updown",1.9,1,"SVP",0.75,0.75,0.75,8,0.0306891960629822
"updown",1.9,1,"SVP (BIC)",0.75,0.75,0.75,8,0.0306891960629822
"updown",1.9,2,"PELT",1,1,1,8,0.0204139708166108
"updown",1.9,2,"SVP",1,1,1,8,0.0204139708166108
"updown",1.9,2,"SVP (BIC)",1,1,1,8,0.0204139708166108
"updown",1.9,3,"PELT",1,1,1,8,0.0186087330776722
"updown",1.9,3,"SVP",1,1,1,8,0.0186087330776722
"updown",1.9,3,"SVP (BIC)",1,1,1,8,0.0186087330776722
"updown",1.9,4,"PELT",1,1,1,8,0.0300223579979468
"updown",1.9,4,"SVP",1,1,1,8,0.0300223579979468
"updown",1.9,4,"SVP (BIC)",1,1,1,8,0.0300223579979468
"updown",1.9,5,"PELT",0.875,0.875,0.875,8,0.0514745427278393
"updown",1.9,5,"SVP",0.875,0.875,0.875,8,0.0514745427278393
"updown",1.9,5,"SVP (BIC)",0.875,0.875,0.875,8,0.0514745427278393
"updown",1.9,6,"PELT",1,1,1,8,0.0190964049799384
"updown",1.9,6,"SVP",1,1,1,8,0.0190964049799384
"updown",1.9,6,"SVP (BIC)",1,1,1,8,0.0190964049799384
"updown",1.9,7,"PELT",0.875,0.875,0.875,8,0.0425546675937344
"updown",1.9,7,"SVP",0.875,0.875,0.875,8,0.0425546675937344
"updown",1.9,7,"SVP (BIC)",0.875,0.875,0.875,8,0.0425546675937344
"updown",1.9,8,"PELT",0.875,0.875,0.875,8,0.0338207986105907
"updown",1.9,8,"SVP",0.875,0.875,0.875,8,0.0338207986105907
"updown",1.9,8,"SVP (BIC)",0.875,0.875,0.875,8,0.0338207986105907
"updown",1.9,9,"PELT",0.875,0.875,0.875,8,0.0382291250774876
"updown",1.9,9,"SVP",0.875,0.875,0.875,8,0.0382291250774876
"updown",1.9,9,"SVP (BIC)",0.875,0.875,0.875,8,0.0382291250774876
"updown",1.9,10,"PELT",0.875,0.875,0.875,8,0.0262999407600372
"updown",1.9,10,"SVP",0.875,0.875,0.875,8,0.0262999407600372
"updown",1.9,10,"SVP (BIC)",0.875,0.875,0.875,8,0.0262999407600372
"updown",1.9,11,"PELT",0.875,0.875,0.875,8,0.0281982974002117
"updown",1.9,11,"SVP",0.875,0.875,0.875,8,0.0281982974002117
"updown",1.9,11,"SVP (BIC)",0.875,0.875,0.875,8,0.0281982974002117
"updown",1.9,12,"PELT",1,1,1,8,0.0147159965126455
"updown",1.9,12,"SVP",1,1,1,8,0.0147159965126455
"updown",1.9,12,"SVP (BIC)",1,1,1,8,0.0147159965126455
"updown",1.9,13,"PELT",0.555555555555556,0.625,0.588235294117647,9,0.105082580432809
"updown",1.9,13,"SVP",0.625,0.625,0.625,8,0.0905163329456688
"updown",1.9,13,"SVP (BIC)",0.625,0.625,0.625,8,0.0905163329456688
"updown",1.9,14,"PELT",0.75,0.75,0.75,8,0.0331116987406261
"updown",1.9,14,"SVP",0.75,0.75,0.75,8,0.0331116987406261
"updown",1.9,14,"SVP (BIC)",0.75,0.75,0.75,8,0.0331116987406261
"updown",1.9,15,"PELT",0.875,0.875,0.875,8,0.0230859816360102
"updown",1.9,15,"SVP",0.875,0.875,0.875,8,0.0230859816360102
"updown",1.9,15,"SVP (BIC)",0.875,0.875,0.875,8,0.0230859816360102
"updown",1.9,16,"PELT",0.875,0.875,0.875,8,0.022408487344785
"updown",1.9,16,"SVP",0.875,0.875,0.875,8,0.022408487344785
"updown",1.9,16,"SVP (BIC)",0.875,0.875,0.875,8,0.022408487344785
"updown",1.9,17,"PELT",1,1,1,8,0.0114277999703614
"updown",1.9,17,"SVP",1,1,1,8,0.0114277999703614
"updown",1.9,17,"SVP (BIC)",1,1,1,8,0.0114277999703614
"updown",1.9,18,"PELT",1,1,1,8,0.0257630380339911
"updown",1.9,18,"SVP",1,1,1,8,0.0257630380339911
"updown",1.9,18,"SVP (BIC)",1,1,1,8,0.0257630380339911
"updown",1.9,19,"PELT",1,1,1,8,0.0151443864653272
"updown",1.9,19,"SVP",1,1,1,8,0.0151443864653272
"updown",1.9,19,"SVP (BIC)",1,1,1,8,0.0151443864653272
"updown",1.9,20,"PELT",1,1,1,8,0.0275465491809277
"updown",1.9,20,"SVP",1,1,1,8,0.0275465491809277
"updown",1.9,20,"SVP (BIC)",1,1,1,8,0.0275465491809277
"updown",1.9,21,"PELT",0.75,0.75,0.75,8,0.0514236426651702
"updown",1.9,21,"SVP",0.75,0.75,0.75,8,0.0514236426651702
"updown",1.9,21,"SVP (BIC)",0.75,0.75,0.75,8,0.0514236426651702
"updown",1.9,22,"PELT",0.888888888888889,1,0.941176470588235,9,0.0442070431667512
"updown",1.9,22,"SVP",1,1,1,8,0.027214646611398
"updown",1.9,22,"SVP (BIC)",1,1,1,8,0.027214646611398
"updown",1.9,23,"PELT",1,1,1,8,0.0176465976471952
"updown",1.9,23,"SVP",1,1,1,8,0.0176465976471952
"updown",1.9,23,"SVP (BIC)",1,1,1,8,0.0176465976471952
"updown",1.9,24,"PELT",0.875,0.875,0.875,8,0.0309110873465474
"updown",1.9,24,"SVP",0.875,0.875,0.875,8,0.0309110873465474
"updown",1.9,24,"SVP (BIC)",0.875,0.875,0.875,8,0.0309110873465474
"updown",1.9,25,"PELT",1,1,1,8,0.0126925710222163
"updown",1.9,25,"SVP",1,1,1,8,0.0126925710222163
"updown",1.9,25,"SVP (BIC)",1,1,1,8,0.0126925710222163
"updown",1.9,26,"PELT",1,1,1,8,0.0189202493325572
"updown",1.9,26,"SVP",1,1,1,8,0.0189202493325572
"updown",1.9,26,"SVP (BIC)",1,1,1,8,0.0189202493325572
"updown",1.9,27,"PELT",1,1,1,8,0.029009168937586
"updown",1.9,27,"SVP",1,1,1,8,0.029009168937586
"updown",1.9,27,"SVP (BIC)",1,1,1,8,0.029009168937586
"updown",1.9,28,"PELT",1,1,1,8,0.0408967107747609
"updown",1.9,28,"SVP",1,1,1,8,0.0408967107747609
"updown",1.9,28,"SVP (BIC)",1,1,1,8,0.0408967107747609
"updown",1.9,29,"PELT",1,1,1,8,0.0177613667819678
"updown",1.9,29,"SVP",1,1,1,8,0.0177613667819678
"updown",1.9,29,"SVP (BIC)",1,1,1,8,0.0177613667819678
"updown",1.9,30,"PELT",1,1,1,8,0.00764697381232246
"updown",1.9,30,"SVP",1,1,1,8,0.00764697381232246
"updown",1.9,30,"SVP (BIC)",1,1,1,8,0.00764697381232246
"updown",1.9,31,"PELT",0.875,0.875,0.875,8,0.0334773000415237
"updown",1.9,31,"SVP",0.875,0.875,0.875,8,0.0334773000415237
"updown",1.9,31,"SVP (BIC)",0.875,0.875,0.875,8,0.0334773000415237
"updown",1.9,32,"PELT",1,1,1,8,0.0332099470291127
"updown",1.9,32,"SVP",1,1,1,8,0.0332099470291127
"updown",1.9,32,"SVP (BIC)",1,1,1,8,0.0332099470291127
"updown",1.9,33,"PELT",1,1,1,8,0.0210850904502042
"updown",1.9,33,"SVP",1,1,1,8,0.0210850904502042
"updown",1.9,33,"SVP (BIC)",1,1,1,8,0.0210850904502042
"updown",1.9,34,"PELT",0.875,0.875,0.875,8,0.0182857783030189
"updown",1.9,34,"SVP",0.875,0.875,0.875,8,0.0182857783030189
"updown",1.9,34,"SVP (BIC)",0.875,0.875,0.875,8,0.0182857783030189
"updown",1.9,35,"PELT",1,1,1,8,0.0122260663490712
"updown",1.9,35,"SVP",1,1,1,8,0.0122260663490712
"updown",1.9,35,"SVP (BIC)",1,1,1,8,0.0122260663490712
"updown",1.9,36,"PELT",1,1,1,8,0.0216348830024556
"updown",1.9,36,"SVP",1,1,1,8,0.0216348830024556
"updown",1.9,36,"SVP (BIC)",1,1,1,8,0.0216348830024556
"updown",1.9,37,"PELT",0.875,0.875,0.875,8,0.0322992516794448
"updown",1.9,37,"SVP",0.875,0.875,0.875,8,0.0322992516794448
"updown",1.9,37,"SVP (BIC)",0.875,0.875,0.875,8,0.0322992516794448
"updown",1.9,38,"PELT",0.875,0.875,0.875,8,0.027799001555127
"updown",1.9,38,"SVP",0.875,0.875,0.875,8,0.027799001555127
"updown",1.9,38,"SVP (BIC)",0.875,0.875,0.875,8,0.027799001555127
"updown",1.9,39,"PELT",1,1,1,8,0.0281580498282905
"updown",1.9,39,"SVP",1,1,1,8,0.0281580498282905
"updown",1.9,39,"SVP (BIC)",1,1,1,8,0.0281580498282905
"updown",1.9,40,"PELT",1,1,1,8,0.0164038887063757
"updown",1.9,40,"SVP",1,1,1,8,0.0164038887063757
"updown",1.9,40,"SVP (BIC)",1,1,1,8,0.0164038887063757
"updown",1.9,41,"PELT",1,1,1,8,0.0149672457960771
"updown",1.9,41,"SVP",1,1,1,8,0.0149672457960771
"updown",1.9,41,"SVP (BIC)",1,1,1,8,0.0149672457960771
"updown",1.9,42,"PELT",1,1,1,8,0.0192105664537642
"updown",1.9,42,"SVP",1,1,1,8,0.0192105664537642
"updown",1.9,42,"SVP (BIC)",1,1,1,8,0.0192105664537642
"updown",1.9,43,"PELT",0.875,0.875,0.875,8,0.0185709174552328
"updown",1.9,43,"SVP",0.875,0.875,0.875,8,0.0185709174552328
"updown",1.9,43,"SVP (BIC)",0.875,0.875,0.875,8,0.0185709174552328
"updown",1.9,44,"PELT",0.875,0.875,0.875,8,0.0338049535422694
"updown",1.9,44,"SVP",0.875,0.875,0.875,8,0.0338049535422694
"updown",1.9,44,"SVP (BIC)",0.875,0.875,0.875,8,0.0338049535422694
"updown",1.9,45,"PELT",1,1,1,8,0.0240570972989175
"updown",1.9,45,"SVP",1,1,1,8,0.0240570972989175
"updown",1.9,45,"SVP (BIC)",1,1,1,8,0.0240570972989175
"updown",1.9,46,"PELT",1,1,1,8,0.0180893891882207
"updown",1.9,46,"SVP",1,1,1,8,0.0180893891882207
"updown",1.9,46,"SVP (BIC)",1,1,1,8,0.0180893891882207
"updown",1.9,47,"PELT",1,1,1,8,0.00479107687970677
"updown",1.9,47,"SVP",1,1,1,8,0.00479107687970677
"updown",1.9,47,"SVP (BIC)",1,1,1,8,0.00479107687970677
"updown",1.9,48,"PELT",0.888888888888889,1,0.941176470588235,9,0.027747273453559
"updown",1.9,48,"SVP",1,1,1,8,0.0122622399002385
"updown",1.9,48,"SVP (BIC)",1,1,1,8,0.0122622399002385
"updown",1.9,49,"PELT",1,1,1,8,0.0168719947919781
"updown",1.9,49,"SVP",1,1,1,8,0.0168719947919781
"updown",1.9,49,"SVP (BIC)",1,1,1,8,0.0168719947919781
"updown",1.9,50,"PELT",1,1,1,8,0.03853257811119
"updown",1.9,50,"SVP",1,1,1,8,0.03853257811119
"updown",1.9,50,"SVP (BIC)",1,1,1,8,0.03853257811119
"rand1",1.9,1,"PELT",0.857142857142857,0.75,0.8,7,0.0272548199353643
"rand1",1.9,1,"SVP",1,0.75,0.857142857142857,6,0.031287498768482
"rand1",1.9,1,"SVP (BIC)",1,0.75,0.857142857142857,6,0.031287498768482
"rand1",1.9,2,"PELT",0.857142857142857,0.75,0.8,7,0.0272548199353643
"rand1",1.9,2,"SVP",1,0.75,0.857142857142857,6,0.031287498768482
"rand1",1.9,2,"SVP (BIC)",1,0.75,0.857142857142857,6,0.031287498768482
"rand1",1.9,3,"PELT",0.857142857142857,0.75,0.8,7,0.0272548199353643
"rand1",1.9,3,"SVP",1,0.75,0.857142857142857,6,0.031287498768482
"rand1",1.9,3,"SVP (BIC)",1,0.75,0.857142857142857,6,0.031287498768482
"rand1",1.9,4,"PELT",0.857142857142857,0.75,0.8,7,0.0272548199353643
"rand1",1.9,4,"SVP",1,0.75,0.857142857142857,6,0.031287498768482
"rand1",1.9,4,"SVP (BIC)",1,0.75,0.857142857142857,6,0.031287498768482
"rand1",1.9,5,"PELT",0.857142857142857,0.75,0.8,7,0.0272548199353643
"rand1",1.9,5,"SVP",1,0.75,0.857142857142857,6,0.031287498768482
"rand1",1.9,5,"SVP (BIC)",1,0.75,0.857142857142857,6,0.031287498768482
"rand1",1.9,6,"PELT",0.857142857142857,0.75,0.8,7,0.0272548199353643
"rand1",1.9,6,"SVP",1,0.75,0.857142857142857,6,0.031287498768482
"rand1",1.9,6,"SVP (BIC)",1,0.75,0.857142857142857,6,0.031287498768482
"rand1",1.9,7,"PELT",0.857142857142857,0.75,0.8,7,0.0272548199353643
"rand1",1.9,7,"SVP",1,0.75,0.857142857142857,6,0.031287498768482
"rand1",1.9,7,"SVP (BIC)",1,0.75,0.857142857142857,6,0.031287498768482
"rand1",1.9,8,"PELT",0.857142857142857,0.75,0.8,7,0.0272548199353643
"rand1",1.9,8,"SVP",1,0.75,0.857142857142857,6,0.031287498768482
"rand1",1.9,8,"SVP (BIC)",1,0.75,0.857142857142857,6,0.031287498768482
"rand1",1.9,9,"PELT",0.857142857142857,0.75,0.8,7,0.0272548199353643
"rand1",1.9,9,"SVP",1,0.75,0.857142857142857,6,0.031287498768482
"rand1",1.9,9,"SVP (BIC)",1,0.75,0.857142857142857,6,0.031287498768482
"rand1",1.9,10,"PELT",0.857142857142857,0.75,0.8,7,0.0272548199353643
"rand1",1.9,10,"SVP",1,0.75,0.857142857142857,6,0.031287498768482
"rand1",1.9,10,"SVP (BIC)",1,0.75,0.857142857142857,6,0.031287498768482
"rand1",1.9,11,"PELT",0.857142857142857,0.75,0.8,7,0.0272548199353643
"rand1",1.9,11,"SVP",1,0.75,0.857142857142857,6,0.031287498768482
"rand1",1.9,11,"SVP (BIC)",1,0.75,0.857142857142857,6,0.031287498768482
"rand1",1.9,12,"PELT",0.857142857142857,0.75,0.8,7,0.0272548199353643
"rand1",1.9,12,"SVP",1,0.75,0.857142857142857,6,0.031287498768482
"rand1",1.9,12,"SVP (BIC)",1,0.75,0.857142857142857,6,0.031287498768482
"rand1",1.9,13,"PELT",0.857142857142857,0.75,0.8,7,0.0272548199353643
"rand1",1.9,13,"SVP",1,0.75,0.857142857142857,6,0.031287498768482
"rand1",1.9,13,"SVP (BIC)",1,0.75,0.857142857142857,6,0.031287498768482
"rand1",1.9,14,"PELT",0.857142857142857,0.75,0.8,7,0.0272548199353643
"rand1",1.9,14,"SVP",1,0.75,0.857142857142857,6,0.031287498768482
"rand1",1.9,14,"SVP (BIC)",1,0.75,0.857142857142857,6,0.031287498768482
"rand1",1.9,15,"PELT",0.857142857142857,0.75,0.8,7,0.0272548199353643
"rand1",1.9,15,"SVP",1,0.75,0.857142857142857,6,0.031287498768482
"rand1",1.9,15,"SVP (BIC)",1,0.75,0.857142857142857,6,0.031287498768482
"rand1",1.9,16,"PELT",0.857142857142857,0.75,0.8,7,0.0272548199353643
"rand1",1.9,16,"SVP",1,0.75,0.857142857142857,6,0.031287498768482
"rand1",1.9,16,"SVP (BIC)",1,0.75,0.857142857142857,6,0.031287498768482
"rand1",1.9,17,"PELT",0.857142857142857,0.75,0.8,7,0.0272548199353643
"rand1",1.9,17,"SVP",1,0.75,0.857142857142857,6,0.031287498768482
"rand1",1.9,17,"SVP (BIC)",1,0.75,0.857142857142857,6,0.031287498768482
"rand1",1.9,18,"PELT",0.857142857142857,0.75,0.8,7,0.0272548199353643
"rand1",1.9,18,"SVP",1,0.75,0.857142857142857,6,0.031287498768482
"rand1",1.9,18,"SVP (BIC)",1,0.75,0.857142857142857,6,0.031287498768482
"rand1",1.9,19,"PELT",0.857142857142857,0.75,0.8,7,0.0272548199353643
"rand1",1.9,19,"SVP",1,0.75,0.857142857142857,6,0.031287498768482
"rand1",1.9,19,"SVP (BIC)",1,0.75,0.857142857142857,6,0.031287498768482
"rand1",1.9,20,"PELT",0.857142857142857,0.75,0.8,7,0.0272548199353643
"rand1",1.9,20,"SVP",1,0.75,0.857142857142857,6,0.031287498768482
"rand1",1.9,20,"SVP (BIC)",1,0.75,0.857142857142857,6,0.031287498768482
"rand1",1.9,21,"PELT",0.857142857142857,0.75,0.8,7,0.0272548199353643
"rand1",1.9,21,"SVP",1,0.75,0.857142857142857,6,0.031287498768482
"rand1",1.9,21,"SVP (BIC)",1,0.75,0.857142857142857,6,0.031287498768482
"rand1",1.9,22,"PELT",0.857142857142857,0.75,0.8,7,0.0272548199353643
"rand1",1.9,22,"SVP",1,0.75,0.857142857142857,6,0.031287498768482
"rand1",1.9,22,"SVP (BIC)",1,0.75,0.857142857142857,6,0.031287498768482
"rand1",1.9,23,"PELT",0.857142857142857,0.75,0.8,7,0.0272548199353643
"rand1",1.9,23,"SVP",1,0.75,0.857142857142857,6,0.031287498768482
"rand1",1.9,23,"SVP (BIC)",1,0.75,0.857142857142857,6,0.031287498768482
"rand1",1.9,24,"PELT",0.857142857142857,0.75,0.8,7,0.0272548199353643
"rand1",1.9,24,"SVP",1,0.75,0.857142857142857,6,0.031287498768482
"rand1",1.9,24,"SVP (BIC)",1,0.75,0.857142857142857,6,0.031287498768482
"rand1",1.9,25,"PELT",0.857142857142857,0.75,0.8,7,0.0272548199353643
"rand1",1.9,25,"SVP",1,0.75,0.857142857142857,6,0.031287498768482
"rand1",1.9,25,"SVP (BIC)",1,0.75,0.857142857142857,6,0.031287498768482
"rand1",1.9,26,"PELT",0.857142857142857,0.75,0.8,7,0.0272548199353643
"rand1",1.9,26,"SVP",1,0.75,0.857142857142857,6,0.031287498768482
"rand1",1.9,26,"SVP (BIC)",1,0.75,0.857142857142857,6,0.031287498768482
"rand1",1.9,27,"PELT",0.857142857142857,0.75,0.8,7,0.0272548199353643
"rand1",1.9,27,"SVP",1,0.75,0.857142857142857,6,0.031287498768482
"rand1",1.9,27,"SVP (BIC)",1,0.75,0.857142857142857,6,0.031287498768482
"rand1",1.9,28,"PELT",0.857142857142857,0.75,0.8,7,0.0272548199353643
"rand1",1.9,28,"SVP",1,0.75,0.857142857142857,6,0.031287498768482
"rand1",1.9,28,"SVP (BIC)",1,0.75,0.857142857142857,6,0.031287498768482
"rand1",1.9,29,"PELT",0.857142857142857,0.75,0.8,7,0.0272548199353643
"rand1",1.9,29,"SVP",1,0.75,0.857142857142857,6,0.031287498768482
"rand1",1.9,29,"SVP (BIC)",1,0.75,0.857142857142857,6,0.031287498768482
"rand1",1.9,30,"PELT",0.857142857142857,0.75,0.8,7,0.0272548199353643
"rand1",1.9,30,"SVP",1,0.75,0.857142857142857,6,0.031287498768482
"rand1",1.9,30,"SVP (BIC)",1,0.75,0.857142857142857,6,0.031287498768482
"rand1",1.9,31,"PELT",0.857142857142857,0.75,0.8,7,0.0272548199353643
"rand1",1.9,31,"SVP",1,0.75,0.857142857142857,6,0.031287498768482
"rand1",1.9,31,"SVP (BIC)",1,0.75,0.857142857142857,6,0.031287498768482
"rand1",1.9,32,"PELT",0.857142857142857,0.75,0.8,7,0.0272548199353643
"rand1",1.9,32,"SVP",1,0.75,0.857142857142857,6,0.031287498768482
"rand1",1.9,32,"SVP (BIC)",1,0.75,0.857142857142857,6,0.031287498768482
"rand1",1.9,33,"PELT",0.857142857142857,0.75,0.8,7,0.0272548199353643
"rand1",1.9,33,"SVP",1,0.75,0.857142857142857,6,0.031287498768482
"rand1",1.9,33,"SVP (BIC)",1,0.75,0.857142857142857,6,0.031287498768482
"rand1",1.9,34,"PELT",0.857142857142857,0.75,0.8,7,0.0272548199353643
"rand1",1.9,34,"SVP",1,0.75,0.857142857142857,6,0.031287498768482
"rand1",1.9,34,"SVP (BIC)",1,0.75,0.857142857142857,6,0.031287498768482
"rand1",1.9,35,"PELT",0.857142857142857,0.75,0.8,7,0.0272548199353643
"rand1",1.9,35,"SVP",1,0.75,0.857142857142857,6,0.031287498768482
"rand1",1.9,35,"SVP (BIC)",1,0.75,0.857142857142857,6,0.031287498768482
"rand1",1.9,36,"PELT",0.857142857142857,0.75,0.8,7,0.0272548199353643
"rand1",1.9,36,"SVP",1,0.75,0.857142857142857,6,0.031287498768482
"rand1",1.9,36,"SVP (BIC)",1,0.75,0.857142857142857,6,0.031287498768482
"rand1",1.9,37,"PELT",0.857142857142857,0.75,0.8,7,0.0272548199353643
"rand1",1.9,37,"SVP",1,0.75,0.857142857142857,6,0.031287498768482
"rand1",1.9,37,"SVP (BIC)",1,0.75,0.857142857142857,6,0.031287498768482
"rand1",1.9,38,"PELT",0.857142857142857,0.75,0.8,7,0.0272548199353643
"rand1",1.9,38,"SVP",1,0.75,0.857142857142857,6,0.031287498768482
"rand1",1.9,38,"SVP (BIC)",1,0.75,0.857142857142857,6,0.031287498768482
"rand1",1.9,39,"PELT",0.857142857142857,0.75,0.8,7,0.0272548199353643
"rand1",1.9,39,"SVP",1,0.75,0.857142857142857,6,0.031287498768482
"rand1",1.9,39,"SVP (BIC)",1,0.75,0.857142857142857,6,0.031287498768482
"rand1",1.9,40,"PELT",0.857142857142857,0.75,0.8,7,0.0272548199353643
"rand1",1.9,40,"SVP",1,0.75,0.857142857142857,6,0.031287498768482
"rand1",1.9,40,"SVP (BIC)",1,0.75,0.857142857142857,6,0.031287498768482
"rand1",1.9,41,"PELT",0.857142857142857,0.75,0.8,7,0.0272548199353643
"rand1",1.9,41,"SVP",1,0.75,0.857142857142857,6,0.031287498768482
"rand1",1.9,41,"SVP (BIC)",1,0.75,0.857142857142857,6,0.031287498768482
"rand1",1.9,42,"PELT",0.857142857142857,0.75,0.8,7,0.0272548199353643
"rand1",1.9,42,"SVP",1,0.75,0.857142857142857,6,0.031287498768482
"rand1",1.9,42,"SVP (BIC)",1,0.75,0.857142857142857,6,0.031287498768482
"rand1",1.9,43,"PELT",0.857142857142857,0.75,0.8,7,0.0272548199353643
"rand1",1.9,43,"SVP",1,0.75,0.857142857142857,6,0.031287498768482
"rand1",1.9,43,"SVP (BIC)",1,0.75,0.857142857142857,6,0.031287498768482
"rand1",1.9,44,"PELT",0.857142857142857,0.75,0.8,7,0.0272548199353643
"rand1",1.9,44,"SVP",1,0.75,0.857142857142857,6,0.031287498768482
"rand1",1.9,44,"SVP (BIC)",1,0.75,0.857142857142857,6,0.031287498768482
"rand1",1.9,45,"PELT",0.857142857142857,0.75,0.8,7,0.0272548199353643
"rand1",1.9,45,"SVP",1,0.75,0.857142857142857,6,0.031287498768482
"rand1",1.9,45,"SVP (BIC)",1,0.75,0.857142857142857,6,0.031287498768482
"rand1",1.9,46,"PELT",0.857142857142857,0.75,0.8,7,0.0272548199353643
"rand1",1.9,46,"SVP",1,0.75,0.857142857142857,6,0.031287498768482
"rand1",1.9,46,"SVP (BIC)",1,0.75,0.857142857142857,6,0.031287498768482
"rand1",1.9,47,"PELT",0.857142857142857,0.75,0.8,7,0.0272548199353643
"rand1",1.9,47,"SVP",1,0.75,0.857142857142857,6,0.031287498768482
"rand1",1.9,47,"SVP (BIC)",1,0.75,0.857142857142857,6,0.031287498768482
"rand1",1.9,48,"PELT",0.857142857142857,0.75,0.8,7,0.0272548199353643
"rand1",1.9,48,"SVP",1,0.75,0.857142857142857,6,0.031287498768482
"rand1",1.9,48,"SVP (BIC)",1,0.75,0.857142857142857,6,0.031287498768482
"rand1",1.9,49,"PELT",0.857142857142857,0.75,0.8,7,0.0272548199353643
"rand1",1.9,49,"SVP",1,0.75,0.857142857142857,6,0.031287498768482
"rand1",1.9,49,"SVP (BIC)",1,0.75,0.857142857142857,6,0.031287498768482
"rand1",1.9,50,"PELT",0.857142857142857,0.75,0.8,7,0.0272548199353643
"rand1",1.9,50,"SVP",1,0.75,0.857142857142857,6,0.031287498768482
"rand1",1.9,50,"SVP (BIC)",1,0.75,0.857142857142857,6,0.031287498768482
"none",2,1,"PELT",1,1,1,1,0.00138903780841743
"none",2,1,"SVP",1,1,1,1,0.00138903780841743
"none",2,1,"SVP (BIC)",1,1,1,1,0.00138903780841743
"none",2,2,"PELT",1,1,1,1,4.51047867269509e-07
"none",2,2,"SVP",1,1,1,1,4.51047867269509e-07
"none",2,2,"SVP (BIC)",1,1,1,1,4.51047867269509e-07
"none",2,3,"PELT",1,1,1,1,0.000670096669862041
"none",2,3,"SVP",1,1,1,1,0.000670096669862041
"none",2,3,"SVP (BIC)",1,1,1,1,0.000670096669862041
"none",2,4,"PELT",1,1,1,1,0.00050334080282888
"none",2,4,"SVP",1,1,1,1,0.00050334080282888
"none",2,4,"SVP (BIC)",1,1,1,1,0.00050334080282888
"none",2,5,"PELT",1,1,1,1,1.88398065012484e-05
"none",2,5,"SVP",1,1,1,1,1.88398065012484e-05
"none",2,5,"SVP (BIC)",1,1,1,1,1.88398065012484e-05
"none",2,6,"PELT",1,1,1,1,0.000480679914993351
"none",2,6,"SVP",1,1,1,1,0.000480679914993351
"none",2,6,"SVP (BIC)",1,1,1,1,0.000480679914993351
"none",2,7,"PELT",1,1,1,1,0.000515002575232338
"none",2,7,"SVP",1,1,1,1,0.000515002575232338
"none",2,7,"SVP (BIC)",1,1,1,1,0.000515002575232338
"none",2,8,"PELT",1,1,1,1,0.000312259548476197
"none",2,8,"SVP",1,1,1,1,0.000312259548476197
"none",2,8,"SVP (BIC)",1,1,1,1,0.000312259548476197
"none",2,9,"PELT",1,1,1,1,0.000424747335167408
"none",2,9,"SVP",1,1,1,1,0.000424747335167408
"none",2,9,"SVP (BIC)",1,1,1,1,0.000424747335167408
"none",2,10,"PELT",1,1,1,1,0.00040907335811533
"none",2,10,"SVP",1,1,1,1,0.00040907335811533
"none",2,10,"SVP (BIC)",1,1,1,1,0.00040907335811533
"none",2,11,"PELT",0.5,1,0.666666666666667,2,0.0146251647489932
"none",2,11,"SVP",1,1,1,1,0.00055459454254871
"none",2,11,"SVP (BIC)",1,1,1,1,0.00055459454254871
"none",2,12,"PELT",1,1,1,1,5.50249598737577e-06
"none",2,12,"SVP",1,1,1,1,5.50249598737577e-06
"none",2,12,"SVP (BIC)",1,1,1,1,5.50249598737577e-06
"none",2,13,"PELT",1,1,1,1,0.00178986401696499
"none",2,13,"SVP",1,1,1,1,0.00178986401696499
"none",2,13,"SVP (BIC)",1,1,1,1,0.00178986401696499
"none",2,14,"PELT",1,1,1,1,0.00133765112422374
"none",2,14,"SVP",1,1,1,1,0.00133765112422374
"none",2,14,"SVP (BIC)",1,1,1,1,0.00133765112422374
"none",2,15,"PELT",1,1,1,1,0.00270622922615185
"none",2,15,"SVP",1,1,1,1,0.00270622922615185
"none",2,15,"SVP (BIC)",1,1,1,1,0.00270622922615185
"none",2,16,"PELT",1,1,1,1,0.000149713501438858
"none",2,16,"SVP",1,1,1,1,0.000149713501438858
"none",2,16,"SVP (BIC)",1,1,1,1,0.000149713501438858
"none",2,17,"PELT",1,1,1,1,0.00010090890623361
"none",2,17,"SVP",1,1,1,1,0.00010090890623361
"none",2,17,"SVP (BIC)",1,1,1,1,0.00010090890623361
"none",2,18,"PELT",1,1,1,1,0.000273274546170795
"none",2,18,"SVP",1,1,1,1,0.000273274546170795
"none",2,18,"SVP (BIC)",1,1,1,1,0.000273274546170795
"none",2,19,"PELT",1,1,1,1,0.00032855958602061
"none",2,19,"SVP",1,1,1,1,0.00032855958602061
"none",2,19,"SVP (BIC)",1,1,1,1,0.00032855958602061
"none",2,20,"PELT",1,1,1,1,0.000150907505954125
"none",2,20,"SVP",1,1,1,1,0.000150907505954125
"none",2,20,"SVP (BIC)",1,1,1,1,0.000150907505954125
"none",2,21,"PELT",1,1,1,1,0.00112153345458175
"none",2,21,"SVP",0.5,1,0.666666666666667,2,0.00114402142270877
"none",2,21,"SVP (BIC)",1,1,1,1,0.00112153345458175
"none",2,22,"PELT",1,1,1,1,0.00242347502476177
"none",2,22,"SVP",1,1,1,1,0.00242347502476177
"none",2,22,"SVP (BIC)",1,1,1,1,0.00242347502476177
"none",2,23,"PELT",1,1,1,1,6.70590843181328e-09
"none",2,23,"SVP",1,1,1,1,6.70590843181328e-09
"none",2,23,"SVP (BIC)",1,1,1,1,6.70590843181328e-09
"none",2,24,"PELT",1,1,1,1,0.00037360188675707
"none",2,24,"SVP",1,1,1,1,0.00037360188675707
"none",2,24,"SVP (BIC)",1,1,1,1,0.00037360188675707
"none",2,25,"PELT",1,1,1,1,0.00454094552987057
"none",2,25,"SVP",1,1,1,1,0.00454094552987057
"none",2,25,"SVP (BIC)",1,1,1,1,0.00454094552987057
"none",2,26,"PELT",1,1,1,1,4.00234963713296e-06
"none",2,26,"SVP",1,1,1,1,4.00234963713296e-06
"none",2,26,"SVP (BIC)",1,1,1,1,4.00234963713296e-06
"none",2,27,"PELT",1,1,1,1,0.000229645648493666
"none",2,27,"SVP",1,1,1,1,0.000229645648493666
"none",2,27,"SVP (BIC)",1,1,1,1,0.000229645648493666
"none",2,28,"PELT",1,1,1,1,0.000573142578719992
"none",2,28,"SVP",1,1,1,1,0.000573142578719992
"none",2,28,"SVP (BIC)",1,1,1,1,0.000573142578719992
"none",2,29,"PELT",1,1,1,1,6.02154115342177e-05
"none",2,29,"SVP",1,1,1,1,6.02154115342177e-05
"none",2,29,"SVP (BIC)",1,1,1,1,6.02154115342177e-05
"none",2,30,"PELT",1,1,1,1,0.000326218354745616
"none",2,30,"SVP",1,1,1,1,0.000326218354745616
"none",2,30,"SVP (BIC)",1,1,1,1,0.000326218354745616
"none",2,31,"PELT",1,1,1,1,0.00385038184338727
"none",2,31,"SVP",1,1,1,1,0.00385038184338727
"none",2,31,"SVP (BIC)",1,1,1,1,0.00385038184338727
"none",2,32,"PELT",1,1,1,1,4.26686522061326e-06
"none",2,32,"SVP",1,1,1,1,4.26686522061326e-06
"none",2,32,"SVP (BIC)",1,1,1,1,4.26686522061326e-06
"none",2,33,"PELT",1,1,1,1,0.00274825668429785
"none",2,33,"SVP",1,1,1,1,0.00274825668429785
"none",2,33,"SVP (BIC)",1,1,1,1,0.00274825668429785
"none",2,34,"PELT",1,1,1,1,1.92008873999214e-05
"none",2,34,"SVP",1,1,1,1,1.92008873999214e-05
"none",2,34,"SVP (BIC)",1,1,1,1,1.92008873999214e-05
"none",2,35,"PELT",1,1,1,1,0.000349827629134047
"none",2,35,"SVP",1,1,1,1,0.000349827629134047
"none",2,35,"SVP (BIC)",1,1,1,1,0.000349827629134047
"none",2,36,"PELT",1,1,1,1,0.00870014215895353
"none",2,36,"SVP",1,1,1,1,0.00870014215895353
"none",2,36,"SVP (BIC)",1,1,1,1,0.00870014215895353
"none",2,37,"PELT",1,1,1,1,0.000306590885876789
"none",2,37,"SVP",1,1,1,1,0.000306590885876789
"none",2,37,"SVP (BIC)",1,1,1,1,0.000306590885876789
"none",2,38,"PELT",1,1,1,1,0.00236234226119302
"none",2,38,"SVP",1,1,1,1,0.00236234226119302
"none",2,38,"SVP (BIC)",1,1,1,1,0.00236234226119302
"none",2,39,"PELT",1,1,1,1,0.000494206051526506
"none",2,39,"SVP",1,1,1,1,0.000494206051526506
"none",2,39,"SVP (BIC)",1,1,1,1,0.000494206051526506
"none",2,40,"PELT",1,1,1,1,5.61880343920691e-05
"none",2,40,"SVP",1,1,1,1,5.61880343920691e-05
"none",2,40,"SVP (BIC)",1,1,1,1,5.61880343920691e-05
"none",2,41,"PELT",1,1,1,1,4.25733924275584e-05
"none",2,41,"SVP",1,1,1,1,4.25733924275584e-05
"none",2,41,"SVP (BIC)",1,1,1,1,4.25733924275584e-05
"none",2,42,"PELT",1,1,1,1,0.000585952113998415
"none",2,42,"SVP",1,1,1,1,0.000585952113998415
"none",2,42,"SVP (BIC)",1,1,1,1,0.000585952113998415
"none",2,43,"PELT",1,1,1,1,0.0019456630073561
"none",2,43,"SVP",1,1,1,1,0.0019456630073561
"none",2,43,"SVP (BIC)",1,1,1,1,0.0019456630073561
"none",2,44,"PELT",1,1,1,1,0.00152732419564308
"none",2,44,"SVP",1,1,1,1,0.00152732419564308
"none",2,44,"SVP (BIC)",1,1,1,1,0.00152732419564308
"none",2,45,"PELT",1,1,1,1,0.00192830028040178
"none",2,45,"SVP",1,1,1,1,0.00192830028040178
"none",2,45,"SVP (BIC)",1,1,1,1,0.00192830028040178
"none",2,46,"PELT",1,1,1,1,6.46656282766301e-05
"none",2,46,"SVP",1,1,1,1,6.46656282766301e-05
"none",2,46,"SVP (BIC)",1,1,1,1,6.46656282766301e-05
"none",2,47,"PELT",1,1,1,1,0.00068696279870934
"none",2,47,"SVP",1,1,1,1,0.00068696279870934
"none",2,47,"SVP (BIC)",1,1,1,1,0.00068696279870934
"none",2,48,"PELT",1,1,1,1,0.00383083285349805
"none",2,48,"SVP",1,1,1,1,0.00383083285349805
"none",2,48,"SVP (BIC)",1,1,1,1,0.00383083285349805
"none",2,49,"PELT",0.5,1,0.666666666666667,2,0.0154928626914894
"none",2,49,"SVP",0.5,1,0.666666666666667,2,0.0154928626914894
"none",2,49,"SVP (BIC)",1,1,1,1,0.000675473423763132
"none",2,50,"PELT",1,1,1,1,0.00321717840664549
"none",2,50,"SVP",1,1,1,1,0.00321717840664549
"none",2,50,"SVP (BIC)",1,1,1,1,0.00321717840664549
"up",2,1,"PELT",1,1,1,8,0.0293135139799273
"up",2,1,"SVP",1,1,1,8,0.0293135139799273
"up",2,1,"SVP (BIC)",1,1,1,8,0.0293135139799273
"up",2,2,"PELT",0.875,0.875,0.875,8,0.0236302816992389
"up",2,2,"SVP",0.875,0.875,0.875,8,0.0236302816992389
"up",2,2,"SVP (BIC)",0.875,0.875,0.875,8,0.0236302816992389
"up",2,3,"PELT",0.875,0.875,0.875,8,0.0434108842818638
"up",2,3,"SVP",0.875,0.875,0.875,8,0.0434108842818638
"up",2,3,"SVP (BIC)",0.875,0.875,0.875,8,0.0434108842818638
"up",2,4,"PELT",0.875,0.875,0.875,8,0.0236947082039702
"up",2,4,"SVP",0.875,0.875,0.875,8,0.0236947082039702
"up",2,4,"SVP (BIC)",0.875,0.875,0.875,8,0.0236947082039702
"up",2,5,"PELT",0.875,0.875,0.875,8,0.0242554789242122
"up",2,5,"SVP",0.875,0.875,0.875,8,0.0242554789242122
"up",2,5,"SVP (BIC)",0.875,0.875,0.875,8,0.0242554789242122
"up",2,6,"PELT",1,1,1,8,0.0199183100476635
"up",2,6,"SVP",1,1,1,8,0.0199183100476635
"up",2,6,"SVP (BIC)",1,1,1,8,0.0199183100476635
"up",2,7,"PELT",0.875,0.875,0.875,8,0.0252563150549324
"up",2,7,"SVP",0.875,0.875,0.875,8,0.0252563150549324
"up",2,7,"SVP (BIC)",0.875,0.875,0.875,8,0.0252563150549324
"up",2,8,"PELT",0.875,0.875,0.875,8,0.0513360788280141
"up",2,8,"SVP",0.875,0.875,0.875,8,0.0513360788280141
"up",2,8,"SVP (BIC)",0.875,0.875,0.875,8,0.0513360788280141
"up",2,9,"PELT",0.875,0.875,0.875,8,0.0264316809767594
"up",2,9,"SVP",0.875,0.875,0.875,8,0.0264316809767594
"up",2,9,"SVP (BIC)",0.875,0.875,0.875,8,0.0264316809767594
"up",2,10,"PELT",1,1,1,8,0.0171189110481323
"up",2,10,"SVP",1,1,1,8,0.0171189110481323
"up",2,10,"SVP (BIC)",1,1,1,8,0.0171189110481323
"up",2,11,"PELT",0.888888888888889,1,0.941176470588235,9,0.0286437416275798
"up",2,11,"SVP",1,1,1,8,0.014332725073704
"up",2,11,"SVP (BIC)",1,1,1,8,0.014332725073704
"up",2,12,"PELT",1,1,1,8,0.0164062281671086
"up",2,12,"SVP",1,1,1,8,0.0164062281671086
"up",2,12,"SVP (BIC)",1,1,1,8,0.0164062281671086
"up",2,13,"PELT",1,1,1,8,0.0157605705429637
"up",2,13,"SVP",1,1,1,8,0.0157605705429637
"up",2,13,"SVP (BIC)",1,1,1,8,0.0157605705429637
"up",2,14,"PELT",1,1,1,8,0.01868459587178
"up",2,14,"SVP",1,1,1,8,0.01868459587178
"up",2,14,"SVP (BIC)",1,1,1,8,0.01868459587178
"up",2,15,"PELT",1,1,1,8,0.011088484468743
"up",2,15,"SVP",1,1,1,8,0.011088484468743
"up",2,15,"SVP (BIC)",1,1,1,8,0.011088484468743
"up",2,16,"PELT",1,1,1,8,0.0309717652978733
"up",2,16,"SVP",1,1,1,8,0.0309717652978733
"up",2,16,"SVP (BIC)",1,1,1,8,0.0309717652978733
"up",2,17,"PELT",0.75,0.75,0.75,8,0.0429527646474884
"up",2,17,"SVP",0.75,0.75,0.75,8,0.0429527646474884
"up",2,17,"SVP (BIC)",0.75,0.75,0.75,8,0.0429527646474884
"up",2,18,"PELT",0.875,0.875,0.875,8,0.031511976424316
"up",2,18,"SVP",0.875,0.875,0.875,8,0.031511976424316
"up",2,18,"SVP (BIC)",0.875,0.875,0.875,8,0.031511976424316
"up",2,19,"PELT",1,1,1,8,0.00318020504690231
"up",2,19,"SVP",1,1,1,8,0.00318020504690231
"up",2,19,"SVP (BIC)",1,1,1,8,0.00318020504690231
"up",2,20,"PELT",0.888888888888889,1,0.941176470588235,9,0.0278664565133108
"up",2,20,"SVP",1,1,1,8,0.013221662184064
"up",2,20,"SVP (BIC)",1,1,1,8,0.013221662184064
"up",2,21,"PELT",0.875,0.875,0.875,8,0.0225294936432542
"up",2,21,"SVP",0.875,0.875,0.875,8,0.0225294936432542
"up",2,21,"SVP (BIC)",0.875,0.875,0.875,8,0.0225294936432542
"up",2,22,"PELT",1,1,1,8,0.0317743587538689
"up",2,22,"SVP",1,1,1,8,0.0317743587538689
"up",2,22,"SVP (BIC)",1,1,1,8,0.0317743587538689
"up",2,23,"PELT",1,1,1,8,0.010877511199207
"up",2,23,"SVP",1,1,1,8,0.010877511199207
"up",2,23,"SVP (BIC)",1,1,1,8,0.010877511199207
"up",2,24,"PELT",1,1,1,8,0.0219934586829149
"up",2,24,"SVP",1,1,1,8,0.0219934586829149
"up",2,24,"SVP (BIC)",1,1,1,8,0.0219934586829149
"up",2,25,"PELT",0.875,0.875,0.875,8,0.0289244183914044
"up",2,25,"SVP",0.777777777777778,0.875,0.823529411764706,9,0.0307637295616409
"up",2,25,"SVP (BIC)",0.875,0.875,0.875,8,0.0289244183914044
"up",2,26,"PELT",0.875,0.875,0.875,8,0.0296621511904073
"up",2,26,"SVP",0.875,0.875,0.875,8,0.0296621511904073
"up",2,26,"SVP (BIC)",0.875,0.875,0.875,8,0.0296621511904073
"up",2,27,"PELT",1,1,1,8,0.0217071821510678
"up",2,27,"SVP",1,1,1,8,0.0217071821510678
"up",2,27,"SVP (BIC)",1,1,1,8,0.0217071821510678
"up",2,28,"PELT",0.777777777777778,0.875,0.823529411764706,9,0.0547696764315798
"up",2,28,"SVP",0.875,0.875,0.875,8,0.0385725474377657
"up",2,28,"SVP (BIC)",0.875,0.875,0.875,8,0.0385725474377657
"up",2,29,"PELT",1,1,1,8,0.0127338938890906
"up",2,29,"SVP",1,1,1,8,0.0127338938890906
"up",2,29,"SVP (BIC)",1,1,1,8,0.0127338938890906
"up",2,30,"PELT",1,1,1,8,0.0182746750136388
"up",2,30,"SVP",1,1,1,8,0.0182746750136388
"up",2,30,"SVP (BIC)",1,1,1,8,0.0182746750136388
"up",2,31,"PELT",0.75,0.75,0.75,8,0.0323373666773642
"up",2,31,"SVP",0.75,0.75,0.75,8,0.0323373666773642
"up",2,31,"SVP (BIC)",0.75,0.75,0.75,8,0.0323373666773642
"up",2,32,"PELT",1,1,1,8,0.0203893249058495
"up",2,32,"SVP",1,1,1,8,0.0203893249058495
"up",2,32,"SVP (BIC)",1,1,1,8,0.0203893249058495
"up",2,33,"PELT",1,1,1,8,0.0171175905550171
"up",2,33,"SVP",1,1,1,8,0.0171175905550171
"up",2,33,"SVP (BIC)",1,1,1,8,0.0171175905550171
"up",2,34,"PELT",1,1,1,8,0.0217702512638151
"up",2,34,"SVP",1,1,1,8,0.0217702512638151
"up",2,34,"SVP (BIC)",1,1,1,8,0.0217702512638151
"up",2,35,"PELT",0.875,0.875,0.875,8,0.0428099601600828
"up",2,35,"SVP",0.875,0.875,0.875,8,0.0428099601600828
"up",2,35,"SVP (BIC)",0.875,0.875,0.875,8,0.0428099601600828
"up",2,36,"PELT",1,1,1,8,0.0259472890645379
"up",2,36,"SVP",1,1,1,8,0.0259472890645379
"up",2,36,"SVP (BIC)",1,1,1,8,0.0259472890645379
"up",2,37,"PELT",0.875,0.875,0.875,8,0.0176788713344576
"up",2,37,"SVP",0.875,0.875,0.875,8,0.0176788713344576
"up",2,37,"SVP (BIC)",0.875,0.875,0.875,8,0.0176788713344576
"up",2,38,"PELT",0.875,0.875,0.875,8,0.0297459526867934
"up",2,38,"SVP",0.875,0.875,0.875,8,0.0297459526867934
"up",2,38,"SVP (BIC)",0.875,0.875,0.875,8,0.0297459526867934
"up",2,39,"PELT",1,1,1,8,0.0214194704716817
"up",2,39,"SVP",1,1,1,8,0.0214194704716817
"up",2,39,"SVP (BIC)",1,1,1,8,0.0214194704716817
"up",2,40,"PELT",1,1,1,8,0.0191450956284263
"up",2,40,"SVP",1,1,1,8,0.0191450956284263
"up",2,40,"SVP (BIC)",1,1,1,8,0.0191450956284263
"up",2,41,"PELT",1,1,1,8,0.00911106411154467
"up",2,41,"SVP",1,1,1,8,0.00911106411154467
"up",2,41,"SVP (BIC)",1,1,1,8,0.00911106411154467
"up",2,42,"PELT",1,1,1,8,0.0292898035347282
"up",2,42,"SVP",1,1,1,8,0.0292898035347282
"up",2,42,"SVP (BIC)",1,1,1,8,0.0292898035347282
"up",2,43,"PELT",1,1,1,8,0.0283972766348395
"up",2,43,"SVP",1,1,1,8,0.0283972766348395
"up",2,43,"SVP (BIC)",1,1,1,8,0.0283972766348395
"up",2,44,"PELT",1,1,1,8,0.0145760592803125
"up",2,44,"SVP",1,1,1,8,0.0145760592803125
"up",2,44,"SVP (BIC)",1,1,1,8,0.0145760592803125
"up",2,45,"PELT",0.875,0.875,0.875,8,0.0440114516073949
"up",2,45,"SVP",0.875,0.875,0.875,8,0.0440114516073949
"up",2,45,"SVP (BIC)",0.875,0.875,0.875,8,0.0440114516073949
"up",2,46,"PELT",1,1,1,8,0.0165935328275539
"up",2,46,"SVP",1,1,1,8,0.0165935328275539
"up",2,46,"SVP (BIC)",1,1,1,8,0.0165935328275539
"up",2,47,"PELT",0.777777777777778,0.875,0.823529411764706,9,0.0552861635668665
"up",2,47,"SVP",1,1,1,8,0.0195248665771308
"up",2,47,"SVP (BIC)",1,1,1,8,0.0118032905780259
"up",2,48,"PELT",0.75,0.75,0.75,8,0.0743835621029673
"up",2,48,"SVP",0.75,0.75,0.75,8,0.0743835621029673
"up",2,48,"SVP (BIC)",0.75,0.75,0.75,8,0.0743835621029673
"up",2,49,"PELT",1,1,1,8,0.0108947539533058
"up",2,49,"SVP",1,1,1,8,0.0108947539533058
"up",2,49,"SVP (BIC)",1,1,1,8,0.0108947539533058
"up",2,50,"PELT",0.875,0.875,0.875,8,0.0346715029381412
"up",2,50,"SVP",0.875,0.875,0.875,8,0.0346715029381412
"up",2,50,"SVP (BIC)",0.875,0.875,0.875,8,0.0346715029381412
"updown",2,1,"PELT",1,1,1,8,0.00840494110486282
"updown",2,1,"SVP",1,1,1,8,0.00840494110486282
"updown",2,1,"SVP (BIC)",1,1,1,8,0.00840494110486282
"updown",2,2,"PELT",1,1,1,8,0.0176431818426246
"updown",2,2,"SVP",1,1,1,8,0.0176431818426246
"updown",2,2,"SVP (BIC)",1,1,1,8,0.0176431818426246
"updown",2,3,"PELT",0.75,0.75,0.75,8,0.0870339553838168
"updown",2,3,"SVP",0.75,0.75,0.75,8,0.0870339553838168
"updown",2,3,"SVP (BIC)",0.75,0.75,0.75,8,0.0870339553838168
"updown",2,4,"PELT",1,1,1,8,0.0305634238192561
"updown",2,4,"SVP",1,1,1,8,0.0305634238192561
"updown",2,4,"SVP (BIC)",1,1,1,8,0.0305634238192561
"updown",2,5,"PELT",1,1,1,8,0.0255154798792906
"updown",2,5,"SVP",1,1,1,8,0.0255154798792906
"updown",2,5,"SVP (BIC)",1,1,1,8,0.0255154798792906
"updown",2,6,"PELT",0.875,0.875,0.875,8,0.029384071842955
"updown",2,6,"SVP",0.875,0.875,0.875,8,0.0333070458373919
"updown",2,6,"SVP (BIC)",0.875,0.875,0.875,8,0.029384071842955
"updown",2,7,"PELT",0.875,0.875,0.875,8,0.0295827291272787
"updown",2,7,"SVP",0.875,0.875,0.875,8,0.0295827291272787
"updown",2,7,"SVP (BIC)",0.875,0.875,0.875,8,0.0295827291272787
"updown",2,8,"PELT",0.875,0.875,0.875,8,0.0370082202883522
"updown",2,8,"SVP",0.875,0.875,0.875,8,0.0370082202883522
"updown",2,8,"SVP (BIC)",0.875,0.875,0.875,8,0.0370082202883522
"updown",2,9,"PELT",1,1,1,8,0.00818712826052119
"updown",2,9,"SVP",1,1,1,8,0.00818712826052119
"updown",2,9,"SVP (BIC)",1,1,1,8,0.00818712826052119
"updown",2,10,"PELT",1,1,1,8,0.00709781022226402
"updown",2,10,"SVP",1,1,1,8,0.00709781022226402
"updown",2,10,"SVP (BIC)",1,1,1,8,0.00709781022226402
"updown",2,11,"PELT",1,1,1,8,0.0154613695594643
"updown",2,11,"SVP",1,1,1,8,0.0154613695594643
"updown",2,11,"SVP (BIC)",1,1,1,8,0.0154613695594643
"updown",2,12,"PELT",1,1,1,8,0.0116079738185527
"updown",2,12,"SVP",1,1,1,8,0.0116079738185527
"updown",2,12,"SVP (BIC)",1,1,1,8,0.0116079738185527
"updown",2,13,"PELT",1,1,1,8,0.00923134052035702
"updown",2,13,"SVP",1,1,1,8,0.00923134052035702
"updown",2,13,"SVP (BIC)",1,1,1,8,0.00923134052035702
"updown",2,14,"PELT",0.888888888888889,1,0.941176470588235,9,0.0282601433843454
"updown",2,14,"SVP",1,1,1,8,0.012671721491718
"updown",2,14,"SVP (BIC)",1,1,1,8,0.012671721491718
"updown",2,15,"PELT",0.625,0.625,0.625,8,0.039168938660709
"updown",2,15,"SVP",0.625,0.625,0.625,8,0.039168938660709
"updown",2,15,"SVP (BIC)",0.625,0.625,0.625,8,0.039168938660709
"updown",2,16,"PELT",0.888888888888889,1,0.941176470588235,9,0.0500970162095632
"updown",2,16,"SVP",1,1,1,8,0.0354774177775504
"updown",2,16,"SVP (BIC)",1,1,1,8,0.0354774177775504
"updown",2,17,"PELT",1,1,1,8,0.0236873441320297
"updown",2,17,"SVP",1,1,1,8,0.0236873441320297
"updown",2,17,"SVP (BIC)",1,1,1,8,0.0236873441320297
"updown",2,18,"PELT",0.777777777777778,0.875,0.823529411764706,9,0.0476584541145181
"updown",2,18,"SVP",0.875,0.875,0.875,8,0.0308824145030223
"updown",2,18,"SVP (BIC)",0.875,0.875,0.875,8,0.0308824145030223
"updown",2,19,"PELT",1,1,1,8,0.016679687321761
"updown",2,19,"SVP",1,1,1,8,0.016679687321761
"updown",2,19,"SVP (BIC)",1,1,1,8,0.016679687321761
"updown",2,20,"PELT",0.875,0.875,0.875,8,0.0257033444942498
"updown",2,20,"SVP",0.875,0.875,0.875,8,0.0257033444942498
"updown",2,20,"SVP (BIC)",0.875,0.875,0.875,8,0.0257033444942498
"updown",2,21,"PELT",1,1,1,8,0.0208304806429439
"updown",2,21,"SVP",0.75,0.75,0.75,8,0.0752968775651116
"updown",2,21,"SVP (BIC)",1,1,1,8,0.0208304806429439
"updown",2,22,"PELT",1,1,1,8,0.0208175386491007
"updown",2,22,"SVP",1,1,1,8,0.0208175386491007
"updown",2,22,"SVP (BIC)",1,1,1,8,0.0208175386491007
"updown",2,23,"PELT",0.875,0.875,0.875,8,0.0263207180348948
"updown",2,23,"SVP",0.875,0.875,0.875,8,0.0263207180348948
"updown",2,23,"SVP (BIC)",0.875,0.875,0.875,8,0.0263207180348948
"updown",2,24,"PELT",1,1,1,8,0.0209158350874275
"updown",2,24,"SVP",1,1,1,8,0.0209158350874275
"updown",2,24,"SVP (BIC)",1,1,1,8,0.0209158350874275
"updown",2,25,"PELT",1,1,1,8,0.0128656951317077
"updown",2,25,"SVP",1,1,1,8,0.0128656951317077
"updown",2,25,"SVP (BIC)",1,1,1,8,0.0128656951317077
"updown",2,26,"PELT",1,1,1,8,0.0192680949473869
"updown",2,26,"SVP",1,1,1,8,0.0192680949473869
"updown",2,26,"SVP (BIC)",1,1,1,8,0.0192680949473869
"updown",2,27,"PELT",1,1,1,8,0.00650501837905314
"updown",2,27,"SVP",1,1,1,8,0.00650501837905314
"updown",2,27,"SVP (BIC)",1,1,1,8,0.00650501837905314
"updown",2,28,"PELT",0.875,0.875,0.875,8,0.0296238896737679
"updown",2,28,"SVP",0.875,0.875,0.875,8,0.0296238896737679
"updown",2,28,"SVP (BIC)",0.875,0.875,0.875,8,0.0296238896737679
"updown",2,29,"PELT",1,1,1,8,0.0225212772958744
"updown",2,29,"SVP",1,1,1,8,0.0225212772958744
"updown",2,29,"SVP (BIC)",1,1,1,8,0.0225212772958744
"updown",2,30,"PELT",1,1,1,8,0.0206153022281023
"updown",2,30,"SVP",1,1,1,8,0.0206153022281023
"updown",2,30,"SVP (BIC)",1,1,1,8,0.0206153022281023
"updown",2,31,"PELT",1,1,1,8,0.0256029470365156
"updown",2,31,"SVP",1,1,1,8,0.0256029470365156
"updown",2,31,"SVP (BIC)",1,1,1,8,0.0256029470365156
"updown",2,32,"PELT",1,1,1,8,0.015650796442321
"updown",2,32,"SVP",1,1,1,8,0.015650796442321
"updown",2,32,"SVP (BIC)",1,1,1,8,0.015650796442321
"updown",2,33,"PELT",1,1,1,8,0.0109362796395253
"updown",2,33,"SVP",1,1,1,8,0.0109362796395253
"updown",2,33,"SVP (BIC)",1,1,1,8,0.0109362796395253
"updown",2,34,"PELT",0.875,0.875,0.875,8,0.022491612747183
"updown",2,34,"SVP",0.875,0.875,0.875,8,0.022491612747183
"updown",2,34,"SVP (BIC)",0.875,0.875,0.875,8,0.022491612747183
"updown",2,35,"PELT",0.875,0.875,0.875,8,0.0363479525650962
"updown",2,35,"SVP",0.875,0.875,0.875,8,0.0363479525650962
"updown",2,35,"SVP (BIC)",0.875,0.875,0.875,8,0.0363479525650962
"updown",2,36,"PELT",1,1,1,8,0.0365961655104074
"updown",2,36,"SVP",1,1,1,8,0.0365961655104074
"updown",2,36,"SVP (BIC)",1,1,1,8,0.0365961655104074
"updown",2,37,"PELT",0.875,0.875,0.875,8,0.0377320810931548
"updown",2,37,"SVP",0.875,0.875,0.875,8,0.0377320810931548
"updown",2,37,"SVP (BIC)",0.875,0.875,0.875,8,0.0377320810931548
"updown",2,38,"PELT",1,1,1,8,0.0136588758869805
"updown",2,38,"SVP",1,1,1,8,0.0136588758869805
"updown",2,38,"SVP (BIC)",1,1,1,8,0.0136588758869805
"updown",2,39,"PELT",1,1,1,8,0.00964576601720366
"updown",2,39,"SVP",1,1,1,8,0.00964576601720366
"updown",2,39,"SVP (BIC)",1,1,1,8,0.00964576601720366
"updown",2,40,"PELT",1,1,1,8,0.0194755961089935
"updown",2,40,"SVP",1,1,1,8,0.0194755961089935
"updown",2,40,"SVP (BIC)",1,1,1,8,0.0194755961089935
"updown",2,41,"PELT",1,1,1,8,0.0187399040275228
"updown",2,41,"SVP",1,1,1,8,0.0187399040275228
"updown",2,41,"SVP (BIC)",1,1,1,8,0.0187399040275228
"updown",2,42,"PELT",1,1,1,8,0.0243391119889594
"updown",2,42,"SVP",1,1,1,8,0.0243391119889594
"updown",2,42,"SVP (BIC)",1,1,1,8,0.0243391119889594
"updown",2,43,"PELT",1,1,1,8,0.0160598442530542
"updown",2,43,"SVP",1,1,1,8,0.0160598442530542
"updown",2,43,"SVP (BIC)",1,1,1,8,0.0160598442530542
"updown",2,44,"PELT",0.875,0.875,0.875,8,0.0246316984001993
"updown",2,44,"SVP",0.875,0.875,0.875,8,0.0246316984001993
"updown",2,44,"SVP (BIC)",0.875,0.875,0.875,8,0.0246316984001993
"updown",2,45,"PELT",0.75,0.75,0.75,8,0.0451107439335513
"updown",2,45,"SVP",0.75,0.75,0.75,8,0.0451107439335513
"updown",2,45,"SVP (BIC)",0.75,0.75,0.75,8,0.0451107439335513
"updown",2,46,"PELT",0.875,0.875,0.875,8,0.0310170249500231
"updown",2,46,"SVP",0.875,0.875,0.875,8,0.0310170249500231
"updown",2,46,"SVP (BIC)",0.875,0.875,0.875,8,0.0310170249500231
"updown",2,47,"PELT",1,1,1,8,0.0109370859370035
"updown",2,47,"SVP",1,1,1,8,0.0109370859370035
"updown",2,47,"SVP (BIC)",1,1,1,8,0.0109370859370035
"updown",2,48,"PELT",1,1,1,8,0.0191937042834026
"updown",2,48,"SVP",1,1,1,8,0.0191937042834026
"updown",2,48,"SVP (BIC)",1,1,1,8,0.0191937042834026
"updown",2,49,"PELT",1,1,1,8,0.0106645094562767
"updown",2,49,"SVP",1,1,1,8,0.0106645094562767
"updown",2,49,"SVP (BIC)",1,1,1,8,0.0106645094562767
"updown",2,50,"PELT",1,1,1,8,0.0245173349507282
"updown",2,50,"SVP",1,1,1,8,0.0245173349507282
"updown",2,50,"SVP (BIC)",1,1,1,8,0.0245173349507282
"rand1",2,1,"PELT",0.857142857142857,0.75,0.8,7,0.0294542375778185
"rand1",2,1,"SVP",1,0.75,0.857142857142857,6,0.0341759239709122
"rand1",2,1,"SVP (BIC)",1,0.75,0.857142857142857,6,0.0341759239709122
"rand1",2,2,"PELT",0.857142857142857,0.75,0.8,7,0.0294542375778185
"rand1",2,2,"SVP",1,0.75,0.857142857142857,6,0.0341759239709122
"rand1",2,2,"SVP (BIC)",1,0.75,0.857142857142857,6,0.0341759239709122
"rand1",2,3,"PELT",0.857142857142857,0.75,0.8,7,0.0294542375778185
"rand1",2,3,"SVP",1,0.75,0.857142857142857,6,0.0341759239709122
"rand1",2,3,"SVP (BIC)",1,0.75,0.857142857142857,6,0.0341759239709122
"rand1",2,4,"PELT",0.857142857142857,0.75,0.8,7,0.0294542375778185
"rand1",2,4,"SVP",1,0.75,0.857142857142857,6,0.0341759239709122
"rand1",2,4,"SVP (BIC)",1,0.75,0.857142857142857,6,0.0341759239709122
"rand1",2,5,"PELT",0.857142857142857,0.75,0.8,7,0.0294542375778185
"rand1",2,5,"SVP",1,0.75,0.857142857142857,6,0.0341759239709122
"rand1",2,5,"SVP (BIC)",1,0.75,0.857142857142857,6,0.0341759239709122
"rand1",2,6,"PELT",0.857142857142857,0.75,0.8,7,0.0294542375778185
"rand1",2,6,"SVP",1,0.75,0.857142857142857,6,0.0341759239709122
"rand1",2,6,"SVP (BIC)",1,0.75,0.857142857142857,6,0.0341759239709122
"rand1",2,7,"PELT",0.857142857142857,0.75,0.8,7,0.0294542375778185
"rand1",2,7,"SVP",1,0.75,0.857142857142857,6,0.0341759239709122
"rand1",2,7,"SVP (BIC)",1,0.75,0.857142857142857,6,0.0341759239709122
"rand1",2,8,"PELT",0.857142857142857,0.75,0.8,7,0.0294542375778185
"rand1",2,8,"SVP",1,0.75,0.857142857142857,6,0.0341759239709122
"rand1",2,8,"SVP (BIC)",1,0.75,0.857142857142857,6,0.0341759239709122
"rand1",2,9,"PELT",0.857142857142857,0.75,0.8,7,0.0294542375778185
"rand1",2,9,"SVP",1,0.75,0.857142857142857,6,0.0341759239709122
"rand1",2,9,"SVP (BIC)",1,0.75,0.857142857142857,6,0.0341759239709122
"rand1",2,10,"PELT",0.857142857142857,0.75,0.8,7,0.0294542375778185
"rand1",2,10,"SVP",1,0.75,0.857142857142857,6,0.0341759239709122
"rand1",2,10,"SVP (BIC)",1,0.75,0.857142857142857,6,0.0341759239709122
"rand1",2,11,"PELT",0.857142857142857,0.75,0.8,7,0.0294542375778185
"rand1",2,11,"SVP",1,0.75,0.857142857142857,6,0.0341759239709122
"rand1",2,11,"SVP (BIC)",1,0.75,0.857142857142857,6,0.0341759239709122
"rand1",2,12,"PELT",0.857142857142857,0.75,0.8,7,0.0294542375778185
"rand1",2,12,"SVP",1,0.75,0.857142857142857,6,0.0341759239709122
"rand1",2,12,"SVP (BIC)",1,0.75,0.857142857142857,6,0.0341759239709122
"rand1",2,13,"PELT",0.857142857142857,0.75,0.8,7,0.0294542375778185
"rand1",2,13,"SVP",1,0.75,0.857142857142857,6,0.0341759239709122
"rand1",2,13,"SVP (BIC)",1,0.75,0.857142857142857,6,0.0341759239709122
"rand1",2,14,"PELT",0.857142857142857,0.75,0.8,7,0.0294542375778185
"rand1",2,14,"SVP",1,0.75,0.857142857142857,6,0.0341759239709122
"rand1",2,14,"SVP (BIC)",1,0.75,0.857142857142857,6,0.0341759239709122
"rand1",2,15,"PELT",0.857142857142857,0.75,0.8,7,0.0294542375778185
"rand1",2,15,"SVP",1,0.75,0.857142857142857,6,0.0341759239709122
"rand1",2,15,"SVP (BIC)",1,0.75,0.857142857142857,6,0.0341759239709122
"rand1",2,16,"PELT",0.857142857142857,0.75,0.8,7,0.0294542375778185
"rand1",2,16,"SVP",1,0.75,0.857142857142857,6,0.0341759239709122
"rand1",2,16,"SVP (BIC)",1,0.75,0.857142857142857,6,0.0341759239709122
"rand1",2,17,"PELT",0.857142857142857,0.75,0.8,7,0.0294542375778185
"rand1",2,17,"SVP",1,0.75,0.857142857142857,6,0.0341759239709122
"rand1",2,17,"SVP (BIC)",1,0.75,0.857142857142857,6,0.0341759239709122
"rand1",2,18,"PELT",0.857142857142857,0.75,0.8,7,0.0294542375778185
"rand1",2,18,"SVP",1,0.75,0.857142857142857,6,0.0341759239709122
"rand1",2,18,"SVP (BIC)",1,0.75,0.857142857142857,6,0.0341759239709122
"rand1",2,19,"PELT",0.857142857142857,0.75,0.8,7,0.0294542375778185
"rand1",2,19,"SVP",1,0.75,0.857142857142857,6,0.0341759239709122
"rand1",2,19,"SVP (BIC)",1,0.75,0.857142857142857,6,0.0341759239709122
"rand1",2,20,"PELT",0.857142857142857,0.75,0.8,7,0.0294542375778185
"rand1",2,20,"SVP",1,0.75,0.857142857142857,6,0.0341759239709122
"rand1",2,20,"SVP (BIC)",1,0.75,0.857142857142857,6,0.0341759239709122
"rand1",2,21,"PELT",0.857142857142857,0.75,0.8,7,0.0294542375778185
"rand1",2,21,"SVP",1,0.75,0.857142857142857,6,0.0341759239709122
"rand1",2,21,"SVP (BIC)",1,0.75,0.857142857142857,6,0.0341759239709122
"rand1",2,22,"PELT",0.857142857142857,0.75,0.8,7,0.0294542375778185
"rand1",2,22,"SVP",1,0.75,0.857142857142857,6,0.0341759239709122
"rand1",2,22,"SVP (BIC)",1,0.75,0.857142857142857,6,0.0341759239709122
"rand1",2,23,"PELT",0.857142857142857,0.75,0.8,7,0.0294542375778185
"rand1",2,23,"SVP",1,0.75,0.857142857142857,6,0.0341759239709122
"rand1",2,23,"SVP (BIC)",1,0.75,0.857142857142857,6,0.0341759239709122
"rand1",2,24,"PELT",0.857142857142857,0.75,0.8,7,0.0294542375778185
"rand1",2,24,"SVP",1,0.75,0.857142857142857,6,0.0341759239709122
"rand1",2,24,"SVP (BIC)",1,0.75,0.857142857142857,6,0.0341759239709122
"rand1",2,25,"PELT",0.857142857142857,0.75,0.8,7,0.0294542375778185
"rand1",2,25,"SVP",1,0.75,0.857142857142857,6,0.0341759239709122
"rand1",2,25,"SVP (BIC)",1,0.75,0.857142857142857,6,0.0341759239709122
"rand1",2,26,"PELT",0.857142857142857,0.75,0.8,7,0.0294542375778185
"rand1",2,26,"SVP",1,0.75,0.857142857142857,6,0.0341759239709122
"rand1",2,26,"SVP (BIC)",1,0.75,0.857142857142857,6,0.0341759239709122
"rand1",2,27,"PELT",0.857142857142857,0.75,0.8,7,0.0294542375778185
"rand1",2,27,"SVP",1,0.75,0.857142857142857,6,0.0341759239709122
"rand1",2,27,"SVP (BIC)",1,0.75,0.857142857142857,6,0.0341759239709122
"rand1",2,28,"PELT",0.857142857142857,0.75,0.8,7,0.0294542375778185
"rand1",2,28,"SVP",1,0.75,0.857142857142857,6,0.0341759239709122
"rand1",2,28,"SVP (BIC)",1,0.75,0.857142857142857,6,0.0341759239709122
"rand1",2,29,"PELT",0.857142857142857,0.75,0.8,7,0.0294542375778185
"rand1",2,29,"SVP",1,0.75,0.857142857142857,6,0.0341759239709122
"rand1",2,29,"SVP (BIC)",1,0.75,0.857142857142857,6,0.0341759239709122
"rand1",2,30,"PELT",0.857142857142857,0.75,0.8,7,0.0294542375778185
"rand1",2,30,"SVP",1,0.75,0.857142857142857,6,0.0341759239709122
"rand1",2,30,"SVP (BIC)",1,0.75,0.857142857142857,6,0.0341759239709122
"rand1",2,31,"PELT",0.857142857142857,0.75,0.8,7,0.0294542375778185
"rand1",2,31,"SVP",1,0.75,0.857142857142857,6,0.0341759239709122
"rand1",2,31,"SVP (BIC)",1,0.75,0.857142857142857,6,0.0341759239709122
"rand1",2,32,"PELT",0.857142857142857,0.75,0.8,7,0.0294542375778185
"rand1",2,32,"SVP",1,0.75,0.857142857142857,6,0.0341759239709122
"rand1",2,32,"SVP (BIC)",1,0.75,0.857142857142857,6,0.0341759239709122
"rand1",2,33,"PELT",0.857142857142857,0.75,0.8,7,0.0294542375778185
"rand1",2,33,"SVP",1,0.75,0.857142857142857,6,0.0341759239709122
"rand1",2,33,"SVP (BIC)",1,0.75,0.857142857142857,6,0.0341759239709122
"rand1",2,34,"PELT",0.857142857142857,0.75,0.8,7,0.0294542375778185
"rand1",2,34,"SVP",1,0.75,0.857142857142857,6,0.0341759239709122
"rand1",2,34,"SVP (BIC)",1,0.75,0.857142857142857,6,0.0341759239709122
"rand1",2,35,"PELT",0.857142857142857,0.75,0.8,7,0.0294542375778185
"rand1",2,35,"SVP",1,0.75,0.857142857142857,6,0.0341759239709122
"rand1",2,35,"SVP (BIC)",1,0.75,0.857142857142857,6,0.0341759239709122
"rand1",2,36,"PELT",0.857142857142857,0.75,0.8,7,0.0294542375778185
"rand1",2,36,"SVP",1,0.75,0.857142857142857,6,0.0341759239709122
"rand1",2,36,"SVP (BIC)",1,0.75,0.857142857142857,6,0.0341759239709122
"rand1",2,37,"PELT",0.857142857142857,0.75,0.8,7,0.0294542375778185
"rand1",2,37,"SVP",1,0.75,0.857142857142857,6,0.0341759239709122
"rand1",2,37,"SVP (BIC)",1,0.75,0.857142857142857,6,0.0341759239709122
"rand1",2,38,"PELT",0.857142857142857,0.75,0.8,7,0.0294542375778185
"rand1",2,38,"SVP",1,0.75,0.857142857142857,6,0.0341759239709122
"rand1",2,38,"SVP (BIC)",1,0.75,0.857142857142857,6,0.0341759239709122
"rand1",2,39,"PELT",0.857142857142857,0.75,0.8,7,0.0294542375778185
"rand1",2,39,"SVP",1,0.75,0.857142857142857,6,0.0341759239709122
"rand1",2,39,"SVP (BIC)",1,0.75,0.857142857142857,6,0.0341759239709122
"rand1",2,40,"PELT",0.857142857142857,0.75,0.8,7,0.0294542375778185
"rand1",2,40,"SVP",1,0.75,0.857142857142857,6,0.0341759239709122
"rand1",2,40,"SVP (BIC)",1,0.75,0.857142857142857,6,0.0341759239709122
"rand1",2,41,"PELT",0.857142857142857,0.75,0.8,7,0.0294542375778185
"rand1",2,41,"SVP",1,0.75,0.857142857142857,6,0.0341759239709122
"rand1",2,41,"SVP (BIC)",1,0.75,0.857142857142857,6,0.0341759239709122
"rand1",2,42,"PELT",0.857142857142857,0.75,0.8,7,0.0294542375778185
"rand1",2,42,"SVP",1,0.75,0.857142857142857,6,0.0341759239709122
"rand1",2,42,"SVP (BIC)",1,0.75,0.857142857142857,6,0.0341759239709122
"rand1",2,43,"PELT",0.857142857142857,0.75,0.8,7,0.0294542375778185
"rand1",2,43,"SVP",1,0.75,0.857142857142857,6,0.0341759239709122
"rand1",2,43,"SVP (BIC)",1,0.75,0.857142857142857,6,0.0341759239709122
"rand1",2,44,"PELT",0.857142857142857,0.75,0.8,7,0.0294542375778185
"rand1",2,44,"SVP",1,0.75,0.857142857142857,6,0.0341759239709122
"rand1",2,44,"SVP (BIC)",1,0.75,0.857142857142857,6,0.0341759239709122
"rand1",2,45,"PELT",0.857142857142857,0.75,0.8,7,0.0294542375778185
"rand1",2,45,"SVP",1,0.75,0.857142857142857,6,0.0341759239709122
"rand1",2,45,"SVP (BIC)",1,0.75,0.857142857142857,6,0.0341759239709122
"rand1",2,46,"PELT",0.857142857142857,0.75,0.8,7,0.0294542375778185
"rand1",2,46,"SVP",1,0.75,0.857142857142857,6,0.0341759239709122
"rand1",2,46,"SVP (BIC)",1,0.75,0.857142857142857,6,0.0341759239709122
"rand1",2,47,"PELT",0.857142857142857,0.75,0.8,7,0.0294542375778185
"rand1",2,47,"SVP",1,0.75,0.857142857142857,6,0.0341759239709122
"rand1",2,47,"SVP (BIC)",1,0.75,0.857142857142857,6,0.0341759239709122
"rand1",2,48,"PELT",0.857142857142857,0.75,0.8,7,0.0294542375778185
"rand1",2,48,"SVP",1,0.75,0.857142857142857,6,0.0341759239709122
"rand1",2,48,"SVP (BIC)",1,0.75,0.857142857142857,6,0.0341759239709122
"rand1",2,49,"PELT",0.857142857142857,0.75,0.8,7,0.0294542375778185
"rand1",2,49,"SVP",1,0.75,0.857142857142857,6,0.0341759239709122
"rand1",2,49,"SVP (BIC)",1,0.75,0.857142857142857,6,0.0341759239709122
"rand1",2,50,"PELT",0.857142857142857,0.75,0.8,7,0.0294542375778185
"rand1",2,50,"SVP",1,0.75,0.857142857142857,6,0.0341759239709122
"rand1",2,50,"SVP (BIC)",1,0.75,0.857142857142857,6,0.0341759239709122
